{
  "random": {
    "alpha": 0.10224519653282667,
    "constant": -1.7262954644361972,
    "incremental": 0.7707704662771738,
    "last_runtime": 0.6462415839996538,
    "max_vertices": 400
  },
  "greedy": {
    "alpha": -0.47037535893271276,
    "constant": 1.2950146834509724,
    "incremental": 0.28248585969205464,
    "last_runtime": 0.5223844229985843,
    "max_vertices": 300
  },
  "local": {
    "alpha": 0.00010574464028952275,
    "constant": 0.692831667349637,
    "incremental": 0.0001564986654609972,
    "last_runtime": 2.000739399998565,
    "max_vertices": 400
  }
}