{
  "random": {
    "pairs": [
      [
        6,
        0.7500381280005968
      ],
      [
        12,
        0.0028631555014726473
      ],
      [
        18,
        0.005437620002339827
      ],
      [
        24,
        0.008898480002244469
      ],
      [
        30,
        0.01178779099973326
      ]
    ],
    "complexity": {
      "model": "O(n^-2.37)",
      "slope": -2.372165661254834,
      "intercept": 2.4176066418306554
    },
    "incremental_slope": -0.869771728069469,
    "mean_runtime": 0.1558050349012774
  },
  "greedy": {
    "pairs": [
      [
        6,
        0.7500206525019166
      ],
      [
        12,
        0.7500310079994961
      ],
      [
        18,
        0.37895920199844113
      ],
      [
        24,
        0.019417739498749143
      ],
      [
        30,
        0.02155398400100239
      ]
    ],
    "complexity": {
      "model": "O(n^-2.46)",
      "slope": -2.461921727572135,
      "intercept": 4.903580591848297
    },
    "incremental_slope": -2.886040279577913,
    "mean_runtime": 0.38399651719992106
  },
  "local": {
    "pairs": [
      [
        6,
        0.7500282100008917
      ],
      [
        12,
        0.7500522175014339
      ],
      [
        18,
        0.7500728765007807
      ],
      [
        24,
        0.7500945089996094
      ],
      [
        30,
        0.7501440469986846
      ]
    ],
    "complexity": {
      "model": "O(n^0.00)",
      "slope": 8.574744659158736e-05,
      "intercept": -0.2878133251357129
    },
    "incremental_slope": 0.00012757783519406005,
    "mean_runtime": 0.75007837200028
  }
}