{
  "largest_graph": {
    "vertices": 300,
    "edges": 589,
    "runtime": 0.5223844229985843,
    "best_weight": 913.1010448033571
  },
  "sizes": [
    4,
    8,
    12,
    16,
    20,
    24,
    28,
    32,
    36,
    40,
    44,
    48,
    52,
    56,
    60,
    64,
    68,
    72,
    76,
    80,
    84,
    88,
    92,
    96,
    100,
    104,
    108,
    112,
    116,
    120,
    124,
    128,
    132,
    136,
    140,
    144,
    148,
    152,
    156,
    160,
    164,
    168,
    172,
    176,
    180,
    184,
    188,
    192,
    196,
    200,
    204,
    208,
    212,
    216,
    220,
    224,
    228,
    232,
    236,
    240,
    244,
    248,
    252,
    256,
    260,
    264,
    268,
    272,
    276,
    280,
    284,
    288,
    292,
    296,
    300
  ],
  "runtimes": [
    2.000051016002544,
    2.000054072999774,
    2.0000665789993946,
    2.0000687029969413,
    2.0000679149998177,
    2.0000744159988244,
    2.0001720110012684,
    2.0000974139984464,
    2.000095125000371,
    2.00023910100208,
    2.000172267002199,
    2.0002885750000132,
    0.07485415799965267,
    2.000310448001983,
    0.10394861199893057,
    0.5767856019992905,
    0.11699395699906745,
    0.15988404499876196,
    0.16653030300221872,
    0.13513623499966343,
    0.11964277900187881,
    0.13452236000011908,
    0.17510115299955942,
    0.14005863000056706,
    0.17551274700235808,
    0.15260815399960848,
    0.18203057799837552,
    0.16680326400091872,
    0.19391929499761318,
    0.1751762370004144,
    0.1862472249995335,
    0.18102690999876359,
    0.18833454200284905,
    0.2000099080032669,
    0.2224676539990469,
    0.23529895200044848,
    0.23484668099990813,
    0.2655851679992338,
    0.2669433420014684,
    0.2591057579993503,
    0.2670382399992377,
    0.2808252430004359,
    0.2994848069974978,
    0.29961597199871903,
    0.2810270359987044,
    0.299584436997975,
    0.35440149100031704,
    0.30691660800221143,
    0.3151115000000573,
    0.38828905500122346,
    0.3099442739985534,
    0.3905276520017651,
    0.3596498309998424,
    0.3482302400007029,
    0.39521834699917235,
    0.37587241499932134,
    0.39169992499955697,
    0.3954979549998825,
    0.3719195089979621,
    0.40315882800132385,
    0.4542294079983549,
    0.42820203399969614,
    0.4337131159991259,
    0.40393908899932285,
    0.4359831099973235,
    0.468063093998353,
    0.49748772099701455,
    0.5167209079991153,
    0.5075884689977102,
    0.5355331690007006,
    0.4819458889978705,
    0.4907504990005691,
    0.5333479440014344,
    0.499617692999891,
    0.5223844229985843
  ],
  "operations": [
    {
      "candidate_generation": 508009,
      "feasibility_check": 1,
      "weight_evaluation": 1
    },
    {
      "candidate_generation": 310656,
      "feasibility_check": 3,
      "weight_evaluation": 3
    },
    {
      "candidate_generation": 183166,
      "feasibility_check": 10,
      "weight_evaluation": 10
    },
    {
      "candidate_generation": 148942,
      "feasibility_check": 10,
      "weight_evaluation": 10
    },
    {
      "candidate_generation": 147719,
      "feasibility_check": 22,
      "weight_evaluation": 22
    },
    {
      "candidate_generation": 128185,
      "feasibility_check": 59,
      "weight_evaluation": 59
    },
    {
      "candidate_generation": 117658,
      "feasibility_check": 1107,
      "weight_evaluation": 1107
    },
    {
      "candidate_generation": 105638,
      "feasibility_check": 298,
      "weight_evaluation": 298
    },
    {
      "candidate_generation": 91458,
      "feasibility_check": 109,
      "weight_evaluation": 109
    },
    {
      "candidate_generation": 67187,
      "feasibility_check": 1123,
      "weight_evaluation": 1123
    },
    {
      "candidate_generation": 72154,
      "feasibility_check": 732,
      "weight_evaluation": 732
    },
    {
      "candidate_generation": 57144,
      "feasibility_check": 1621,
      "weight_evaluation": 1621
    },
    {
      "candidate_generation": 2189,
      "feasibility_check": 2000,
      "weight_evaluation": 2000
    },
    {
      "candidate_generation": 65108,
      "feasibility_check": 1744,
      "weight_evaluation": 1744
    },
    {
      "candidate_generation": 2453,
      "feasibility_check": 2000,
      "weight_evaluation": 2000
    },
    {
      "candidate_generation": 15212,
      "feasibility_check": 2000,
      "weight_evaluation": 2000
    },
    {
      "candidate_generation": 2464,
      "feasibility_check": 2000,
      "weight_evaluation": 2000
    },
    {
      "candidate_generation": 2737,
      "feasibility_check": 2000,
      "weight_evaluation": 2000
    },
    {
      "candidate_generation": 2629,
      "feasibility_check": 2000,
      "weight_evaluation": 2000
    },
    {
      "candidate_generation": 2012,
      "feasibility_check": 2000,
      "weight_evaluation": 2000
    },
    {
      "candidate_generation": 2156,
      "feasibility_check": 2000,
      "weight_evaluation": 2000
    },
    {
      "candidate_generation": 2076,
      "feasibility_check": 2000,
      "weight_evaluation": 2000
    },
    {
      "candidate_generation": 2495,
      "feasibility_check": 2000,
      "weight_evaluation": 2000
    },
    {
      "candidate_generation": 2027,
      "feasibility_check": 2000,
      "weight_evaluation": 2000
    },
    {
      "candidate_generation": 2160,
      "feasibility_check": 2000,
      "weight_evaluation": 2000
    },
    {
      "candidate_generation": 2029,
      "feasibility_check": 2000,
      "weight_evaluation": 2000
    },
    {
      "candidate_generation": 2179,
      "feasibility_check": 2000,
      "weight_evaluation": 2000
    },
    {
      "candidate_generation": 2077,
      "feasibility_check": 2000,
      "weight_evaluation": 2000
    },
    {
      "candidate_generation": 2004,
      "feasibility_check": 2000,
      "weight_evaluation": 2000
    },
    {
      "candidate_generation": 2020,
      "feasibility_check": 2000,
      "weight_evaluation": 2000
    },
    {
      "candidate_generation": 2023,
      "feasibility_check": 2000,
      "weight_evaluation": 2000
    },
    {
      "candidate_generation": 2005,
      "feasibility_check": 2000,
      "weight_evaluation": 2000
    },
    {
      "candidate_generation": 2001,
      "feasibility_check": 2000,
      "weight_evaluation": 2000
    },
    {
      "candidate_generation": 2003,
      "feasibility_check": 2000,
      "weight_evaluation": 2000
    },
    {
      "candidate_generation": 2010,
      "feasibility_check": 2000,
      "weight_evaluation": 2000
    },
    {
      "candidate_generation": 2006,
      "feasibility_check": 2000,
      "weight_evaluation": 2000
    },
    {
      "candidate_generation": 2000,
      "feasibility_check": 2000,
      "weight_evaluation": 2000
    },
    {
      "candidate_generation": 2001,
      "feasibility_check": 2000,
      "weight_evaluation": 2000
    },
    {
      "candidate_generation": 2000,
      "feasibility_check": 2000,
      "weight_evaluation": 2000
    },
    {
      "candidate_generation": 2007,
      "feasibility_check": 2000,
      "weight_evaluation": 2000
    },
    {
      "candidate_generation": 2003,
      "feasibility_check": 2000,
      "weight_evaluation": 2000
    },
    {
      "candidate_generation": 2000,
      "feasibility_check": 2000,
      "weight_evaluation": 2000
    },
    {
      "candidate_generation": 2000,
      "feasibility_check": 2000,
      "weight_evaluation": 2000
    },
    {
      "candidate_generation": 2000,
      "feasibility_check": 2000,
      "weight_evaluation": 2000
    },
    {
      "candidate_generation": 2000,
      "feasibility_check": 2000,
      "weight_evaluation": 2000
    },
    {
      "candidate_generation": 2000,
      "feasibility_check": 2000,
      "weight_evaluation": 2000
    },
    {
      "candidate_generation": 2000,
      "feasibility_check": 2000,