{
  "random": {
    "mean_weight": 1103.3,
    "std_weight": 56.14427842621188,
    "min_weight": 1023.9,
    "max_weight": 1143.0,
    "absolute_gap": 39.700000000000045,
    "relative_gap": 0.034733158355205636,
    "approximation_ratio": 0.9652668416447944
  },
  "greedy": {
    "mean_weight": 1143.0,
    "std_weight": 0.0,
    "min_weight": 1143.0,
    "max_weight": 1143.0,
    "absolute_gap": 0.0,
    "relative_gap": 0.0,
    "approximation_ratio": 1.0
  },
  "local": {
    "mean_weight": 1143.0,
    "std_weight": 0.0,
    "min_weight": 1143.0,
    "max_weight": 1143.0,
    "absolute_gap": 0.0,
    "relative_gap": 0.0,
    "approximation_ratio": 1.0
  }
}