{
  "graph": "graph_n19_d75_adj_matrix",
  "algorithm": "greedy",
  "result": {
    "graph_name": "graph_n19_d75_adj_matrix",
    "algorithm": "greedy",
    "best_weight": 2872.74,
    "best_matching": [
      8,
      19,
      26,
      36,
      53,
      59,
      76,
      97,
      116
    ],
    "runtime": 0.03596863799975836,
    "candidates": 400,
    "improvements": 8,
    "duplicates": 354,
    "infeasible": 0,
    "size_history": {
      "9": 121,
      "8": 109,
      "7": 90,
      "6": 64,
      "5": 16
    },
    "weight_history": [
      2718.35,
      2705.7400000000002,
      2708.32,
      2606.62,
      2728.01,
      2627.68,
      2692.37,
      2676.09,
      2741.0299999999997,
      2602.08,
      2718.76,
      2614.83,
      2665.94,
      2604.71,
      2585.06,
      2617.0,
      2642.44,
      2640.09,
      2638.52,
      2614.82,
      2646.06,
      2755.13,
      2594.4,
      2719.32,
      2694.28,
      2660.93,
      2637.1,
      2769.73,
      2716.39,
      2635.28,
      2698.33,
      2725.08,
      2702.81,
      2625.44,
      2711.23,
      2501.33,
      2646.28,
      2722.15,
      2494.17,
      2648.99,
      2626.98,
      2623.79,
      2483.62,
      2639.27,
      2678.56,
      2694.12,
      2659.66,
      2613.98,
      2661.65,
      2728.13,
      2739.59,
      2613.03,
      2596.31,
      2623.4700000000003,
      2630.37,
      2721.28,
      2831.09,
      2686.45,
      2597.46,
      2853.36,
      2693.58,
      2609.77,
      2768.22,
      2712.31,
      2688.91,
      2806.2400000000002,
      2699.88,
      2615.2400000000002,
      2549.6800000000003,
      2684.09,
      2427.85,
      2566.53,
      2668.14,
      2664.34,
      2603.36,
      2553.89,
      2620.25,
      2479.4900000000002,
      2528.4300000000003,
      2735.79,
      2675.23,
      2806.51,
      2765.29,
      2752.3,
      2786.55,
      2726.62,
      2721.67,
      2591.85,
      2645.87,
      2587.23,
      2684.51,
      2706.15,
      2614.09,
      2733.98,
      2639.33,
      2695.73,
      2584.28,
      2613.15,
      2477.32,
      2569.52,
      2713.57,
      2727.7000000000003,
      2743.02,
      2682.38,
      2602.37,
      2706.31,
      2717.9,
      2678.7,
      2705.58,
      2790.7000000000003,
      2704.45,
      2750.43,
      2709.66,
      2790.92,
      2671.0299999999997,
      2719.01,
      2723.86,
      2730.59,
      2761.86,
      2660.4300000000003,
      2610.83,
      2758.22,
      2700.83,
      2748.2200000000003,
      2661.68,
      2872.74,
      2730.42,
      2730.03,
      2758.56,
      2669.89,
      2849.21,
      2586.19,
      2719.16,
      2740.26,
      2711.18,
      2669.13,
      2755.18,
      2683.92,
      2846.63,
      2697.05,
      2761.52,
      2690.48,
      2762.35,
      2676.62,
      2652.96,
      2659.75,
      2758.9700000000003,
      2580.71,
      2591.79,
      2618.7400000000002,
      2572.9,
      2712.28,
      2723.69,
      2637.4,
      2514.04,
      2625.76,
      2671.07,
      2695.69,
      2623.92,
      2477.03,
      2661.41,
      2485.79,
      2599.3,
      2582.63,
      2603.94,
      2675.9700000000003,
      2480.47,
      2624.62,
      2734.3,
      2691.84,
      2745.9500000000003,
      2677.33,
      2741.37,
      2597.13,
      2678.62,
      2584.57,
      2706.17,
      2762.99,
      2716.55,
      2741.48,
      2617.13,
      2712.59,
      2797.19,
      2826.94,
      2671.15,
      2618.93,
      2640.0,
      2674.0099999999998,
      2712.06,
      2673.36,
      2706.38,
      2605.23,
      2659.67,
      2847.76,
      2792.14,
      2644.96,
      2625.25,
      2590.4,
      2599.57,
      2563.12,
      2590.4,
      2667.06,
      2529.25,
      2563.22,
      2648.8,
      2641.39,
      2735.2,
      2632.54,
      2581.41,
      2469.01,
      2301.56,
      2466.84,
      2352.05,
      2343.7400000000002,
      2448.2400000000002,
      2449.37,
      2420.01,
      2276.64,
      2404.12,
      2489.11,
      2621.62,
      2691.93,
      2509.83,
      2663.96,
      2496.54,
      2624.88,
      2682.89,
      2586.59,
      2604.9,
      2603.04,
      2571.88,
      2638.48,
      2552.85,
      2505.89,
      2441.2200000000003,
      2480.59,
      2536.9,
      2389.85,
      2472.61,
      2462.75,
      2499.16,
      2549.12,
      2570.74,
      2596.57,
      2661.82,
      2626.7200000000003,
      2734.7599999999998,
      2627.06,
      2680.67,
      2597.55,
      2686.23,
      2608.38,
      2661.79,
      2470.1800000000003,
      2491.2799999999997,
      2453.11,
      2515.93,
      2426.63,
      2484.55,
      2508.06,
      2555.85,
      2474.27,
      2359.26,
      2429.35,
      2273.0299999999997,
      2370.92,
      2083.62,
      2181.35,
      2228.05,
      2223.81,
      2250.76,
      2282.96,
      2258.86,
      2298.91,
      2296.07,
      2440.48,
      2534.73,
      2556.49,
      2365.13,
      2450.37,
      2465.36,
      2557.0,
      2530.58,
      2461.14,
      2546.21,
      2381.02,
      2167.65,
      2438.31,
      2196.63,
      2271.38,
      2377.65,
      2183.39,
      2290.09,
      2275.64,
      2545.1,
      2304.49,
      2293.65,
      2378.98,
      2365.2799999999997,
      2438.29,
      2568.48,
      2677.36,
      2492.04,
      2364.17,
      2465.88,
      2422.03,
      2448.58,
      2406.31,
      2081.66,
      2241.39,
      2252.92,
      2351.23,
      2240.66,
      2279.35,
      2250.7400000000002,
      2210.48,
      2272.58,
      2326.75,
      2279.29,
      2549.42,
      2339.1,
      2463.19,
      2386.35,
      2525.38,
      2504.5,
      2409.69,
      2473.86,
      2449.67,
      2494.21,
      2540.95,
      2238.13,
      2297.76,
      2311.61,
      2291.48,
      2269.21,
      2143.81,
      2061.23,
      2167.5,
      2216.57,
      2236.91,
      2295.61,
      2040.5,
      2105.89,
      1957.24,
      2024.31,
      2067.01,
      2062.77,
      2086.46,
      1968.9,
      2097.2,
      2001.8600000000001,
      2062.86,
      2131.29,
      2232.46,
      2292.18,
      2228.91,
      2221.62,
      2063.19,
      2169.69,
      2149.38,
      2164.5,
      2286.92,
      2294.83,
      2469.7,
      2278.8,
      2482.38,
      2540.85,
      2471.94,
      2422.3,
      2486.46,
      2387.16,
      2318.34,
      2367.32,
      2485.68,
      2365.3,
      2161.71,
      2288.88,
      2282.2200000000003,
      2040.7,
      2298.78,
      2373.5,
      2284.75,
      2225.86,
      2152.83,
      2343.29,
      2423.37,
      2349.11,
      2417.21,
      2402.61,
      2458.32,
      2480.39,
      2492.41,
      2347.1800000000003,
      2362.13,
      2458.37,
      2401.01,
      2605.12,
      2547.45,
      2552.83,
      2489.81
    ],
    "stopping_reason": "max_candidates",
    "operations": {
      "candidate_generation": 754,
      "feasibility_check": 400,
      "weight_evaluation": 400
    }
  }
}