{
  "graph": "graph_n17_d50_adj_matrix",
  "algorithm": "local",
  "result": {
    "graph_name": "graph_n17_d50_adj_matrix",
    "algorithm": "local",
    "best_weight": 2733.07,
    "best_matching": [
      7,
      9,
      22,
      26,
      36,
      38,
      42,
      60
    ],
    "runtime": 2.002941204000308,
    "candidates": 119,
    "improvements": 1,
    "duplicates": 593,
    "infeasible": 0,
    "size_history": {
      "8": 43,
      "7": 50,
      "6": 24,
      "5": 2
    },
    "weight_history": [
      2733.07,
      2599.1,
      2574.88,
      2534.41,
      2567.4,
      2421.57,
      2543.68,
      2432.91,
      2636.64,
      2453.02,
      2542.47,
      2448.88,
      2415.89,
      2547.42,
      2421.05,
      2423.48,
      2452.48,
      2413.57,
      2443.5099999999998,
      2422.59,
      2415.0,
      2263.23,
      2552.19,
      2617.04,
      2538.08,
      2537.19,
      2596.17,
      2629.16,
      2536.4,
      2340.48,
      2464.88,
      2684.97,
      2543.62,
      2399.32,
      2418.11,
      2204.2,
      2450.99,
      2462.97,
      2492.5,
      2441.77,
      2406.58,
      2388.17,
      2418.82,
      2401.45,
      2595.2799999999997,
      2648.62,
      2612.56,
      2591.77,
      2602.87,
      2425.43,
      2356.49,
      2482.15,
      2679.91,
      2506.2799999999997,
      2536.09,
      2382.2599999999998,
      2532.54,
      2387.28,
      2417.22,
      2488.73,
      2342.47,
      2473.89,
      2407.47,
      2247.2599999999998,
      2373.84,
      2493.39,
      2266.83,
      2246.89,
      2235.4,
      2213.49,
      1936.41,
      2237.83,
      2239.7799999999997,
      2122.73,
      2236.94,
      2206.79,
      2230.24,
      2712.7599999999998,
      2399.18,
      2413.45,
      2465.2799999999997,
      2394.26,
      2502.08,
      2348.09,
      2227.92,
      2294.2,
      2333.78,
      2359.06,
      2110.87,
      2178.7799999999997,
      2162.81,
      1854.03,
      2150.95,
      2143.47,
      2141.13,
      2057.7599999999998,
      2196.61,
      2209.72,
      2082.1,
      2339.84,
      2399.14,
      2379.69,
      2383.51,
      2475.3,
      2500.33,
      2427.64,
      2522.39,
      2412.23,
      2293.42,
      2389.85,
      2491.2799999999997,
      2582.45,
      2461.61,
      2551.67,
      2537.34,
      2426.2,
      2466.87,
      2523.89,
      2542.0
    ],
    "stopping_reason": "time_limit",
    "operations": {
      "candidate_generation": 712,
      "feasibility_check": 119,
      "weight_evaluation": 119
    }
  }
}