{
  "graph": "graph_n13_d75_adj_matrix",
  "algorithm": "local",
  "result": {
    "graph_name": "graph_n13_d75_adj_matrix",
    "algorithm": "local",
    "best_weight": 2207.06,
    "best_matching": [
      5,
      7,
      23,
      33,
      48,
      52
    ],
    "runtime": 2.0005605059996014,
    "candidates": 60,
    "improvements": 5,
    "duplicates": 910,
    "infeasible": 0,
    "size_history": {
      "6": 11,
      "5": 10,
      "4": 23,
      "3": 13,
      "2": 3
    },
    "weight_history": [
      2162.8199999999997,
      2165.38,
      2118.89,
      2167.19,
      2186.58,
      2149.94,
      2207.06,
      2142.24,
      2147.8,
      2193.8,
      2163.33,
      1995.04,
      1964.6299999999999,
      1927.75,
      1691.38,
      1969.5,
      1931.75,
      1968.3899999999999,
      1927.09,
      1993.6999999999998,
      1949.46,
      1984.67,
      1726.4099999999999,
      1688.86,
      1700.6599999999999,
      1685.49,
      1704.3899999999999,
      1682.8999999999999,
      1775.61,
      1706.85,
      1717.9299999999998,
      1690.22,
      1667.73,
      1415.6100000000001,
      1411.3,
      1011.6999999999999,
      1424.8899999999999,
      1407.1299999999999,
      1339.5,
      1365.32,
      1381.1,
      1355.92,
      995.9200000000001,
      1362.42,
      1707.9299999999998,
      1684.24,
      1702.92,
      1708.9,
      1687.07,
      1689.25,
      1685.71,
      1676.21,
      1684.17,
      1717.01,
      1664.46,
      1357.01,
      991.6099999999999,
      1342.1599999999999,
      1356.84,
      1333.52
    ],
    "stopping_reason": "time_limit",
    "operations": {
      "candidate_generation": 970,
      "feasibility_check": 60,
      "weight_evaluation": 60
    }
  }
}