{
  "graph": "graph_n18_d25_adj_matrix",
  "algorithm": "local",
  "result": {
    "graph_name": "graph_n18_d25_adj_matrix",
    "algorithm": "local",
    "best_weight": 2684.68,
    "best_matching": [
      3,
      8,
      12,
      16,
      19,
      20,
      26,
      35
    ],
    "runtime": 2.001868187000582,
    "candidates": 79,
    "improvements": 1,
    "duplicates": 631,
    "infeasible": 0,
    "size_history": {
      "8": 12,
      "7": 32,
      "6": 33,
      "5": 2
    },
    "weight_history": [
      2684.68,
      2658.25,
      2668.69,
      2676.25,
      2672.16,
      2649.82,
      2634.4900000000002,
      2460.78,
      2660.92,
      2550.9,
      2642.26,
      2499.73,
      2496.06,
      2443.44,
      2327.1,
      2503.62,
      2473.3,
      2465.23,
      2488.29,
      2512.05,
      2491.3,
      2477.19,
      2208.23,
      2300.67,
      2303.34,
      2237.35,
      2249.82,
      2276.91,
      2487.21,
      2292.2400000000002,
      2245.78,
      2250.42,
      2284.92,
      2453.75,
      2449.44,
      2318.67,
      2475.87,
      2485.62,
      2389.29,
      2411.71,
      2419.78,
      2449.54,
      2461.56,
      2461.86,
      2190.38,
      2292.6,
      2258.4900000000002,
      2174.39,
      2249.67,
      2073.15,
      2210.2200000000003,
      2236.65,
      2209.96,
      2202.15,
      2221.44,
      2469.87,
      2645.73,
      2371.08,
      2469.63,
      2475.97,
      2464.87,
      2446.21,
      2386.74,
      2178.06,
      2363.01,
      2363.83,
      2201.79,
      2195.91,
      2192.9,
      2175.05,
      2072.57,
      2258.1,
      2284.17,
      2239.08,
      2236.77,
      2273.58,
      2183.12,
      2567.8,
      2411.57
    ],
    "stopping_reason": "time_limit",
    "operations": {
      "candidate_generation": 710,
      "feasibility_check": 79,
      "weight_evaluation": 79
    }
  }
}