{
  "graph": "graph_n12_d75_adj_matrix",
  "algorithm": "local",
  "result": {
    "graph_name": "graph_n12_d75_adj_matrix",
    "algorithm": "local",
    "best_weight": 2005.75,
    "best_matching": [
      3,
      8,
      20,
      27,
      35,
      45
    ],
    "runtime": 2.0013072329984425,
    "candidates": 198,
    "improvements": 6,
    "duplicates": 662,
    "infeasible": 0,
    "size_history": {
      "6": 113,
      "5": 41,
      "4": 32,
      "3": 11,
      "2": 1
    },
    "weight_history": [
      1962.74,
      1976.07,
      1814.7,
      1885.77,
      1889.97,
      1896.97,
      1897.83,
      1970.23,
      1967.66,
      1980.1,
      1864.32,
      1991.93,
      1882.26,
      1993.92,
      1788.5900000000001,
      1879.05,
      1878.19,
      1876.15,
      1963.6,
      1980.5,
      1878.1399999999999,
      1987.69,
      1736.97,
      1852.75,
      1850.47,
      1836.25,
      1769.62,
      1833.97,
      1539.8600000000001,
      1753.53,
      1713.88,
      1770.23,
      1789.56,
      1757.6,
      1883.33,
      1829.8899999999999,
      1878.7,
      1977.42,
      1968.52,
      1869.73,
      1985.51,
      2005.75,
      1741.7,
      1858.49,
      1876.16,
      1744.33,
      1793.27,
      1817.29,
      1809.89,
      1893.87,
      1969.74,
      1897.87,
      1845.54,
      1891.44,
      1893.8600000000001,
      1882.28,
      1747.73,
      1987.9,
      1911.65,
      1856.21,
      1781.8400000000001,
      1886.25,
      1804.29,
      1801.39,
      1790.17,
      1875.08,
      1877.8400000000001,
      1804.88,
      1745.72,
      1902.27,
      1820.57,
      1770.74,
      1882.49,
      1898.78,
      1896.04,
      1818.19,
      1803.14,
      1879.92,
      1810.96,
      1892.8,
      1890.68,
      1882.04,
      1816.56,
      1857.37,
      1832.16,
      1871.5,
      1914.1,
      1890.3700000000001,
      1770.15,
      1834.85,
      1770.92,
      1898.08,
      1813.38,
      1797.71,
      1807.41,
      1816.59,
      1821.6,
      1810.67,
      1863.4,
      1778.77,
      1810.26,
      1815.91,
      1801.33,
      1844.67,
      1776.47,
      1799.58,
      1866.57,
      1875.09,
      1854.14,
      1781.11,
      1981.57,
      1793.97,
      1867.68,
      1990.86,
      1844.71,
      1810.32,
      1891.75,
      1847.44,
      1820.25,
      1826.44,
      1904.46,
      1818.75,
      1878.58,
      1784.83,
      1819.24,
      1789.99,
      1809.45,
      1817.0,
      1864.68,
      1865.54,
      1746.18,
      1821.03,
      1768.2,
      1524.97,
      1835.39,
      1842.06,
      1779.73,
      1797.54,
      1863.51,
      1748.8,
      1647.46,
      1714.45,
      1864.58,
      1663.96,
      1555.18,
      1539.19,
      1618.37,
      1352.68,
      1601.87,
      1504.89,
      1675.79,
      1573.35,
      1602.08,
      1548.18,
      967.98,
      1336.18,
      1273.94,
      1306.16,
      1309.28,
      1325.78,
      1314.5,
      1307.45,
      1317.99,
      1289.66,
      1280.55,
      1541.47,
      1552.91,
      1608.75,
      1597.82,
      1573.1399999999999,
      1593.47,
      1581.69,
      1570.92,
      1530.24,
      1547.81,
      1791.31,
      1770.48,
      1734.69,
      1862.3,
      1709.95,
      1788.38,
      1716.73,
      1795.35,
      1826.78,
      1704.66,
      1711.6,
      1741.27,
      1560.01,
      1564.74,
      1782.26,
      1561.52,
      1522.69,
      1535.49,
      1525.09,
      1551.69,
      1550.97,
      1734.3500000000001,
      1526.85
    ],
    "stopping_reason": "time_limit",
    "operations": {
      "candidate_generation": 860,
      "feasibility_check": 198,
      "weight_evaluation": 198
    }
  }
}