{
  "graph": "graph_n9_d50_adj_matrix",
  "algorithm": "random",
  "result": {
    "graph_name": "graph_n9_d50_adj_matrix",
    "algorithm": "random",
    "best_weight": 1143.0,
    "best_matching": [
      4,
      7,
      10,
      14
    ],
    "runtime": 2.0000380969995604,
    "candidates": 70,
    "improvements": 3,
    "duplicates": 219861,
    "infeasible": 0,
    "size_history": {
      "4": 56,
      "3": 14
    },
    "weight_history": [
      895.01,
      1121.55,
      910.41,
      937.1899999999999,
      989.1700000000001,
      787.98,
      1050.25,
      856.3,
      925.0600000000001,
      716.06,
      784.19,
      944.4300000000001,
      1143.0,
      817.23,
      734.5699999999999,
      788.69,
      936.62,
      1078.8899999999999,
      949.18,
      749.9200000000001,
      682.1,
      898.3,
      534.17,
      1027.03,
      901.4599999999999,
      683.93,
      575.49,
      965.41,
      1058.77,
      851.12,
      999.78,
      875.99,
      957.6,
      744.6,
      966.93,
      664.53,
      824.59,
      815.9,
      937.07,
      902.2,
      1029.52,
      785.0,
      917.25,
      1008.54,
      1030.79,
      830.9000000000001,
      787.42,
      1080.4099999999999,
      688.9699999999999,
      999.9,
      761.78,
      830.39,
      988.26,
      758.24,
      927.98,
      1070.47,
      924.09,
      754.02,
      865.26,
      850.77,
      831.37,
      845.86,
      742.38,
      917.31,
      499.29999999999995,
      841.12,
      817.9200000000001,
      753.8199999999999,
      996.18,
      889.22
    ],
    "stopping_reason": "time_limit",
    "operations": {
      "candidate_generation": 219931,
      "feasibility_check": 70,
      "weight_evaluation": 70
    }
  }
}