{
  "graph": "graph_n18_d25_adj_matrix",
  "algorithm": "greedy",
  "result": {
    "graph_name": "graph_n18_d25_adj_matrix",
    "algorithm": "greedy",
    "best_weight": 2684.68,
    "best_matching": [
      3,
      8,
      12,
      16,
      19,
      20,
      26,
      35
    ],
    "runtime": 2.0000410430002376,
    "candidates": 76,
    "improvements": 3,
    "duplicates": 158253,
    "infeasible": 0,
    "size_history": {
      "8": 18,
      "7": 24,
      "6": 12,
      "5": 10,
      "4": 11,
      "3": 1
    },
    "weight_history": [
      2658.25,
      2326.71,
      2642.26,
      2676.25,
      2580.53,
      2684.68,
      2347.68,
      2363.01,
      2639.95,
      2649.82,
      2443.44,
      2503.62,
      2469.63,
      2419.78,
      2453.75,
      2512.05,
      2469.87,
      2485.62,
      2477.19,
      2441.47,
      2475.97,
      2300.67,
      2550.9,
      2540.04,
      2668.69,
      2660.92,
      2605.45,
      2634.19,
      2519.73,
      2626.38,
      2524.4700000000003,
      2634.4900000000002,
      2457.75,
      2427.4500000000003,
      2499.73,
      2461.86,
      2496.06,
      2488.29,
      2473.3,
      2460.78,
      2347.02,
      2355.75,
      2258.4900000000002,
      2464.87,
      2190.38,
      2327.1,
      2198.45,
      2175.05,
      2292.6,
      2072.57,
      2284.92,
      2292.2400000000002,
      2303.34,
      2318.67,
      2276.91,
      2073.15,
      1777.18,
      2019.63,
      2048.81,
      2049.39,
      2030.97,
      2064.7200000000003,
      2064.14,
      1768.75,
      2019.0500000000002,
      1963.0900000000001,
      1753.42,
      1750.9,
      1735.0,
      1723.66,
      1401.46,
      1735.5700000000002,
      1711.24,
      1699.9,
      1693.39,
      1682.0500000000002
    ],
    "stopping_reason": "time_limit",
    "operations": {
      "candidate_generation": 158329,
      "feasibility_check": 76,
      "weight_evaluation": 76
    }
  }
}