{
  "graph": "graph_n17_d50_adj_matrix",
  "algorithm": "random",
  "result": {
    "graph_name": "graph_n17_d50_adj_matrix",
    "algorithm": "random",
    "best_weight": 2332.52,
    "best_matching": [
      0,
      11,
      25,
      29,
      36,
      43,
      54,
      66
    ],
    "runtime": 0.008857337999870651,
    "candidates": 400,
    "improvements": 3,
    "duplicates": 44,
    "infeasible": 0,
    "size_history": {
      "8": 10,
      "7": 12,
      "6": 38,
      "5": 72,
      "4": 94,
      "3": 70,
      "2": 51,
      "1": 53
    },
    "weight_history": [
      1959.58,
      1884.31,
      1687.54,
      2200.2,
      2029.58,
      2332.52,
      2151.67,
      2314.91,
      1677.18,
      1651.11,
      2206.68,
      1830.85,
      1615.81,
      1222.21,
      1387.29,
      2062.17,
      1722.05,
      1660.79,
      1468.18,
      1680.44,
      1761.19,
      1543.29,
      1793.51,
      1803.3799999999999,
      1391.24,
      1124.97,
      1823.3999999999999,
      1577.6299999999999,
      1228.95,
      1861.32,
      1039.38,
      1419.1,
      1634.55,
      957.61,
      1176.24,
      764.41,
      1358.57,
      1021.47,
      1483.1,
      1127.31,
      1170.1399999999999,
      926.03,
      1544.8799999999999,
      1309.59,
      1257.95,
      1195.69,
      1579.69,
      1076.95,
      1194.6399999999999,
      1678.66,
      1122.48,
      1128.11,
      1476.94,
      1501.51,
      1240.45,
      1310.62,
      1190.75,
      1077.12,
      1010.0,
      1313.74,
      1087.62,
      1601.83,
      1350.6,
      1525.88,
      1433.33,
      1121.52,
      989.85,
      510.34,
      1204.73,
      1007.56,
      1167.6999999999998,
      763.58,
      1093.86,
      933.65,
      1050.97,
      708.3299999999999,
      1065.7,
      829.9300000000001,
      693.58,
      530.38,
      545.0699999999999,
      571.8199999999999,
      660.78,
      741.23,
      386.61,
      509.95,
      920.97,
      629.5799999999999,
      1094.4,
      651.8399999999999,
      853.14,
      1339.06,
      988.36,
      1150.08,
      601.6,
      895.3,
      1157.09,
      782.87,
      695.16,
      944.75,
      1126.1200000000001,
      1215.33,
      737.75,
      837.47,
      1372.1,
      1830.3,
      913.14,
      1018.25,
      1218.46,
      1136.41,
      989.22,
      595.0,
      853.86,
      1069.51,
      704.26,
      1002.26,
      793.21,
      1082.8,
      991.09,
      887.06,
      578.21,
      687.65,
      957.23,
      1110.24,
      719.61,
      723.8299999999999,
      834.33,
      317.49,
      799.01,
      376.35,
      551.5699999999999,
      768.93,
      1016.7900000000001,
      594.89,
      1002.74,
      1283.25,
      1081.35,
      1066.24,
      927.9300000000001,
      999.71,
      757.8399999999999,
      879.02,
      1133.1,
      618.2,
      835.46,
      689.12,
      707.35,
      780.16,
      835.64,
      763.54,
      946.43,
      781.23,
      566.52,
      923.5600000000001,
      489.97,
      355.02,
      329.75,
      482.03999999999996,
      191.66,
      438.11,
      453.67,
      766.05,
      586.76,
      591.63,
      863.81,
      993.16,
      485.63,
      867.66,
      760.61,
      783.32,
      988.71,
      1147.74,
      459.90999999999997,
      603.98,
      784.25,
      487.55,
      710.04,
      700.25,
      1123.69,
      840.3,
      1034.83,
      724.77,
      674.1700000000001,
      1080.17,
      1050.68,
      1078.55,
      951.7,
      1262.98,
      1298.76,
      1202.98,
      1530.81,
      968.1899999999999,
      1153.41,
      987.73,
      977.3299999999999,
      1340.48,
      1031.46,
      852.66,
      908.31,
      853.63,
      1200.22,
      836.28,
      911.16,
      999.72,
      917.33,
      878.47,
      1124.97,
      929.5300000000001,
      1360.71,
      1340.79,
      1342.99,
      1300.5,
      1177.35,
      1203.67,
      1093.8999999999999,
      1123.28,
      1289.98,
      1624.74,
      879.4100000000001,
      1312.62,
      1263.62,
      1591.79,
      1129.44,
      1059.24,
      1709.39,
      1589.73,
      1331.8700000000001,
      1643.51,
      1421.81,
      1606.33,
      1427.65,
      1055.55,
      1097.58,
      1237.12,
      1413.15,
      1288.07,
      1440.01,
      1005.54,
      1355.4099999999999,
      1183.32,
      1615.4,
      1336.57,
      922.17,
      1049.79,
      968.3599999999999,
      938.6499999999999,
      867.5,
      582.17,
      1012.95,
      1332.8,
      835.66,
      919.95,
      565.24,
      1552.38,
      1473.64,
      936.65,
      1303.26,
      1364.55,
      891.31,
      840.1,
      1392.6299999999999,
      1098.21,
      1517.1,
      1047.07,
      1149.17,
      918.78,
      1180.39,
      908.26,
      766.1899999999999,
      782.89,
      912.97,
      1243.5,
      1075.05,
      925.8499999999999,
      1135.86,
      680.02,
      830.25,
      742.79,
      667.65,
      1014.7099999999999,
      466.06,
      768.26,
      562.84,
      863.38,
      506.69,
      1042.82,
      1108.29,
      825.82,
      1132.45,
      738.52,
      884.56,
      858.42,
      925.95,
      581.0,
      449.03999999999996,
      1103.1200000000001,
      936.06,
      880.6199999999999,
      425.96000000000004,
      711.01,
      747.7,
      953.68,
      675.8199999999999,
      960.0699999999999,
      598.53,
      661.45,
      659.52,
      491.89,
      170.85,
      536.45,
      445.19,
      235.87,
      289.78,
      405.62,
      465.92999999999995,
      203.73,
      552.74,
      409.34999999999997,
      398.70000000000005,
      172.59,
      166.88,
      84.21,
      421.67,
      85.96,
      201.02,
      355.65,
      338.57,
      153.83,
      324.91,
      290.99,
      644.09,
      822.53,
      419.75,
      444.75,
      652.5699999999999,
      346.06,
      285.53,
      714.21,
      488.5,
      622.8199999999999,
      428.42999999999995,
      288.18,
      273.06,
      20.81,
      44.72,
      199.46,
      194.62,
      206.32,
      65.92,
      173.53,
      108.63,
      505.02,
      280.59,
      233.19,
      358.79,
      158.9,
      360.9,
      240.8,
      300.53,
      307.03,
      363.9,
      141.0,
      311.75,
      250.53,
      175.33,
      308.51,
      134.97,
      214.02,
      185.65,
      76.97,
      143.41,
      269.53,
      396.71,
      331.09,
      461.26,
      460.77,
      299.98,
      765.66,
      414.33000000000004,
      505.87,
      365.15,
      357.27,
      671.8399999999999,
      275.07,
      389.23,
      248.37,
      133.0,
      413.0,
      150.22,
      139.74,
      128.76,
      177.23,
      440.51,
      226.11,
      198.15,
      130.61,
      557.71,
      500.33000000000004,
      645.0899999999999,
      457.68
    ],
    "stopping_reason": "max_candidates",
    "operations": {
      "candidate_generation": 444,
      "feasibility_check": 400,
      "weight_evaluation": 400
    }
  }
}