{
  "graph": "graph_n17_d75_adj_matrix",
  "algorithm": "local",
  "result": {
    "graph_name": "graph_n17_d75_adj_matrix",
    "algorithm": "local",
    "best_weight": 2809.13,
    "best_matching": [
      7,
      12,
      27,
      40,
      58,
      62,
      73,
      83
    ],
    "runtime": 2.002302843000507,
    "candidates": 149,
    "improvements": 6,
    "duplicates": 509,
    "infeasible": 0,
    "size_history": {
      "8": 75,
      "7": 41,
      "6": 20,
      "5": 13
    },
    "weight_history": [
      2707.68,
      2666.66,
      2731.23,
      2551.23,
      2735.0,
      2599.87,
      2732.17,
      2603.85,
      2658.7,
      2711.45,
      2804.47,
      2746.04,
      2752.38,
      2783.3199999999997,
      2545.58,
      2666.02,
      2798.13,
      2776.98,
      2604.83,
      2753.27,
      2801.9,
      2618.82,
      2522.0299999999997,
      2525.8,
      2597.67,
      2549.35,
      2566.73,
      2484.14,
      2487.79,
      2515.5299999999997,
      2610.19,
      2548.65,
      2516.25,
      2363.0,
      2276.64,
      2038.09,
      2368.29,
      2341.85,
      2356.66,
      2238.19,
      2393.94,
      2213.33,
      2011.76,
      2319.44,
      2091.32,
      2062.47,
      2057.44,
      2067.76,
      2067.77,
      2334.41,
      2093.41,
      2026.11,
      1974.42,
      1975.31,
      1992.23,
      2333.22,
      2518.87,
      2312.52,
      2314.63,
      2275.84,
      2296.11,
      2361.95,
      2246.59,
      2018.9099999999999,
      2345.62,
      2288.97,
      2561.34,
      2458.89,
      2569.97,
      2418.45,
      2612.48,
      2503.95,
      2527.5,
      2511.92,
      2461.28,
      2480.37,
      2453.66,
      2808.24,
      2588.68,
      2701.9,
      2789.5,
      2613.46,
      2559.06,
      2767.36,
      2539.62,
      2697.05,
      2703.39,
      2748.41,
      2665.75,
      2581.28,
      2727.71,
      2574.78,
      2701.18,
      2596.34,
      2702.11,
      2682.3,
      2800.39,
      2707.0,
      2621.39,
      2795.84,
      2568.63,
      2640.88,
      2768.89,
      2697.61,
      2705.13,
      2476.82,
      2515.6,
      2773.7,
      2789.15,
      2669.79,
      2671.85,
      2668.81,
      2606.12,
      2672.84,
      2658.93,
      2564.34,
      2740.29,
      2783.96,
      2677.63,
      2696.69,
      2555.0,
      2654.49,
      2681.23,
      2643.59,
      2809.13,
      2642.12,
      2766.17,
      2775.47,
      2509.57,
      2723.2,
      2617.99,
      2644.35,
      2462.29,
      2560.39,
      2542.31,
      2517.74,
      2531.27,
      2546.54,
      2509.75,
      2616.25,
      2311.87,
      2579.59,
      2567.62,
      2554.36,
      2617.2,
      2710.75,
      2717.69,
      2579.8,
      2703.39
    ],
    "stopping_reason": "time_limit",
    "operations": {
      "candidate_generation": 658,
      "feasibility_check": 149,
      "weight_evaluation": 149
    }
  }
}