{
  "graph": "graph_n18_d50_adj_matrix",
  "algorithm": "local",
  "result": {
    "graph_name": "graph_n18_d50_adj_matrix",
    "algorithm": "local",
    "best_weight": 3299.0,
    "best_matching": [
      1,
      6,
      16,
      35,
      39,
      48,
      51,
      62,
      71
    ],
    "runtime": 2.000035217999539,
    "candidates": 172,
    "improvements": 4,
    "duplicates": 479,
    "infeasible": 0,
    "size_history": {
      "9": 106,
      "8": 66
    },
    "weight_history": [
      3257.48,
      3108.08,
      3205.71,
      3207.12,
      3282.21,
      3073.92,
      3224.78,
      3150.14,
      3104.57,
      3194.21,
      3274.0,
      3265.69,
      3022.64,
      3149.34,
      3101.91,
      3111.05,
      3162.98,
      3161.5,
      3211.39,
      3047.85,
      3182.58,
      3120.56,
      3164.44,
      3132.69,
      3254.58,
      3189.19,
      3115.68,
      3219.9,
      3290.24,
      3171.4900000000002,
      3271.1,
      3012.7599999999998,
      3098.89,
      3180.76,
      3051.22,
      3125.44,
      3150.15,
      3098.31,
      3099.4700000000003,
      3144.85,
      3107.25,
      3048.25,
      3075.03,
      3143.51,
      3169.71,
      3166.38,
      3166.68,
      3040.78,
      3146.84,
      3089.27,
      3161.25,
      3257.71,
      3230.16,
      3241.19,
      3066.29,
      3042.52,
      3116.33,
      3082.56,
      3050.0299999999997,
      3032.32,
      3096.63,
      3047.39,
      3105.4,
      3093.66,
      3263.03,
      3082.97,
      3170.25,
      3116.4,
      3221.95,
      3236.36,
      3144.46,
      3014.94,
      3075.91,
      3148.26,
      3288.85,
      3234.05,
      3169.13,
      3194.2200000000003,
      3057.39,
      3204.27,
      3154.0,
      3130.85,
      3112.58,
      3083.4,
      3118.11,
      3134.01,
      3112.28,
      3159.42,
      3108.46,
      3211.14,
      3187.05,
      3207.94,
      3124.71,
      3128.39,
      3123.89,
      3299.0,
      3208.58,
      3220.89,
      3147.79,
      3111.38,
      3241.75,
      3189.42,
      3192.73,
      3114.8,
      3169.76,
      3158.6,
      3145.75,
      3138.52,
      3162.07,
      3112.05,
      3068.31,
      3104.4700000000003,
      3132.45,
      3122.0,
      3227.32,
      3177.4,
      3160.16,
      3099.69,
      3267.91,
      3040.29,
      3065.14,
      3199.37,
      3068.17,
      3212.9,
      3150.57,
      3107.17,
      3211.8,
      3152.99,
      3090.66,
      3206.5099999999998,
      3113.37,
      3048.89,
      3183.08,
      3065.17,
      3126.73,
      3145.73,
      3207.7799999999997,
      3122.97,
      3071.21,
      3196.6,
      3076.15,
      3067.66,
      3142.49,
      3196.4700000000003,
      3138.22,
      3135.95,
      3272.94,
      3142.95,
      3081.54,
      3112.76,
      3208.83,
      3060.18,
      3143.1,
      3098.28,
      2988.86,
      3215.62,
      3144.9700000000003,
      3135.91,
      3127.56,
      3112.78,
      3204.99,
      3149.01,
      3165.0099999999998,
      3138.63,
      3163.95,
      3108.2,
      3240.65,
      3246.4,
      2940.51,
      3021.79,
      3144.02,
      3087.48
    ],
    "stopping_reason": "time_limit",
    "operations": {
      "candidate_generation": 651,
      "feasibility_check": 172,
      "weight_evaluation": 172
    }
  }
}