{
  "graph": "graph_n16_d12.5_adj_matrix",
  "algorithm": "random",
  "result": {
    "graph_name": "graph_n16_d12.5_adj_matrix",
    "algorithm": "random",
    "best_weight": 1239.06,
    "best_matching": [
      0,
      10,
      11,
      14
    ],
    "runtime": 2.000021536001441,
    "candidates": 60,
    "improvements": 2,
    "duplicates": 275413,
    "infeasible": 0,
    "size_history": {
      "4": 9,
      "3": 13,
      "2": 23,
      "1": 15
    },
    "weight_history": [
      1046.19,
      833.0500000000001,
      1239.06,
      848.08,
      1115.16,
      1187.87,
      984.3000000000001,
      1095.11,
      711.6800000000001,
      798.66,
      1122.9,
      729.61,
      734.59,
      568.88,
      1224.03,
      840.4300000000001,
      931.5,
      905.79,
      927.46,
      543.95,
      858.36,
      1022.4000000000001,
      627.96,
      580.53,
      647.19,
      476.12,
      418.23,
      381.27,
      534.77,
      594.19,
      837.01,
      491.15,
      598.38,
      159.76,
      321.71,
      311.6,
      120.02,
      205.18,
      154.06,
      288.51,
      316.36,
      505.62,
      585.88,
      92.76,
      279.78,
      274.08,
      431.62,
      575.77,
      773.4,
      359.24,
      297.94,
      642.99,
      811.3,
      653.0999999999999,
      356.93,
      442.01,
      264.17,
      305.68,
      331.39,
      459.16
    ],
    "stopping_reason": "time_limit",
    "operations": {
      "candidate_generation": 275473,
      "feasibility_check": 60,
      "weight_evaluation": 60
    }
  }
}