{
  "graph": "graph_n19_d12.5_adj_matrix",
  "algorithm": "random",
  "result": {
    "graph_name": "graph_n19_d12.5_adj_matrix",
    "algorithm": "random",
    "best_weight": 1627.93,
    "best_matching": [
      1,
      3,
      5,
      8,
      11,
      15,
      20
    ],
    "runtime": 0.004764608000186854,
    "candidates": 400,
    "improvements": 4,
    "duplicates": 20,
    "infeasible": 0,
    "size_history": {
      "7": 48,
      "6": 105,
      "5": 98,
      "4": 77,
      "3": 45,
      "2": 21,
      "1": 6
    },
    "weight_history": [
      1023.91,
      1535.68,
      1252.78,
      1340.07,
      1115.31,
      1599.1,
      1180.54,
      1292.8,
      1425.74,
      1031.32,
      874.3299999999999,
      874.69,
      1222.64,
      1006.16,
      1138.97,
      1390.57,
      1327.4,
      1524.23,
      1134.41,
      1169.09,
      1350.7,
      1409.64,
      1076.13,
      1225.01,
      1457.08,
      1308.95,
      1325.62,
      1627.93,
      1411.65,
      1286.06,
      1297.88,
      1205.51,
      1357.75,
      1349.01,
      1191.5,
      715.09,
      1081.97,
      1138.19,
      1089.04,
      1404.1100000000001,
      1026.47,
      757.22,
      1052.07,
      1378.72,
      1297.1,
      1272.1200000000001,
      1376.88,
      1381.64,
      879.25,
      1499.01,
      1309.36,
      1291.42,
      1201.92,
      1125.74,
      1227.57,
      1080.35,
      1259.49,
      829.59,
      1318.49,
      1157.44,
      794.85,
      1185.76,
      1077.63,
      1506.84,
      1131.23,
      1008.22,
      1035.57,
      956.14,
      795.86,
      635.33,
      1028.51,
      793.31,
      862.55,
      1007.87,
      1020.13,
      925.27,
      946.5799999999999,
      1100.37,
      1164.28,
      1170.72,
      975.42,
      901.76,
      1156.81,
      1180.55,
      1226.93,
      1109.48,
      902.73,
      1155.2,
      949.6,
      689.36,
      860.05,
      1282.73,
      967.09,
      1114.55,
      1070.45,
      736.49,
      939.96,
      1016.14,
      1320.69,
      842.84,
      997.54,
      549.41,
      550.28,
      741.46,
      677.03,
      753.37,
      547.15,
      942.08,
      555.4,
      509.40999999999997,
      902.41,
      678.41,
      1249.01,
      1028.0,
      792.74,
      736.99,
      688.96,
      722.29,
      1169.99,
      617.4,
      1149.13,
      1387.04,
      1078.95,
      1199.65,
      1335.24,
      991.97,
      1182.6,
      1175.76,
      1028.52,
      1380.06,
      1168.84,
      1053.31,
      1425.92,
      1258.58,
      1451.92,
      1129.07,
      1047.73,
      1315.9,
      1316.21,
      1526.23,
      1206.72,
      1496.46,
      1317.22,
      1244.45,
      1159.03,
      1151.83,
      1337.47,
      1394.9,
      703.37,
      1108.6100000000001,
      1308.8700000000001,
      1061.34,
      1109.54,
      1205.94,
      600.53,
      1169.45,
      1278.93,
      1240.51,
      579.5,
      1147.82,
      977.24,
      770.7,
      1063.07,
      827.23,
      1019.75,
      602.88,
      885.23,
      1018.59,
      1050.81,
      907.4300000000001,
      443.85,
      999.95,
      829.87,
      943.84,
      796.94,
      796.59,
      1299.9,
      1024.66,
      682.59,
      741.09,
      1096.81,
      691.9499999999999,
      1089.89,
      1048.39,
      771.08,
      880.59,
      1295.98,
      555.36,
      824.6500000000001,
      653.92,
      795.23,
      916.22,
      616.5699999999999,
      732.16,
      796.68,
      746.99,
      848.6700000000001,
      802.4300000000001,
      852.62,
      629.16,
      726.65,
      726.76,
      851.11,
      656.79,
      946.39,
      875.8399999999999,
      942.01,
      1156.9,
      948.28,
      1224.32,
      1249.09,
      918.08,
      954.44,
      935.75,
      1232.6,
      1241.24,
      1447.18,
      1119.18,
      1454.29,
      981.1999999999999,
      765.1800000000001,
      1191.93,
      1222.32,
      988.5500000000001,
      792.0899999999999,
      935.22,
      968.16,
      659.33,
      1098.79,
      967.27,
      1073.91,
      1162.17,
      870.02,
      1066.59,
      1466.14,
      1019.13,
      741.0,
      964.8199999999999,
      1267.69,
      1271.34,
      1337.38,
      1174.48,
      1435.59,
      1327.6200000000001,
      1310.27,
      1222.89,
      1255.17,
      1224.6399999999999,
      1475.4,
      1301.93,
      1089.76,
      1540.56,
      1236.98,
      1066.56,
      1194.02,
      1306.91,
      934.05,
      1166.49,
      1084.88,
      1206.45,
      1112.34,
      963.18,
      876.68,
      1120.74,
      1013.77,
      816.97,
      1287.81,
      958.15,
      842.0600000000001,
      1014.77,
      1120.96,
      1187.46,
      830.94,
      843.9200000000001,
      949.49,
      829.47,
      514.25,
      878.13,
      609.66,
      790.78,
      553.3199999999999,
      502.8,
      692.03,
      749.79,
      905.34,
      1017.1,
      495.41999999999996,
      754.4200000000001,
      695.1800000000001,
      589.83,
      474.58,
      603.9100000000001,
      409.86,
      728.0,
      767.64,
      871.04,
      394.66,
      658.74,
      613.14,
      464.31,
      603.18,
      636.99,
      1019.88,
      790.34,
      781.64,
      738.61,
      867.64,
      756.46,
      548.99,
      867.32,
      717.79,
      664.99,
      629.08,
      554.25,
      559.46,
      152.2,
      449.97,
      286.69,
      782.4,
      214.48,
      331.89,
      289.0,
      229.06,
      262.2,
      465.20000000000005,
      406.91,
      280.70000000000005,
      156.85000000000002,
      736.4100000000001,
      378.73,
      369.59000000000003,
      360.36,
      775.6600000000001,
      324.08,
      343.07,
      525.14,
      210.25,
      465.49,
      634.04,
      498.42,
      441.76,
      929.7,
      696.92,
      597.46,
      608.18,
      782.78,
      796.35,
      741.54,
      403.85,
      642.82,
      925.4399999999999,
      762.22,
      967.37,
      1083.52,
      1116.55,
      1093.91,
      945.35,
      831.79,
      1063.26,
      1010.9,
      1046.89,
      990.47,
      1087.99,
      658.09,
      918.74,
      681.79,
      1057.31,
      629.06,
      598.69,
      1180.57,
      528.26,
      936.01,
      495.56,
      876.64,
      443.37,
      698.94,
      523.63,
      755.01,
      675.3000000000001,
      458.29,
      496.86,
      397.85,
      444.89,
      888.96,
      376.86,
      243.03,
      236.43,
      739.1800000000001,
      668.06,
      611.74,
      631.34,
      364.91999999999996,
      193.54,
      171.09,
      370.88,
      535.31,
      133.6,
      302.44,
      198.5,
      195.88
    ],
    "stopping_reason": "max_candidates",
    "operations": {
      "candidate_generation": 420,
      "feasibility_check": 400,
      "weight_evaluation": 400
    }
  }
}