{
  "graph": "graph_n14_d50_adj_matrix",
  "algorithm": "random",
  "result": {
    "graph_name": "graph_n14_d50_adj_matrix",
    "algorithm": "random",
    "best_weight": 2388.29,
    "best_matching": [
      4,
      7,
      12,
      21,
      32,
      40,
      43
    ],
    "runtime": 0.007587051000882639,
    "candidates": 400,
    "improvements": 9,
    "duplicates": 4,
    "infeasible": 0,
    "size_history": {
      "6": 241,
      "5": 96,
      "7": 48,
      "4": 13,
      "3": 2
    },
    "weight_history": [
      1579.1200000000001,
      2013.58,
      1519.97,
      1180.0,
      1897.85,
      1497.57,
      1311.13,
      1522.76,
      1790.58,
      2051.83,
      1455.6200000000001,
      2055.09,
      1849.95,
      1807.77,
      1802.73,
      2039.31,
      1618.3799999999999,
      2039.82,
      2032.73,
      1885.39,
      1638.17,
      1789.68,
      1903.93,
      1259.4,
      1647.52,
      1637.88,
      1608.8700000000001,
      1739.47,
      1025.4,
      1855.21,
      1719.48,
      1744.71,
      1571.44,
      1349.85,
      1420.8999999999999,
      1843.71,
      1711.5,
      1259.92,
      1111.35,
      1734.37,
      1128.38,
      1005.87,
      961.78,
      1117.13,
      1630.81,
      1849.22,
      1447.42,
      1686.17,
      1352.77,
      1478.25,
      1619.9,
      1872.67,
      1921.44,
      1939.82,
      1796.76,
      1653.94,
      1517.8,
      1670.6499999999999,
      1793.47,
      1831.14,
      1760.7,
      1841.11,
      2062.23,
      1709.51,
      1988.94,
      1725.7,
      1814.93,
      1800.8300000000002,
      1902.26,
      1868.31,
      1640.27,
      1780.72,
      1547.22,
      1502.42,
      1562.29,
      1356.8,
      1446.51,
      1382.1599999999999,
      1391.59,
      1670.84,
      1986.53,
      1980.46,
      1678.89,
      1555.57,
      1890.49,
      1589.78,
      1507.25,
      1830.27,
      1879.4099999999999,
      1594.11,
      1830.13,
      1657.06,
      1688.47,
      1809.16,
      1525.32,
      1410.99,
      2124.95,
      1467.31,
      1855.69,
      1932.29,
      1902.58,
      1680.27,
      1636.22,
      1795.07,
      1566.79,
      1720.0900000000001,
      1559.33,
      1300.56,
      1625.61,
      1600.06,
      1487.1399999999999,
      1744.0,
      2131.38,
      1867.94,
      1801.88,
      1497.33,
      2106.77,
      2123.39,
      2347.58,
      1744.77,
      1751.2,
      2076.11,
      1635.6,
      1589.88,
      1759.19,
      1487.37,
      1428.92,
      1813.74,
      1886.82,
      1597.4,
      1464.79,
      1399.56,
      2249.01,
      1741.57,
      1867.24,
      1475.79,
      2039.76,
      2061.72,
      1462.91,
      1603.42,
      1887.2,
      2388.29,
      1867.42,
      1499.78,
      1882.23,
      1780.16,
      1854.8,
      1740.97,
      1697.45,
      1453.6,
      1735.01,
      1411.21,
      1829.59,
      1474.66,
      1564.46,
      2020.11,
      1881.58,
      1450.3799999999999,
      1683.9,
      1355.67,
      1626.35,
      1711.77,
      2127.75,
      1704.99,
      1715.79,
      1512.23,
      1454.83,
      1717.21,
      2020.45,
      1744.92,
      1594.76,
      1715.74,
      1805.28,
      1584.66,
      1989.28,
      1606.96,
      1768.88,
      1924.33,
      1589.97,
      1786.6299999999999,
      1610.23,
      2198.81,
      1606.99,
      1995.71,
      1710.97,
      1820.62,
      1815.32,
      1900.99,
      2087.62,
      2044.62,
      2251.01,
      1917.18,
      1693.96,
      1877.24,
      1368.92,
      1510.3400000000001,
      1887.84,
      1744.2,
      1210.44,
      1359.68,
      1397.61,
      1367.08,
      1081.55,
      1376.46,
      1648.99,
      1720.48,
      1404.9099999999999,
      1754.28,
      1450.06,
      1678.76,
      1566.75,
      1714.95,
      2111.91,
      1697.24,
      1645.47,
      1476.73,
      2030.7,
      1567.98,
      1691.62,
      1575.8,
      1623.4,
      1861.44,
      1583.5,
      1360.08,
      1717.26,
      2245.86,
      1821.15,
      1702.07,
      1802.5,
      1569.95,
      2038.3500000000001,
      1592.56,
      1434.41,
      1583.36,
      2107.71,
      1534.04,
      1792.7,
      1398.84,
      1845.3999999999999,
      1363.46,
      1948.07,
      1342.72,
      1650.48,
      1573.62,
      1447.75,
      1997.8400000000001,
      1979.54,
      2203.06,
      1741.89,
      1526.0,
      1923.82,
      1497.8,
      1949.6,
      1849.33,
      1580.29,
      1569.18,
      1547.9099999999999,
      1838.26,
      1631.4099999999999,
      1550.77,
      1659.28,
      1941.0,
      1992.02,
      1692.37,
      1439.18,
      1489.78,
      785.85,
      1376.61,
      1054.59,
      1526.55,
      1393.41,
      1324.21,
      1586.02,
      1479.6599999999999,
      1353.34,
      1620.58,
      1616.45,
      1412.88,
      1542.8799999999999,
      1950.52,
      1440.74,
      1904.31,
      1821.02,
      1458.96,
      1517.72,
      1389.82,
      1407.06,
      1199.66,
      1211.87,
      1299.48,
      979.99,
      1487.64,
      1370.96,
      1306.48,
      1609.02,
      1468.98,
      1519.93,
      1821.26,
      1872.37,
      1686.93,
      1450.96,
      1958.96,
      1458.91,
      1814.46,
      1812.92,
      1814.0700000000002,
      1649.95,
      1980.31,
      1370.22,
      1727.23,
      1202.68,
      1382.24,
      1174.43,
      1507.35,
      1545.4,
      1426.1,
      1540.36,
      1344.26,
      1669.72,
      1521.1599999999999,
      1163.31,
      990.91,
      821.28,
      985.05,
      1290.3400000000001,
      1290.74,
      1251.26,
      1153.76,
      1143.0,
      877.63,
      1473.88,
      1287.4,
      1460.05,
      1694.0,
      1189.42,
      1056.04,
      1177.94,
      1391.5,
      1670.03,
      1573.99,
      1302.67,
      1750.47,
      1414.78,
      2047.3700000000001,
      1451.56,
      1656.1,
      2022.95,
      1594.85,
      2028.52,
      1724.58,
      1439.59,
      1635.22,
      1599.09,
      1703.56,
      1194.72,
      1435.78,
      1669.54,
      1691.77,
      1333.31,
      1356.9099999999999,
      1741.78,
      1421.09,
      1252.37,
      1368.51,
      2242.94,
      1651.3,
      1832.14,
      1723.48,
      1857.05,
      1585.5,
      1519.73,
      1354.93,
      1563.11,
      1302.93,
      2108.37,
      1785.21,
      1287.87,
      1955.46,
      1303.88,
      1551.38,
      1670.8,
      1943.03,
      1850.4099999999999,
      1273.26,
      1400.19,
      1654.79,
      1130.82,
      1916.4099999999999,
      1767.5700000000002,
      1705.04,
      1553.7,
      1408.05,
      1318.74,
      1567.8700000000001,
      1421.41,
      1754.3300000000002,
      1511.81,
      1986.3600000000001,
      2168.61,
      1718.8899999999999
    ],
    "stopping_reason": "max_candidates",
    "operations": {
      "candidate_generation": 404,
      "feasibility_check": 400,
      "weight_evaluation": 400
    }
  }
}