{
  "graph": "graph_n16_d12.5_adj_matrix",
  "algorithm": "random",
  "result": {
    "graph_name": "graph_n16_d12.5_adj_matrix",
    "algorithm": "random",
    "best_weight": 1499.47,
    "best_matching": [
      0,
      6,
      7,
      11,
      14
    ],
    "runtime": 2.000015749999875,
    "candidates": 51,
    "improvements": 6,
    "duplicates": 237819,
    "infeasible": 0,
    "size_history": {
      "4": 31,
      "3": 6,
      "5": 14
    },
    "weight_history": [
      1185.23,
      1347.8,
      849.85,
      636.71,
      1102.66,
      1373.51,
      1030.0,
      1046.19,
      1115.16,
      1226.3400000000001,
      1381.0,
      1112.85,
      1203.16,
      1061.22,
      957.0400000000001,
      961.8000000000001,
      721.87,
      1180.64,
      1152.03,
      1122.9,
      931.25,
      755.3199999999999,
      833.0500000000001,
      1162.22,
      924.82,
      1321.63,
      1025.92,
      1224.03,
      729.61,
      1373.26,
      1195.42,
      1077.06,
      907.45,
      1484.44,
      935.01,
      1241.3700000000001,
      1340.06,
      1499.47,
      1288.43,
      1110.26,
      1169.96,
      1466.27,
      1042.43,
      1273.4,
      1306.6000000000001,
      1451.24,
      1010.89,
      711.6800000000001,
      848.08,
      1239.06,
      899.71
    ],
    "stopping_reason": "time_limit",
    "operations": {
      "candidate_generation": 237870,
      "feasibility_check": 51,
      "weight_evaluation": 51
    }
  }
}