{
  "graph": "graph_n6_d75_adj_matrix",
  "algorithm": "random",
  "result": {
    "graph_name": "graph_n6_d75_adj_matrix",
    "algorithm": "random",
    "best_weight": 1179.1399999999999,
    "best_matching": [
      0,
      3,
      10
    ],
    "runtime": 2.0000317510002787,
    "candidates": 32,
    "improvements": 2,
    "duplicates": 314360,
    "infeasible": 0,
    "size_history": {
      "3": 4,
      "2": 17,
      "1": 11
    },
    "weight_history": [
      959.02,
      723.95,
      394.91999999999996,
      561.48,
      715.97,
      421.78,
      493.81,
      722.3299999999999,
      671.8199999999999,
      1179.1399999999999,
      417.56,
      770.87,
      623.02,
      409.89,
      158.23,
      550.75,
      360.5,
      493.69,
      536.34,
      786.38,
      337.86,
      801.03,
      236.69,
      378.11,
      180.87,
      247.42,
      392.76,
      263.55,
      230.26,
      408.27,
      314.06,
      179.63
    ],
    "stopping_reason": "time_limit",
    "operations": {
      "candidate_generation": 314392,
      "feasibility_check": 32,
      "weight_evaluation": 32
    }
  }
}