{
  "graph": "graph_n18_d75_adj_matrix",
  "algorithm": "greedy",
  "result": {
    "graph_name": "graph_n18_d75_adj_matrix",
    "algorithm": "greedy",
    "best_weight": 3242.64,
    "best_matching": [
      18,
      33,
      42,
      59,
      68,
      71,
      87,
      110
    ],
    "runtime": 2.000047393999921,
    "candidates": 242,
    "improvements": 3,
    "duplicates": 67961,
    "infeasible": 0,
    "size_history": {
      "8": 10,
      "7": 15,
      "6": 31,
      "5": 53,
      "4": 56,
      "3": 43,
      "2": 22,
      "1": 12
    },
    "weight_history": [
      3210.24,
      3107.86,
      3211.05,
      3186.36,
      3139.87,
      3178.28,
      3137.01,
      2881.9,
      3242.64,
      3075.1,
      3136.56,
      3060.38,
      2956.75,
      3036.11,
      3006.2200000000003,
      2896.97,
      3089.05,
      2925.87,
      2965.74,
      3044.25,
      2992.43,
      2945.12,
      2648.62,
      2722.98,
      2716.05,
      2612.21,
      2722.17,
      2683.01,
      3007.44,
      2775.11,
      2682.65,
      2671.48,
      2688.69,
      2387.4900000000002,
      2345.88,
      2277.2200000000003,
      2295.91,
      2320.34,
      2296.59,
      2368.71,
      2264.31,
      2369.52,
      2275.35,
      2325.59,
      1908.29,
      1923.5900000000001,
      1909.89,
      1876.69,
      1922.78,
      1422.9299999999998,
      1932.72,
      1938.33,
      1845.55,
      1919.55,
      1941.56,
      1458.6799999999998,
      1473.62,
      1483.56,
      1463.96,
      1399.03,
      1486.79,
      1430.92,
      1435.85,
      1460.52,
      1427.33,
      1474.43,
      1889.6,
      1867.04,
      1872.54,
      1908.52,
      1909.68,
      1889.74,
      1920.3600000000001,
      1865.17,
      1863.32,
      1890.55,
      1899.95,
      2699.1,
      2318.02,
      2295.78,
      2228.24,
      2316.76,
      2276.61,
      2318.4700000000003,
      1816.9099999999999,
      2225.34,
      2249.4,
      2218.63,
      2650.94,
      2634.28,
      2672.46,
      3008.25,
      2679.05,
      2676.74,
      2682.78,
      2647.6,
      2682.33,
      2659.25,
      2624.57,
      2283.49,
      2295.46,
      2245.54,
      2344.37,
      2245.09,
      2270.2200000000003,
      1864.95,
      2294.71,
      2302.15,
      2328.4300000000003,
      2302.76,
      1869.31,
      1852.6599999999999,
      1846.0,
      1874.41,
      1907.84,
      1891.92,
      1821.9299999999998,
      1885.01,
      1840.87,
      1453.75,
      1873.66,
      2295.16,
      2252.04,
      2252.34,
      2308.73,
      2326.4,
      2180.58,
      2310.46,
      2239.62,
      2237.87,
      2225.76,
      2261.75,
      2702.1800000000003,
      2968.05,
      2687.02,
      2675.15,
      2663.11,
      2665.33,
      2638.9700000000003,
      2675.46,
      2762.69,
      2698.29,
      2606.44,
      2329.1800000000003,
      2301.82,
      2225.79,
      2313.53,
      1834.33,
      2314.56,
      2295.39,
      2261.3,
      2268.88,
      2292.25,
      2272.6800000000003,
      2243.7,
      1856.26,
      1866.56,
      1802.73,
      1864.13,
      1879.66,
      1860.49,
      1430.31,
      1823.07,
      1831.3,
      1866.68,
      1427.08,
      1459.13,
      1492.4,
      981.53,
      1443.67,
      1389.51,
      1404.5,
      1358.54,
      1460.73,
      1463.75,
      1820.08,
      978.17,
      986.1500000000001,
      1014.59,
      1014.8,
      1037.63,
      996.8299999999999,
      1422.14,
      981.15,
      955.4100000000001,
      955.3399999999999,
      949.9300000000001,
      1430.76,
      1417.8799999999999,
      1862.8,
      1427.53,
      1423.38,
      1385.92,
      1450.79,
      1407.48,
      1432.94,
      1432.08,
      1391.71,
      1880.77,
      1839.5,
      1864.72,
      1880.47,
      1851.79,
      2253.55,
      1846.03,
      1835.08,
      1868.86,
      1898.44,
      1824.29,
      1430.69,
      981.6,
      1442.76,
      1404.25,
      1407.2,
      1404.29,
      1398.34,
      1412.95,
      1859.79,
      1414.1599999999999,
      1417.52,
      958.3199999999999,
      946.5699999999999,
      953.1600000000001,
      955.13,
      536.99,
      958.04,
      945.78,
      937.44,
      940.3499999999999,
      920.81,
      982.9200000000001,
      504.0,
      477.6,
      500.64,
      449.16,
      480.51,
      477.53,
      477.81,
      459.84,
      435.99,
      445.93,
      441.78
    ],
    "stopping_reason": "time_limit",
    "operations": {
      "candidate_generation": 68203,
      "feasibility_check": 242,
      "weight_evaluation": 242
    }
  }
}