{
  "graph": "graph_n20_d75_adj_matrix",
  "algorithm": "local",
  "result": {
    "graph_name": "graph_n20_d75_adj_matrix",
    "algorithm": "local",
    "best_weight": 3491.71,
    "best_matching": [
      2,
      22,
      33,
      53,
      57,
      76,
      90,
      114,
      116,
      140
    ],
    "runtime": 2.001091373998861,
    "candidates": 332,
    "improvements": 6,
    "duplicates": 223,
    "infeasible": 0,
    "size_history": {
      "10": 175,
      "9": 110,
      "8": 33,
      "7": 13,
      "6": 1
    },
    "weight_history": [
      3437.79,
      3427.16,
      3181.6,
      3383.73,
      3385.61,
      3411.38,
      3209.89,
      3410.13,
      3253.97,
      3285.49,
      3401.68,
      3280.93,
      3380.66,
      3389.19,
      3319.35,
      3329.99,
      3412.11,
      3321.15,
      3326.86,
      3373.75,
      3361.66,
      3350.57,
      3447.97,
      3469.35,
      3277.9,
      3389.5,
      3357.39,
      3263.02,
      3255.83,
      3441.7599999999998,
      3446.63,
      3473.9,
      3231.98,
      3210.92,
      3243.72,
      3182.47,
      3278.98,
      3253.71,
      3256.14,
      3199.54,
      3219.64,
      3275.02,
      3207.98,
      3278.62,
      3376.77,
      3240.05,
      3295.69,
      3422.1,
      3410.0299999999997,
      3191.47,
      3412.88,
      3227.48,
      3427.44,
      3231.2999999999997,
      3261.98,
      3157.5,
      3300.79,
      3403.5,
      3234.71,
      3404.28,
      3383.95,
      3365.18,
      3404.55,
      3413.8,
      3258.88,
      3255.45,
      3313.17,
      3384.01,
      3315.61,
      3451.43,
      3369.41,
      3395.71,
      3191.59,
      3275.44,
      3206.7,
      3465.06,
      3460.27,
      3332.23,
      3318.02,
      3346.98,
      3219.23,
      3407.7799999999997,
      3245.58,
      3314.41,
      3387.12,
      3431.41,
      3172.59,
      3273.59,
      3442.49,
      3206.5,
      3350.9,
      3214.5,
      3330.3,
      3245.78,
      3267.21,
      3192.78,
      3323.92,
      3343.24,
      3260.56,
      3250.21,
      3225.82,
      3193.09,
      3232.8,
      3264.98,
      3265.26,
      3261.27,
      3210.65,
      3161.8,
      3141.75,
      3260.11,
      3440.25,
      3294.86,
      3371.55,
      3262.37,
      3209.34,
      3286.2799999999997,
      3321.46,
      3418.6,
      3335.56,
      3214.06,
      3410.44,
      3401.29,
      3392.57,
      3447.06,
      3195.25,
      3272.09,
      3356.12,
      3371.0299999999997,
      3482.87,
      3405.03,
      3409.99,
      3261.6,
      3403.79,
      3303.52,
      3418.87,
      3266.56,
      3435.74,
      3286.74,
      3397.83,
      3462.86,
      3281.82,
      3373.75,
      3390.41,
      3433.65,
      3352.8199999999997,
      3270.5499999999997,
      3239.73,
      3304.47,
      3393.43,
      3213.19,
      3321.28,
      3274.33,
      3187.62,
      3231.81,
      3304.3,
      3424.31,
      3200.25,
      3372.79,
      3321.2599999999998,
      3330.07,
      3456.81,
      3297.84,
      3478.19,
      3236.46,
      3326.94,
      3395.2599999999998,
      3310.29,
      3341.87,
      3438.22,
      3192.22,
      3423.77,
      3364.67,
      3343.26,
      3368.6,
      3408.21,
      3471.7,
      3164.2,
      3420.95,
      3346.1,
      3297.89,
      3359.74,
      3226.66,
      3399.25,
      3228.07,
      3349.01,
      3356.46,
      3452.5299999999997,
      3478.27,
      3139.64,
      3364.75,
      3436.55,
      3180.91,
      3213.27,
      3439.19,
      3278.6,
      3335.5299999999997,
      3200.74,
      3288.38,
      3310.06,
      3436.0,
      3491.71,
      3461.5099999999998,
      3256.94,
      3468.62,
      3374.74,
      3335.7799999999997,
      3338.91,
      3336.74,
      3430.2599999999998,
      3261.65,
      3386.04,
      3173.67,
      3218.0299999999997,
      3272.67,
      3280.68,
      3199.7799999999997,
      3155.99,
      3252.35,
      3241.93,
      3260.84,
      3024.9,
      3036.83,
      2951.3,
      2999.11,
      2817.98,
      3026.73,
      3052.86,
      3078.91,
      3087.75,
      2954.12,
      3017.89,
      3434.61,
      3292.01,
      3203.43,
      3207.98,
      3227.05,
      3175.74,
      3224.06,
      3021.78,
      3155.2799999999997,
      3239.4,
      3207.85,
      3280.07,
      3398.78,
      3210.88,
      3310.11,
      3410.56,
      3271.21,
      3345.88,
      3269.05,
      3281.09,
      3264.64,
      3123.61,
      3310.19,
      3285.62,
      3234.97,
      3189.86,
      3140.69,
      3218.48,
      3269.4,
      3199.01,
      3251.92,
      3241.64,
      3278.65,
      3286.85,
      3332.8,
      3245.79,
      3338.13,
      3305.46,
      3280.16,
      3378.41,
      3236.36,
      3357.85,
      3154.85,
      3284.87,
      3183.53,
      3224.45,
      3239.39,
      3239.77,
      3263.33,
      3001.62,
      3319.0299999999997,
      3251.68,
      3243.9,
      3228.08,
      3232.76,
      3051.15,
      3241.37,
      3050.88,
      3042.41,
      3059.9,
      3000.41,
      3010.66,
      3032.73,
      2691.94,
      2988.1,
      3000.38,
      3305.8199999999997,
      3171.19,
      3137.18,
      3256.42,
      2979.57,
      3226.13,
      3232.9,
      3301.81,
      3242.9700000000003,
      3150.15,
      3201.77,
      3122.65,
      2990.13,
      2979.6,
      3059.7200000000003,
      3089.09,
      3051.25,
      3074.77,
      2787.97,
      3048.99,
      3030.25,
      3012.83,
      2783.95,
      2771.08,
      2792.44,
      2441.84,
      2826.8199999999997,
      2789.72,
      2783.6,
      2770.82,
      2756.37,
      2768.55,
      2729.59,
      3005.96,
      3006.3
    ],
    "stopping_reason": "time_limit",
    "operations": {
      "candidate_generation": 555,
      "feasibility_check": 332,
      "weight_evaluation": 332
    }
  }
}