{
  "graph": "graph_n16_d75_adj_matrix",
  "algorithm": "local",
  "result": {
    "graph_name": "graph_n16_d75_adj_matrix",
    "algorithm": "local",
    "best_weight": 3155.03,
    "best_matching": [
      5,
      20,
      33,
      35,
      42,
      65,
      84,
      86
    ],
    "runtime": 2.0019061679995502,
    "candidates": 117,
    "improvements": 2,
    "duplicates": 638,
    "infeasible": 0,
    "size_history": {
      "8": 8,
      "7": 16,
      "6": 38,
      "5": 40,
      "4": 14,
      "3": 1
    },
    "weight_history": [
      3140.5,
      3016.2,
      3127.4900000000002,
      3081.29,
      3073.89,
      3046.18,
      2960.23,
      2980.15,
      3155.03,
      2996.98,
      3128.21,
      3039.36,
      3026.35,
      2831.23,
      2715.9,
      2974.05,
      2936.56,
      2975.76,
      2999.39,
      2950.38,
      2984.3,
      3037.7000000000003,
      2730.9300000000003,
      2786.9,
      2781.21,
      2813.83,
      2770.42,
      2722.0,
      2356.4700000000003,
      2757.41,
      2776.9700000000003,
      2717.61,
      2721.38,
      2492.7000000000003,
      2481.91,
      2433.4900000000002,
      2398.55,
      2442.22,
      2375.39,
      2389.9,
      2479.69,
      2386.25,
      2061.85,
      2468.9,
      2070.4,
      2072.6400000000003,
      2054.86,
      2000.4,
      2019.92,
      1650.3400000000001,
      2035.3400000000001,
      2057.39,
      2030.71,
      2006.22,
      2044.07,
      2399.54,
      2048.84,
      2372.9300000000003,
      2406.53,
      2393.77,
      2358.91,
      2352.42,
      2351.2200000000003,
      2768.2,
      2390.88,
      2306.12,
      2678.41,
      2750.85,
      2685.51,
      2605.58,
      3008.18,
      2737.4900000000002,
      2754.82,
      2719.67,
      2738.58,
      2763.96,
      2737.84,
      2035.46,
      2417.32,
      2444.75,
      2428.52,
      2403.31,
      2415.51,
      2457.76,
      2457.71,
      2368.19,
      2366.73,
      2408.08,
      2669.29,
      2739.2,
      2679.2799999999997,
      2986.38,
      2754.62,
      2659.81,
      2630.09,
      2717.76,
      2770.11,
      2713.9900000000002,
      2972.14,
      2421.09,
      2393.9,
      2361.88,
      2388.75,
      2423.0,
      2414.04,
      2046.2,
      2338.4,
      2419.62,
      2324.61,
      2379.16,
      2682.61,
      2711.03,
      2733.1,
      2676.9300000000003,
      2773.2000000000003,
      2709.61,
      2800.82
    ],
    "stopping_reason": "time_limit",
    "operations": {
      "candidate_generation": 755,
      "feasibility_check": 117,
      "weight_evaluation": 117
    }
  }
}