{
  "graph": "graph_n17_d75_adj_matrix",
  "algorithm": "random",
  "result": {
    "graph_name": "graph_n17_d75_adj_matrix",
    "algorithm": "random",
    "best_weight": 2537.5,
    "best_matching": [
      2,
      16,
      40,
      46,
      54,
      67,
      85,
      93
    ],
    "runtime": 0.010374652998507372,
    "candidates": 400,
    "improvements": 2,
    "duplicates": 2,
    "infeasible": 0,
    "size_history": {
      "8": 181,
      "7": 28,
      "6": 33,
      "5": 33,
      "4": 34,
      "3": 43,
      "2": 34,
      "1": 14
    },
    "weight_history": [
      2531.06,
      1486.35,
      1661.01,
      2103.04,
      2217.3,
      2288.62,
      1793.08,
      1879.6,
      2267.0099999999998,
      2037.41,
      2262.87,
      1980.85,
      1955.3700000000001,
      2053.02,
      1994.99,
      1547.68,
      1798.03,
      2038.31,
      2028.75,
      2096.06,
      2087.06,
      1439.57,
      1874.6999999999998,
      1764.74,
      2066.5099999999998,
      1339.01,
      1865.54,
      1667.28,
      1309.62,
      2312.7799999999997,
      1827.78,
      1930.4299999999998,
      1807.17,
      2090.82,
      1801.97,
      2146.09,
      1569.81,
      2132.42,
      2179.7200000000003,
      1835.03,
      1755.9,
      1769.52,
      1977.76,
      2111.13,
      2088.14,
      2203.58,
      1666.52,
      2166.7,
      2010.86,
      1701.99,
      1998.78,
      1647.9199999999998,
      2067.18,
      2132.0299999999997,
      2035.65,
      1773.31,
      1962.6799999999998,
      2047.07,
      1730.9199999999998,
      2070.71,
      1695.52,
      2168.09,
      1939.73,
      1513.52,
      2024.95,
      1909.1,
      1864.21,
      2146.34,
      2033.61,
      1915.44,
      1765.97,
      1761.21,
      2100.54,
      1520.31,
      1697.73,
      1273.17,
      1886.06,
      1808.48,
      2123.88,
      1711.65,
      2078.66,
      1938.51,
      1745.6,
      1705.15,
      2049.79,
      1940.31,
      2033.67,
      1446.09,
      1815.9099999999999,
      1347.8899999999999,
      1735.0,
      2186.85,
      2109.8,
      1685.04,
      2052.44,
      2005.29,
      2352.82,
      1992.41,
      2095.64,
      1867.8899999999999,
      1950.66,
      1859.31,
      1319.38,
      2050.55,
      2199.98,
      1974.65,
      2044.05,
      2097.5099999999998,
      1747.28,
      1597.59,
      2060.4,
      2262.17,
      2063.55,
      1951.1399999999999,
      1546.2,
      1726.41,
      2486.35,
      1901.77,
      1590.22,
      1787.24,
      2389.4,
      1802.02,
      1974.6399999999999,
      1534.69,
      2246.58,
      2008.37,
      2100.69,
      2131.71,
      1913.1,
      1820.88,
      1764.54,
      1864.55,
      2011.9299999999998,
      2160.1,
      1797.34,
      1612.48,
      1876.68,
      1731.36,
      2095.21,
      2058.2599999999998,
      1632.19,
      2032.82,
      1782.86,
      2104.95,
      2475.11,
      1707.37,
      2182.08,
      2163.3,
      2022.68,
      2190.27,
      2007.16,
      2237.16,
      2274.06,
      2537.5,
      2056.79,
      2291.23,
      1885.1100000000001,
      2153.28,
      2167.22,
      2078.77,
      1888.31,
      2070.07,
      2352.5,
      1904.35,
      2180.7,
      2167.72,
      2373.01,
      1687.8,
      1919.31,
      1644.1299999999999,
      2208.07,
      2170.28,
      1754.08,
      1775.93,
      1986.51,
      1422.3899999999999,
      1934.92,
      2480.24,
      2468.98,
      1816.82,
      1531.19,
      2208.9,
      1800.8899999999999,
      1994.55,
      1547.75,
      2336.4700000000003,
      1692.68,
      1402.21,
      1417.01,
      1528.19,
      1607.76,
      2302.04,
      1586.76,
      2091.12,
      1689.53,
      1676.6599999999999,
      1189.65,
      1715.01,
      1269.43,
      1637.76,
      1205.44,
      1378.84,
      1047.98,
      1546.6399999999999,
      997.0999999999999,
      1701.6999999999998,
      1325.0,
      1479.09,
      1673.75,
      1218.98,
      772.79,
      834.31,
      1257.27,
      948.2,
      884.54,
      827.62,
      1183.5,
      977.95,
      1783.9199999999998,
      1434.38,
      1073.2,
      935.8499999999999,
      1306.7,
      1098.92,
      538.38,
      780.99,
      778.8000000000001,
      896.05,
      1094.51,
      1248.6299999999999,
      703.08,
      554.0,
      1003.74,
      1003.56,
      534.85,
      450.76,
      599.0699999999999,
      931.8,
      967.88,
      800.93,
      783.07,
      778.91,
      217.31,
      385.01,
      655.24,
      350.04,
      613.16,
      645.96,
      716.48,
      483.19,
      541.1700000000001,
      252.77,
      613.47,
      953.51,
      380.24,
      500.72,
      763.0799999999999,
      598.19,
      760.5699999999999,
      900.24,
      980.1,
      381.16,
      753.99,
      567.05,
      940.16,
      1125.52,
      763.08,
      993.58,
      961.85,
      1055.78,
      896.4000000000001,
      1283.98,
      943.19,
      711.41,
      798.63,
      1304.09,
      1721.74,
      748.0799999999999,
      1396.08,
      904.03,
      1403.09,
      783.87,
      894.7099999999999,
      1201.87,
      662.38,
      927.0699999999999,
      1262.92,
      1082.66,
      1404.11,
      1399.68,
      1511.75,
      1128.43,
      1353.36,
      1227.25,
      2104.34,
      1765.4,
      1108.51,
      1645.4299999999998,
      1666.77,
      2285.4,
      1524.97,
      1224.88,
      1537.75,
      1641.61,
      1331.82,
      1625.5,
      1572.09,
      1587.24,
      1163.02,
      1402.58,
      1498.86,
      1187.78,
      1769.74,
      1717.42,
      1600.6699999999998,
      1498.27,
      1576.54,
      1990.62,
      1488.17,
      1094.9,
      1313.49,
      1478.69,
      1307.28,
      1458.41,
      868.3,
      1364.98,
      1494.01,
      1322.02,
      1241.65,
      1338.99,
      653.03,
      934.8,
      808.65,
      809.04,
      967.48,
      966.71,
      1240.4,
      886.0,
      816.6899999999999,
      1127.6,
      1198.67,
      753.09,
      588.9300000000001,
      860.14,
      882.2,
      790.18,
      817.99,
      642.9499999999999,
      468.65,
      907.02,
      618.75,
      712.1999999999999,
      481.78999999999996,
      540.01,
      319.02,
      461.7,
      435.85,
      158.9,
      433.07,
      110.49000000000001,
      703.74,
      491.3,
      399.28,
      751.3399999999999,
      655.17,
      911.62,
      764.18,
      495.88,
      530.46,
      852.76,
      800.91,
      648.98,
      681.23,
      478.27,
      596.17,
      460.1,
      475.84999999999997,
      397.38,
      1067.87,
      502.01,
      186.07,
      268.68,
      665.3,
      321.07,
      716.3199999999999,
      76.97,
      127.77,
      405.71,
      115.41,
      269.53,
      250.53,
      372.19,
      160.12,
      413.0,
      238.6,
      203.73,
      741.3,
      625.03,
      569.78,
      235.59
    ],
    "stopping_reason": "max_candidates",
    "operations": {
      "candidate_generation": 402,
      "feasibility_check": 400,
      "weight_evaluation": 400
    }
  }
}