{
  "graph": "graph_n10_d75_adj_matrix",
  "algorithm": "random",
  "result": {
    "graph_name": "graph_n10_d75_adj_matrix",
    "algorithm": "random",
    "best_weight": 1796.44,
    "best_matching": [
      0,
      14,
      16,
      22,
      29
    ],
    "runtime": 0.009558408999509993,
    "candidates": 400,
    "improvements": 5,
    "duplicates": 337,
    "infeasible": 0,
    "size_history": {
      "5": 114,
      "4": 266,
      "3": 19,
      "2": 1
    },
    "weight_history": [
      1396.15,
      1095.82,
      1501.0800000000002,
      1421.58,
      1086.21,
      927.81,
      1249.33,
      943.35,
      1099.08,
      1439.06,
      1775.43,
      1424.5700000000002,
      963.24,
      1336.19,
      1126.76,
      1719.5300000000002,
      1193.56,
      1179.55,
      1468.85,
      1311.4,
      1085.6499999999999,
      1438.92,
      598.85,
      1357.89,
      1229.02,
      1637.1,
      959.86,
      1416.81,
      1001.4000000000001,
      1278.6,
      1294.18,
      867.43,
      1292.55,
      1223.25,
      817.6899999999999,
      1339.78,
      935.77,
      915.54,
      1425.21,
      880.04,
      1355.96,
      1240.68,
      847.4100000000001,
      1381.72,
      787.91,
      1164.17,
      1501.68,
      1161.3899999999999,
      1374.85,
      736.08,
      1073.72,
      708.59,
      1210.47,
      861.46,
      1416.67,
      694.37,
      1505.3899999999999,
      1309.87,
      883.8000000000001,
      1018.22,
      1237.26,
      821.52,
      1136.44,
      1159.32,
      1764.48,
      1323.79,
      1086.17,
      1011.6700000000001,
      795.3,
      881.08,
      1132.39,
      1020.25,
      1082.2,
      1504.23,
      684.1,
      1248.9,
      935.61,
      1149.12,
      1045.64,
      816.82,
      856.45,
      1529.51,
      1112.72,
      901.73,
      873.39,
      939.58,
      1459.46,
      1104.51,
      1691.87,
      781.15,
      1150.01,
      857.01,
      858.05,
      1147.76,
      879.19,
      1495.0900000000001,
      1212.1,
      1096.7,
      1160.02,
      1106.2,
      1461.75,
      1187.89,
      1173.46,
      1417.82,
      1121.49,
      1381.48,
      1439.5,
      1358.25,
      1013.6,
      1394.52,
      1283.05,
      1071.25,
      797.46,
      1039.52,
      791.68,
      1191.8,
      1370.01,
      588.81,
      1172.07,
      941.64,
      1184.94,
      1026.47,
      1111.82,
      1733.79,
      1350.45,
      1437.79,
      1232.6299999999999,
      1471.05,
      1314.32,
      1260.07,
      1222.72,
      669.84,
      1095.6,
      1144.85,
      904.02,
      1059.8600000000001,
      1776.56,
      1043.35,
      1442.16,
      1416.2,
      716.33,
      929.66,
      1384.1,
      907.91,
      734.13,
      1061.41,
      1437.93,
      952.48,
      717.66,
      909.56,
      1396.06,
      962.57,
      796.87,
      742.94,
      987.9,
      1216.3,
      772.99,
      1368.9,
      1099.01,
      1392.44,
      1650.23,
      1730.08,
      1043.98,
      1191.6,
      1379.66,
      799.11,
      860.34,
      1144.3,
      1133.81,
      1411.97,
      938.24,
      1049.97,
      969.4300000000001,
      1205.12,
      616.37,
      1016.44,
      1103.65,
      737.6099999999999,
      371.68,
      911.96,
      1129.4,
      533.8100000000001,
      390.69,
      540.85,
      732.17,
      712.66,
      1073.06,
      889.15,
      1058.51,
      721.21,
      1077.94,
      637.04,
      993.8,
      1001.5400000000001,
      1118.12,
      1159.77,
      1168.89,
      891.23,
      1346.74,
      1079.81,
      635.87,
      877.13,
      1392.58,
      1499.3899999999999,
      1334.45,
      1333.08,
      924.85,
      1367.47,
      678.97,
      1537.6200000000001,
      715.88,
      1029.83,
      1205.0,
      1749.47,
      1272.3,
      1016.69,
      1173.6,
      898.04,
      858.74,
      1043.08,
      1079.42,
      1103.94,
      1339.5,
      1040.48,
      1339.04,
      1172.88,
      1754.31,
      997.59,
      1144.46,
      1043.84,
      1648.8,
      1405.62,
      1146.34,
      666.3,
      1387.02,
      1026.34,
      963.05,
      1001.55,
      1353.6,
      756.15,
      931.62,
      1224.99,
      763.86,
      1096.8200000000002,
      1252.6200000000001,
      1034.48,
      771.8100000000001,
      780.49,
      706.54,
      930.03,
      484.84,
      809.9,
      1139.35,
      1192.51,
      788.4100000000001,
      617.3499999999999,
      212.07,
      1166.33,
      1218.47,
      869.03,
      1109.61,
      409.88,
      694.89,
      1215.95,
      361.65,
      1432.08,
      839.8199999999999,
      983.56,
      1107.37,
      793.49,
      887.88,
      812.98,
      844.72,
      742.1,
      1045.3799999999999,
      951.6500000000001,
      1032.8,
      1058.64,
      1253.61,
      1040.24,
      1155.29,
      591.12,
      1063.57,
      1297.06,
      1121.68,
      578.86,
      1035.66,
      776.3399999999999,
      708.45,
      1314.05,
      855.36,
      1566.05,
      1158.71,
      853.6,
      1659.35,
      1177.89,
      1402.96,
      1441.0,
      602.02,
      1267.5300000000002,
      677.22,
      717.56,
      1390.38,
      902.61,
      838.1600000000001,
      1722.84,
      1027.6399999999999,
      966.76,
      914.46,
      1454.33,
      845.24,
      1209.4,
      983.09,
      836.51,
      1070.01,
      937.7900000000001,
      853.8,
      703.4399999999999,
      1067.44,
      899.28,
      765.82,
      1169.41,
      956.6899999999999,
      1102.72,
      1156.42,
      706.94,
      742.49,
      1465.1399999999999,
      1039.12,
      1259.75,
      1111.59,
      1139.29,
      954.03,
      524.51,
      1679.23,
      1220.02,
      1425.29,
      631.46,
      902.42,
      1405.15,
      902.3,
      1192.9,
      504.83000000000004,
      908.0699999999999,
      589.8,
      1128.1000000000001,
      589.66,
      985.6099999999999,
      1079.91,
      775.0,
      778.12,
      1194.19,
      1796.44,
      738.29,
      1394.46,
      766.27,
      1006.54,
      1060.04,
      827.4000000000001,
      859.89,
      905.66,
      1139.36,
      1235.3,
      1127.99,
      1020.3900000000001,
      830.7099999999999,
      1077.77,
      1205.63,
      843.87,
      1175.8899999999999,
      1036.53,
      1140.73,
      1089.4,
      982.91,
      1087.51,
      1252.75,
      825.26,
      1070.94,
      1791.6,
      453.58,
      811.24,
      325.93,
      1048.21,
      628.5600000000001,
      1336.0,
      731.06,
      1000.9100000000001,
      1382.1399999999999,
      876.68,
      1324.48,
      1250.88,
      987.43,
      1088.8,
      1262.38,
      796.88,
      1302.66,
      1021.35,
      914.9100000000001,
      693.21,
      896.0
    ],
    "stopping_reason": "max_candidates",
    "operations": {
      "candidate_generation": 737,
      "feasibility_check": 400,
      "weight_evaluation": 400
    }
  }
}