{
  "graph": "graph_n15_d50_adj_matrix",
  "algorithm": "local",
  "result": {
    "graph_name": "graph_n15_d50_adj_matrix",
    "algorithm": "local",
    "best_weight": 2986.23,
    "best_matching": [
      8,
      12,
      22,
      29,
      39,
      41,
      51
    ],
    "runtime": 2.001048725000146,
    "candidates": 164,
    "improvements": 5,
    "duplicates": 576,
    "infeasible": 0,
    "size_history": {
      "7": 159,
      "6": 5
    },
    "weight_history": [
      2813.34,
      2871.16,
      2818.98,
      2868.84,
      2879.3,
      2851.78,
      2703.06,
      2704.98,
      2800.63,
      2936.45,
      2770.44,
      2730.9,
      2833.63,
      2657.09,
      2933.65,
      2884.85,
      2853.55,
      2876.58,
      2868.44,
      2766.82,
      2857.05,
      2870.16,
      2891.87,
      2823.4700000000003,
      2805.63,
      2887.65,
      2856.27,
      2851.09,
      2717.58,
      2846.5,
      2836.37,
      2882.1,
      2804.12,
      2801.94,
      2882.13,
      2748.35,
      2986.23,
      2806.2400000000002,
      2654.7,
      2769.63,
      2832.0699999999997,
      2897.42,
      2650.0,
      2698.69,
      2841.4300000000003,
      2843.7,
      2772.17,
      2803.52,
      2792.78,
      2859.07,
      2856.66,
      2824.34,
      2673.79,
      2824.58,
      2686.25,
      2849.06,
      2778.61,
      2708.14,
      2814.64,
      2706.01,
      2735.71,
      2683.49,
      2810.62,
      2777.7400000000002,
      2608.2400000000002,
      2836.43,
      2829.89,
      2830.64,
      2745.54,
      2815.87,
      2788.24,
      2837.67,
      2800.77,
      2770.14,
      2831.15,
      2719.37,
      2787.92,
      2819.41,
      2736.57,
      2742.75,
      2798.24,
      2699.8,
      2713.17,
      2770.29,
      2697.18,
      2864.35,
      2827.15,
      2753.26,
      2742.87,
      2821.54,
      2826.55,
      2698.08,
      2723.86,
      2864.46,
      2802.0699999999997,
      2828.72,
      2757.87,
      2772.79,
      2818.81,
      2779.91,
      2842.44,
      2673.38,
      2802.62,
      2715.09,
      2705.87,
      2798.86,
      2811.44,
      2679.25,
      2846.6,
      2764.89,
      2841.84,
      2815.76,
      2801.06,
      2811.2,
      2793.47,
      2784.92,
      2633.93,
      2833.65,
      2766.06,
      2829.27,
      2792.84,
      2859.46,
      2801.47,
      2779.06,
      2667.56,
      2736.43,
      2737.66,
      2775.8,
      2709.76,
      2696.81,
      2805.62,
      2749.76,
      2696.37,
      2708.83,
      2746.05,
      2827.09,
      2854.58,
      2743.14,
      2702.17,
      2820.67,
      2724.38,
      2519.09,
      2752.37,
      2818.11,
      2790.7799999999997,
      2757.73,
      2701.74,
      2625.67,
      2774.88,
      2788.29,
      2816.18,
      2771.13,
      2799.82,
      2654.0,
      2700.34,
      2677.59,
      2681.45,
      2708.57,
      2792.73,
      2764.45,
      2613.36,
      2771.35,
      2760.51,
      2800.88
    ],
    "stopping_reason": "time_limit",
    "operations": {
      "candidate_generation": 740,
      "feasibility_check": 164,
      "weight_evaluation": 164
    }
  }
}