{
  "graph": "graph_n13_d50_adj_matrix",
  "algorithm": "local",
  "result": {
    "graph_name": "graph_n13_d50_adj_matrix",
    "algorithm": "local",
    "best_weight": 2128.93,
    "best_matching": [
      5,
      12,
      14,
      20,
      29,
      37
    ],
    "runtime": 2.0020680090001406,
    "candidates": 26,
    "improvements": 3,
    "duplicates": 880,
    "infeasible": 0,
    "size_history": {
      "6": 9,
      "5": 11,
      "4": 6
    },
    "weight_history": [
      2073.47,
      2109.81,
      2128.93,
      1898.94,
      2057.62,
      2072.37,
      1973.48,
      1910.74,
      2022.3700000000001,
      1969.99,
      1919.66,
      1918.06,
      1884.44,
      1892.75,
      1680.75,
      1873.38,
      1883.31,
      1891.62,
      1857.75,
      1870.91,
      1902.43,
      1681.88,
      1699.87,
      1655.19,
      1643.31,
      1636.1
    ],
    "stopping_reason": "time_limit",
    "operations": {
      "candidate_generation": 906,
      "feasibility_check": 26,
      "weight_evaluation": 26
    }
  }
}