{
  "graph": "graph_n16_d50_adj_matrix",
  "algorithm": "random",
  "result": {
    "graph_name": "graph_n16_d50_adj_matrix",
    "algorithm": "random",
    "best_weight": 2728.15,
    "best_matching": [
      7,
      14,
      18,
      25,
      27,
      42,
      44,
      47
    ],
    "runtime": 0.007928648999950383,
    "candidates": 400,
    "improvements": 7,
    "duplicates": 50,
    "infeasible": 0,
    "size_history": {
      "7": 168,
      "8": 45,
      "6": 40,
      "5": 25,
      "4": 34,
      "3": 23,
      "1": 45,
      "2": 20
    },
    "weight_history": [
      1935.78,
      1865.98,
      2255.59,
      1880.93,
      2038.44,
      2399.3,
      2000.37,
      1634.21,
      1635.06,
      1963.97,
      1874.71,
      1697.03,
      2283.84,
      1807.6100000000001,
      1923.15,
      2076.46,
      2296.81,
      1542.17,
      1935.64,
      2093.52,
      2265.86,
      2481.45,
      2020.2,
      1995.84,
      1721.22,
      1999.01,
      1930.87,
      1981.36,
      2238.71,
      1941.51,
      1948.32,
      1675.72,
      2058.79,
      2232.11,
      2185.69,
      1819.1,
      1888.1299999999999,
      2070.56,
      1920.99,
      2140.22,
      1921.09,
      1588.19,
      1851.53,
      2008.31,
      1499.23,
      1512.25,
      1557.5900000000001,
      1370.27,
      1336.69,
      1777.22,
      1005.74,
      1985.83,
      1655.05,
      1787.12,
      1790.0,
      1576.24,
      1859.88,
      2378.66,
      2091.79,
      1458.58,
      1548.16,
      1640.58,
      2222.06,
      1761.54,
      1532.31,
      1809.55,
      1869.7,
      1354.31,
      2151.44,
      1783.4,
      1377.06,
      1310.75,
      1766.32,
      1837.8,
      1618.08,
      1798.19,
      1520.86,
      2031.3400000000001,
      1658.19,
      1942.56,
      1995.06,
      2434.52,
      2250.54,
      1751.6100000000001,
      1123.6,
      1930.83,
      1725.72,
      1922.72,
      1826.44,
      2369.08,
      1810.27,
      1460.91,
      2027.49,
      1609.08,
      1682.95,
      2232.58,
      1960.34,
      1747.19,
      1885.06,
      2662.42,
      1994.05,
      2055.58,
      1940.48,
      2414.07,
      2199.7000000000003,
      2461.14,
      1908.31,
      2142.09,
      2676.04,
      1952.76,
      2196.41,
      1588.92,
      2175.02,
      1791.27,
      2254.86,
      2270.2,
      1566.21,
      1728.26,
      1789.56,
      1604.29,
      1984.82,
      1850.19,
      2583.37,
      1880.51,
      2019.26,
      1821.3400000000001,
      2116.16,
      1994.17,
      1291.18,
      2195.26,
      1741.02,
      1779.16,
      1833.43,
      2002.53,
      2446.38,
      2244.46,
      2306.59,
      1846.19,
      2114.25,
      1331.3799999999999,
      2133.87,
      2091.8,
      1661.56,
      1939.72,
      2203.55,
      2637.17,
      1744.41,
      2513.21,
      1870.68,
      1747.6399999999999,
      1687.48,
      2421.3,
      1527.56,
      1553.24,
      2048.89,
      2728.15,
      2074.62,
      2605.38,
      1862.3799999999999,
      2338.06,
      1991.26,
      2303.62,
      1871.96,
      1745.29,
      2090.85,
      2074.46,
      2327.88,
      2250.01,
      1695.59,
      2238.22,
      2068.85,
      1816.48,
      1779.41,
      1629.99,
      2020.73,
      2101.44,
      2312.48,
      2190.0,
      1897.26,
      2590.39,
      1634.91,
      2106.5,
      1219.19,
      1833.22,
      1638.04,
      1851.41,
      2142.38,
      1629.97,
      2327.18,
      1657.4,
      2219.1,
      2118.53,
      1998.76,
      1999.72,
      2419.17,
      2493.9300000000003,
      1756.3899999999999,
      1443.58,
      2192.08,
      1414.26,
      1950.71,
      2081.76,
      1942.71,
      2171.58,
      1605.32,
      2267.94,
      2292.59,
      2056.73,
      1856.57,
      2354.17,
      1525.98,
      2567.49,
      1611.83,
      1881.29,
      1660.38,
      2229.9,
      2246.06,
      1323.21,
      2009.94,
      2330.21,
      2154.79,
      1652.74,
      1720.94,
      2078.55,
      1977.58,
      1823.73,
      1414.77,
      2162.07,
      1731.06,
      1968.5900000000001,
      1883.48,
      1999.7,
      1747.1200000000001,
      1420.17,
      1278.72,
      2096.2799999999997,
      1911.79,
      2013.59,
      1831.82,
      2177.2200000000003,
      1977.29,
      1944.1200000000001,
      1039.12,
      1597.55,
      1750.65,
      1117.0,
      2134.9700000000003,
      1868.64,
      1813.8700000000001,
      1286.01,
      980.14,
      1053.76,
      1584.69,
      969.5699999999999,
      1253.76,
      1201.58,
      1250.07,
      1168.59,
      1593.71,
      1424.68,
      1316.42,
      1226.44,
      1290.5,
      1226.54,
      1109.96,
      1277.42,
      1289.15,
      1473.63,
      793.3,
      1122.3600000000001,
      1125.69,
      781.1700000000001,
      895.4,
      1102.94,
      1115.92,
      1376.97,
      1605.02,
      666.48,
      1234.0,
      1052.55,
      972.22,
      1248.39,
      1384.02,
      1659.95,
      1431.33,
      1048.06,
      1336.99,
      1176.42,
      1135.8600000000001,
      1207.66,
      1096.95,
      1556.0900000000001,
      1514.05,
      850.85,
      1201.3,
      1118.89,
      1137.33,
      813.9,
      831.66,
      1021.8299999999999,
      1110.82,
      1175.62,
      444.04999999999995,
      1121.47,
      731.53,
      1006.5899999999999,
      1075.94,
      575.7,
      330.28,
      152.86,
      454.28999999999996,
      483.84,
      440.05,
      534.44,
      511.87,
      300.59000000000003,
      289.06,
      712.99,
      598.52,
      206.82,
      228.97,
      135.0,
      316.72,
      154.06,
      321.71,
      206.19,
      297.11,
      281.82,
      442.01,
      420.06,
      130.25,
      41.05,
      328.25,
      486.78,
      101.14,
      303.42,
      288.51,
      434.06,
      341.12,
      163.6,
      286.92,
      305.68,
      220.59,
      159.76,
      229.86,
      240.75,
      459.16,
      422.3,
      290.69,
      319.13,
      213.22,
      165.19,
      238.47,
      454.23,
      316.36,
      311.6,
      229.68,
      196.16,
      347.29,
      364.54,
      489.29,
      344.68,
      226.4,
      478.43999999999994,
      537.32,
      554.34,
      628.32,
      845.1700000000001,
      617.24,
      452.08,
      622.94,
      763.3,
      360.25,
      532.19,
      791.43,
      750.0,
      928.04,
      900.51,
      1015.3,
      814.9,
      1096.2,
      946.19,
      885.72,
      1076.8600000000001,
      735.79,
      1207.53,
      924.49,
      1100.59,
      1107.51,
      879.1,
      1267.7,
      1060.47,
      1020.19,
      1179.67,
      826.14,
      1420.28,
      1015.1899999999999,
      1330.58,
      1434.62,
      1940.18
    ],
    "stopping_reason": "max_candidates",
    "operations": {
      "candidate_generation": 450,
      "feasibility_check": 400,
      "weight_evaluation": 400
    }
  }
}