{
  "graph": "graph_n11_d50_adj_matrix",
  "algorithm": "greedy",
  "result": {
    "graph_name": "graph_n11_d50_adj_matrix",
    "algorithm": "greedy",
    "best_weight": 1602.76,
    "best_matching": [
      0,
      7,
      18,
      19,
      24
    ],
    "runtime": 2.0000210810012504,
    "candidates": 39,
    "improvements": 4,
    "duplicates": 178954,
    "infeasible": 0,
    "size_history": {
      "4": 24,
      "3": 2,
      "5": 13
    },
    "weight_history": [
      1496.1,
      1465.12,
      1519.52,
      1497.9,
      1462.25,
      1349.71,
      1440.3,
      1309.67,
      1436.62,
      1425.83,
      1368.58,
      1589.98,
      1602.76,
      1518.21,
      1570.3799999999999,
      1595.75,
      1433.0,
      1597.22,
      1544.75,
      1599.02,
      1433.21,
      1407.11,
      1396.32,
      1421.43,
      1447.75,
      1432.74,
      1432.84,
      1413.5900000000001,
      1163.28,
      1373.13,
      1410.79,
      1423.23,
      1376.03,
      1566.24,
      1583.51,
      1379.74,
      1549.66,
      1513.67,
      1578.43
    ],
    "stopping_reason": "time_limit",
    "operations": {
      "candidate_generation": 178993,
      "feasibility_check": 39,
      "weight_evaluation": 39
    }
  }
}