{
  "graph": "graph_n15_d75_adj_matrix",
  "algorithm": "greedy",
  "result": {
    "graph_name": "graph_n15_d75_adj_matrix",
    "algorithm": "greedy",
    "best_weight": 3030.98,
    "best_matching": [
      11,
      22,
      35,
      54,
      64,
      69,
      72
    ],
    "runtime": 0.239957792999121,
    "candidates": 400,
    "improvements": 5,
    "duplicates": 9192,
    "infeasible": 0,
    "size_history": {
      "7": 228,
      "6": 105,
      "5": 29,
      "4": 11,
      "3": 15,
      "1": 1,
      "2": 11
    },
    "weight_history": [
      2789.9,
      2874.92,
      3007.99,
      2874.4,
      2851.93,
      2868.5,
      2981.9900000000002,
      2716.71,
      2874.73,
      2821.2799999999997,
      2799.54,
      2642.26,
      2747.9,
      2725.2400000000002,
      2341.49,
      2634.43,
      2710.91,
      2748.23,
      2635.35,
      2724.91,
      2649.35,
      2670.92,
      2336.67,
      2408.5,
      2259.1,
      2273.19,
      2354.18,
      2292.5,
      2655.3,
      2333.25,
      2388.2200000000003,
      2285.94,
      2297.39,
      2727.95,
      2701.66,
      2867.52,
      2686.02,
      2716.38,
      2676.4,
      2614.8,
      2691.25,
      2633.46,
      2622.31,
      2711.2400000000002,
      2780.43,
      2836.33,
      2862.98,
      3027.39,
      2813.04,
      2844.53,
      2782.07,
      2844.86,
      2873.98,
      2875.25,
      2868.83,
      2997.46,
      2839.93,
      2775.9,
      2800.57,
      2866.15,
      2856.9300000000003,
      2867.85,
      2836.99,
      2902.14,
      2807.37,
      2863.31,
      2806.29,
      2879.48,
      3024.59,
      2768.07,
      2852.26,
      2854.45,
      2805.64,
      2859.02,
      2779.59,
      2847.96,
      2857.26,
      2408.17,
      2619.01,
      2687.66,
      2683.3,
      2722.33,
      2722.66,
      2647.47,
      2702.38,
      2728.28,
      2681.2200000000003,
      2702.71,
      2887.31,
      2843.16,
      2968.77,
      2612.58,
      2855.46,
      3001.6,
      2870.9500000000003,
      3030.98,
      3003.85,
      2780.6,
      2889.83,
      2541.52,
      2651.84,
      2643.56,
      2641.52,
      2660.91,
      2633.53,
      2583.72,
      2676.07,
      2685.3,
      2627.52,
      2647.15,
      2855.79,
      2850.99,
      2693.91,
      2835.7,
      2983.29,
      2903.19,
      2867.03,
      2940.65,
      2787.42,
      2689.69,
      2829.16,
      2858.69,
      2854.9700000000003,
      2883.54,
      2855.3,
      2875.01,
      2788.43,
      2985.34,
      2942.41,
      2854.78,
      2777.18,
      2768.97,
      2959.0,
      3000.26,
      2867.36,
      2805.31,
      2812.71,
      2792.74,
      2867.71,
      2783.96,
      2938.31,
      2847.98,
      2773.0299999999997,
      2796.48,
      2805.02,
      2962.38,
      2773.31,
      2772.93,
      2842.9300000000003,
      2774.43,
      2772.07,
      2838.26,
      2790.7799999999997,
      2986.88,
      2655.65,
      2954.53,
      2878.8,
      2774.01,
      2836.03,
      2842.14,
      2896.55,
      2661.2400000000002,
      2738.34,
      2932.9,
      2783.28,
      2684.86,
      2567.71,
      2666.07,
      2673.96,
      2592.14,
      2652.4900000000002,
      2685.69,
      2666.06,
      2666.78,
      2619.27,
      2302.5299999999997,
      2946.7200000000003,
      3014.7200000000003,
      2936.49,
      2934.07,
      2783.69,
      2870.62,
      2638.71,
      2800.55,
      2911.08,
      2918.91,
      2732.2,
      2845.38,
      2919.78,
      2776.13,
      2930.48,
      2773.24,
      2773.09,
      2941.9,
      2792.76,
      2886.24,
      2847.63,
      2802.62,
      2839.4300000000003,
      2767.29,
      2839.1,
      2970.29,
      2965.4,
      2653.41,
      2883.88,
      2806.62,
      2761.14,
      2965.18,
      2770.19,
      2845.05,
      2881.9700000000003,
      2766.82,
      2796.81,
      2885.1,
      2913.86,
      2867.38,
      2854.03,
      2843.26,
      2841.79,
      3008.33,
      2757.9900000000002,
      2910.85,
      2924.67,
      2845.73,
      2765.41,
      2857.39,
      2774.2200000000003,
      2930.1,
      2852.35,
      2884.56,
      2724.37,
      2672.48,
      2678.91,
      2665.74,
      2674.83,
      2559.76,
      2627.46,
      2653.41,
      2296.58,
      2572.05,
      2569.15,
      2602.17,
      2794.8,
      2793.09,
      2834.4,
      2614.48,
      2991.73,
      2841.46,
      2770.83,
      2766.51,
      2874.81,
      2835.05,
      2677.63,
      2859.85,
      2857.16,
      2963.89,
      2857.0299999999997,
      2834.7200000000003,
      2789.33,
      2885.88,
      2846.2,
      2808.7400000000002,
      2800.75,
      2851.57,
      2879.13,
      2836.0,
      2793.17,
      2756.7,
      2397.57,
      2760.48,
      2839.02,
      2654.4,
      2765.81,
      2837.93,
      2947.05,
      2768.63,
      2843.74,
      2846.52,
      2870.7200000000003,
      2906.94,
      2531.42,
      2763.33,
      2778.02,
      2943.46,
      2955.83,
      2959.42,
      2952.51,
      2597.79,
      2851.57,
      2873.25,
      2777.57,
      2766.6,
      2759.31,
      2807.65,
      2612.41,
      2619.6800000000003,
      2738.33,
      2649.26,
      2611.44,
      2612.82,
      2658.23,
      2294.7,
      2598.58,
      2590.75,
      2638.94,
      2645.91,
      2611.55,
      2666.07,
      2646.91,
      2764.2,
      3011.13,
      2751.81,
      2820.4,
      2828.25,
      2789.58,
      2672.81,
      2801.16,
      2793.87,
      2746.16,
      2656.92,
      2640.37,
      2557.04,
      2402.2200000000003,
      2586.05,
      2660.0,
      2586.73,
      2662.65,
      2647.08,
      2568.44,
      2351.9,
      2806.21,
      2715.61,
      2858.85,
      2847.65,
      2752.98,
      2606.43,
      2641.2,
      2966.7,
      2654.92,
      2827.78,
      2914.44,
      2605.27,
      2625.26,
      2388.55,
      2646.12,
      2632.8900000000003,
      2535.57,
      2627.13,
      2653.08,
      2637.12,
      2285.59,
      2593.88,
      2299.59,
      2269.51,
      2316.31,
      2402.55,
      2333.08,
      1984.51,
      2332.67,
      2332.75,
      2264.7200000000003,
      2312.9700000000003,
      2221.8199999999997,
      1965.48,
      1547.73,
      2004.42,
      1946.82,
      1932.82,
      1998.47,
      1918.63,
      1956.63,
      1887.5,
      1843.25,
      1944.94,
      1547.77,
      1561.73,
      1510.08,
      1567.68,
      1460.15,
      1553.72,
      1508.2,
      1533.77,
      1470.35,
      1472.48,
      1516.03,
      559.73,
      1033.61,
      1071.3,
      1085.26,
      1036.2,
      1042.15,
      1025.78,
      1004.46,
      1022.2,
      984.51,
      1010.01,
      1432.79,
      1522.0,
      1395.92,
      977.73
    ],
    "stopping_reason": "max_candidates",
    "operations": {
      "candidate_generation": 9592,
      "feasibility_check": 400,
      "weight_evaluation": 400
    }
  }
}