{
  "graph": "graph_n14_d75_adj_matrix",
  "algorithm": "greedy",
  "result": {
    "graph_name": "graph_n14_d75_adj_matrix",
    "algorithm": "greedy",
    "best_weight": 2503.75,
    "best_matching": [
      6,
      14,
      20,
      26,
      32,
      53,
      58
    ],
    "runtime": 2.000057826000557,
    "candidates": 281,
    "improvements": 2,
    "duplicates": 104943,
    "infeasible": 0,
    "size_history": {
      "7": 59,
      "6": 52,
      "5": 52,
      "4": 59,
      "3": 37,
      "2": 20,
      "1": 2
    },
    "weight_history": [
      2412.74,
      2503.75,
      2445.86,
      2363.79,
      2342.2400000000002,
      2332.48,
      2269.96,
      2199.16,
      2432.56,
      2155.87,
      2239.52,
      2435.78,
      2279.91,
      2190.4,
      2365.6,
      2298.56,
      2326.78,
      2339.49,
      2458.78,
      2370.23,
      2197.01,
      2370.92,
      2016.67,
      2283.53,
      2403.94,
      2350.2200000000003,
      2137.7599999999998,
      2423.49,
      2236.46,
      2296.98,
      2461.24,
      2211.71,
      2208.24,
      2322.88,
      2230.96,
      2169.42,
      2206.66,
      2209.23,
      2043.94,
      2321.28,
      2062.25,
      2248.9,
      2362.18,
      2233.39,
      2108.67,
      2202.39,
      2323.6800000000003,
      2224.59,
      2406.57,
      2178.02,
      2241.6,
      2259.23,
      1921.1399999999999,
      2161.34,
      2212.36,
      2378.52,
      2041.46,
      2171.54,
      2224.43,
      2203.18,
      2037.2,
      1983.57,
      2263.73,
      2095.25,
      2253.27,
      2315.02,
      2330.0,
      2159.88,
      2204.18,
      2301.7799999999997,
      2171.58,
      2132.51,
      2208.3,
      1901.1100000000001,
      2199.09,
      2108.77,
      2075.37,
      2106.35,
      2290.17,
      2220.53,
      2084.98,
      2177.57,
      2186.37,
      2222.14,
      2060.38,
      2274.02,
      2219.4900000000002,
      2286.75,
      2173.46,
      2184.44,
      2160.73,
      2277.38,
      1943.38,
      2155.23,
      1994.69,
      2092.68,
      2325.95,
      2366.91,
      2159.81,
      2106.9700000000003,
      2110.86,
      2270.8,
      2137.42,
      2088.14,
      2211.73,
      2006.95,
      2178.39,
      2247.66,
      2129.07,
      2198.92,
      2073.17,
      1967.6,
      2005.4099999999999,
      1958.0,
      2057.2200000000003,
      2060.44,
      1945.21,
      1884.83,
      1892.77,
      1722.19,
      1986.24,
      1788.41,
      1673.24,
      1738.25,
      1639.42,
      1695.63,
      1326.12,
      1610.88,
      1646.68,
      1690.57,
      1623.96,
      1704.05,
      1994.16,
      1714.21,
      1976.02,
      1895.93,
      1978.85,
      1964.44,
      1962.54,
      1986.18,
      1664.01,
      1975.33,
      1788.53,
      1652.18,
      1526.12,
      1598.0900000000001,
      1551.05,
      1283.3899999999999,
      1659.67,
      1598.15,
      1648.94,
      1677.49,
      1516.56,
      1556.8600000000001,
      2150.21,
      1824.46,
      1937.26,
      2023.01,
      1920.91,
      1944.43,
      1949.46,
      1988.81,
      1935.98,
      1920.99,
      1946.3,
      1711.69,
      1612.86,
      1594.93,
      1335.28,
      1713.39,
      1543.12,
      1538.86,
      1602.02,
      1524.49,
      1616.37,
      1331.07,
      1933.7,
      1931.64,
      1998.97,
      1926.95,
      1924.1799999999998,
      1894.35,
      2191.18,
      1915.49,
      2033.88,
      1932.82,
      2010.22,
      1622.38,
      1512.3,
      1381.23,
      1650.02,
      1632.57,
      1537.84,
      1553.29,
      1548.75,
      1664.05,
      1365.41,
      1589.81,
      1836.6999999999998,
      1810.83,
      1998.15,
      1954.76,
      1918.65,
      2250.82,
      1803.09,
      1895.99,
      1911.3899999999999,
      1881.67,
      1983.02,
      1602.47,
      1300.4,
      1588.99,
      1513.04,
      1567.82,
      1603.29,
      1615.76,
      1565.22,
      1315.01,
      1557.55,
      1571.59,
      1317.73,
      1349.35,
      1275.96,
      1331.21,
      912.28,
      1266.58,
      1266.06,
      1276.1,
      1252.49,
      1245.0,
      1265.98,
      1228.28,
      1601.0700000000002,
      1508.4,
      1582.95,
      1629.85,
      1489.4,
      1495.32,
      1985.3600000000001,
      1636.67,
      1543.38,
      1538.6599999999999,
      1256.83,
      1285.12,
      1243.53,
      958.23,
      1290.39,
      1307.03,
      1239.5,
      1288.45,
      1291.21,
      1306.21,
      942.1700000000001,
      910.55,
      893.22,
      855.44,
      903.12,
      928.1,
      858.8,
      505.1,
      864.6,
      876.13,
      842.98,
      836.35,
      1202.47,
      1237.44,
      883.21,
      1191.56,
      1236.67,
      1242.71,
      1304.51,
      1201.72,
      1257.01,
      878.08,
      1229.18,
      884.03,
      829.49,
      877.94,
      860.31,
      835.53,
      457.42
    ],
    "stopping_reason": "time_limit",
    "operations": {
      "candidate_generation": 105224,
      "feasibility_check": 281,
      "weight_evaluation": 281
    }
  }
}