{
  "graph": "graph_n20_d25_adj_matrix",
  "algorithm": "local",
  "result": {
    "graph_name": "graph_n20_d25_adj_matrix",
    "algorithm": "local",
    "best_weight": 3165.63,
    "best_matching": [
      5,
      10,
      12,
      15,
      17,
      21,
      26,
      32,
      40,
      41
    ],
    "runtime": 2.001949491999767,
    "candidates": 141,
    "improvements": 3,
    "duplicates": 520,
    "infeasible": 0,
    "size_history": {
      "9": 105,
      "8": 24,
      "7": 1,
      "10": 11
    },
    "weight_history": [
      2882.85,
      3111.61,
      3065.58,
      2854.11,
      2844.34,
      2979.73,
      2889.28,
      2819.42,
      2803.9,
      2971.54,
      2945.29,
      2849.77,
      2797.23,
      2762.54,
      2990.63,
      2751.2000000000003,
      2816.21,
      2851.93,
      2770.18,
      2769.49,
      2741.4300000000003,
      2989.5,
      2843.09,
      2870.34,
      2831.43,
      2909.53,
      2787.46,
      2807.73,
      2875.35,
      2852.92,
      2821.94,
      3028.42,
      2835.5099999999998,
      2805.9,
      2723.46,
      2798.31,
      2759.33,
      2815.49,
      2733.96,
      2813.4700000000003,
      2713.3,
      2702.7,
      2511.96,
      2748.51,
      2826.13,
      2882.65,
      2907.39,
      2899.86,
      2954.81,
      2879.69,
      2927.99,
      2836.87,
      2907.19,
      2879.21,
      2853.17,
      2806.87,
      2838.23,
      2901.82,
      3165.63,
      2758.29,
      2890.46,
      2848.65,
      2961.76,
      2951.6,
      2811.33,
      2885.4500000000003,
      2869.15,
      2990.13,
      3044.65,
      2850.56,
      2886.07,
      2903.07,
      2991.32,
      2935.52,
      2821.7200000000003,
      2776.89,
      2933.25,
      2880.39,
      3003.63,
      2813.15,
      2831.64,
      3073.3,
      2811.0,
      2849.37,
      2903.79,
      2941.39,
      2914.1,
      2959.21,
      2905.95,
      2872.66,
      2845.46,
      2777.88,
      2907.44,
      2830.59,
      2896.45,
      2956.63,
      2808.08,
      2864.0,
      2821.19,
      2936.09,
      2911.59,
      2846.26,
      2867.66,
      2813.52,
      2969.52,
      2800.39,
      2917.55,
      2907.61,
      2925.15,
      2877.87,
      2978.62,
      2812.67,
      2891.72,
      2793.2200000000003,
      2794.22,
      2872.14,
      2887.14,
      2981.55,
      2817.2,
      2840.65,
      2823.91,
      2939.2799999999997,
      2838.92,
      2876.9,
      2799.96,
      2905.17,
      2881.03,
      2886.29,
      2824.9300000000003,
      2883.34,
      2914.27,
      2813.62,
      2915.38,
      2842.6,
      2845.18,
      2783.61,
      2964.07,
      2837.47,
      2833.6600000000003,
      2816.68,
      2804.23
    ],
    "stopping_reason": "time_limit",
    "operations": {
      "candidate_generation": 661,
      "feasibility_check": 141,
      "weight_evaluation": 141
    }
  }
}