{
  "graph": "graph_n7_d75_adj_matrix",
  "algorithm": "random",
  "result": {
    "graph_name": "graph_n7_d75_adj_matrix",
    "algorithm": "random",
    "best_weight": 1038.24,
    "best_matching": [
      0,
      10,
      11
    ],
    "runtime": 2.000020638000933,
    "candidates": 36,
    "improvements": 5,
    "duplicates": 260004,
    "infeasible": 0,
    "size_history": {
      "3": 30,
      "2": 6
    },
    "weight_history": [
      641.45,
      859.95,
      814.59,
      809.08,
      685.29,
      682.7,
      814.23,
      502.62,
      637.98,
      887.66,
      927.3199999999999,
      861.99,
      346.74,
      1038.24,
      645.87,
      485.45,
      636.03,
      716.9200000000001,
      551.99,
      838.39,
      757.13,
      498.98,
      531.02,
      733.54,
      488.92,
      686.9,
      1011.53,
      703.39,
      828.56,
      836.79,
      583.94,
      725.02,
      751.07,
      504.31,
      709.45,
      631.34
    ],
    "stopping_reason": "time_limit",
    "operations": {
      "candidate_generation": 260040,
      "feasibility_check": 36,
      "weight_evaluation": 36
    }
  }
}