{
  "graph": "graph_n14_d75_adj_matrix",
  "algorithm": "greedy",
  "result": {
    "graph_name": "graph_n14_d75_adj_matrix",
    "algorithm": "greedy",
    "best_weight": 2503.75,
    "best_matching": [
      6,
      14,
      20,
      26,
      32,
      53,
      58
    ],
    "runtime": 2.0000345049993484,
    "candidates": 151,
    "improvements": 2,
    "duplicates": 89585,
    "infeasible": 0,
    "size_history": {
      "7": 82,
      "6": 67,
      "5": 2
    },
    "weight_history": [
      2445.86,
      2412.74,
      2503.75,
      2350.2200000000003,
      2432.56,
      2365.6,
      2435.78,
      2186.37,
      2370.23,
      2370.92,
      2332.48,
      2220.53,
      2274.02,
      2290.17,
      2073.17,
      2171.58,
      2286.75,
      2107.7,
      2222.14,
      2239.52,
      2270.8,
      2247.66,
      2269.96,
      2342.2400000000002,
      2298.56,
      2169.42,
      2279.91,
      2363.79,
      2461.24,
      2283.53,
      2321.28,
      2403.94,
      2423.49,
      2362.18,
      2236.46,
      2208.24,
      2322.88,
      2161.34,
      2155.87,
      2137.7599999999998,
      2323.6800000000003,
      2248.9,
      2339.49,
      2230.96,
      2212.36,
      2043.94,
      2016.67,
      2326.78,
      2233.39,
      2147.28,
      2132.51,
      2406.57,
      2190.4,
      2458.78,
      2241.6,
      2169.2,
      1983.57,
      2197.01,
      2206.66,
      1998.95,
      2263.73,
      2378.52,
      2296.98,
      2108.67,
      2184.44,
      1943.38,
      2173.46,
      2202.39,
      2160.14,
      2095.25,
      2178.02,
      2209.23,
      2158.21,
      2259.23,
      2280.55,
      2037.2,
      2108.77,
      2253.27,
      2159.88,
      2326.1,
      2204.18,
      2171.54,
      2330.0,
      2113.91,
      1994.69,
      2155.23,
      1921.1399999999999,
      2211.71,
      2309.23,
      2364.65,
      2060.23,
      2219.4900000000002,
      2199.09,
      2301.7799999999997,
      2062.25,
      2185.08,
      2325.95,
      2144.78,
      2159.81,
      2280.9700000000003,
      2215.97,
      2145.29,
      2327.24,
      2224.59,
      2224.43,
      2041.46,
      2203.18,
      2021.65,
      2360.68,
      2241.56,
      1990.57,
      2151.76,
      2106.35,
      2170.87,
      2113.9500000000003,
      1977.38,
      2200.71,
      2132.41,
      2290.51,
      2211.73,
      2183.0,
      2277.38,
      2245.2,
      2199.16,
      2250.82,
      2191.18,
      2006.95,
      2084.98,
      2088.14,
      2110.86,
      2137.42,
      2108.57,
      2357.53,
      2129.07,
      2083.46,
      1901.1100000000001,
      2092.68,
      2310.93,
      1908.6299999999999,
      2416.27,
      2206.4900000000002,
      2315.02,
      2116.08,
      2160.73,
      2206.39,
      2259.08,
      2203.96,
      2218.84,
      2075.37,
      2067.4700000000003,
      2158.08
    ],
    "stopping_reason": "time_limit",
    "operations": {
      "candidate_generation": 89736,
      "feasibility_check": 151,
      "weight_evaluation": 151
    }
  }
}