{
  "graph": "graph_n18_d50_adj_matrix",
  "algorithm": "random",
  "result": {
    "graph_name": "graph_n18_d50_adj_matrix",
    "algorithm": "random",
    "best_weight": 3234.05,
    "best_matching": [
      1,
      6,
      16,
      33,
      47,
      54,
      58,
      61,
      63
    ],
    "runtime": 0.009329959000751842,
    "candidates": 400,
    "improvements": 6,
    "duplicates": 1,
    "infeasible": 0,
    "size_history": {
      "8": 289,
      "9": 80,
      "7": 31
    },
    "weight_history": [
      1899.1799999999998,
      2154.08,
      2738.86,
      2296.17,
      2392.34,
      2353.95,
      1899.81,
      1878.92,
      1804.08,
      2455.18,
      2283.2200000000003,
      3036.69,
      2014.64,
      2307.55,
      2279.67,
      2299.78,
      2143.11,
      1247.49,
      2216.04,
      2676.55,
      2434.35,
      2344.48,
      1961.92,
      1927.78,
      2379.0299999999997,
      2440.24,
      2608.28,
      1906.81,
      2208.74,
      2646.08,
      2488.91,
      1863.3700000000001,
      2797.59,
      2020.47,
      2513.29,
      2833.2,
      2488.97,
      2108.9700000000003,
      3095.53,
      2200.76,
      2314.42,
      2546.81,
      2452.73,
      2610.22,
      1932.26,
      1473.24,
      1818.56,
      1920.26,
      2446.17,
      1987.89,
      2513.95,
      1884.44,
      2139.6,
      2126.43,
      2117.86,
      2140.35,
      1798.59,
      2903.32,
      2374.41,
      2207.65,
      1561.76,
      2473.86,
      2657.18,
      2020.96,
      2966.11,
      1535.27,
      2769.55,
      1672.68,
      2167.13,
      1749.3799999999999,
      1957.58,
      2067.77,
      2019.29,
      2139.04,
      2635.2599999999998,
      2292.17,
      2259.74,
      2221.05,
      1679.1200000000001,
      2232.29,
      2456.37,
      2160.23,
      1635.06,
      1754.4,
      2726.54,
      2108.33,
      1361.41,
      1826.69,
      2506.1,
      2046.7,
      2623.28,
      2355.52,
      2139.61,
      2372.27,
      2458.39,
      2543.96,
      2372.79,
      1535.16,
      2666.06,
      2582.03,
      2150.25,
      2352.18,
      2445.2,
      2041.79,
      2738.31,
      2196.83,
      2997.74,
      2037.06,
      2347.35,
      2512.28,
      2236.25,
      2998.6,
      2577.57,
      2199.8,
      2457.64,
      2401.42,
      2439.62,
      3005.38,
      2299.38,
      2384.08,
      1918.84,
      2905.29,
      2236.59,
      2129.67,
      2770.71,
      2148.14,
      1453.33,
      2545.94,
      1564.33,
      2456.55,
      2236.36,
      3041.78,
      2322.09,
      2404.83,
      2465.04,
      2716.45,
      2799.65,
      2324.49,
      1423.55,
      2684.81,
      2711.41,
      2123.13,
      2083.54,
      1678.77,
      2264.44,
      2867.08,
      1737.28,
      1771.99,
      2020.5900000000001,
      1990.45,
      1798.81,
      2113.83,
      2859.31,
      2219.5,
      2506.96,
      2469.89,
      2668.98,
      2219.5,
      2358.8,
      2050.88,
      2686.59,
      1928.52,
      2805.9,
      1976.47,
      2051.83,
      2816.23,
      2361.94,
      2309.98,
      1948.77,
      1995.68,
      2652.1,
      2432.74,
      2479.2400000000002,
      2360.65,
      3046.34,
      2002.58,
      2879.91,
      2233.08,
      2742.58,
      2417.98,
      2394.12,
      2268.65,
      2401.9900000000002,
      2777.39,
      1562.62,
      2526.89,
      2348.75,
      2585.92,
      1971.3500000000001,
      2002.76,
      2336.2,
      2949.23,
      2404.38,
      2354.1,
      2181.92,
      2691.71,
      2461.72,
      2879.7,
      2599.19,
      2857.47,
      2413.37,
      2566.57,
      1995.1,
      2634.39,
      1836.82,
      2179.69,
      2245.31,
      2663.06,
      2485.81,
      1883.95,
      2356.6,
      1893.26,
      2060.94,
      2617.05,
      2797.11,
      2406.81,
      2476.83,
      2452.5,
      1829.93,
      2693.21,
      2567.68,
      2146.26,
      2601.61,
      1704.07,
      2341.98,
      2483.0099999999998,
      2209.39,
      1917.93,
      2595.23,
      2776.44,
      2696.83,
      2565.43,
      2264.95,
      2997.1099999999997,
      2502.1,
      2103.68,
      2266.0,
      2326.17,
      2004.02,
      2779.39,
      2114.2400000000002,
      2095.63,
      2745.77,
      2167.32,
      3234.05,
      2367.45,
      2628.38,
      2151.41,
      2786.26,
      2864.91,
      2092.95,
      2135.47,
      2189.57,
      2072.42,
      2142.27,
      1583.35,
      2068.4900000000002,
      1690.29,
      2568.38,
      2503.48,
      2479.7599999999998,
      2105.85,
      2366.17,
      1929.3600000000001,
      2904.42,
      2248.51,
      1831.43,
      2608.35,
      2380.57,
      2410.55,
      2757.53,
      2422.94,
      1790.6699999999998,
      2233.12,
      2273.71,
      2024.47,
      2411.77,
      1924.59,
      2067.04,
      2091.11,
      2795.14,
      2077.54,
      2222.12,
      2069.76,
      2276.7200000000003,
      2213.24,
      2435.09,
      2266.23,
      1733.65,
      2212.87,
      1325.8600000000001,
      1826.77,
      1543.6,
      1828.28,
      2625.72,
      1981.84,
      1738.25,
      2464.06,
      2182.84,
      2067.51,
      2878.36,
      1867.42,
      2545.22,
      1857.53,
      2116.28,
      2053.7,
      1903.6399999999999,
      1629.08,
      2350.04,
      2527.37,
      2164.66,
      1686.47,
      1800.23,
      2122.74,
      2074.48,
      1863.32,
      2140.1,
      2548.29,
      1684.3799999999999,
      2288.67,
      2632.86,
      2629.14,
      1915.66,
      2585.2799999999997,
      2792.12,
      2650.56,
      2917.19,
      2389.72,
      2439.29,
      1897.47,
      2281.81,
      2033.72,
      2141.32,
      2312.97,
      2611.54,
      2725.98,
      2100.29,
      2875.2,
      2494.39,
      2419.58,
      2622.3,
      2090.63,
      2116.15,
      2039.75,
      2308.68,
      2624.71,
      1471.3999999999999,
      2637.52,
      2105.4900000000002,
      2947.16,
      2254.01,
      2361.69,
      2986.35,
      2252.79,
      2008.76,
      3038.08,
      2805.77,
      2188.79,
      2063.41,
      2315.35,
      2167.08,
      2848.27,
      2777.41,
      2476.75,
      2361.79,
      2207.04,
      1966.8400000000001,
      3183.08,
      2458.58,
      2870.27,
      1924.6,
      1713.16,
      2435.71,
      2186.19,
      2571.55,
      2384.41,
      2453.92,
      2808.94,
      2738.31,
      1719.1,
      2305.08,
      2513.89,
      2222.1,
      2362.76,
      2684.49,
      1671.98,
      2407.33,
      2060.85,
      2412.92,
      2528.09,
      1982.15,
      2559.25,
      2283.84,
      2172.38,
      1944.5900000000001,
      2539.17,
      2935.79,
      2533.28,
      2064.08,
      2457.1
    ],
    "stopping_reason": "max_candidates",
    "operations": {
      "candidate_generation": 401,
      "feasibility_check": 400,
      "weight_evaluation": 400
    }
  }
}