{
  "graph": "graph_n13_d50_adj_matrix",
  "algorithm": "local",
  "result": {
    "graph_name": "graph_n13_d50_adj_matrix",
    "algorithm": "local",
    "best_weight": 2128.93,
    "best_matching": [
      5,
      12,
      14,
      20,
      29,
      37
    ],
    "runtime": 2.000363381999705,
    "candidates": 27,
    "improvements": 1,
    "duplicates": 880,
    "infeasible": 0,
    "size_history": {
      "6": 9,
      "5": 11,
      "4": 7
    },
    "weight_history": [
      2128.93,
      2017.1299999999999,
      1933.17,
      2109.81,
      2022.3700000000001,
      1918.06,
      1941.96,
      2092.59,
      1965.98,
      1892.75,
      1969.99,
      1898.94,
      1910.74,
      1891.62,
      1699.87,
      1884.44,
      1902.43,
      1873.38,
      1857.75,
      1861.5,
      1883.31,
      1681.88,
      1680.75,
      1655.19,
      1643.31,
      1625.1999999999998,
      1636.1
    ],
    "stopping_reason": "time_limit",
    "operations": {
      "candidate_generation": 907,
      "feasibility_check": 27,
      "weight_evaluation": 27
    }
  }
}