{
  "graph": "graph_n19_d25_adj_matrix",
  "algorithm": "random",
  "result": {
    "graph_name": "graph_n19_d25_adj_matrix",
    "algorithm": "random",
    "best_weight": 2518.69,
    "best_matching": [
      0,
      7,
      13,
      15,
      18,
      23,
      38,
      40
    ],
    "runtime": 2.0000557219991606,
    "candidates": 206,
    "improvements": 5,
    "duplicates": 144607,
    "infeasible": 0,
    "size_history": {
      "8": 18,
      "7": 27,
      "6": 34,
      "5": 31,
      "4": 24,
      "3": 10,
      "2": 20,
      "1": 42
    },
    "weight_history": [
      2033.97,
      1459.67,
      1760.67,
      2072.6800000000003,
      1472.5,
      2240.36,
      2074.26,
      1971.4,
      2270.4700000000003,
      1713.24,
      2518.69,
      1588.78,
      2223.42,
      1976.51,
      1540.09,
      2389.75,
      1741.8600000000001,
      1240.96,
      1827.92,
      2025.94,
      2073.8,
      2009.96,
      1177.1100000000001,
      1894.76,
      1546.18,
      1546.8600000000001,
      1976.89,
      1641.8200000000002,
      2063.4700000000003,
      1495.6200000000001,
      1718.43,
      1197.02,
      2057.17,
      1489.66,
      1414.8,
      1478.75,
      1265.63,
      1149.92,
      1423.83,
      1349.73,
      1682.03,
      1306.65,
      1395.29,
      1759.29,
      1552.8400000000001,
      1245.66,
      1301.89,
      962.61,
      1495.21,
      1082.79,
      1644.3899999999999,
      1171.1,
      1168.52,
      1324.03,
      940.84,
      903.84,
      1409.85,
      1426.41,
      1493.41,
      1475.91,
      1154.75,
      1181.09,
      1418.95,
      1172.12,
      1460.77,
      1483.53,
      1654.5,
      1620.46,
      1443.25,
      1678.91,
      1336.11,
      1718.93,
      1444.59,
      1834.3300000000002,
      1779.64,
      2008.02,
      1541.41,
      1272.2,
      1650.3600000000001,
      1227.96,
      1518.44,
      1416.33,
      1363.6100000000001,
      1207.82,
      1504.02,
      1167.25,
      1471.51,
      1958.41,
      1225.81,
      1494.83,
      1656.88,
      1445.6100000000001,
      1224.7,
      843.44,
      870.45,
      1214.88,
      994.0899999999999,
      1043.43,
      1521.8,
      789.38,
      969.96,
      1108.79,
      1088.93,
      699.0699999999999,
      825.87,
      1316.1399999999999,
      1241.55,
      925.74,
      783.46,
      1099.22,
      1265.93,
      1421.46,
      1166.76,
      882.11,
      1214.59,
      996.53,
      1175.72,
      1379.4,
      1311.96,
      862.88,
      1177.54,
      1362.58,
      704.51,
      1115.55,
      696.6,
      1337.05,
      1139.64,
      887.99,
      913.37,
      979.4000000000001,
      877.36,
      637.2,
      786.5699999999999,
      1125.05,
      625.37,
      778.05,
      483.28999999999996,
      421.53999999999996,
      910.26,
      841.21,
      862.6700000000001,
      597.11,
      367.77,
      182.45000000000002,
      431.14,
      618.53,
      707.78,
      251.05,
      292.13,
      624.9300000000001,
      390.42,
      646.95,
      507.53,
      378.15000000000003,
      325.33,
      326.91,
      238.42,
      133.65,
      386.16,
      218.69,
      122.59,
      36.12,
      88.09,
      426.55,
      71.25,
      467.48,
      487.98,
      262.15999999999997,
      968.01,
      410.0,
      252.72,
      732.2,
      399.5,
      629.67,
      565.5699999999999,
      708.26,
      83.93,
      368.05,
      370.82,
      162.11,
      208.41,
      181.47,
      284.18,
      437.06,
      436.74,
      147.0,
      131.21,
      118.3,
      373.88,
      238.65,
      281.71,
      212.45,
      255.79,
      229.06,
      128.51,
      295.46,
      336.81,
      51.24,
      306.49,
      425.84,
      169.54,
      311.41,
      392.55,
      321.62,
      303.43,
      111.22
    ],
    "stopping_reason": "time_limit",
    "operations": {
      "candidate_generation": 144813,
      "feasibility_check": 206,
      "weight_evaluation": 206
    }
  }
}