{
  "graph": "graph_n14_d50_adj_matrix",
  "algorithm": "greedy",
  "result": {
    "graph_name": "graph_n14_d50_adj_matrix",
    "algorithm": "greedy",
    "best_weight": 2324.2200000000003,
    "best_matching": [
      4,
      12,
      27,
      29,
      35,
      40
    ],
    "runtime": 2.000035401000787,
    "candidates": 178,
    "improvements": 3,
    "duplicates": 130991,
    "infeasible": 0,
    "size_history": {
      "6": 24,
      "5": 50,
      "4": 42,
      "3": 36,
      "2": 22,
      "1": 4
    },
    "weight_history": [
      2138.02,
      2073.09,
      2127.75,
      2312.49,
      2051.83,
      2070.64,
      2117.95,
      1844.26,
      2051.66,
      2005.71,
      2245.11,
      1858.26,
      1982.82,
      1885.06,
      1789.42,
      1924.19,
      2150.73,
      1903.87,
      1976.26,
      1910.45,
      1911.6399999999999,
      1777.26,
      1677.98,
      1677.49,
      1723.6100000000001,
      1752.58,
      1730.46,
      1750.37,
      1331.7,
      1713.96,
      1732.06,
      1730.79,
      1684.56,
      1890.38,
      1951.57,
      2084.82,
      1822.42,
      1923.3700000000001,
      2078.34,
      1933.8700000000001,
      1838.94,
      2126.05,
      2035.31,
      1956.19,
      1740.47,
      1757.35,
      1758.17,
      1632.3700000000001,
      1749.88,
      1415.95,
      1704.87,
      1732.3600000000001,
      1752.71,
      1719.5500000000002,
      1678.0,
      2032.73,
      2130.82,
      1857.69,
      1956.35,
      1924.94,
      1895.99,
      2111.78,
      1825.28,
      1676.74,
      1868.54,
      2084.92,
      2113.34,
      2055.38,
      2078.8,
      2324.2200000000003,
      2278.55,
      2040.92,
      2226.13,
      2232.6,
      1989.19,
      2197.47,
      2002.88,
      1872.38,
      1890.54,
      1891.3600000000001,
      1907.24,
      1871.4,
      1911.33,
      2084.12,
      2319.45,
      1841.43,
      2021.19,
      1877.7,
      1729.97,
      1686.9,
      1710.93,
      1329.22,
      1668.33,
      1718.73,
      1674.66,
      1699.69,
      1629.0500000000002,
      1711.42,
      1331.21,
      2065.83,
      2060.24,
      2039.31,
      2014.12,
      1836.1100000000001,
      1902.23,
      1919.94,
      1822.45,
      1951.18,
      1894.81,
      2000.3600000000001,
      1665.47,
      1631.88,
      1377.33,
      1738.64,
      1664.65,
      1710.65,
      1638.95,
      1666.55,
      1713.53,
      1367.0,
      1738.31,
      1358.5900000000001,
      1357.81,
      1376.9,
      1351.8600000000001,
      1379.24,
      910.55,
      1340.6200000000001,
      1338.28,
      1356.99,
      1304.51,
      1328.38,
      892.58,
      505.1,
      978.88,
      958.23,
      942.1700000000001,
      940.26,
      921.8199999999999,
      931.2,
      435.8,
      910.8499999999999,
      901.1700000000001,
      1320.27,
      1358.8899999999999,
      1319.84,
      1294.8600000000001,
      905.46,
      1303.48,
      1319.19,
      1309.31,
      1299.93,
      1262.13,
      1352.35,
      473.78,
      909.5799999999999,
      893.22,
      870.96,
      883.2,
      885.11,
      846.06,
      453.13,
      872.23,
      903.12,
      829.49,
      1318.3700000000001,
      1290.82,
      1315.51,
      1664.29,
      1284.02,
      1303.27,
      1276.89,
      1299.33,
      1290.6,
      1337.95,
      1310.13,
      855.44,
      841.73
    ],
    "stopping_reason": "time_limit",
    "operations": {
      "candidate_generation": 131169,
      "feasibility_check": 178,
      "weight_evaluation": 178
    }
  }
}