{
  "graph": "graph_n19_d50_adj_matrix",
  "algorithm": "random",
  "result": {
    "graph_name": "graph_n19_d50_adj_matrix",
    "algorithm": "random",
    "best_weight": 2543.37,
    "best_matching": [
      6,
      12,
      28,
      36,
      41,
      50,
      55,
      60,
      83
    ],
    "runtime": 0.009174417000394897,
    "candidates": 400,
    "improvements": 7,
    "duplicates": 10,
    "infeasible": 0,
    "size_history": {
      "9": 35,
      "8": 67,
      "7": 73,
      "6": 64,
      "5": 25,
      "4": 11,
      "3": 32,
      "2": 58,
      "1": 35
    },
    "weight_history": [
      2300.79,
      2331.22,
      2382.0699999999997,
      2394.89,
      2174.06,
      2265.97,
      1887.15,
      2224.11,
      1865.19,
      1527.23,
      2231.08,
      2228.48,
      2148.65,
      2083.68,
      1175.32,
      1924.99,
      1610.18,
      2140.8,
      1301.1,
      1490.6,
      2033.24,
      2047.54,
      2231.4,
      1970.53,
      2207.7,
      2413.36,
      1773.97,
      2344.17,
      2095.4,
      2444.04,
      2411.23,
      1488.53,
      2202.76,
      1867.34,
      1942.29,
      2070.7799999999997,
      2543.37,
      2135.52,
      1919.36,
      2052.44,
      2192.6,
      2162.69,
      2535.04,
      1297.3799999999999,
      1779.8700000000001,
      2213.14,
      1943.18,
      2009.03,
      1984.69,
      1908.17,
      1702.22,
      1688.16,
      1209.46,
      2021.1399999999999,
      2162.07,
      1723.3799999999999,
      1400.48,
      1617.99,
      1227.83,
      1529.95,
      1586.52,
      1904.35,
      1483.74,
      1232.75,
      1596.76,
      1700.21,
      1945.05,
      2007.29,
      1865.58,
      1703.79,
      1244.1200000000001,
      1826.41,
      1652.47,
      1908.73,
      2051.29,
      1858.86,
      2151.33,
      1871.01,
      2008.09,
      2138.58,
      1504.81,
      2388.23,
      1585.7,
      2270.38,
      1958.6499999999999,
      2014.52,
      2408.59,
      2107.33,
      1793.03,
      1478.03,
      1815.0,
      2046.94,
      1667.9,
      1923.71,
      1499.71,
      1855.81,
      1586.27,
      1590.04,
      2410.62,
      1392.07,
      1623.33,
      1196.44,
      1943.49,
      1833.3700000000001,
      1220.17,
      1629.6299999999999,
      1056.26,
      1648.79,
      2191.4,
      1503.82,
      1381.21,
      1252.05,
      1415.85,
      1175.46,
      1591.7,
      1392.47,
      1517.19,
      1162.5,
      1137.3600000000001,
      1451.73,
      1106.41,
      1932.52,
      1679.54,
      1493.31,
      1639.0,
      2078.52,
      1978.9099999999999,
      1761.39,
      1525.3799999999999,
      1550.95,
      1243.59,
      1696.56,
      1418.48,
      1438.6200000000001,
      1372.19,
      1566.67,
      886.68,
      1213.39,
      1471.42,
      979.1899999999999,
      1406.4099999999999,
      1289.8400000000001,
      1682.1200000000001,
      1617.96,
      1450.72,
      1784.9099999999999,
      1808.46,
      1529.42,
      1491.11,
      1263.18,
      1165.25,
      1625.6100000000001,
      1978.3,
      1840.96,
      1454.68,
      1743.95,
      2362.41,
      1522.73,
      1976.99,
      1782.94,
      1633.35,
      1150.8,
      1478.62,
      2056.32,
      2122.9,
      1318.75,
      1397.23,
      1271.78,
      2352.39,
      1888.23,
      1892.93,
      1397.58,
      1418.27,
      2007.48,
      1496.53,
      1536.53,
      1572.07,
      1322.61,
      1326.56,
      1400.04,
      1400.84,
      1219.04,
      956.6,
      984.44,
      1214.66,
      888.29,
      1335.73,
      1252.23,
      862.04,
      1094.52,
      1503.15,
      1166.41,
      1427.8,
      1193.96,
      1001.6800000000001,
      1305.45,
      1460.94,
      1353.24,
      1232.51,
      1713.56,
      1362.31,
      1488.73,
      1725.78,
      1125.85,
      1288.73,
      1324.43,
      1304.42,
      1320.02,
      1700.89,
      1450.19,
      1668.29,
      1909.8999999999999,
      2063.2799999999997,
      1758.7,
      1524.48,
      1629.5,
      1667.53,
      1859.61,
      1943.54,
      1622.38,
      1832.41,
      1213.28,
      1785.55,
      1138.7,
      1736.63,
      1124.27,
      1558.44,
      1313.09,
      1675.12,
      902.35,
      1303.84,
      1535.57,
      1342.79,
      1937.0,
      1416.66,
      1663.08,
      1220.11,
      1484.94,
      1171.62,
      1619.78,
      1192.55,
      1797.99,
      1584.9099999999999,
      1768.01,
      1711.22,
      1698.26,
      1360.58,
      1421.66,
      1494.3,
      1352.8799999999999,
      1465.53,
      1234.78,
      1819.24,
      1111.99,
      1315.72,
      1529.09,
      851.44,
      1034.87,
      1212.5,
      838.63,
      1100.0,
      963.17,
      1400.7,
      1088.73,
      779.39,
      855.26,
      655.39,
      979.14,
      972.3299999999999,
      735.71,
      712.37,
      932.59,
      1201.1399999999999,
      878.86,
      721.12,
      585.8199999999999,
      863.74,
      615.74,
      795.97,
      628.39,
      367.16999999999996,
      713.0,
      1205.21,
      691.6800000000001,
      732.73,
      827.03,
      168.08,
      386.16,
      516.62,
      515.6,
      294.28999999999996,
      506.03,
      469.27,
      475.43,
      208.41,
      515.5,
      337.28999999999996,
      738.5799999999999,
      676.4100000000001,
      552.98,
      583.74,
      1117.46,
      879.96,
      790.72,
      1011.91,
      875.0,
      957.8299999999999,
      541.0,
      387.97,
      267.25,
      577.33,
      648.0,
      355.53999999999996,
      472.65999999999997,
      709.9300000000001,
      611.71,
      640.5,
      758.02,
      614.86,
      197.63,
      56.08,
      183.15,
      155.72,
      179.03,
      181.57,
      117.1,
      91.05,
      368.57,
      409.4,
      458.2,
      320.24,
      293.86,
      497.78,
      500.87,
      435.63,
      816.1800000000001,
      588.79,
      409.01,
      599.0,
      744.0,
      268.53,
      412.91,
      255.31,
      641.78,
      102.83,
      390.59,
      231.32,
      392.55,
      361.81,
      80.89,
      625.15,
      271.15,
      373.47,
      577.21,
      308.48,
      379.94,
      514.0,
      474.02000000000004,
      624.9200000000001,
      473.19,
      428.26,
      464.64,
      421.33,
      770.01,
      437.88,
      822.05,
      759.01,
      868.47,
      767.77,
      876.56,
      784.9300000000001,
      614.65,
      703.02,
      557.03,
      428.55,
      512.81,
      461.29999999999995,
      222.19,
      328.12,
      378.27,
      586.1,
      547.91,
      261.15,
      489.65,
      481.15,
      270.23,
      238.65,
      388.31,
      213.79,
      63.66,
      175.0,
      230.63,
      606.59,
      418.0,
      306.49,
      139.62,
      18.6,
      229.06,
      251.0,
      218.69
    ],
    "stopping_reason": "max_candidates",
    "operations": {
      "candidate_generation": 410,
      "feasibility_check": 400,
      "weight_evaluation": 400
    }
  }
}