{
  "graph": "graph_n20_d50_adj_matrix",
  "algorithm": "random",
  "result": {
    "graph_name": "graph_n20_d50_adj_matrix",
    "algorithm": "random",
    "best_weight": 2949.66,
    "best_matching": [
      2,
      19,
      21,
      53,
      56,
      65,
      69,
      79,
      89
    ],
    "runtime": 0.012327218000791618,
    "candidates": 400,
    "improvements": 5,
    "duplicates": 92,
    "infeasible": 0,
    "size_history": {
      "10": 19,
      "9": 97,
      "8": 47,
      "7": 36,
      "6": 42,
      "5": 32,
      "4": 14,
      "3": 9,
      "2": 24,
      "1": 80
    },
    "weight_history": [
      2339.71,
      2234.08,
      1905.6299999999999,
      2655.18,
      2515.36,
      2078.11,
      2065.2,
      1986.53,
      2582.3,
      1897.61,
      2581.07,
      2380.24,
      2137.09,
      2211.45,
      1817.54,
      2123.57,
      2252.83,
      1920.29,
      2138.35,
      2309.72,
      2247.39,
      2371.34,
      1935.38,
      2068.67,
      2371.02,
      1843.1,
      2024.76,
      2143.04,
      1646.26,
      1892.0,
      2090.9,
      1736.82,
      1938.24,
      2054.69,
      1530.98,
      1980.51,
      1671.6100000000001,
      1641.09,
      1673.52,
      1912.1299999999999,
      1625.6299999999999,
      2143.36,
      2080.66,
      1590.9,
      2031.3600000000001,
      2321.37,
      2011.8,
      2000.78,
      2199.06,
      1131.92,
      1985.0,
      2174.7400000000002,
      2131.77,
      1960.6200000000001,
      2279.91,
      2630.9500000000003,
      2862.82,
      2148.19,
      2612.66,
      2160.98,
      2468.02,
      2335.18,
      2185.98,
      2299.29,
      2835.91,
      1956.3600000000001,
      2495.13,
      2839.83,
      2166.2599999999998,
      2285.11,
      2526.4,
      2435.5499999999997,
      2117.2799999999997,
      2255.99,
      2228.06,
      2653.02,
      2314.7400000000002,
      2594.41,
      2699.26,
      2393.35,
      1623.06,
      2341.27,
      2182.71,
      1944.66,
      2021.54,
      2719.51,
      2488.56,
      1469.61,
      2259.74,
      2277.1,
      2312.07,
      2353.04,
      2308.56,
      2007.3600000000001,
      1943.67,
      2552.52,
      2387.22,
      2231.44,
      2273.57,
      2202.2799999999997,
      1929.11,
      2478.01,
      2435.44,
      2300.0299999999997,
      2293.91,
      2634.57,
      2183.45,
      1730.72,
      1583.8700000000001,
      2309.44,
      1968.28,
      2885.64,
      2489.76,
      2140.23,
      2507.13,
      1825.1299999999999,
      2294.37,
      2087.72,
      1982.49,
      2352.54,
      1913.99,
      1608.2,
      1923.87,
      2075.46,
      1894.6399999999999,
      1844.71,
      2044.94,
      2239.31,
      2120.35,
      1697.77,
      1796.62,
      1705.01,
      2709.37,
      2051.65,
      1992.56,
      2111.72,
      2660.66,
      2949.66,
      2361.14,
      1766.26,
      2530.0,
      1697.25,
      2496.84,
      1770.3700000000001,
      2170.7,
      2433.59,
      1644.31,
      2598.7200000000003,
      2165.77,
      2293.9,
      2053.1,
      2395.69,
      2152.66,
      1993.98,
      2243.31,
      1671.27,
      2476.84,
      2597.21,
      1753.27,
      2183.36,
      2825.7599999999998,
      2388.09,
      2033.95,
      2037.23,
      1573.86,
      1769.52,
      2134.0,
      1996.09,
      2170.98,
      2015.15,
      1462.49,
      2119.9900000000002,
      2282.58,
      1994.48,
      1994.68,
      1657.23,
      1792.57,
      1444.91,
      1507.26,
      1589.39,
      1994.75,
      1987.16,
      1811.5,
      1737.15,
      1678.03,
      1509.56,
      1837.3400000000001,
      1348.07,
      1246.43,
      1107.95,
      1505.08,
      1855.8799999999999,
      1403.03,
      1315.57,
      1505.4,
      1508.2,
      1569.92,
      1219.37,
      1701.6,
      1484.63,
      1505.29,
      1836.05,
      1257.1100000000001,
      2071.99,
      2117.07,
      1617.72,
      1608.55,
      1782.71,
      1666.42,
      1817.95,
      1881.13,
      1696.0,
      1677.49,
      1481.33,
      1519.24,
      1977.2,
      1453.53,
      1101.15,
      1118.42,
      1174.66,
      1585.34,
      1236.93,
      981.51,
      1163.46,
      1258.71,
      1268.61,
      1045.49,
      882.41,
      1400.54,
      1051.02,
      1303.08,
      1513.98,
      1731.72,
      1678.27,
      1394.6,
      1672.15,
      814.83,
      1160.09,
      1543.34,
      1495.32,
      1618.85,
      1523.06,
      1367.43,
      1312.8899999999999,
      1360.93,
      1321.06,
      1066.25,
      917.1,
      1132.71,
      1233.82,
      1218.23,
      1371.11,
      784.76,
      1415.85,
      1259.07,
      1219.79,
      1957.52,
      1708.88,
      1538.77,
      1472.8,
      1106.25,
      1364.42,
      1645.34,
      1587.0900000000001,
      1363.17,
      1212.1399999999999,
      949.03,
      1507.92,
      788.12,
      1346.72,
      1283.01,
      1162.21,
      1092.61,
      603.26,
      1103.91,
      1174.51,
      1086.42,
      612.25,
      729.33,
      1229.18,
      1139.21,
      795.28,
      1352.21,
      1044.02,
      934.3,
      1422.37,
      949.47,
      1192.6399999999999,
      551.87,
      841.6500000000001,
      445.65,
      878.75,
      586.7,
      945.54,
      599.44,
      1021.11,
      721.33,
      296.83,
      534.2,
      480.31,
      310.07000000000005,
      220.74,
      309.89,
      396.04999999999995,
      540.54,
      684.35,
      507.4,
      455.76,
      397.64,
      429.96,
      131.03,
      197.23,
      215.65,
      229.16,
      406.0,
      314.2,
      75.96,
      168.93,
      226.38,
      453.2,
      190.62,
      675.44,
      480.14,
      349.7,
      509.1,
      353.49,
      496.88,
      463.51,
      356.46,
      311.21,
      383.6,
      229.58,
      488.8,
      365.92,
      284.04,
      117.35,
      334.34,
      149.62,
      210.24,
      363.72,
      161.97,
      338.79,
      179.51,
      168.08,
      209.88,
      353.99,
      381.88,
      279.79,
      298.0,
      65.22,
      126.59,
      96.69,
      187.76,
      262.09,
      133.06,
      211.99,
      215.26,
      361.9,
      306.8,
      101.4,
      370.39,
      429.96,
      315.6,
      259.77,
      285.24,
      352.09,
      229.69,
      139.22,
      138.71,
      456.28,
      197.44,
      265.05,
      122.8,
      314.99,
      141.99,
      256.81,
      117.18,
      369.04,
      261.84,
      296.12,
      317.92,
      326.66,
      425.07,
      32.98,
      278.35,
      546.71,
      140.77,
      103.32,
      250.59,
      146.51,
      430.69,
      226.9,
      659.65,
      163.38,
      243.19,
      144.59,
      259.68,
      360.09,
      175.73,
      250.23
    ],
    "stopping_reason": "max_candidates",
    "operations": {
      "candidate_generation": 492,
      "feasibility_check": 400,
      "weight_evaluation": 400
    }
  }
}