{
  "graph": "graph_n12_d50_adj_matrix",
  "algorithm": "local",
  "result": {
    "graph_name": "graph_n12_d50_adj_matrix",
    "algorithm": "local",
    "best_weight": 1974.08,
    "best_matching": [
      3,
      12,
      15,
      17,
      18,
      30
    ],
    "runtime": 2.0023794640001142,
    "candidates": 54,
    "improvements": 2,
    "duplicates": 788,
    "infeasible": 0,
    "size_history": {
      "6": 24,
      "5": 30
    },
    "weight_history": [
      1970.23,
      1809.54,
      1974.08,
      1801.56,
      1706.93,
      1964.84,
      1962.74,
      1782.94,
      1830.63,
      1826.78,
      1793.22,
      1799.13,
      1769.28,
      1797.38,
      1837.49,
      1797.71,
      1798.8000000000002,
      1835.39,
      1701.47,
      1741.72,
      1739.6200000000001,
      1791.02,
      1761.42,
      1729.43,
      1781.19,
      1781.78,
      1777.1200000000001,
      1706.17,
      1736.72,
      1694.37,
      1700.21,
      1769.13,
      1748.33,
      1762.1100000000001,
      1722.8200000000002,
      1771.23,
      1713.73,
      1795.1200000000001,
      1744.48,
      1745.94,
      1754.21,
      1736.92,
      1692.27,
      1747.52,
      1704.43,
      1754.8600000000001,
      1705.1200000000001,
      1690.97,
      1752.46,
      1696.3600000000001,
      1758.54,
      1708.19,
      1710.14,
      1656.51
    ],
    "stopping_reason": "time_limit",
    "operations": {
      "candidate_generation": 842,
      "feasibility_check": 54,
      "weight_evaluation": 54
    }
  }
}