{
  "graph": "graph_n19_d25_adj_matrix",
  "algorithm": "greedy",
  "result": {
    "graph_name": "graph_n19_d25_adj_matrix",
    "algorithm": "greedy",
    "best_weight": 2678.11,
    "best_matching": [
      0,
      9,
      13,
      16,
      18,
      23,
      38,
      40
    ],
    "runtime": 2.000053090001529,
    "candidates": 250,
    "improvements": 4,
    "duplicates": 136492,
    "infeasible": 0,
    "size_history": {
      "8": 19,
      "7": 32,
      "6": 37,
      "5": 62,
      "9": 1,
      "4": 68,
      "3": 28,
      "2": 3
    },
    "weight_history": [
      2505.42,
      2504.84,
      2559.7,
      2475.51,
      2593.17,
      2678.11,
      2436.1,
      2397.59,
      2419.9,
      2420.86,
      2506.63,
      2344.52,
      2465.49,
      2470.58,
      2297.31,
      2466.91,
      2516.0,
      2484.76,
      2421.4900000000002,
      2352.17,
      2294.04,
      2629.02,
      2272.31,
      2135.2000000000003,
      2100.69,
      2001.55,
      2190.06,
      2303.55,
      1947.97,
      2131.93,
      2185.45,
      2107.62,
      2259.38,
      2313.4,
      2342.73,
      2439.34,
      2313.28,
      2282.44,
      2292.2200000000003,
      2325.16,
      2247.76,
      2293.92,
      2096.5,
      2397.9,
      2646.87,
      2523.27,
      2256.52,
      2627.6,
      2383.4700000000003,
      2677.1,
      2475.39,
      2432.34,
      2366.37,
      2444.27,
      2283.05,
      2163.66,
      2254.46,
      2282.16,
      2162.34,
      2323.37,
      2175.94,
      2320.07,
      2301.47,
      2308.4700000000003,
      2270.23,
      2209.08,
      2161.26,
      2163.05,
      2131.81,
      2185.14,
      1940.42,
      2159.17,
      2115.84,
      2277.23,
      2013.8300000000002,
      2253.04,
      2101.77,
      1642.3200000000002,
      1997.06,
      1953.73,
      1965.82,
      1924.4,
      1948.81,
      1946.72,
      1652.51,
      1919.48,
      1963.92,
      1959.0,
      2066.19,
      2130.28,
      2110.75,
      1951.64,
      2039.89,
      2106.69,
      2120.94,
      2108.66,
      2093.53,
      2089.21,
      1931.42,
      1883.17,
      1888.0900000000001,
      1881.68,
      1813.84,
      1935.5,
      1888.24,
      1604.51,
      1893.16,
      1894.91,
      1898.3000000000002,
      1896.21,
      1640.23,
      1623.18,
      1256.16,
      1629.01,
      1591.94,
      1612.99,
      1581.75,
      1570.27,
      1573.27,
      1266.35,
      1586.8700000000001,
      1865.5,
      1868.97,
      1894.8899999999999,
      1903.35,
      1853.8400000000001,
      1832.3600000000001,
      1934.5900000000001,
      1876.76,
      1908.49,
      1879.16,
      1795.99,
      1557.54,
      1249.77,
      1538.59,
      1560.32,
      1576.68,
      1542.06,
      1507.35,
      1493.17,
      1247.68,
      1583.5,
      1574.5900000000001,
      1255.13,
      1220.44,
      1230.63,
      1244.94,
      852.39,
      1197.3400000000001,
      1259.96,
      1236.46,
      1189.2,
      1215.45,
      1164.71,
      1178.67,
      1556.35,
      1505.45,
      1569.3,
      1547.35,
      1558.08,
      1495.87,
      1215.77,
      1497.45,
      1573.31,
      1508.67,
      1827.44,
      1820.08,
      1929.67,
      2242.83,
      1881.08,
      1877.04,
      1845.08,
      1879.8000000000002,
      1926.13,
      1893.3600000000001,
      2066.29,
      1552.25,
      1512.5700000000002,
      1566.54,
      1551.43,
      1571.39,
      1581.58,
      1563.37,
      1510.82,
      1500.53,
      1477.03,
      1500.92,
      1884.99,
      1898.2800000000002,
      2120.33,
      1886.0,
      1884.72,
      1815.16,
      1878.96,
      1858.76,
      1889.99,
      1800.91,
      1749.47,
      1517.8600000000001,
      1571.22,
      1504.63,
      1577.76,
      1520.95,
      1174.01,
      1488.25,
      1491.62,
      1567.5700000000002,
      1512.14,
      1489.5,
      1818.76,
      2171.99,
      1864.03,
      1850.0,
      1874.78,
      1839.48,
      1898.43,
      1803.03,
      2100.95,
      1826.25,
      1802.36,
      1521.01,
      1439.96,
      1499.34,
      1490.71,
      1203.49,
      1561.62,
      1451.94,
      1511.1100000000001,
      1507.67,
      1433.4,
      1481.95,
      863.61,
      1192.27,
      1180.76,
      1186.44,
      1194.04,
      1189.49,
      1179.3,
      873.8,
      1205.26,
      1203.17,
      1170.54,
      1522.33,
      1485.79,
      1434.98,
      1190.95,
      1500.9,
      1448.9,
      1476.12,
      1502.38
    ],
    "stopping_reason": "time_limit",
    "operations": {
      "candidate_generation": 136742,
      "feasibility_check": 250,
      "weight_evaluation": 250
    }
  }
}