{
  "graph": "graph_n20_d50_adj_matrix",
  "algorithm": "local",
  "result": {
    "graph_name": "graph_n20_d50_adj_matrix",
    "algorithm": "local",
    "best_weight": 3379.13,
    "best_matching": [
      3,
      15,
      25,
      42,
      43,
      53,
      57,
      79,
      83,
      89
    ],
    "runtime": 2.0008343779991264,
    "candidates": 297,
    "improvements": 4,
    "duplicates": 376,
    "infeasible": 0,
    "size_history": {
      "9": 71,
      "10": 27,
      "8": 42,
      "7": 44,
      "6": 45,
      "5": 44,
      "4": 24
    },
    "weight_history": [
      3270.62,
      3325.86,
      3181.51,
      3255.5,
      3124.58,
      3190.48,
      3014.31,
      3241.84,
      3189.54,
      3107.22,
      3157.31,
      2979.66,
      2980.96,
      3115.98,
      2752.33,
      2944.1,
      2839.47,
      2980.6,
      2905.37,
      2826.22,
      2927.5499999999997,
      2977.89,
      3177.17,
      3115.25,
      3139.06,
      3102.2599999999998,
      3198.15,
      3140.14,
      3264.02,
      3247.7999999999997,
      3206.25,
      3146.33,
      3164.12,
      3317.07,
      3316.13,
      3228.85,
      3245.24,
      3077.98,
      3250.63,
      3041.9,
      3347.9,
      3249.8,
      3324.79,
      3133.17,
      3230.49,
      3308.1,
      3314.21,
      3032.63,
      3295.0299999999997,
      3247.81,
      2995.18,
      3084.04,
      3136.09,
      3137.67,
      2989.14,
      3251.17,
      3266.73,
      3104.48,
      3113.99,
      3208.62,
      3205.23,
      3283.9,
      3257.25,
      3079.24,
      3272.18,
      3178.62,
      3170.53,
      3123.13,
      3041.87,
      3107.66,
      2978.25,
      3089.61,
      3090.88,
      3097.02,
      3081.36,
      3109.45,
      3123.64,
      2854.14,
      3029.19,
      2980.6,
      2970.24,
      2915.26,
      2972.57,
      2912.95,
      2742.25,
      2914.7,
      3028.83,
      2891.44,
      3018.77,
      3107.19,
      3155.42,
      3197.27,
      3149.04,
      3218.5099999999998,
      3122.83,
      3153.21,
      3028.23,
      3185.2,
      3142.9,
      3379.13,
      3248.92,
      3107.55,
      3314.31,
      3275.63,
      3011.6,
      3067.2,
      3182.4,
      3270.78,
      3200.37,
      3098.22,
      3248.96,
      3075.9,
      3200.58,
      3050.17,
      3137.43,
      3147.96,
      3123.21,
      3017.57,
      3062.59,
      2919.52,
      3280.96,
      2937.07,
      2975.3199999999997,
      3040.75,
      2895.0099999999998,
      3107.95,
      2765.96,
      2952.13,
      2904.34,
      2989.15,
      2943.33,
      2952.88,
      2760.36,
      2498.52,
      2768.01,
      2676.35,
      2672.14,
      2586.5499999999997,
      2708.76,
      2655.72,
      2717.82,
      2606.15,
      2690.14,
      3025.51,
      3027.7599999999998,
      2962.56,
      2921.15,
      2992.82,
      2930.2599999999998,
      2868.1,
      2962.21,
      2902.13,
      2888.15,
      3047.37,
      2373.19,
      2776.13,
      2696.06,
      2685.13,
      2753.05,
      2744.89,
      2668.32,
      2607.9,
      2818.95,
      2708.65,
      2770.72,
      2415.3,
      2480.41,
      2483.75,
      2423.29,
      2366.3,
      2464.92,
      2432.62,
      2450.09,
      2416.5299999999997,
      2390.55,
      2045.47,
      2740.0299999999997,
      2665.71,
      2654.0299999999997,
      2675.13,
      2801.15,
      2654.77,
      2485.1,
      2647.46,
      2778.91,
      2684.13,
      2694.46,
      2357.39,
      2416.0,
      2445.5299999999997,
      2452.8,
      2429.29,
      2381.5,
      2392.19,
      2428.3,
      2407.05,
      2116.64,
      2407.09,
      2046.96,
      2076.42,
      2128.13,
      2096.81,
      2060.62,
      2110.02,
      2070.92,
      2094.5299999999997,
      2074.08,
      2062.5,
      2129.48,
      1661.87,
      1740.98,
      1704.78,
      1718.27,
      1759.09,
      1639.24,
      1747.6,
      1693.19,
      1727.77,
      1681.6999999999998,
      1725.49,
      2023.03,
      2055.79,
      2050.74,
      2044.12,
      1697.6399999999999,
      2077.77,
      2066.68,
      2103.22,
      2088.01,
      2079.52,
      2077.01,
      2101.87,
      2416.49,
      2413.29,
      2447.4,
      2472.26,
      2397.62,
      2449.91,
      2068.21,
      2395.91,
      2392.93,
      2404.34,
      2652.45,
      2734.2200000000003,
      2803.02,
      2431.0099999999998,
      2746.79,
      2673.34,
      2727.19,
      2715.48,
      2657.2799999999997,
      2785.5299999999997,
      2876.14,
      2463.31,
      2429.93,
      2370.7799999999997,
      2428.12,
      2403.65,
      2391.88,
      2714.17,
      2426.18,
      2435.13,
      2451.72,
      2470.54,
      2077.99,
      2058.9,
      2422.35,
      2048.38,
      2111.37,
      2088.66,
      2045.6100000000001,
      2052.29,
      2035.54,
      1746.25,
      2075.17,
      1717.62,
      1731.11,
      1707.38,
      1725.71,
      1677.99,
      2013.62,
      1732.83,
      1714.22,
      1664.22,
      1675.08,
      1681.6999999999998,
      2059.3,
      1726.42,
      2050.35,
      2054.7,
      2039.47,
      2096.1,
      2029.83,
      2043.04,
      2415.14,
      2092.92,
      2059.47
    ],
    "stopping_reason": "time_limit",
    "operations": {
      "candidate_generation": 673,
      "feasibility_check": 297,
      "weight_evaluation": 297
    }
  }
}