{
  "graph": "graph_n19_d75_adj_matrix",
  "algorithm": "random",
  "result": {
    "graph_name": "graph_n19_d75_adj_matrix",
    "algorithm": "random",
    "best_weight": 2686.82,
    "best_matching": [
      2,
      22,
      36,
      49,
      60,
      73,
      84,
      109,
      120
    ],
    "runtime": 0.01331330300126865,
    "candidates": 400,
    "improvements": 8,
    "duplicates": 0,
    "infeasible": 0,
    "size_history": {
      "9": 184,
      "8": 94,
      "7": 72,
      "6": 39,
      "5": 10,
      "4": 1
    },
    "weight_history": [
      1850.3400000000001,
      1987.23,
      2442.77,
      2257.82,
      1814.45,
      2185.3,
      2266.28,
      2440.82,
      1841.1,
      2035.1,
      2159.61,
      2106.93,
      2175.22,
      1862.69,
      1636.24,
      1813.07,
      1699.52,
      2157.16,
      1724.39,
      1966.08,
      1538.07,
      1623.36,
      2224.04,
      2348.32,
      1869.81,
      2103.12,
      2234.58,
      2063.4,
      1908.18,
      1846.05,
      1700.54,
      2430.87,
      2058.12,
      2456.71,
      1619.31,
      1997.77,
      2212.93,
      2404.17,
      1384.58,
      2082.92,
      2250.17,
      2108.9300000000003,
      2042.48,
      2185.0,
      1982.57,
      1784.15,
      1933.82,
      2064.31,
      2225.9,
      1557.38,
      1471.58,
      1689.13,
      1843.68,
      2014.21,
      2085.0,
      2210.77,
      1650.43,
      2093.94,
      2232.06,
      1924.8200000000002,
      2265.32,
      2398.19,
      2024.05,
      2020.6299999999999,
      2008.06,
      2077.42,
      2103.77,
      2243.12,
      1631.02,
      1972.04,
      2298.53,
      1220.74,
      1787.26,
      1929.23,
      2219.41,
      2083.2,
      2050.97,
      2125.87,
      2063.75,
      1752.42,
      1512.75,
      1445.8899999999999,
      2019.58,
      2056.75,
      1999.3,
      1726.36,
      1687.1,
      1237.6100000000001,
      1164.39,
      1191.19,
      1364.55,
      1590.02,
      1498.1100000000001,
      1641.62,
      847.24,
      1183.25,
      1555.06,
      1502.37,
      1530.73,
      1674.29,
      1233.78,
      1155.37,
      1539.45,
      1763.15,
      1948.52,
      1568.36,
      1985.4499999999998,
      1116.68,
      1871.99,
      1506.13,
      1652.42,
      2221.0,
      1501.93,
      1718.06,
      1962.73,
      1939.18,
      1817.44,
      1901.54,
      1614.71,
      1638.39,
      2152.8,
      1850.35,
      1880.48,
      2252.55,
      1812.65,
      2162.6,
      1683.18,
      2529.69,
      1801.0900000000001,
      1738.14,
      1608.51,
      2336.64,
      2154.2599999999998,
      2444.5699999999997,
      2192.92,
      2236.17,
      2045.54,
      2412.2000000000003,
      2038.69,
      1914.03,
      2321.09,
      2132.69,
      2039.03,
      2300.54,
      2288.23,
      1683.68,
      1908.86,
      2368.65,
      2138.2,
      1848.25,
      2074.12,
      2094.7400000000002,
      2218.21,
      2415.44,
      2089.18,
      2515.07,
      2616.9500000000003,
      1724.01,
      2200.75,
      1360.24,
      1813.32,
      1656.01,
      2344.32,
      1938.01,
      1943.71,
      1725.04,
      2517.34,
      2233.12,
      2402.27,
      1771.24,
      2083.46,
      1993.82,
      2002.14,
      2543.17,
      2642.35,
      2402.4900000000002,
      1615.81,
      2585.11,
      1847.72,
      1944.66,
      2051.53,
      2128.36,
      2102.94,
      1978.64,
      1876.92,
      1670.34,
      1447.0,
      2126.03,
      2365.61,
      1722.6100000000001,
      2568.34,
      2056.91,
      2340.8,
      2068.14,
      2217.37,
      2340.5,
      2251.54,
      2192.99,
      1916.01,
      2297.68,
      2518.49,
      1576.81,
      1911.25,
      2058.42,
      2049.59,
      2428.85,
      1801.51,
      2184.2,
      1964.82,
      1869.49,
      2157.83,
      1971.93,
      2037.7,
      2294.3,
      1597.3,
      2197.18,
      2258.82,
      1540.38,
      1542.52,
      1896.9299999999998,
      2165.95,
      2400.26,
      2130.0099999999998,
      2237.49,
      2319.91,
      2240.44,
      1736.33,
      2116.84,
      2003.03,
      2455.46,
      2125.83,
      2053.6,
      1690.5,
      2481.07,
      2317.16,
      1764.97,
      1890.85,
      2039.54,
      1726.87,
      2182.24,
      1880.92,
      1650.17,
      2686.82,
      1934.49,
      2339.39,
      1968.92,
      2398.01,
      2278.17,
      1899.51,
      2374.57,
      2168.02,
      2100.16,
      1500.86,
      1440.95,
      1887.11,
      2303.82,
      1714.23,
      1822.22,
      1617.22,
      1830.19,
      1576.5,
      1912.83,
      2224.17,
      1650.86,
      1968.19,
      1944.61,
      2071.49,
      2221.9,
      2414.19,
      1911.14,
      2444.13,
      2003.13,
      1587.74,
      2157.96,
      2210.37,
      2175.9700000000003,
      1663.55,
      2318.34,
      2165.37,
      2063.42,
      1562.81,
      2172.48,
      1760.68,
      2101.62,
      1782.59,
      1803.18,
      1511.97,
      1570.16,
      2010.75,
      1651.63,
      1652.81,
      1085.25,
      1822.75,
      1518.6599999999999,
      1745.45,
      1903.7,
      974.97,
      1831.6100000000001,
      1926.33,
      2299.33,
      1832.03,
      1437.18,
      1767.35,
      1779.77,
      1850.56,
      1973.63,
      1733.1100000000001,
      2035.24,
      2058.3,
      1800.51,
      1645.23,
      1458.74,
      1799.17,
      1949.45,
      1542.41,
      1520.02,
      1607.5,
      1118.49,
      1860.62,
      1235.1399999999999,
      1490.96,
      1273.44,
      1557.37,
      1259.79,
      1618.68,
      1208.9,
      1289.4,
      1699.5,
      1095.74,
      1956.53,
      1075.56,
      1426.44,
      926.41,
      1210.25,
      985.92,
      1493.57,
      1057.87,
      1128.12,
      936.6,
      992.88,
      1260.82,
      1805.05,
      1474.6,
      1622.91,
      1422.63,
      1568.23,
      1343.67,
      1397.32,
      1079.97,
      1423.07,
      1589.22,
      1386.06,
      1400.03,
      1560.0,
      1421.12,
      1358.84,
      1980.44,
      1375.79,
      1705.3700000000001,
      1870.0500000000002,
      1590.52,
      1857.1000000000001,
      1595.15,
      1233.29,
      1180.97,
      1711.92,
      1527.3799999999999,
      1292.57,
      1233.18,
      1400.93,
      1306.77,
      1574.04,
      1473.22,
      1458.79,
      1729.18,
      1919.07,
      1939.45,
      1860.34,
      1456.92,
      1084.2,
      1552.28,
      1125.77,
      1392.04,
      1824.71,
      1365.0900000000001,
      1755.02,
      1994.81,
      2114.25,
      2097.59,
      1679.8,
      1243.28,
      1740.3899999999999,
      2115.98,
      2021.3899999999999,
      1217.29,
      1460.31,
      2346.71,
      2400.27,
      2618.54,
      2097.27
    ],
    "stopping_reason": "max_candidates",
    "operations": {
      "candidate_generation": 400,
      "feasibility_check": 400,
      "weight_evaluation": 400
    }
  }
}