{
  "graph": "graph_n17_d75_adj_matrix",
  "algorithm": "greedy",
  "result": {
    "graph_name": "graph_n17_d75_adj_matrix",
    "algorithm": "greedy",
    "best_weight": 2809.13,
    "best_matching": [
      7,
      12,
      27,
      40,
      58,
      62,
      73,
      83
    ],
    "runtime": 2.0000400980006816,
    "candidates": 333,
    "improvements": 3,
    "duplicates": 63259,
    "infeasible": 0,
    "size_history": {
      "8": 234,
      "7": 64,
      "6": 22,
      "5": 11,
      "4": 2
    },
    "weight_history": [
      2752.38,
      2808.24,
      2604.83,
      2783.3199999999997,
      2753.27,
      2727.71,
      2703.39,
      2518.87,
      2795.84,
      2669.79,
      2731.23,
      2735.0,
      2539.62,
      2746.04,
      2697.05,
      2627.5699999999997,
      2789.5,
      2804.47,
      2666.02,
      2701.18,
      2748.41,
      2581.28,
      2701.9,
      2768.89,
      2705.13,
      2698.6,
      2798.13,
      2700.15,
      2441.92,
      2776.98,
      2707.68,
      2574.78,
      2640.88,
      2597.67,
      2515.5299999999997,
      2393.94,
      2527.5,
      2480.37,
      2560.39,
      2567.97,
      2525.8,
      2566.73,
      2524.61,
      2622.59,
      2741.81,
      2777.47,
      2773.7,
      2681.23,
      2771.7,
      2618.82,
      2801.9,
      2561.34,
      2551.23,
      2696.83,
      2647.22,
      2545.58,
      2387.6,
      2616.25,
      2537.92,
      2501.92,
      2603.85,
      2548.65,
      2414.61,
      2319.44,
      2522.0299999999997,
      2489.7999999999997,
      2313.1,
      2334.41,
      2363.0,
      2312.52,
      2062.47,
      2341.85,
      2333.22,
      2188.56,
      2368.29,
      2275.84,
      2326.27,
      1660.12,
      2067.76,
      2091.32,
      2063.36,
      2067.77,
      1975.31,
      2038.09,
      1667.32,
      1964.65,
      2028.81,
      1970.26,
      2356.66,
      2307.45,
      2273.21,
      2549.35,
      2309.67,
      2296.11,
      2361.95,
      2327.16,
      2345.62,
      2311.8,
      2093.41,
      2498.17,
      2610.19,
      2612.48,
      2579.59,
      2567.62,
      2497.55,
      2573.25,
      2542.31,
      2516.25,
      2517.74,
      2569.97,
      2515.6,
      2665.75,
      2495.58,
      2711.45,
      2696.69,
      2687.5699999999997,
      2678.35,
      2740.29,
      2677.63,
      2762.55,
      2666.66,
      2558.82,
      2546.54,
      2456.44,
      2591.33,
      2445.91,
      2473.05,
      2565.16,
      2501.77,
      2559.34,
      2484.14,
      2445.09,
      2622.21,
      2637.71,
      2660.17,
      2694.7799999999997,
      2775.47,
      2767.36,
      2509.57,
      2658.7,
      2576.32,
      2687.42,
      2809.13,
      2548.48,
      2665.04,
      2662.4700000000003,
      2671.85,
      2778.36,
      2650.84,
      2555.0,
      2727.77,
      2741.65,
      2721.52,
      2599.87,
      2636.69,
      2525.39,
      2556.5299999999997,
      2479.76,
      2653.1,
      2668.81,
      2675.45,
      2560.73,
      2651.79,
      2771.13,
      2471.22,
      2692.12,
      2674.34,
      2633.58,
      2627.2999999999997,
      2700.83,
      2686.5,
      2565.68,
      2683.2,
      2698.3,
      2704.16,
      2632.08,
      2648.8199999999997,
      2597.62,
      2675.08,
      2667.33,
      2746.93,
      2635.97,
      2709.46,
      2678.69,
      2687.07,
      2692.26,
      2649.4,
      2604.1,
      2662.5,
      2691.73,
      2703.92,
      2559.06,
      2552.57,
      2456.6,
      2550.19,
      2532.03,
      2593.27,
      2745.58,
      2696.94,
      2744.57,
      2665.22,
      2695.89,
      2592.02,
      2580.16,
      2637.2799999999997,
      2719.59,
      2538.06,
      2628.31,
      2630.14,
      2642.48,
      2511.92,
      2653.83,
      2619.08,
      2679.18,
      2769.04,
      2760.25,
      2644.35,
      2453.66,
      2651.68,
      2752.84,
      2720.63,
      2655.29,
      2648.3,
      2762.7,
      2610.4900000000002,
      2658.88,
      2463.81,
      2660.04,
      2642.12,
      2638.05,
      2568.29,
      2549.54,
      2628.65,
      2522.81,
      2717.33,
      2710.78,
      2678.32,
      2638.09,
      2468.12,
      2559.47,
      2663.87,
      2666.64,
      2725.29,
      2645.5499999999997,
      2724.86,
      2699.02,
      2802.79,
      2675.24,
      2480.15,
      2645.96,
      2788.88,
      2586.94,
      2682.26,
      2617.17,
      2601.43,
      2568.03,
      2649.71,
      2660.43,
      2522.24,
      2644.39,
      2740.0299999999997,
      2622.46,
      2516.49,
      2524.63,
      2598.98,
      2690.84,
      2544.55,
      2562.3,
      2648.79,
      2696.7799999999997,
      2772.02,
      2644.4700000000003,
      2412.04,
      2589.79,
      2536.75,
      2686.15,
      2685.91,
      2607.77,
      2580.55,
      2772.81,
      2606.64,
      2747.58,
      2578.62,
      2707.01,
      2630.96,
      2645.19,
      2600.2599999999998,
      2501.09,
      2584.44,
      2443.64,
      2611.89,
      2591.75,
      2519.8,
      2602.71,
      2705.11,
      2637.56,
      2627.71,
      2632.23,
      2590.08,
      2677.28,
      2562.19,
      2634.99,
      2478.22,
      2668.97,
      2646.76,
      2610.83,
      2575.29,
      2598.26,
      2683.95,
      2670.1,
      2466.33,
      2644.05,
      2686.56,
      2585.85,
      2664.21,
      2726.18,
      2603.59,
      2621.23,
      2619.31,
      2603.5299999999997,
      2590.59,
      2611.75,
      2626.65,
      2697.72,
      2698.55,
      2649.64,
      2456.21,
      2638.01,
      2599.63,
      2638.92,
      2565.89,
      2621.7400000000002,
      2571.52
    ],
    "stopping_reason": "time_limit",
    "operations": {
      "candidate_generation": 63592,
      "feasibility_check": 333,
      "weight_evaluation": 333
    }
  }
}