{
  "graph": "graph_n17_d50_adj_matrix",
  "algorithm": "random",
  "result": {
    "graph_name": "graph_n17_d50_adj_matrix",
    "algorithm": "random",
    "best_weight": 2396.49,
    "best_matching": [
      3,
      9,
      19,
      25,
      33,
      51,
      61,
      66
    ],
    "runtime": 2.0000379360008083,
    "candidates": 247,
    "improvements": 5,
    "duplicates": 120044,
    "infeasible": 0,
    "size_history": {
      "8": 28,
      "7": 27,
      "6": 22,
      "5": 21,
      "4": 14,
      "3": 22,
      "2": 45,
      "1": 68
    },
    "weight_history": [
      1633.64,
      1842.31,
      2113.15,
      1816.94,
      2255.32,
      1609.98,
      1930.81,
      2118.47,
      1717.34,
      1629.51,
      1754.0,
      2026.83,
      1969.27,
      1642.69,
      2088.8199999999997,
      1854.01,
      1508.78,
      1730.3,
      1683.18,
      1336.94,
      1906.79,
      1704.3,
      2251.54,
      2107.99,
      2063.14,
      1998.39,
      2007.73,
      1688.81,
      1614.35,
      1729.11,
      1645.34,
      1815.58,
      1677.8,
      1891.68,
      2396.49,
      1556.83,
      2131.45,
      2250.77,
      1945.31,
      1833.06,
      2150.53,
      2099.39,
      1556.29,
      2099.1,
      1698.96,
      1696.79,
      1831.61,
      1626.76,
      1333.7,
      1148.99,
      1998.3,
      1609.74,
      1365.09,
      1528.4099999999999,
      1917.74,
      1494.02,
      1163.43,
      2012.58,
      1151.39,
      1071.71,
      1535.75,
      1378.8899999999999,
      1231.96,
      1604.77,
      1190.82,
      1031.19,
      1280.3,
      973.3199999999999,
      1177.8899999999999,
      1120.2,
      944.38,
      1171.48,
      1162.8799999999999,
      803.95,
      997.25,
      1123.99,
      1289.26,
      1561.93,
      1628.88,
      1232.17,
      1318.12,
      1640.35,
      1317.43,
      1254.16,
      915.8,
      1049.07,
      1631.05,
      1277.87,
      1247.48,
      1220.85,
      1343.23,
      1118.16,
      1323.34,
      898.94,
      875.98,
      1493.79,
      1431.78,
      944.43,
      1511.1100000000001,
      616.98,
      979.44,
      1255.54,
      509.49,
      742.4399999999999,
      1030.62,
      1112.51,
      943.44,
      1053.1599999999999,
      736.95,
      966.46,
      625.41,
      534.51,
      795.75,
      899.48,
      975.88,
      798.8199999999999,
      626.73,
      604.77,
      953.62,
      924.6600000000001,
      806.65,
      630.5799999999999,
      509.68999999999994,
      130.68,
      686.74,
      175.33,
      755.5,
      650.3199999999999,
      680.9,
      596.17,
      520.68,
      342.87,
      885.14,
      1097.04,
      646.4100000000001,
      745.69,
      553.55,
      862.81,
      585.53,
      964.97,
      1025.45,
      468.02,
      539.0,
      374.55,
      636.24,
      433.53,
      407.34000000000003,
      236.76999999999998,
      666.29,
      647.24,
      594.74,
      243.11,
      367.9,
      553.72,
      588.71,
      198.15,
      145.79,
      130.61,
      307.03,
      173.53,
      65.92,
      141.0,
      214.02,
      338.57,
      354.54,
      566.81,
      569.44,
      408.05999999999995,
      768.41,
      642.72,
      559.38,
      768.65,
      631.94,
      187.63,
      438.02,
      661.47,
      372.19,
      324.91,
      358.79,
      153.83,
      133.0,
      355.65,
      63.07,
      166.88,
      172.59,
      185.65,
      284.19,
      549.42,
      429.84000000000003,
      607.56,
      503.35,
      512.43,
      243.85,
      348.45000000000005,
      564.55,
      688.81,
      565.11,
      544.94,
      166.82,
      199.46,
      132.85,
      250.53,
      201.02,
      248.45,
      156.78,
      158.9,
      20.81,
      226.11,
      240.8,
      288.67,
      369.93,
      413.0,
      150.22,
      233.19,
      194.62,
      273.06,
      76.97,
      128.76,
      84.21,
      363.9,
      396.71,
      360.9,
      458.63,
      177.23,
      308.51,
      143.41,
      505.02,
      170.85,
      290.99,
      269.53,
      44.72,
      355.42,
      206.32,
      311.75,
      286.23,
      288.18,
      139.74,
      134.97,
      203.73,
      280.59,
      463.76,
      85.96,
      108.63,
      300.53,
      331.09,
      772.27,
      212.0
    ],
    "stopping_reason": "time_limit",
    "operations": {
      "candidate_generation": 120291,
      "feasibility_check": 247,
      "weight_evaluation": 247
    }
  }
}