{
  "graph": "graph_n16_d50_adj_matrix",
  "algorithm": "random",
  "result": {
    "graph_name": "graph_n16_d50_adj_matrix",
    "algorithm": "random",
    "best_weight": 2836.13,
    "best_matching": [
      0,
      14,
      25,
      29,
      38,
      42,
      44,
      55
    ],
    "runtime": 0.007741473000351107,
    "candidates": 400,
    "improvements": 4,
    "duplicates": 1,
    "infeasible": 0,
    "size_history": {
      "7": 237,
      "6": 56,
      "5": 15,
      "8": 91,
      "4": 1
    },
    "weight_history": [
      2052.48,
      2003.38,
      1977.17,
      2264.11,
      1796.73,
      1580.91,
      1872.8600000000001,
      2021.02,
      1796.95,
      1864.28,
      1797.26,
      1324.2,
      1963.12,
      2041.76,
      1429.18,
      1736.53,
      1807.22,
      1823.76,
      1073.7,
      1705.6,
      2193.06,
      1466.55,
      2134.93,
      1934.06,
      1796.88,
      1365.19,
      1769.95,
      2141.65,
      2590.73,
      2075.11,
      1696.58,
      2222.56,
      1527.42,
      1569.1100000000001,
      2377.28,
      1595.6,
      1925.47,
      1807.22,
      1980.45,
      1244.44,
      1773.61,
      2034.35,
      1947.19,
      1793.36,
      2142.03,
      1959.89,
      2231.42,
      2238.71,
      2377.8,
      2280.98,
      1205.23,
      1405.32,
      2092.22,
      1935.25,
      1633.23,
      1851.65,
      1850.45,
      1867.99,
      2198.92,
      2836.13,
      1952.72,
      1833.38,
      2450.09,
      1812.68,
      2527.47,
      1847.6200000000001,
      1675.94,
      1681.5800000000002,
      2056.99,
      2324.06,
      2136.63,
      1710.52,
      1760.77,
      1686.5800000000002,
      1625.71,
      1786.82,
      1784.98,
      1529.34,
      1575.18,
      1602.1299999999999,
      1098.71,
      1486.96,
      1557.29,
      1701.25,
      1503.8400000000001,
      1360.36,
      1840.17,
      1250.96,
      1677.84,
      1343.4,
      1632.02,
      1154.9299999999998,
      1028.2,
      1470.46,
      1342.51,
      1097.1000000000001,
      1173.88,
      1397.74,
      910.27,
      950.24,
      1762.3600000000001,
      1883.55,
      1585.7,
      1409.1,
      1990.11,
      1591.8,
      1449.47,
      2082.18,
      1165.89,
      1625.56,
      1945.2,
      1938.01,
      1713.92,
      1639.35,
      1816.77,
      1630.18,
      1856.04,
      2238.59,
      1797.48,
      2011.96,
      2243.83,
      1807.49,
      1613.55,
      1477.8700000000001,
      2075.58,
      1591.67,
      1772.01,
      1549.57,
      1651.3799999999999,
      1704.25,
      1743.27,
      1297.83,
      1908.1299999999999,
      2092.71,
      2043.89,
      2103.78,
      1685.57,
      1744.04,
      1260.06,
      1968.48,
      2321.75,
      2223.03,
      1728.91,
      2003.18,
      1371.07,
      1379.99,
      1572.75,
      1466.53,
      1920.35,
      1604.21,
      1497.67,
      1885.79,
      1311.64,
      1518.51,
      1971.0,
      2405.96,
      1735.06,
      2448.72,
      1911.95,
      1823.91,
      1794.14,
      1635.69,
      1856.5,
      2031.91,
      2130.4700000000003,
      2479.66,
      1915.15,
      2086.89,
      2608.2400000000002,
      2227.12,
      2460.2200000000003,
      2192.05,
      1594.73,
      1762.45,
      2142.7200000000003,
      1755.82,
      2154.79,
      2028.19,
      1869.26,
      1966.98,
      2004.8600000000001,
      1622.93,
      1796.6599999999999,
      2116.28,
      1888.63,
      1906.38,
      1885.76,
      2117.73,
      1637.18,
      1669.02,
      2154.05,
      2622.69,
      1803.52,
      2402.92,
      1817.1,
      1739.49,
      1864.51,
      2468.62,
      1873.65,
      2235.64,
      2312.64,
      1811.1,
      1621.15,
      1922.81,
      1960.01,
      2167.66,
      2488.18,
      2127.98,
      1864.52,
      1311.3799999999999,
      1785.38,
      1998.97,
      1437.39,
      1722.6100000000001,
      2536.8,
      1836.42,
      2308.02,
      1548.55,
      1731.71,
      2436.44,
      1978.53,
      1531.24,
      2026.1200000000001,
      1895.75,
      1817.43,
      2285.93,
      1899.06,
      1886.6000000000001,
      2006.74,
      1460.2,
      2630.93,
      2555.78,
      1994.53,
      1885.82,
      1486.83,
      2143.35,
      2134.93,
      1559.14,
      1422.51,
      2056.95,
      1561.03,
      2229.38,
      2020.85,
      1759.66,
      1744.81,
      2397.39,
      1463.36,
      1721.04,
      1861.8799999999999,
      1695.17,
      2267.1,
      2208.59,
      2311.96,
      2351.16,
      2311.9,
      2195.49,
      1343.01,
      1919.03,
      1955.6399999999999,
      1421.07,
      1564.06,
      2596.88,
      2067.76,
      1676.6,
      1876.04,
      2182.91,
      1719.1100000000001,
      1590.79,
      1527.3799999999999,
      1869.23,
      2038.58,
      1764.5,
      2279.48,
      2151.94,
      2229.54,
      1980.22,
      2003.96,
      2297.42,
      1848.79,
      1193.81,
      2203.44,
      2659.2,
      1932.68,
      2199.97,
      2164.7,
      1861.29,
      2026.44,
      1758.35,
      2359.03,
      2466.98,
      2076.14,
      1769.96,
      1786.28,
      1109.95,
      1986.25,
      2175.55,
      2120.42,
      1639.39,
      2058.05,
      1884.67,
      1908.8400000000001,
      2377.8,
      1981.28,
      1758.33,
      2262.8,
      2188.21,
      2156.42,
      1935.07,
      2391.18,
      2417.26,
      2194.9,
      1766.57,
      1762.23,
      2014.65,
      2137.42,
      1288.6599999999999,
      1689.26,
      1896.56,
      1952.19,
      2124.2200000000003,
      2242.71,
      2120.39,
      1994.95,
      2250.25,
      1932.66,
      2469.34,
      1957.55,
      2294.9900000000002,
      1921.97,
      2082.91,
      1862.1100000000001,
      1991.39,
      2159.9,
      1682.76,
      2106.38,
      2035.61,
      1690.8799999999999,
      1638.06,
      2484.68,
      1817.21,
      1789.55,
      1706.77,
      2058.15,
      2085.31,
      2182.45,
      2569.32,
      1939.09,
      1910.71,
      2437.94,
      1465.74,
      2300.23,
      1657.3600000000001,
      1923.69,
      2024.06,
      2085.77,
      2085.16,
      1906.3700000000001,
      2508.33,
      1807.33,
      2213.41,
      2032.88,
      1620.94,
      1836.51,
      1799.68,
      1928.31,
      1882.71,
      1929.44,
      1891.73,
      1689.29,
      2531.81,
      1849.6299999999999,
      1727.22,
      1619.1399999999999,
      1812.25,
      1755.8700000000001,
      1894.8500000000001,
      2021.64,
      1954.15,
      1543.27,
      2022.66,
      2325.17,
      2054.2,
      1536.65,
      2473.94,
      1641.7,
      1971.44,
      2094.55,
      2151.76,
      1938.41,
      2136.9,
      1793.1,
      1991.15,
      1835.46,
      2353.46,
      1923.03,
      2292.5,
      1826.64,
      2153.13,
      1971.55,
      2212.88
    ],
    "stopping_reason": "max_candidates",
    "operations": {
      "candidate_generation": 401,
      "feasibility_check": 400,
      "weight_evaluation": 400
    }
  }
}