{
  "graph": "graph_n17_d25_adj_matrix",
  "algorithm": "random",
  "result": {
    "graph_name": "graph_n17_d25_adj_matrix",
    "algorithm": "random",
    "best_weight": 2315.15,
    "best_matching": [
      1,
      6,
      8,
      18,
      23,
      27,
      30,
      31
    ],
    "runtime": 0.005684076999386889,
    "candidates": 400,
    "improvements": 7,
    "duplicates": 7,
    "infeasible": 0,
    "size_history": {
      "8": 41,
      "7": 128,
      "6": 76,
      "5": 44,
      "4": 43,
      "3": 43,
      "2": 24,
      "1": 1
    },
    "weight_history": [
      1869.25,
      1708.28,
      1504.5,
      2028.08,
      1920.17,
      2036.74,
      1295.96,
      1148.68,
      1639.53,
      1876.08,
      1393.18,
      1941.66,
      1953.9,
      2050.5,
      1653.42,
      1813.77,
      1795.72,
      1620.22,
      1631.2,
      1636.09,
      1889.58,
      1342.79,
      1669.02,
      1790.01,
      2221.58,
      1474.63,
      1799.29,
      1894.6599999999999,
      1354.51,
      1618.03,
      1474.71,
      2167.72,
      1394.8899999999999,
      1649.79,
      1772.83,
      1531.07,
      1689.94,
      2084.59,
      1828.65,
      1413.91,
      1473.12,
      1462.37,
      1887.43,
      2247.2,
      2179.82,
      1825.39,
      1770.17,
      1700.45,
      2114.57,
      1650.83,
      1626.4,
      1360.39,
      2133.62,
      1503.89,
      1646.78,
      1815.62,
      1802.11,
      1931.12,
      1678.52,
      2029.65,
      1701.22,
      2241.49,
      1604.44,
      2173.33,
      2041.44,
      1772.8,
      1769.05,
      1527.25,
      1648.81,
      1337.8899999999999,
      1636.81,
      1321.62,
      1887.96,
      2027.79,
      1407.8899999999999,
      1734.8,
      2164.26,
      1817.76,
      1438.97,
      1672.71,
      1860.1399999999999,
      1679.42,
      2135.46,
      2315.15,
      2092.66,
      1920.03,
      1406.55,
      1829.65,
      1370.68,
      2065.2599999999998,
      1435.15,
      1300.77,
      1845.81,
      1721.35,
      1602.56,
      1884.26,
      1907.57,
      1357.92,
      1930.18,
      1779.24,
      1370.82,
      1606.66,
      1240.81,
      1529.33,
      1134.46,
      1387.09,
      1772.55,
      1592.56,
      1506.92,
      1480.1399999999999,
      1526.81,
      2142.97,
      1398.56,
      1524.79,
      1469.36,
      1571.81,
      1807.74,
      1774.27,
      1807.84,
      1794.01,
      1280.1,
      1310.87,
      1521.33,
      1737.88,
      1510.06,
      1237.04,
      1503.81,
      1385.04,
      1041.68,
      1750.02,
      1298.73,
      1679.38,
      1832.69,
      1804.97,
      1770.97,
      1426.57,
      1605.17,
      1404.51,
      1355.96,
      1716.81,
      1603.69,
      1686.95,
      1803.54,
      1454.85,
      1534.96,
      2106.69,
      1250.78,
      1273.55,
      1914.21,
      1432.78,
      1415.98,
      1746.44,
      1553.22,
      1564.95,
      1625.23,
      2127.05,
      1530.1599999999999,
      1521.31,
      1422.26,
      1670.02,
      1574.53,
      1271.6,
      1513.36,
      1391.15,
      1671.9,
      1796.61,
      1453.09,
      1490.22,
      1839.12,
      2252.81,
      1670.82,
      1549.55,
      1691.1299999999999,
      2003.1100000000001,
      1578.06,
      1696.56,
      1422.07,
      1720.72,
      1405.2,
      1598.2,
      1585.83,
      1168.22,
      1277.7,
      1854.3600000000001,
      1258.09,
      1244.79,
      1365.8899999999999,
      1329.79,
      1391.04,
      1680.83,
      1623.3899999999999,
      1515.49,
      1211.19,
      1544.65,
      1635.74,
      1243.11,
      1179.95,
      1718.78,
      951.2,
      1122.46,
      1290.8,
      946.34,
      1137.24,
      1610.99,
      1380.6,
      941.11,
      1533.33,
      873.03,
      1189.53,
      1206.58,
      1366.0900000000001,
      1263.63,
      1637.54,
      1578.08,
      1580.57,
      1319.23,
      1758.56,
      1269.81,
      1595.79,
      1279.06,
      1785.98,
      1851.7,
      1686.76,
      1734.18,
      1876.24,
      1438.84,
      1663.81,
      1804.48,
      1232.77,
      1893.49,
      1638.07,
      1157.75,
      1041.36,
      1346.85,
      1548.97,
      1021.1999999999999,
      1599.07,
      1213.6299999999999,
      1394.11,
      1619.69,
      1202.89,
      1066.4,
      853.43,
      1034.8,
      1010.85,
      1022.6099999999999,
      1228.41,
      1442.57,
      1055.2,
      1032.6399999999999,
      1325.69,
      949.21,
      1022.3,
      995.22,
      812.1800000000001,
      971.19,
      829.41,
      930.85,
      819.71,
      1475.77,
      714.1,
      1490.27,
      862.37,
      1234.34,
      719.4,
      1106.21,
      1217.49,
      1283.66,
      883.71,
      1427.98,
      1205.84,
      1255.75,
      1180.12,
      1425.71,
      1053.5,
      895.6999999999999,
      1209.24,
      669.6800000000001,
      786.5699999999999,
      992.38,
      755.52,
      1258.6100000000001,
      882.77,
      939.22,
      1196.83,
      1057.43,
      837.97,
      687.88,
      642.66,
      705.28,
      307.26,
      750.75,
      804.73,
      665.26,
      410.65,
      525.6,
      674.5,
      559.03,
      325.36,
      472.94000000000005,
      389.85,
      70.66,
      719.69,
      351.86,
      334.39,
      316.6,
      556.21,
      576.6600000000001,
      303.53999999999996,
      748.4,
      625.02,
      660.98,
      584.9200000000001,
      507.92,
      871.86,
      1115.04,
      804.3199999999999,
      900.04,
      824.4100000000001,
      467.02,
      572.9,
      383.24,
      241.51,
      214.06,
      550.51,
      813.8399999999999,
      564.89,
      377.16999999999996,
      517.91,
      776.53,
      728.8299999999999,
      808.03,
      531.9200000000001,
      427.67999999999995,
      1023.12,
      663.69,
      583.27,
      889.43,
      648.87,
      817.97,
      715.38,
      759.21,
      633.61,
      574.5699999999999,
      822.89,
      746.2,
      1128.58,
      1155.15,
      887.44,
      766.0500000000001,
      1278.69,
      953.38,
      568.3299999999999,
      519.45,
      785.53,
      868.35,
      613.3199999999999,
      379.6,
      765.26,
      398.02,
      605.6,
      772.4399999999999,
      797.26,
      619.24,
      1565.7,
      645.79,
      1472.26,
      516.97,
      711.01,
      974.01,
      1159.88,
      972.67,
      730.25,
      1015.24,
      1202.95,
      1224.96,
      1509.3,
      1176.89,
      1184.07,
      1035.6399999999999,
      1062.97,
      1132.83,
      1124.33,
      969.64,
      1134.75,
      1344.06,
      1202.37,
      1346.85,
      1678.88,
      1802.95,
      1480.31,
      1241.07,
      1054.26,
      1484.31,
      1483.41,
      1560.09,
      1529.6,
      1561.95,
      1761.6399999999999,
      1477.21
    ],
    "stopping_reason": "max_candidates",
    "operations": {
      "candidate_generation": 407,
      "feasibility_check": 400,
      "weight_evaluation": 400
    }
  }
}