{
  "random": {
    "mean_weight": 954.7166666666666,
    "std_weight": 126.94031808513618,
    "min_weight": 775.53,
    "max_weight": 1053.79,
    "absolute_gap": 99.07333333333338,
    "relative_gap": 0.09401620183654559,
    "approximation_ratio": 0.9059837981634544
  },
  "greedy": {
    "mean_weight": 1034.83,
    "std_weight": 0.0,
    "min_weight": 1034.83,
    "max_weight": 1034.83,
    "absolute_gap": 18.960000000000036,
    "relative_gap": 0.017992199584357448,
    "approximation_ratio": 0.9820078004156425
  },
  "local": {
    "mean_weight": 1053.79,
    "std_weight": 0.0,
    "min_weight": 1053.79,
    "max_weight": 1053.79,
    "absolute_gap": 0.0,
    "relative_gap": 0.0,
    "approximation_ratio": 1.0
  }
}