{
  "graph": "graph_n17_d50_adj_matrix",
  "algorithm": "greedy",
  "result": {
    "graph_name": "graph_n17_d50_adj_matrix",
    "algorithm": "greedy",
    "best_weight": 2733.07,
    "best_matching": [
      7,
      9,
      22,
      26,
      36,
      38,
      42,
      60
    ],
    "runtime": 2.0000394830003643,
    "candidates": 200,
    "improvements": 2,
    "duplicates": 107851,
    "infeasible": 0,
    "size_history": {
      "8": 74,
      "7": 45,
      "6": 30,
      "5": 25,
      "4": 12,
      "3": 10,
      "2": 4
    },
    "weight_history": [
      2636.64,
      2567.4,
      2423.48,
      2733.07,
      2599.1,
      2574.88,
      2648.62,
      2547.42,
      2422.59,
      2542.0,
      2393.46,
      2555.2799999999997,
      2595.2799999999997,
      2629.16,
      2415.89,
      2543.68,
      2455.22,
      2551.67,
      2418.82,
      2617.04,
      2537.34,
      2496.1,
      2602.87,
      2415.0,
      2285.94,
      2603.7599999999998,
      2538.08,
      2443.46,
      2450.99,
      2537.19,
      2348.9,
      2306.48,
      2552.19,
      2421.05,
      2432.91,
      2236.94,
      2443.5099999999998,
      2418.11,
      2273.8199999999997,
      2413.57,
      2407.47,
      2383.51,
      2229.35,
      2379.69,
      2534.41,
      2536.09,
      2493.67,
      2533.52,
      2596.17,
      2356.49,
      2525.99,
      2587.75,
      2323.0699999999997,
      2527.67,
      2397.74,
      2298.89,
      2339.74,
      2586.8599999999997,
      2273.06,
      2541.11,
      2434.34,
      2486.08,
      2697.64,
      2340.48,
      2326.7799999999997,
      2544.71,
      2324.16,
      2290.47,
      2482.95,
      2520.16,
      2477.66,
      2289.73,
      2421.3,
      2470.83,
      2235.93,
      2490.43,
      2224.85,
      2365.44,
      2525.1,
      2427.2,
      2532.59,
      2286.61,
      2447.75,
      2454.44,
      2501.88,
      2346.42,
      2559.3199999999997,
      2504.45,
      2393.45,
      2521.05,
      2448.69,
      2389.85,
      2371.29,
      2472.37,
      2484.85,
      2558.43,
      2448.97,
      2467.22,
      2243.41,
      2401.45,
      2417.22,
      2371.27,
      2406.58,
      2339.84,
      2425.43,
      2247.2599999999998,
      2409.63,
      2293.42,
      2462.97,
      2410.52,
      2235.4,
      2263.23,
      1966.3,
      2266.83,
      2233.17,
      2204.2,
      2246.89,
      2202.52,
      2227.92,
      1966.67,
      2239.7799999999997,
      1946.73,
      1949.65,
      1982.6399999999999,
      1954.81,
      1962.7,
      1870.0,
      1959.19,
      1925.31,
      1947.33,
      1926.1999999999998,
      1928.82,
      2174.79,
      2413.45,
      2230.24,
      2122.73,
      2237.83,
      2107.77,
      2194.04,
      2178.7799999999997,
      1896.4499999999998,
      2209.72,
      2196.61,
      2400.0299999999997,
      2332.25,
      2285.83,
      2366.54,
      2387.28,
      2383.13,
      2264.7,
      2380.58,
      2413.31,
      2382.2599999999998,
      2395.37,
      1929.71,
      2100.29,
      2100.18,
      2194.93,
      2214.38,
      2154.19,
      2201.63,
      1948.76,
      2103.2799999999997,
      2213.49,
      2205.9,
      1937.3,
      1912.96,
      1913.85,
      1682.1100000000001,
      1939.25,
      1936.41,
      1904.04,
      1846.44,
      1874.6299999999999,
      1913.45,
      1649.12,
      1648.23,
      1658.6599999999999,
      1666.1399999999999,
      1594.22,
      1624.78,
      1625.67,
      1327.57,
      1628.1,
      1631.83,
      1581.82,
      1595.11,
      1307.35,
      1294.58,
      922.39,
      1323.32,
      1293.69,
      1276.93,
      1299.87,
      1235.53,
      1227.28,
      968.78,
      1260.96,
      871.63,
      809.71
    ],
    "stopping_reason": "time_limit",
    "operations": {
      "candidate_generation": 108051,
      "feasibility_check": 200,
      "weight_evaluation": 200
    }
  }
}