{
  "random": {
    "mean_weight": 994.62,
    "std_weight": 0.0,
    "min_weight": 994.62,
    "max_weight": 994.62,
    "absolute_gap": 124.80000000000007,
    "relative_gap": 0.11148630540815785,
    "approximation_ratio": 0.8885136945918422
  },
  "greedy": {
    "mean_weight": 1077.8200000000002,
    "std_weight": 58.83128419472079,
    "min_weight": 994.62,
    "max_weight": 1119.42,
    "absolute_gap": 41.59999999999991,
    "relative_gap": 0.03716210180271918,
    "approximation_ratio": 0.9628378981972808
  },
  "local": {
    "mean_weight": 1119.42,
    "std_weight": 0.0,
    "min_weight": 1119.42,
    "max_weight": 1119.42,
    "absolute_gap": 0.0,
    "relative_gap": 0.0,
    "approximation_ratio": 1.0
  }
}