{
  "random": {
    "mean_weight": 1782.81,
    "std_weight": 9.64889976456731,
    "min_weight": 1775.43,
    "max_weight": 1796.44,
    "absolute_gap": 13.63000000000011,
    "relative_gap": 0.007587228073300588,
    "approximation_ratio": 0.9924127719266994
  },
  "greedy": {
    "mean_weight": 1796.44,
    "std_weight": 0.0,
    "min_weight": 1796.44,
    "max_weight": 1796.44,
    "absolute_gap": 0.0,
    "relative_gap": 0.0,
    "approximation_ratio": 1.0
  },
  "local": {
    "mean_weight": 1796.44,
    "std_weight": 0.0,
    "min_weight": 1796.44,
    "max_weight": 1796.44,
    "absolute_gap": 0.0,
    "relative_gap": 0.0,
    "approximation_ratio": 1.0
  }
}