{
  "graph": "graph_n11_d50_adj_matrix",
  "algorithm": "greedy",
  "result": {
    "graph_name": "graph_n11_d50_adj_matrix",
    "algorithm": "greedy",
    "best_weight": 1602.76,
    "best_matching": [
      0,
      7,
      18,
      19,
      24
    ],
    "runtime": 2.000022573000024,
    "candidates": 46,
    "improvements": 4,
    "duplicates": 192205,
    "infeasible": 0,
    "size_history": {
      "4": 26,
      "3": 11,
      "5": 7,
      "2": 2
    },
    "weight_history": [
      1496.1,
      1462.25,
      1465.12,
      1519.52,
      1497.9,
      1368.58,
      1425.83,
      1256.95,
      1436.62,
      1432.74,
      1440.3,
      1589.98,
      1602.76,
      1544.75,
      1518.21,
      1570.3799999999999,
      1595.75,
      1433.21,
      1597.22,
      1349.71,
      1433.0,
      1447.75,
      1396.32,
      1423.23,
      1432.84,
      1421.43,
      1413.5900000000001,
      1407.11,
      1302.37,
      1410.79,
      1376.03,
      1379.74,
      1397.08,
      1295.2,
      1309.67,
      890.35,
      1231.32,
      1235.0,
      1163.28,
      1227.7,
      1220.53,
      1227.16,
      879.76,
      1174.44,
      1373.13,
      1390.45
    ],
    "stopping_reason": "time_limit",
    "operations": {
      "candidate_generation": 192251,
      "feasibility_check": 46,
      "weight_evaluation": 46
    }
  }
}