{
  "graph": "graph_n9_d75_adj_matrix",
  "algorithm": "greedy",
  "result": {
    "graph_name": "graph_n9_d75_adj_matrix",
    "algorithm": "greedy",
    "best_weight": 1193.28,
    "best_matching": [
      3,
      7,
      14,
      19
    ],
    "runtime": 2.000025547000405,
    "candidates": 13,
    "improvements": 5,
    "duplicates": 183784,
    "infeasible": 0,
    "size_history": {
      "4": 12,
      "3": 1
    },
    "weight_history": [
      1145.8,
      1180.66,
      1182.37,
      1119.42,
      1135.23,
      1193.19,
      1136.08,
      1063.27,
      1135.12,
      1156.3799999999999,
      1124.08,
      1193.28,
      1087.06
    ],
    "stopping_reason": "time_limit",
    "operations": {
      "candidate_generation": 183797,
      "feasibility_check": 13,
      "weight_evaluation": 13
    }
  }
}