{
  "graph": "graph_n15_d50_adj_matrix",
  "algorithm": "random",
  "result": {
    "graph_name": "graph_n15_d50_adj_matrix",
    "algorithm": "random",
    "best_weight": 2676.42,
    "best_matching": [
      0,
      12,
      22,
      31,
      34,
      39,
      51
    ],
    "runtime": 2.0000423590008722,
    "candidates": 361,
    "improvements": 6,
    "duplicates": 154327,
    "infeasible": 0,
    "size_history": {
      "7": 100,
      "6": 106,
      "5": 27,
      "4": 30,
      "2": 24,
      "3": 22,
      "1": 52
    },
    "weight_history": [
      1991.05,
      1629.02,
      2032.2199999999998,
      2137.98,
      2583.61,
      1830.53,
      1719.18,
      1750.56,
      2519.07,
      1537.06,
      2398.88,
      1726.56,
      2555.75,
      2127.43,
      2345.09,
      2226.78,
      2156.02,
      1691.43,
      2188.04,
      1319.71,
      2384.15,
      2178.1800000000003,
      2580.32,
      1998.51,
      1802.05,
      2294.86,
      2455.06,
      2255.98,
      1865.92,
      2035.76,
      2073.18,
      2437.96,
      1888.8700000000001,
      1892.1399999999999,
      2234.62,
      2337.55,
      1820.6299999999999,
      2517.05,
      2200.23,
      2621.74,
      2181.8,
      1938.35,
      1621.36,
      2357.79,
      1708.42,
      1631.03,
      1509.15,
      1933.97,
      1856.72,
      2095.0,
      1693.43,
      1650.73,
      1800.47,
      1975.57,
      1791.25,
      1976.96,
      1973.18,
      1992.16,
      2266.26,
      1981.9,
      1745.22,
      1824.69,
      1991.93,
      2523.84,
      2496.76,
      1422.53,
      1539.72,
      1778.12,
      1305.15,
      1732.85,
      2493.68,
      2224.15,
      1835.6,
      1942.76,
      1795.42,
      1283.24,
      2011.1599999999999,
      1748.23,
      1916.42,
      1682.31,
      2299.91,
      1900.49,
      1846.48,
      2349.68,
      1817.9299999999998,
      1353.22,
      1326.96,
      1838.95,
      1825.77,
      2192.09,
      2463.02,
      2057.15,
      1722.99,
      2399.09,
      2457.4,
      1738.57,
      1611.3700000000001,
      1743.5,
      1411.45,
      2456.25,
      1874.2,
      1438.42,
      2208.04,
      1960.29,
      2488.84,
      1640.74,
      1661.82,
      2546.61,
      1935.8899999999999,
      2392.34,
      1982.56,
      2217.28,
      1919.93,
      1947.39,
      1880.39,
      2221.97,
      1911.02,
      2300.22,
      1616.91,
      2514.49,
      1398.7,
      2353.49,
      1785.39,
      2676.42,
      2113.04,
      2159.36,
      2037.9299999999998,
      2103.78,
      2060.52,
      2484.1,
      2560.05,
      2088.77,
      1959.78,
      1911.12,
      2073.51,
      2019.36,
      1762.68,
      1771.94,
      1683.88,
      1864.75,
      1618.81,
      1534.1,
      2059.2599999999998,
      2062.98,
      2138.79,
      2251.13,
      2057.0,
      2049.34,
      1660.8899999999999,
      2136.98,
      2422.4,
      2254.5099999999998,
      2291.82,
      2336.42,
      2302.04,
      2615.05,
      1673.04,
      1858.82,
      1421.58,
      1728.84,
      2427.5299999999997,
      2390.33,
      2048.11,
      2015.1,
      1783.55,
      2101.29,
      2256.95,
      1811.09,
      2024.35,
      2109.06,
      2309.63,
      2028.06,
      2037.4299999999998,
      2497.2799999999997,
      2273.37,
      1575.1,
      2039.37,
      1933.46,
      2249.6,
      2191.0299999999997,
      1274.71,
      2104.2,
      1190.9,
      2078.96,
      1789.01,
      1803.97,
      2131.44,
      1974.29,
      2290.94,
      2396.24,
      2321.38,
      1619.47,
      1959.92,
      2215.38,
      2425.48,
      2222.89,
      2156.18,
      1995.19,
      1779.18,
      1812.55,
      2165.29,
      1912.74,
      1587.22,
      2223.7200000000003,
      1857.22,
      2048.36,
      2362.11,
      1888.76,
      2303.25,
      2016.65,
      1159.67,
      1623.62,
      1719.03,
      1349.8700000000001,
      763.99,
      818.27,
      1821.48,
      1421.65,
      1677.62,
      1790.12,
      1289.09,
      1498.01,
      1545.02,
      1091.04,
      1499.08,
      927.01,
      1457.69,
      1430.24,
      1131.55,
      1217.31,
      1140.76,
      567.04,
      1079.94,
      852.9100000000001,
      866.46,
      1105.8899999999999,
      904.27,
      1053.59,
      1113.18,
      775.99,
      555.2,
      922.48,
      1223.71,
      718.99,
      1132.33,
      1762.9299999999998,
      1518.0,
      1236.27,
      1340.32,
      1141.0,
      1013.5,
      1425.8600000000001,
      1096.81,
      1940.59,
      1890.44,
      1063.93,
      1619.77,
      1357.97,
      1451.79,
      1605.75,
      1848.95,
      1495.76,
      1531.96,
      1690.96,
      1025.36,
      1148.8,
      1825.84,
      1531.9499999999998,
      1578.67,
      1256.23,
      1274.82,
      1499.27,
      921.33,
      1136.55,
      1070.05,
      814.89,
      1048.6,
      1157.5900000000001,
      883.51,
      499.3,
      656.05,
      780.34,
      891.71,
      936.26,
      982.46,
      1091.49,
      549.39,
      399.96,
      638.01,
      571.73,
      697.45,
      776.91,
      1002.67,
      800.52,
      812.0,
      730.3299999999999,
      715.8299999999999,
      228.18,
      344.83,
      381.27,
      286.34,
      664.9200000000001,
      70.01,
      57.56,
      298.56,
      451.24,
      436.74,
      199.06,
      344.68,
      818.41,
      447.58000000000004,
      682.54,
      452.73,
      850.4300000000001,
      787.3399999999999,
      620.7,
      700.64,
      195.52,
      577.5600000000001,
      187.67,
      330.68,
      466.46,
      793.76,
      378.76,
      216.09,
      234.18,
      322.69,
      265.0,
      403.45,
      392.7,
      462.47,
      113.15,
      391.62,
      220.06,
      140.55,
      216.95,
      437.14,
      408.9,
      418.04,
      159.52,
      152.07,
      230.05,
      302.04,
      368.01,
      334.43,
      117.18,
      557.29,
      440.99,
      352.77,
      403.75,
      279.09,
      411.14,
      522.04,
      351.67,
      78.34,
      263.05,
      559.73,
      107.9,
      482.42,
      215.06,
      445.38
    ],
    "stopping_reason": "time_limit",
    "operations": {
      "candidate_generation": 154688,
      "feasibility_check": 361,
      "weight_evaluation": 361
    }
  }
}