{
  "graph": "graph_n16_d75_adj_matrix",
  "algorithm": "local",
  "result": {
    "graph_name": "graph_n16_d75_adj_matrix",
    "algorithm": "local",
    "best_weight": 3213.84,
    "best_matching": [
      9,
      21,
      33,
      35,
      42,
      65,
      74,
      78
    ],
    "runtime": 2.000460789000499,
    "candidates": 125,
    "improvements": 3,
    "duplicates": 569,
    "infeasible": 0,
    "size_history": {
      "8": 34,
      "7": 40,
      "6": 18,
      "5": 20,
      "4": 12,
      "3": 1
    },
    "weight_history": [
      3140.5,
      3100.53,
      3213.06,
      3203.35,
      3127.4900000000002,
      3087.52,
      3116.99,
      3026.35,
      3114.4700000000003,
      3128.21,
      3143.7,
      2960.23,
      3206.58,
      3081.29,
      3037.7000000000003,
      2911.91,
      2967.88,
      3016.2,
      3177.73,
      3213.84,
      3163.19,
      3039.36,
      2980.15,
      2975.76,
      2936.56,
      3043.51,
      2919.59,
      3031.35,
      2737.84,
      2974.05,
      2986.38,
      2934.17,
      2991.25,
      3153.85,
      3031.69,
      3018.34,
      3200.05,
      3132.4900000000002,
      3176.2,
      2963.4500000000003,
      3178.04,
      3155.03,
      3092.52,
      3119.48,
      2888.24,
      2999.39,
      2978.37,
      2925.73,
      3037.03,
      2722.0,
      2927.92,
      3030.5,
      3006.65,
      2999.38,
      2945.2000000000003,
      3158.26,
      3102.51,
      3079.5099999999998,
      3157.07,
      3084.74,
      3019.49,
      3096.13,
      3111.62,
      2983.89,
      2913.37,
      3179.39,
      2961.69,
      3008.18,
      2993.64,
      3044.9,
      2781.21,
      3035.32,
      2984.3,
      2825.85,
      2991.38,
      2927.44,
      2995.64,
      2750.85,
      2717.61,
      2678.41,
      2715.9,
      2770.42,
      2786.9,
      2813.83,
      2730.9300000000003,
      2768.2,
      2773.2000000000003,
      2674.76,
      2479.69,
      2386.25,
      2481.91,
      2492.7000000000003,
      2442.22,
      2399.54,
      2372.9300000000003,
      2341.58,
      2433.4900000000002,
      2375.39,
      2035.3400000000001,
      2048.84,
      2030.71,
      2044.07,
      2072.6400000000003,
      2054.86,
      2059.63,
      1637.33,
      2070.4,
      2006.54,
      2057.39,
      1981.01,
      2351.2200000000003,
      2468.9,
      2061.85,
      2389.9,
      2457.76,
      2390.88,
      2428.52,
      2417.32,
      2361.88,
      2408.08,
      2417.73,
      2691.64,
      2757.41,
      2732.39,
      2763.96
    ],
    "stopping_reason": "time_limit",
    "operations": {
      "candidate_generation": 694,
      "feasibility_check": 125,
      "weight_evaluation": 125
    }
  }
}