{
  "graph": "graph_n18_d50_adj_matrix",
  "algorithm": "local",
  "result": {
    "graph_name": "graph_n18_d50_adj_matrix",
    "algorithm": "local",
    "best_weight": 3304.7,
    "best_matching": [
      1,
      6,
      13,
      35,
      39,
      48,
      51,
      71,
      73
    ],
    "runtime": 2.002600989999337,
    "candidates": 197,
    "improvements": 6,
    "duplicates": 439,
    "infeasible": 0,
    "size_history": {
      "9": 104,
      "8": 81,
      "7": 11,
      "6": 1
    },
    "weight_history": [
      3189.19,
      3224.78,
      3084.12,
      3125.44,
      3265.69,
      3219.9,
      3145.79,
      3090.2200000000003,
      3099.4700000000003,
      3047.85,
      3179.52,
      3257.48,
      3211.39,
      3274.0,
      3290.24,
      3271.1,
      3171.4900000000002,
      3154.51,
      3014.94,
      3177.4,
      3149.34,
      3139.58,
      3112.78,
      3124.44,
      3115.68,
      3138.63,
      3143.51,
      3108.08,
      2972.04,
      3071.29,
      3192.73,
      3147.79,
      2900.5699999999997,
      3021.26,
      2875.92,
      2758.96,
      2929.95,
      2899.39,
      2967.16,
      2990.18,
      2894.51,
      2968.11,
      2881.71,
      2847.87,
      3161.5,
      3089.85,
      3007.46,
      3189.83,
      3200.94,
      3110.66,
      3073.92,
      3046.54,
      3073.17,
      3123.89,
      3107.25,
      3223.3199999999997,
      3178.16,
      3076.15,
      3285.06,
      3220.27,
      3112.28,
      3146.84,
      3049.93,
      3154.75,
      3139.52,
      3040.78,
      3182.58,
      3164.44,
      3124.63,
      3143.1,
      3115.3,
      3098.37,
      3122.64,
      3134.43,
      3137.06,
      3272.94,
      3166.38,
      3153.76,
      3282.21,
      3101.46,
      3206.5099999999998,
      3229.23,
      3155.75,
      3111.0,
      3205.71,
      2988.86,
      3125.24,
      3026.41,
      2970.16,
      3043.7599999999998,
      3262.69,
      3047.39,
      3022.64,
      3213.85,
      3092.4900000000002,
      2996.6800000000003,
      3199.37,
      3218.43,
      3156.77,
      3225.68,
      3063.37,
      3136.7599999999998,
      3100.46,
      3103.2,
      3157.98,
      3116.38,
      3086.08,
      3136.28,
      3136.34,
      3179.16,
      3093.88,
      3120.56,
      3043.19,
      3169.03,
      3168.36,
      3254.58,
      3173.56,
      3095.06,
      3162.51,
      3117.5499999999997,
      3144.9700000000003,
      3279.36,
      3128.0,
      3190.86,
      3182.4,
      3072.13,
      3257.71,
      3230.16,
      3231.52,
      3158.6,
      3064.58,
      3139.64,
      3179.43,
      3070.0099999999998,
      3100.97,
      3124.71,
      3142.24,
      3152.23,
      3154.02,
      3112.6,
      3066.08,
      3285.36,
      3154.08,
      3018.36,
      3115.31,
      3194.2200000000003,
      3078.14,
      3059.0,
      3077.0,
      3230.49,
      3107.37,
      3161.65,
      3166.68,
      3020.77,
      3083.37,
      3150.15,
      3055.74,
      2959.56,
      3174.64,
      3134.02,
      3144.46,
      3203.92,
      3166.49,
      3168.65,
      3135.95,
      3183.72,
      3008.29,
      3161.31,
      3184.55,
      3068.87,
      3098.89,
      3096.59,
      3153.0,
      3187.45,
      3162.15,
      3174.69,
      3089.94,
      3112.05,
      3001.74,
      3245.16,
      3137.6,
      3136.83,
      3073.79,
      3205.69,
      3129.69,
      3149.95,
      3136.29,
      3080.48,
      3260.28,
      3246.4,
      3136.55,
      3304.7,
      3253.76,
      3068.11,
      3214.3,
      3116.41,
      3216.58
    ],
    "stopping_reason": "time_limit",
    "operations": {
      "candidate_generation": 636,
      "feasibility_check": 197,
      "weight_evaluation": 197
    }
  }
}