{
  "graph": "graph_n14_d25_adj_matrix",
  "algorithm": "random",
  "result": {
    "graph_name": "graph_n14_d25_adj_matrix",
    "algorithm": "random",
    "best_weight": 1906.1,
    "best_matching": [
      0,
      2,
      5,
      6,
      11,
      20
    ],
    "runtime": 2.000035970000681,
    "candidates": 297,
    "improvements": 6,
    "duplicates": 256967,
    "infeasible": 0,
    "size_history": {
      "5": 115,
      "4": 92,
      "3": 33,
      "6": 22,
      "2": 13,
      "1": 22
    },
    "weight_history": [
      1458.73,
      1391.5,
      1476.02,
      1106.95,
      1133.09,
      1294.11,
      1075.94,
      1336.99,
      1638.23,
      1036.94,
      1094.05,
      968.06,
      1017.21,
      1324.02,
      1071.42,
      851.85,
      863.2099999999999,
      873.75,
      1230.29,
      1154.46,
      870.1700000000001,
      1080.8,
      1252.25,
      1268.8999999999999,
      1352.79,
      1022.08,
      1390.02,
      1165.76,
      1038.67,
      1585.4099999999999,
      1547.32,
      1641.06,
      1737.6799999999998,
      1165.37,
      1272.64,
      1362.29,
      1338.1,
      1239.31,
      1511.87,
      1313.6799999999998,
      1546.3,
      1436.44,
      1239.8400000000001,
      1202.79,
      1511.1100000000001,
      1500.02,
      1431.46,
      1906.1,
      1814.15,
      998.03,
      1642.62,
      1450.77,
      1707.65,
      1641.05,
      1374.3,
      1243.75,
      1649.1299999999999,
      1313.84,
      1586.8999999999999,
      1584.06,
      1374.87,
      1335.59,
      1487.08,
      1516.32,
      1608.53,
      1457.28,
      1039.31,
      1217.52,
      1354.57,
      1033.83,
      949.4300000000001,
      1235.7,
      1379.38,
      998.51,
      1021.6,
      1323.73,
      1417.29,
      1657.58,
      938.15,
      1278.71,
      1579.1,
      1753.08,
      1341.37,
      1291.96,
      832.29,
      1509.75,
      1714.37,
      1448.37,
      1190.02,
      1703.27,
      1424.3,
      1654.79,
      1507.59,
      1455.15,
      1895.12,
      1263.42,
      1257.21,
      1441.22,
      1016.35,
      1381.88,
      1527.27,
      1641.7399999999998,
      1300.4199999999998,
      1326.8,
      1818.53,
      1499.33,
      1737.08,
      1610.1299999999999,
      1538.8400000000001,
      1183.1200000000001,
      1518.81,
      942.39,
      1548.1899999999998,
      1369.71,
      1535.18,
      1216.34,
      1778.07,
      1215.92,
      1201.13,
      1634.27,
      861.06,
      1368.35,
      1352.78,
      1709.3,
      1525.56,
      1149.69,
      1264.48,
      1393.56,
      1392.66,
      771.57,
      1115.6399999999999,
      1376.33,
      1109.14,
      1229.26,
      1015.59,
      1188.66,
      1098.0,
      987.1600000000001,
      1023.87,
      1004.65,
      1300.71,
      1199.75,
      1149.96,
      474.84999999999997,
      431.31,
      1008.24,
      491.29999999999995,
      441.29999999999995,
      985.8,
      990.3299999999999,
      1022.3299999999999,
      839.1,
      624.1099999999999,
      708.72,
      1411.87,
      1252.53,
      1166.54,
      926.41,
      1226.35,
      1377.0,
      1105.59,
      604.04,
      1253.25,
      998.44,
      871.9100000000001,
      1290.12,
      1373.1599999999999,
      1300.99,
      1270.06,
      1486.8899999999999,
      1330.42,
      1049.03,
      1691.87,
      1443.3,
      1530.59,
      1735.2099999999998,
      945.26,
      1501.63,
      1126.46,
      769.0699999999999,
      1229.94,
      1291.96,
      816.5699999999999,
      1259.56,
      1074.58,
      1005.87,
      1162.03,
      1241.9,
      1315.74,
      962.75,
      1533.54,
      1407.06,
      1172.56,
      1423.34,
      1151.31,
      1653.9099999999999,
      1489.76,
      1612.6,
      1261.4299999999998,
      1074.46,
      904.71,
      1057.81,
      641.86,
      1355.73,
      1059.38,
      1066.04,
      1060.31,
      866.04,
      745.8399999999999,
      1019.5799999999999,
      445.27,
      973.45,
      1146.33,
      844.05,
      973.03,
      828.2,
      995.26,
      1044.25,
      712.42,
      708.03,
      1281.26,
      1291.49,
      812.61,
      1022.9399999999999,
      1406.98,
      934.38,
      979.95,
      733.25,
      1115.06,
      1043.8400000000001,
      1225.94,
      1677.22,
      1181.76,
      1633.44,
      1053.41,
      1230.62,
      1302.07,
      1431.51,
      1497.0,
      1436.11,
      1359.31,
      1566.6699999999998,
      1077.22,
      995.79,
      1250.8899999999999,
      1475.24,
      858.56,
      1247.57,
      1123.6299999999999,
      1309.25,
      1439.84,
      854.21,
      805.42,
      817.7099999999999,
      1125.06,
      969.71,
      1215.5,
      912.1899999999999,
      925.24,
      895.63,
      925.87,
      1020.4599999999999,
      657.04,
      831.06,
      249.81,
      552.4,
      297.84,
      293.59000000000003,
      506.84000000000003,
      709.39,
      495.96,
      420.77,
      679.9499999999999,
      339.58000000000004,
      464.55,
      505.1,
      411.55,
      300.67,
      129.71,
      372.84,
      286.4,
      193.4,
      273.39,
      120.1,
      437.01,
      165.03,
      166.77,
      349.78,
      146.18,
      473.78,
      309.18,
      47.3,
      239.1,
      206.17,
      274.53,
      163.88,
      398.02
    ],
    "stopping_reason": "time_limit",
    "operations": {
      "candidate_generation": 257264,
      "feasibility_check": 297,
      "weight_evaluation": 297
    }
  }
}