{
  "graph": "graph_n7_d75_adj_matrix",
  "algorithm": "random",
  "result": {
    "graph_name": "graph_n7_d75_adj_matrix",
    "algorithm": "random",
    "best_weight": 1038.24,
    "best_matching": [
      0,
      10,
      11
    ],
    "runtime": 2.000018677999833,
    "candidates": 58,
    "improvements": 4,
    "duplicates": 294224,
    "infeasible": 0,
    "size_history": {
      "3": 29,
      "2": 14,
      "1": 15
    },
    "weight_history": [
      733.54,
      637.98,
      859.95,
      809.08,
      725.02,
      686.9,
      838.39,
      757.13,
      836.79,
      685.29,
      927.3199999999999,
      641.45,
      504.31,
      636.03,
      751.07,
      861.99,
      703.39,
      682.7,
      583.94,
      346.74,
      551.99,
      814.59,
      1038.24,
      716.9200000000001,
      485.45,
      887.66,
      488.92,
      709.45,
      445.11,
      814.23,
      531.02,
      1011.53,
      828.56,
      701.4300000000001,
      447.06000000000006,
      574.44,
      471.82,
      702.47,
      568.38,
      350.09000000000003,
      672.5799999999999,
      744.63,
      336.81,
      501.02,
      335.77,
      59.2,
      215.08,
      138.83,
      308.06,
      135.01,
      182.69,
      359.36,
      408.86,
      287.54,
      310.1,
      190.92,
      159.52,
      365.66
    ],
    "stopping_reason": "time_limit",
    "operations": {
      "candidate_generation": 294282,
      "feasibility_check": 58,
      "weight_evaluation": 58
    }
  }
}