{
  "graph": "graph_n12_d50_adj_matrix",
  "algorithm": "random",
  "result": {
    "graph_name": "graph_n12_d50_adj_matrix",
    "algorithm": "random",
    "best_weight": 1974.08,
    "best_matching": [
      3,
      12,
      15,
      17,
      18,
      30
    ],
    "runtime": 0.006160323000585777,
    "candidates": 400,
    "improvements": 2,
    "duplicates": 43,
    "infeasible": 0,
    "size_history": {
      "6": 31,
      "5": 181,
      "4": 66,
      "3": 63,
      "2": 58,
      "1": 1
    },
    "weight_history": [
      1809.54,
      1469.95,
      1647.26,
      1317.9,
      1325.29,
      1493.87,
      1694.37,
      1246.4,
      1088.9,
      1363.19,
      1453.6,
      1682.56,
      1555.78,
      1126.0,
      1385.8600000000001,
      1687.48,
      1638.93,
      1481.55,
      1479.6,
      1696.46,
      1333.26,
      1443.06,
      1708.19,
      1493.76,
      1466.83,
      1217.13,
      1558.22,
      1425.24,
      1696.3600000000001,
      1137.62,
      1543.95,
      1600.55,
      1245.06,
      1024.06,
      965.3100000000001,
      1009.82,
      1485.47,
      1426.6200000000001,
      1274.1,
      1417.63,
      1675.27,
      999.65,
      1531.89,
      1507.54,
      1330.47,
      1466.71,
      1419.32,
      995.15,
      896.67,
      1373.98,
      1104.77,
      918.6400000000001,
      1336.98,
      1046.76,
      1136.1399999999999,
      1589.19,
      1144.18,
      1515.83,
      1254.25,
      1661.54,
      1480.99,
      1457.9099999999999,
      924.18,
      1562.44,
      957.46,
      1316.1,
      1769.13,
      1618.27,
      1553.89,
      1618.5,
      1082.4,
      1101.2,
      1144.59,
      1579.3400000000001,
      1287.25,
      1162.66,
      1280.73,
      1798.8000000000002,
      1194.76,
      1392.52,
      825.4,
      1425.79,
      1425.22,
      1598.67,
      1099.3,
      1301.25,
      1272.18,
      1801.56,
      978.0,
      1799.13,
      1213.51,
      1675.16,
      1320.92,
      899.05,
      1382.24,
      1220.84,
      1425.5,
      1166.3799999999999,
      1523.56,
      1630.6200000000001,
      1529.27,
      1355.03,
      850.37,
      1353.9,
      1690.97,
      1305.74,
      1243.31,
      1546.27,
      1449.78,
      1522.18,
      1523.8400000000001,
      1525.26,
      1187.65,
      1238.6100000000001,
      1295.79,
      1531.53,
      1534.44,
      1102.61,
      1210.81,
      1435.7,
      1526.0900000000001,
      1313.64,
      1575.48,
      1291.6000000000001,
      958.27,
      984.63,
      1319.1000000000001,
      1385.5,
      1188.29,
      1347.29,
      1535.74,
      1495.74,
      1515.01,
      1974.08,
      1006.58,
      1127.81,
      1232.07,
      1747.52,
      1492.7,
      1398.62,
      1358.56,
      1762.1100000000001,
      1580.64,
      1594.06,
      1673.1000000000001,
      1211.91,
      1451.71,
      1457.0,
      1054.15,
      1269.1,
      1476.65,
      933.59,
      934.09,
      1544.31,
      1358.03,
      1243.29,
      1415.25,
      1474.9,
      1595.49,
      1179.11,
      1231.6100000000001,
      1472.05,
      1443.37,
      1515.52,
      881.97,
      1546.05,
      1068.78,
      1403.07,
      1377.54,
      1464.49,
      1175.51,
      1406.8899999999999,
      1645.51,
      1542.21,
      1737.6100000000001,
      1263.33,
      1336.01,
      891.39,
      1514.39,
      1560.6000000000001,
      1255.92,
      1618.97,
      1299.94,
      1384.3,
      1312.3999999999999,
      1052.8,
      1437.6100000000001,
      1604.94,
      641.77,
      1327.44,
      1287.3,
      1577.3500000000001,
      1098.0,
      1029.1000000000001,
      1402.73,
      1399.25,
      1033.24,
      1423.42,
      1128.6,
      1239.1,
      1096.13,
      840.53,
      1226.31,
      1540.46,
      1011.47,
      981.51,
      951.15,
      1186.63,
      999.51,
      1184.7,
      1421.3899999999999,
      1297.7,
      1578.04,
      1466.29,
      1277.8899999999999,
      1704.43,
      1403.6200000000001,
      1085.71,
      1450.79,
      1244.25,
      975.03,
      1277.1399999999999,
      1063.5,
      1302.85,
      1463.68,
      1361.29,
      1387.1,
      1300.4,
      1326.65,
      1127.2,
      1424.48,
      963.22,
      974.51,
      1095.0,
      1455.8,
      1111.1599999999999,
      945.06,
      1376.27,
      1486.21,
      1152.45,
      1741.72,
      1417.05,
      1307.49,
      1356.21,
      1388.72,
      1153.51,
      1093.72,
      1148.48,
      1397.64,
      1641.38,
      1578.54,
      1304.6000000000001,
      1276.85,
      1062.33,
      1199.03,
      993.3100000000001,
      1485.15,
      1586.04,
      1202.47,
      1408.78,
      1092.82,
      1603.32,
      1416.38,
      1627.8400000000001,
      917.45,
      1154.83,
      1281.64,
      1332.46,
      738.86,
      952.74,
      1103.15,
      1507.32,
      1215.85,
      901.18,
      1232.25,
      1186.3,
      565.66,
      683.36,
      562.4399999999999,
      629.05,
      469.45000000000005,
      794.1700000000001,
      507.39,
      1011.81,
      928.61,
      701.1700000000001,
      389.4,
      427.21999999999997,
      553.73,
      502.64,
      643.53,
      601.97,
      591.83,
      422.74,
      686.52,
      234.5,
      371.82,
      714.47,
      783.87,
      934.51,
      938.34,
      507.27,
      997.83,
      911.46,
      954.51,
      666.36,
      814.01,
      351.59,
      91.05,
      555.53,
      913.23,
      347.83000000000004,
      549.72,
      292.69,
      527.7,
      766.1800000000001,
      697.4300000000001,
      560.5,
      699.3599999999999,
      904.24,
      934.12,
      642.25,
      995.25,
      975.9599999999999,
      1016.33,
      654.3,
      888.4,
      964.1700000000001,
      998.2,
      1234.78,
      622.28,
      503.89,
      529.0600000000001,
      326.33000000000004,
      598.27,
      500.71,
      718.91,
      676.27,
      402.63,
      814.72,
      538.0,
      1100.87,
      654.44,
      1080.51,
      802.08,
      870.2,
      699.79,
      1036.5,
      1285.77,
      987.27,
      945.1,
      977.12,
      390.94,
      488.49,
      448.49,
      687.14,
      753.73,
      968.52,
      267.78,
      315.72,
      554.71,
      480.15,
      591.27,
      603.99,
      878.1,
      947.77,
      775.27,
      1088.8,
      1009.14,
      793.49,
      754.1800000000001,
      1342.41,
      731.78,
      498.17999999999995,
      802.86,
      535.37,
      696.78,
      584.1700000000001,
      471.33000000000004,
      897.0899999999999,
      798.14,
      488.15999999999997,
      542.65,
      573.24,
      570.81,
      748.55,
      1078.71,
      615.77,
      553.36,
      645.1700000000001,
      929.0,
      877.6700000000001,
      517.39,
      638.48,
      877.5600000000001,
      686.3299999999999,
      648.78,
      544.76,
      676.8299999999999,
      478.18
    ],
    "stopping_reason": "max_candidates",
    "operations": {
      "candidate_generation": 443,
      "feasibility_check": 400,
      "weight_evaluation": 400
    }
  }
}