{
  "graph": "graph_n13_d50_adj_matrix",
  "algorithm": "greedy",
  "result": {
    "graph_name": "graph_n13_d50_adj_matrix",
    "algorithm": "greedy",
    "best_weight": 1918.06,
    "best_matching": [
      5,
      12,
      14,
      20,
      29
    ],
    "runtime": 2.000031976000173,
    "candidates": 24,
    "improvements": 3,
    "duplicates": 159690,
    "infeasible": 0,
    "size_history": {
      "5": 10,
      "4": 10,
      "3": 4
    },
    "weight_history": [
      1873.38,
      1910.74,
      1891.62,
      1898.94,
      1918.06,
      1884.44,
      1883.31,
      1681.88,
      1892.75,
      1861.5,
      1857.75,
      1699.87,
      1680.75,
      1655.19,
      1415.6100000000001,
      1633.8,
      1643.31,
      1573.1,
      1636.1,
      1598.6599999999999,
      1558.92,
      1417.9099999999999,
      1404.32,
      1333.52
    ],
    "stopping_reason": "time_limit",
    "operations": {
      "candidate_generation": 159714,
      "feasibility_check": 24,
      "weight_evaluation": 24
    }
  }
}