{
  "graph": "graph_n13_d75_adj_matrix",
  "algorithm": "greedy",
  "result": {
    "graph_name": "graph_n13_d75_adj_matrix",
    "algorithm": "greedy",
    "best_weight": 2202.86,
    "best_matching": [
      5,
      7,
      25,
      39,
      44,
      51
    ],
    "runtime": 2.0000234139988606,
    "candidates": 121,
    "improvements": 4,
    "duplicates": 116031,
    "infeasible": 0,
    "size_history": {
      "6": 43,
      "5": 49,
      "4": 26,
      "3": 3
    },
    "weight_history": [
      2142.24,
      2134.31,
      2167.19,
      2142.79,
      2186.58,
      2165.48,
      2158.42,
      1964.6299999999999,
      2170.95,
      2202.86,
      2163.35,
      1980.1599999999999,
      1993.8,
      1949.46,
      1940.23,
      1931.75,
      1978.17,
      1925.06,
      1901.09,
      1945.1599999999999,
      1916.58,
      1682.8999999999999,
      2181.25,
      2165.38,
      2201.89,
      2089.68,
      2182.72,
      2149.94,
      1993.6999999999998,
      2081.2,
      2173.86,
      2161.31,
      2065.79,
      1909.57,
      1929.99,
      1707.9299999999998,
      1968.3899999999999,
      1873.38,
      1984.67,
      1963.52,
      1978.69,
      1964.99,
      1700.6599999999999,
      1996.51,
      1688.86,
      1775.61,
      1646.71,
      1685.49,
      1726.4099999999999,
      1342.1599999999999,
      1691.38,
      1664.46,
      1717.9299999999998,
      1708.9,
      1676.21,
      1983.6999999999998,
      2122.77,
      1969.5,
      2002.1799999999998,
      1980.98,
      1940.24,
      1926.06,
      1968.53,
      1679.6399999999999,
      1864.8999999999999,
      1982.62,
      2136.31,
      2036.58,
      2156.3,
      2162.28,
      2131.46,
      2057.31,
      2144.25,
      2066.16,
      2057.68,
      2111.92,
      2142.79,
      1667.73,
      1931.3999999999999,
      1897.83,
      1910.8899999999999,
      1918.85,
      2000.05,
      1885.46,
      1655.19,
      1847.97,
      1849.27,
      1857.75,
      2151.84,
      2075.5099999999998,
      2121.14,
      2157.77,
      2136.67,
      2094.61,
      2154.29,
      2045.06,
      2173.7599999999998,
      2150.37,
      2132.07,
      1942.4099999999999,
      1893.94,
      1839.49,
      1961.51,
      1908.41,
      1888.9899999999998,
      1704.3899999999999,
      1967.45,
      1939.07,
      1962.9199999999998,
      1890.51,
      1673.2199999999998,
      1702.92,
      1381.1,
      1717.01,
      1669.3899999999999,
      1655.98,
      1670.8,
      1650.29,
      1706.85,
      1424.8899999999999,
      1656.87
    ],
    "stopping_reason": "time_limit",
    "operations": {
      "candidate_generation": 116152,
      "feasibility_check": 121,
      "weight_evaluation": 121
    }
  }
}