{
  "graph": "graph_n15_d50_adj_matrix",
  "algorithm": "local",
  "result": {
    "graph_name": "graph_n15_d50_adj_matrix",
    "algorithm": "local",
    "best_weight": 2933.65,
    "best_matching": [
      10,
      12,
      19,
      32,
      34,
      40,
      51
    ],
    "runtime": 2.0014667309988,
    "candidates": 75,
    "improvements": 3,
    "duplicates": 915,
    "infeasible": 0,
    "size_history": {
      "7": 11,
      "6": 10,
      "5": 12,
      "4": 10,
      "3": 21,
      "2": 9,
      "1": 2
    },
    "weight_history": [
      2859.07,
      2891.87,
      2933.65,
      2857.05,
      2856.27,
      2780.56,
      2884.85,
      2868.84,
      2674.15,
      2897.42,
      2703.06,
      2589.9300000000003,
      2649.4,
      2663.69,
      2338.66,
      2640.66,
      2589.91,
      2697.18,
      2704.98,
      2497.75,
      2562.79,
      2668.6,
      2402.24,
      2317.9700000000003,
      2269.05,
      2382.29,
      2303.6800000000003,
      2333.43,
      2346.66,
      2331.97,
      2360.95,
      2323.63,
      2333.11,
      1919.88,
      1998.49,
      1476.45,
      1942.9099999999999,
      1906.58,
      1950.6999999999998,
      1965.5,
      1923.07,
      1978.54,
      1561.75,
      1892.04,
      1483.14,
      1516.07,
      1506.17,
      1488.23,
      1460.49,
      1541.8,
      1458.94,
      1483.08,
      1478.89,
      1463.19,
      1486.22,
      1079.33,
      559.73,
      1042.15,
      1039.71,
      1019.76,
      1022.2,
      1004.46,
      1023.75,
      557.29,
      1000.72,
      996.47,
      1451.05,
      1460.19,
      1447.34,
      1433.6100000000001,
      1884.08,
      1443.1599999999999,
      1465.1399999999999,
      1437.46,
      1431.1
    ],
    "stopping_reason": "time_limit",
    "operations": {
      "candidate_generation": 990,
      "feasibility_check": 75,
      "weight_evaluation": 75
    }
  }
}