{
  "graph": "graph_n20_d75_adj_matrix",
  "algorithm": "greedy",
  "result": {
    "graph_name": "graph_n20_d75_adj_matrix",
    "algorithm": "greedy",
    "best_weight": 3491.71,
    "best_matching": [
      2,
      22,
      33,
      53,
      57,
      76,
      90,
      114,
      116,
      140
    ],
    "runtime": 0.05096182899978885,
    "candidates": 400,
    "improvements": 7,
    "duplicates": 718,
    "infeasible": 0,
    "size_history": {
      "10": 323,
      "9": 77
    },
    "weight_history": [
      3335.56,
      3437.79,
      3254.34,
      3410.0299999999997,
      3294.2599999999998,
      3401.29,
      3405.03,
      3235.96,
      3231.31,
      3412.11,
      3265.37,
      3114.12,
      3228.88,
      3392.57,
      3407.7799999999997,
      3395.71,
      3389.5,
      3418.6,
      3383.95,
      3330.07,
      3383.73,
      3421.13,
      3465.06,
      3322.93,
      3371.71,
      3447.97,
      3380.66,
      3385.61,
      3243.72,
      3246.99,
      3321.2599999999998,
      3286.74,
      3305.46,
      3210.49,
      3451.43,
      3376.77,
      3357.39,
      3372.79,
      3478.19,
      3230.93,
      3427.44,
      3261.27,
      3377.7200000000003,
      3372.05,
      3424.31,
      3359.31,
      3438.22,
      3313.58,
      3442.49,
      3355.82,
      3420.95,
      3446.63,
      3471.7,
      3433.65,
      3404.55,
      3474.58,
      3303.52,
      3329.99,
      3230.92,
      3422.1,
      3407.62,
      3386.04,
      3410.56,
      3330.3,
      3473.9,
      3375.17,
      3218.64,
      3172.0,
      3377.2,
      3400.16,
      3401.68,
      3256.0499999999997,
      3277.9,
      3326.86,
      3456.82,
      3234.71,
      3447.06,
      3436.55,
      3452.5299999999997,
      3199.73,
      3297.0,
      3321.15,
      3456.81,
      3196.26,
      3421.5099999999998,
      3350.9,
      3280.93,
      3103.58,
      3417.32,
      3368.73,
      3325.24,
      3146.13,
      3375.53,
      3371.31,
      3245.2,
      3417.05,
      3166.82,
      3409.0,
      3421.42,
      3227.8,
      3204.04,
      3228.07,
      3286.85,
      3460.27,
      3339.87,
      3166.59,
      3254.37,
      3374.6,
      3242.85,
      3253.46,
      3236.46,
      3432.92,
      3427.16,
      3379.81,
      3303.37,
      3192.93,
      3383.58,
      3341.87,
      3321.28,
      3469.35,
      3217.56,
      3478.27,
      3409.99,
      3198.7,
      3358.18,
      3250.96,
      3430.2599999999998,
      3277.89,
      3314.38,
      3309.95,
      3338.91,
      3309.86,
      3201.41,
      3026.91,
      3374.74,
      3487.11,
      3278.6,
      3221.31,
      3438.88,
      3233.5099999999998,
      3307.93,
      3389.48,
      3276.82,
      3255.45,
      3286.6099999999997,
      3206.7,
      3385.99,
      3263.02,
      3410.85,
      3398.78,
      3318.02,
      3350.57,
      3410.44,
      3441.7599999999998,
      3424.05,
      3429.54,
      3101.58,
      3399.36,
      3245.75,
      3371.16,
      3355.5,
      3207.98,
      3314.41,
      3373.5099999999998,
      3465.74,
      3404.04,
      3239.73,
      3320.41,
      3355.69,
      3430.94,
      3307.6,
      3166.26,
      3264.29,
      3366.17,
      3440.25,
      3207.23,
      3462.86,
      3232.57,
      3255.83,
      3410.13,
      3461.37,
      3324.18,
      3189.86,
      3364.4900000000002,
      3348.3,
      3266.85,
      3149.15,
      3371.4,
      3216.46,
      3337.92,
      3331.7999999999997,
      3303.55,
      3269.05,
      3326.15,
      3362.21,
      3415.72,
      3254.41,
      3183.94,
      3459.7799999999997,
      3339.17,
      3356.63,
      3228.02,
      3361.66,
      3346.1,
      3165.17,
      3319.12,
      3295.69,
      3126.59,
      3392.04,
      3204.91,
      3431.41,
      3301.64,
      3465.66,
      3261.98,
      3314.48,
      3416.62,
      3328.35,
      3375.12,
      3288.11,
      3182.52,
      3239.65,
      3381.63,
      3238.11,
      3185.05,
      3168.1,
      3471.69,
      3287.23,
      3447.8,
      3216.73,
      3369.64,
      3290.22,
      3403.5,
      3291.95,
      3342.85,
      3128.4,
      3439.31,
      3448.0,
      3413.87,
      3401.72,
      3418.87,
      3395.2599999999998,
      3254.59,
      3332.8,
      3345.36,
      3227.5099999999998,
      3300.79,
      3211.7599999999998,
      3219.33,
      3279.86,
      3339.04,
      3387.82,
      3377.39,
      3412.88,
      3396.17,
      3378.66,
      3160.1,
      3224.77,
      3218.37,
      3351.19,
      3164.2,
      3326.94,
      3336.74,
      3447.72,
      3378.41,
      3408.73,
      3195.65,
      3408.21,
      3408.48,
      3208.72,
      3321.46,
      3181.9900000000002,
      3275.34,
      3250.67,
      3280.16,
      3436.0,
      3216.8,
      3354.73,
      3268.61,
      3368.96,
      3384.01,
      3212.25,
      3244.87,
      3237.74,
      3281.82,
      3213.75,
      3267.02,
      3349.01,
      3230.15,
      3200.25,
      3352.24,
      3285.91,
      3359.0,
      3402.18,
      3462.85,
      3154.56,
      3357.14,
      3204.12,
      3297.04,
      3180.92,
      3277.37,
      3226.32,
      3457.14,
      3323.22,
      3255.38,
      3270.7799999999997,
      3385.35,
      3353.14,
      3233.56,
      3251.46,
      3325.72,
      3222.86,
      3413.33,
      3274.33,
      3260.83,
      3435.83,
      3154.85,
      3212.7,
      3333.1,
      3388.08,
      3269.62,
      3370.97,
      3319.2,
      3334.7400000000002,
      3196.03,
      3419.16,
      3154.85,
      3239.77,
      3332.23,
      3210.88,
      3338.45,
      3344.21,
      3209.34,
      3218.96,
      3388.38,
      3202.13,
      3374.94,
      3396.18,
      3264.06,
      3213.43,
      3252.56,
      3183.73,
      3167.5099999999998,
      3394.57,
      3201.77,
      3155.5099999999998,
      3198.7,
      3313.74,
      3278.85,
      3414.93,
      3244.41,
      3378.11,
      3442.04,
      3236.64,
      3250.19,
      3323.4,
      3363.55,
      3149.97,
      3271.21,
      3159.85,
      3324.79,
      3422.68,
      3272.09,
      3178.68,
      3389.63,
      3323.35,
      3270.5499999999997,
      3350.68,
      3249.46,
      3265.43,
      3256.88,
      3238.33,
      3115.17,
      3386.26,
      3255.26,
      3262.54,
      3275.3599999999997,
      3350.9,
      3383.78,
      3175.37,
      3134.06,
      3326.82,
      3462.77,
      3213.66,
      3240.5699999999997,
      3415.17,
      3234.57,
      3404.44,
      3340.66,
      3240.14,
      3256.4,
      3435.74,
      3243.5899999999997,
      3395.69,
      3246.58,
      3257.48,
      3177.09,
      3491.71,
      3413.8,
      3250.04,
      3232.76
    ],
    "stopping_reason": "max_candidates",
    "operations": {
      "candidate_generation": 1118,
      "feasibility_check": 400,
      "weight_evaluation": 400
    }
  }
}