{
  "graph": "graph_n19_d75_adj_matrix",
  "algorithm": "random",
  "result": {
    "graph_name": "graph_n19_d75_adj_matrix",
    "algorithm": "random",
    "best_weight": 2623.39,
    "best_matching": [
      5,
      22,
      27,
      41,
      44,
      59,
      76,
      84,
      107
    ],
    "runtime": 0.01298448899979121,
    "candidates": 400,
    "improvements": 8,
    "duplicates": 0,
    "infeasible": 0,
    "size_history": {
      "9": 87,
      "8": 52,
      "7": 81,
      "6": 64,
      "5": 34,
      "4": 27,
      "3": 32,
      "2": 23
    },
    "weight_history": [
      1686.08,
      1718.73,
      1953.08,
      1470.8,
      2510.14,
      1977.9,
      2107.35,
      1797.74,
      2300.1,
      1897.6100000000001,
      1548.02,
      1941.84,
      1805.35,
      1646.98,
      2015.9,
      1964.15,
      2106.04,
      1872.84,
      1829.2700000000002,
      2327.5,
      2265.07,
      2178.05,
      1847.7,
      1856.43,
      1667.82,
      1701.19,
      1858.14,
      1824.45,
      1629.17,
      1583.3600000000001,
      1319.08,
      1238.56,
      1565.67,
      1481.12,
      2113.82,
      1811.94,
      1926.51,
      1843.85,
      1873.3899999999999,
      1869.49,
      1580.49,
      2084.41,
      1647.65,
      1698.55,
      1767.4099999999999,
      1515.68,
      1717.52,
      1891.96,
      2000.89,
      1654.49,
      1662.72,
      1524.6,
      1413.0,
      1408.92,
      1494.25,
      1755.07,
      1153.94,
      1529.54,
      1399.24,
      1460.79,
      1682.04,
      1375.43,
      1262.3700000000001,
      1097.77,
      1824.4099999999999,
      1378.69,
      1583.34,
      1337.7,
      2066.12,
      1481.97,
      1537.88,
      1495.89,
      1606.27,
      1523.51,
      1732.1799999999998,
      1213.26,
      1947.47,
      1511.11,
      1136.35,
      1423.1,
      1032.28,
      1006.66,
      1441.47,
      1187.44,
      1269.66,
      1315.44,
      1366.29,
      1482.48,
      1813.79,
      1072.54,
      1900.53,
      1853.9099999999999,
      1682.62,
      1488.91,
      1694.81,
      1592.2,
      1619.18,
      1491.1100000000001,
      1485.35,
      1515.06,
      976.0,
      1439.85,
      1528.89,
      1426.5,
      1015.33,
      1038.54,
      1782.11,
      1758.78,
      1501.15,
      1345.27,
      1687.6200000000001,
      1390.88,
      1077.23,
      1221.67,
      1462.25,
      1788.54,
      1462.24,
      1920.51,
      1504.04,
      1274.33,
      2205.82,
      1456.08,
      1239.57,
      1324.25,
      1345.2,
      1428.37,
      1295.08,
      1130.15,
      1095.27,
      1285.53,
      1488.49,
      1293.42,
      1372.96,
      1249.46,
      1362.04,
      1492.38,
      1326.78,
      1289.76,
      1429.83,
      1485.98,
      1482.16,
      1186.05,
      969.14,
      803.98,
      1044.8300000000002,
      976.8199999999999,
      736.77,
      948.8199999999999,
      749.62,
      942.06,
      1082.95,
      858.0799999999999,
      1149.27,
      927.1099999999999,
      1267.08,
      1048.4099999999999,
      1199.62,
      1268.65,
      921.3,
      1144.3600000000001,
      921.79,
      690.6,
      1053.58,
      958.29,
      1211.51,
      1589.35,
      1446.7,
      1409.97,
      1380.8,
      1097.83,
      1124.83,
      1379.09,
      1388.05,
      1276.27,
      940.03,
      962.83,
      1765.3,
      1342.42,
      1716.77,
      1379.99,
      1606.19,
      1608.04,
      1809.85,
      1745.94,
      1806.06,
      1571.56,
      1595.3899999999999,
      1803.83,
      1728.2,
      1317.94,
      1858.84,
      1502.77,
      1945.6999999999998,
      1918.84,
      1685.8,
      2139.48,
      2028.29,
      1680.11,
      2038.53,
      2140.59,
      1985.78,
      1927.19,
      2425.73,
      2085.64,
      2181.48,
      1669.3,
      2417.25,
      2443.37,
      2257.49,
      2123.32,
      1987.06,
      2053.85,
      1997.44,
      1834.54,
      1546.64,
      2418.6,
      1651.84,
      2260.15,
      2053.79,
      2038.74,
      2031.5900000000001,
      1965.03,
      1513.45,
      2318.32,
      2524.39,
      2096.81,
      2341.71,
      1968.16,
      2033.45,
      2305.28,
      2357.3,
      1663.67,
      2063.1,
      1626.09,
      1861.83,
      2313.2200000000003,
      1970.49,
      2544.01,
      1910.62,
      2593.8,
      1804.85,
      2022.3899999999999,
      1782.15,
      1858.34,
      1910.45,
      2176.33,
      1582.15,
      2031.49,
      1936.28,
      1508.72,
      2498.7200000000003,
      2184.94,
      1832.77,
      2332.12,
      1807.28,
      2015.75,
      2489.76,
      2373.2200000000003,
      2309.71,
      1853.47,
      2065.79,
      2252.51,
      1830.8,
      1958.81,
      1783.22,
      2361.16,
      2283.18,
      1849.73,
      1916.86,
      1963.6200000000001,
      1836.03,
      2365.32,
      2147.41,
      1686.33,
      2023.67,
      2570.01,
      2272.4,
      1610.04,
      1970.01,
      1893.11,
      2283.27,
      1947.74,
      2623.39,
      1942.45,
      2352.75,
      2130.61,
      1639.64,
      1205.21,
      1963.31,
      1511.01,
      1648.41,
      1878.73,
      2115.26,
      1908.08,
      1799.64,
      1943.64,
      1395.76,
      1698.15,
      1561.25,
      1833.4099999999999,
      1451.16,
      1574.71,
      1609.6100000000001,
      1910.56,
      1391.6200000000001,
      1740.3,
      1284.03,
      1299.02,
      859.98,
      1222.67,
      1592.76,
      1488.43,
      786.32,
      1150.63,
      1268.33,
      1933.57,
      976.49,
      1190.1100000000001,
      1666.6599999999999,
      937.5,
      1344.43,
      1151.9099999999999,
      658.0,
      777.49,
      1109.02,
      1032.05,
      925.3,
      1323.52,
      679.5699999999999,
      1265.6100000000001,
      1164.69,
      868.88,
      1288.5800000000002,
      1060.67,
      917.17,
      1027.37,
      768.02,
      753.76,
      1277.13,
      1062.09,
      724.52,
      606.5699999999999,
      760.3299999999999,
      662.2,
      635.9,
      417.98,
      610.85,
      825.08,
      609.91,
      593.0,
      626.6800000000001,
      766.3199999999999,
      693.9,
      497.01,
      606.12,
      424.49,
      493.02,
      498.78999999999996,
      370.25,
      409.4,
      408.4,
      201.21,
      727.52,
      834.5699999999999,
      634.06,
      802.75,
      383.35,
      872.79,
      660.14,
      684.71,
      604.55,
      774.69,
      997.24,
      863.76,
      258.22,
      386.9,
      431.24,
      360.37,
      402.75,
      481.46000000000004,
      578.4399999999999,
      372.09000000000003,
      397.81,
      340.60999999999996,
      712.8299999999999,
      488.89,
      329.01,
      679.1500000000001,
      661.1,
      834.78,
      463.8,
      839.66,
      257.94,
      513.14,
      922.44,
      642.01,
      1144.44,
      901.92,
      957.05,
      1263.6399999999999
    ],
    "stopping_reason": "max_candidates",
    "operations": {
      "candidate_generation": 400,
      "feasibility_check": 400,
      "weight_evaluation": 400
    }
  }
}