{
  "graph": "graph_n15_d12.5_adj_matrix",
  "algorithm": "random",
  "result": {
    "graph_name": "graph_n15_d12.5_adj_matrix",
    "algorithm": "random",
    "best_weight": 1783.74,
    "best_matching": [
      2,
      3,
      6,
      7,
      8
    ],
    "runtime": 2.0000190880000446,
    "candidates": 55,
    "improvements": 3,
    "duplicates": 265311,
    "infeasible": 0,
    "size_history": {
      "5": 33,
      "4": 20,
      "6": 2
    },
    "weight_history": [
      1294.8500000000001,
      1198.38,
      1681.16,
      1783.74,
      877.13,
      1476.3,
      1189.19,
      1762.64,
      1375.02,
      1333.49,
      1212.89,
      1497.4,
      1008.44,
      1305.97,
      959.37,
      648.63,
      1053.77,
      962.66,
      1092.49,
      1206.44,
      1322.25,
      1434.01,
      1768.44,
      1539.66,
      1312.39,
      1148.99,
      1325.63,
      1523.63,
      786.02,
      1327.38,
      924.77,
      1639.44,
      1554.96,
      748.13,
      1275.24,
      1098.6000000000001,
      1552.16,
      1111.1000000000001,
      1318.19,
      1675.3600000000001,
      1416.74,
      1240.1000000000001,
      1236.27,
      1287.74,
      1436.3500000000001,
      768.48,
      1358.17,
      1654.74,
      1696.46,
      735.91,
      1412.91,
      1445.45,
      1300.17,
      1504.02,
      1567.46
    ],
    "stopping_reason": "time_limit",
    "operations": {
      "candidate_generation": 265366,
      "feasibility_check": 55,
      "weight_evaluation": 55
    }
  }
}