{
  "graph": "graph_n20_d50_adj_matrix",
  "algorithm": "greedy",
  "result": {
    "graph_name": "graph_n20_d50_adj_matrix",
    "algorithm": "greedy",
    "best_weight": 3347.9,
    "best_matching": [
      0,
      17,
      25,
      46,
      54,
      57,
      65,
      69,
      76,
      89
    ],
    "runtime": 2.000054170999647,
    "candidates": 220,
    "improvements": 2,
    "duplicates": 82876,
    "infeasible": 0,
    "size_history": {
      "9": 77,
      "8": 43,
      "10": 20,
      "7": 13,
      "6": 11,
      "5": 10,
      "4": 12,
      "3": 12,
      "2": 12,
      "1": 10
    },
    "weight_history": [
      3325.86,
      3164.12,
      3112.37,
      3190.48,
      3007.17,
      3087.0,
      3189.54,
      3101.32,
      3257.25,
      3250.63,
      3190.39,
      2978.25,
      2843.56,
      2979.66,
      2970.24,
      2977.89,
      2895.0099999999998,
      2912.68,
      3060.74,
      2896.31,
      2914.7,
      2996.37,
      3270.62,
      3050.17,
      3197.27,
      3163.12,
      3185.2,
      3140.14,
      3109.45,
      3123.64,
      3255.5,
      3148.85,
      3155.42,
      3067.2,
      3249.42,
      3317.07,
      3241.84,
      3205.23,
      2838.82,
      3249.8,
      3004.41,
      3275.63,
      3122.83,
      3193.5,
      3170.59,
      3011.8,
      3142.9,
      3041.87,
      3077.98,
      2943.33,
      3145.91,
      3122.56,
      3080.72,
      3115.25,
      3153.21,
      2843.34,
      2934.41,
      3040.75,
      3115.98,
      2975.3199999999997,
      2917.41,
      2877.36,
      2954.24,
      2760.36,
      2955.13,
      2885.01,
      3121.7799999999997,
      3124.58,
      3161.0099999999998,
      3097.14,
      3316.13,
      3146.33,
      3050.42,
      3137.43,
      3011.6,
      3206.25,
      3104.48,
      2905.73,
      2980.6,
      3047.37,
      2980.96,
      2865.6,
      2894.01,
      2919.2799999999997,
      2685.13,
      2715.72,
      2887.72,
      2926.21,
      3107.19,
      3022.94,
      3072.69,
      3251.17,
      3149.04,
      3182.02,
      3182.45,
      3032.63,
      3080.19,
      3205.31,
      3181.51,
      3237.64,
      3248.48,
      3272.18,
      3212.43,
      3214.96,
      3264.02,
      3147.96,
      3143.35,
      3250.23,
      3173.3,
      3272.92,
      3284.94,
      3081.36,
      3112.0099999999998,
      2940.81,
      3207.75,
      3179.19,
      3283.9,
      3227.91,
      3347.9,
      3044.41,
      3133.17,
      3230.49,
      3139.52,
      3157.31,
      3092.72,
      3298.5,
      3247.7999999999997,
      3162.18,
      2833.08,
      3157.84,
      3184.63,
      3018.77,
      2913.7599999999998,
      2894.79,
      2905.37,
      2904.84,
      2921.58,
      2912.95,
      2952.88,
      2972.52,
      2654.0299999999997,
      2972.57,
      3027.7599999999998,
      2692.71,
      2854.14,
      2768.01,
      2742.25,
      2375.13,
      2730.73,
      2633.32,
      2701.76,
      2691.9,
      2801.15,
      2798.9,
      2100.15,
      2485.1,
      2498.52,
      2450.09,
      2432.62,
      2423.29,
      2328.6,
      2416.0,
      2480.41,
      2457.05,
      2470.54,
      2081.33,
      2111.37,
      2110.02,
      1732.83,
      2079.7,
      2129.48,
      2045.6100000000001,
      2082.41,
      2128.13,
      2116.64,
      1740.98,
      1717.62,
      1664.04,
      1714.0,
      1727.77,
      1725.49,
      1746.25,
      1377.21,
      1747.6,
      1731.11,
      1688.91,
      1703.92,
      1335.74,
      1319.87,
      1343.61,
      1324.0,
      1311.31,
      1323.78,
      1357.38,
      1334.02,
      1291.48,
      1291.48,
      1349.23,
      952.14,
      913.87,
      881.3499999999999,
      894.03,
      894.8,
      888.41,
      886.24,
      918.54,
      918.76,
      886.24,
      885.16,
      456.28,
      488.8,
      463.34,
      455.2,
      429.96,
      429.96,
      430.69,
      425.07,
      885.89,
      406.0,
      405.24
    ],
    "stopping_reason": "time_limit",
    "operations": {
      "candidate_generation": 83096,
      "feasibility_check": 220,
      "weight_evaluation": 220
    }
  }
}