{
  "random": {
    "mean_weight": 754.4366666666666,
    "std_weight": 70.05542583475523,
    "min_weight": 704.9,
    "max_weight": 853.51,
    "absolute_gap": 99.07333333333338,
    "relative_gap": 0.1160775308236967,
    "approximation_ratio": 0.8839224691763032
  },
  "greedy": {
    "mean_weight": 803.9733333333334,
    "std_weight": 70.05542583475523,
    "min_weight": 704.9,
    "max_weight": 853.51,
    "absolute_gap": 49.53666666666663,
    "relative_gap": 0.05803876541184829,
    "approximation_ratio": 0.9419612345881517
  },
  "local": {
    "mean_weight": 853.51,
    "std_weight": 0.0,
    "min_weight": 853.51,
    "max_weight": 853.51,
    "absolute_gap": 0.0,
    "relative_gap": 0.0,
    "approximation_ratio": 1.0
  }
}