{
  "graph": "graph_n15_d25_adj_matrix",
  "algorithm": "local",
  "result": {
    "graph_name": "graph_n15_d25_adj_matrix",
    "algorithm": "local",
    "best_weight": 2670.74,
    "best_matching": [
      6,
      10,
      11,
      14,
      17,
      20,
      25
    ],
    "runtime": 2.000604758000918,
    "candidates": 54,
    "improvements": 2,
    "duplicates": 790,
    "infeasible": 0,
    "size_history": {
      "7": 20,
      "6": 21,
      "5": 12,
      "4": 1
    },
    "weight_history": [
      2564.52,
      2670.74,
      2543.69,
      2607.76,
      2332.72,
      2509.39,
      2538.95,
      2375.96,
      2446.41,
      2501.54,
      2455.84,
      2311.89,
      2356.58,
      2298.62,
      2069.65,
      2438.94,
      2307.15,
      2405.74,
      2301.45,
      2293.6,
      2251.8,
      2066.82,
      2480.71,
      2427.92,
      2475.9700000000003,
      2395.9900000000002,
      2353.7200000000003,
      2486.88,
      2420.62,
      2359.83,
      2411.9,
      2490.9,
      2483.6,
      2299.52,
      2269.74,
      2277.08,
      2342.76,
      2248.91,
      2261.84,
      2247.9,
      2282.53,
      2244.39,
      2124.7799999999997,
      2224.04,
      2028.6,
      2061.8,
      2091.58,
      2012.08,
      2033.6200000000001,
      1736.57,
      2045.28,
      2038.98,
      2036.45,
      2050.73
    ],
    "stopping_reason": "time_limit",
    "operations": {
      "candidate_generation": 844,
      "feasibility_check": 54,
      "weight_evaluation": 54
    }
  }
}