{
  "graph": "graph_n19_d75_adj_matrix",
  "algorithm": "greedy",
  "result": {
    "graph_name": "graph_n19_d75_adj_matrix",
    "algorithm": "greedy",
    "best_weight": 2872.74,
    "best_matching": [
      8,
      19,
      26,
      36,
      53,
      59,
      76,
      97,
      116
    ],
    "runtime": 0.05748897500052408,
    "candidates": 400,
    "improvements": 7,
    "duplicates": 1008,
    "infeasible": 0,
    "size_history": {
      "9": 220,
      "8": 153,
      "7": 26,
      "6": 1
    },
    "weight_history": [
      2652.96,
      2609.77,
      2741.48,
      2495.18,
      2704.45,
      2585.08,
      2810.66,
      2599.33,
      2752.3,
      2494.17,
      2761.86,
      2623.79,
      2688.21,
      2671.07,
      2604.71,
      2603.36,
      2639.27,
      2636.38,
      2614.83,
      2664.34,
      2668.14,
      2683.65,
      2441.2200000000003,
      2378.98,
      2499.16,
      2491.2799999999997,
      2473.86,
      2429.35,
      2508.06,
      2458.32,
      2474.27,
      2424.46,
      2469.01,
      2645.87,
      2643.89,
      2708.32,
      2562.2,
      2646.06,
      2477.32,
      2625.44,
      2608.38,
      2637.1,
      2483.62,
      2661.82,
      2758.27,
      2728.01,
      2725.08,
      2641.2200000000003,
      2718.76,
      2626.7200000000003,
      2661.65,
      2828.82,
      2656.49,
      2705.69,
      2694.12,
      2702.81,
      2613.98,
      2765.29,
      2698.33,
      2654.18,
      2853.36,
      2683.92,
      2647.75,
      2599.55,
      2705.7400000000002,
      2755.13,
      2582.63,
      2588.65,
      2570.74,
      2666.75,
      2673.69,
      2552.83,
      2591.79,
      2630.37,
      2632.12,
      2665.94,
      2687.89,
      2684.09,
      2596.1800000000003,
      2723.86,
      2718.35,
      2529.43,
      2709.6,
      2597.46,
      2718.79,
      2782.75,
      2721.28,
      2681.31,
      2712.9300000000003,
      2722.15,
      2571.17,
      2850.4700000000003,
      2600.4,
      2632.54,
      2615.2400000000002,
      2593.96,
      2661.41,
      2624.88,
      2618.7400000000002,
      2739.59,
      2658.13,
      2741.0299999999997,
      2758.56,
      2730.03,
      2618.93,
      2716.39,
      2696.52,
      2831.09,
      2642.44,
      2622.1,
      2583.55,
      2637.16,
      2846.63,
      2557.04,
      2675.3,
      2695.73,
      2630.65,
      2681.48,
      2594.58,
      2326.89,
      2620.25,
      2627.68,
      2703.2200000000003,
      2719.16,
      2572.9,
      2747.47,
      2769.87,
      2562.16,
      2716.55,
      2674.55,
      2691.84,
      2808.82,
      2709.66,
      2688.91,
      2712.59,
      2689.4,
      2668.48,
      2596.31,
      2599.86,
      2740.74,
      2660.4300000000003,
      2703.76,
      2711.18,
      2734.3,
      2576.39,
      2694.28,
      2849.21,
      2786.59,
      2706.15,
      2849.25,
      2697.05,
      2696.73,
      2682.7,
      2854.49,
      2660.7200000000003,
      2745.57,
      2675.23,
      2580.77,
      2670.85,
      2826.94,
      2638.95,
      2640.46,
      2590.4,
      2549.09,
      2694.39,
      2617.0,
      2559.58,
      2596.57,
      2524.67,
      2692.37,
      2594.4,
      2661.79,
      2699.88,
      2579.37,
      2549.6800000000003,
      2464.19,
      2443.62,
      2364.17,
      2450.12,
      2494.21,
      2489.11,
      2483.74,
      2198.21,
      2471.94,
      2466.84,
      2444.78,
      2532.75,
      2566.53,
      2677.36,
      2677.19,
      2641.39,
      2711.23,
      2578.61,
      2639.33,
      2600.79,
      2648.99,
      2671.0299999999997,
      2604.9,
      2700.83,
      2581.65,
      2730.42,
      2719.01,
      2755.18,
      2682.38,
      2677.57,
      2631.4700000000003,
      2621.04,
      2569.52,
      2758.9700000000003,
      2694.1,
      2706.31,
      2872.74,
      2526.96,
      2586.19,
      2725.2,
      2676.62,
      2690.32,
      2617.64,
      2721.67,
      2673.85,
      2480.47,
      2603.68,
      2613.03,
      2602.61,
      2632.53,
      2728.4700000000003,
      2623.92,
      2517.32,
      2600.0,
      2627.39,
      2541.77,
      2623.4700000000003,
      2635.59,
      2719.32,
      2703.4700000000003,
      2802.09,
      2790.92,
      2661.94,
      2648.8,
      2711.24,
      2641.36,
      2634.7400000000002,
      2724.42,
      2714.11,
      2749.44,
      2456.89,
      2666.79,
      2683.33,
      2670.44,
      2545.3,
      2730.89,
      2606.62,
      2645.51,
      2827.29,
      2607.21,
      2602.37,
      2714.94,
      2666.9700000000003,
      2646.83,
      2529.25,
      2743.02,
      2663.87,
      2628.31,
      2542.15,
      2678.79,
      2773.94,
      2806.51,
      2751.0,
      2676.09,
      2843.61,
      2666.6,
      2871.52,
      2746.37,
      2712.06,
      2790.7000000000003,
      2665.45,
      2737.62,
      2621.89,
      2723.69,
      2684.06,
      2587.95,
      2769.73,
      2762.99,
      2678.56,
      2526.28,
      2743.67,
      2690.38,
      2381.02,
      2533.46,
      2552.03,
      2673.48,
      2585.48,
      2553.89,
      2618.15,
      2610.83,
      2616.42,
      2567.95,
      2601.03,
      2595.29,
      2731.12,
      2739.64,
      2738.33,
      2671.41,
      2545.28,
      2554.33,
      2559.54,
      2663.29,
      2651.4300000000003,
      2842.48,
      2714.64,
      2812.97,
      2634.03,
      2666.35,
      2699.9,
      2675.9700000000003,
      2749.95,
      2667.28,
      2676.36,
      2643.74,
      2806.2400000000002,
      2767.21,
      2754.06,
      2682.53,
      2602.08,
      2672.27,
      2740.26,
      2702.37,
      2677.33,
      2726.62,
      2792.14,
      2543.13,
      2657.73,
      2562.69,
      2769.46,
      2712.28,
      2772.39,
      2598.31,
      2697.94,
      2651.7400000000002,
      2713.98,
      2571.93,
      2625.25,
      2709.82,
      2684.04,
      2546.09,
      2616.07,
      2750.4,
      2617.77,
      2831.13,
      2808.67,
      2739.2200000000003,
      2575.86,
      2774.51,
      2600.28,
      2707.91,
      2690.48,
      2672.99,
      2631.43,
      2696.7400000000002,
      2709.16,
      2705.58,
      2694.4700000000003,
      2786.55,
      2710.42,
      2635.71,
      2649.98,
      2670.04,
      2665.09,
      2678.62,
      2693.58,
      2685.31,
      2640.23,
      2607.86,
      2639.37,
      2511.29,
      2579.22,
      2559.25,
      2577.28,
      2597.2,
      2459.06,
      2596.95,
      2615.61,
      2638.52,
      2703.9,
      2658.65,
      2730.59,
      2613.64,
      2585.06,
      2684.95,
      2668.5,
      2717.68,
      2781.24,
      2547.36,
      2568.23,
      2707.44,
      2710.43,
      2563.07,
      2635.97,
      2640.4,
      2660.93
    ],
    "stopping_reason": "max_candidates",
    "operations": {
      "candidate_generation": 1408,
      "feasibility_check": 400,
      "weight_evaluation": 400
    }
  }
}