{
  "graph": "graph_n9_d75_adj_matrix",
  "algorithm": "random",
  "result": {
    "graph_name": "graph_n9_d75_adj_matrix",
    "algorithm": "random",
    "best_weight": 1193.28,
    "best_matching": [
      3,
      7,
      14,
      19
    ],
    "runtime": 2.0000417760002165,
    "candidates": 325,
    "improvements": 9,
    "duplicates": 208298,
    "infeasible": 0,
    "size_history": {
      "4": 237,
      "3": 48,
      "2": 13,
      "1": 27
    },
    "weight_history": [
      1053.02,
      1059.5,
      819.85,
      1064.32,
      952.71,
      896.62,
      1136.71,
      502.22999999999996,
      746.86,
      887.53,
      1095.68,
      851.3,
      1014.53,
      1064.66,
      683.39,
      943.0999999999999,
      789.42,
      950.18,
      645.75,
      897.05,
      825.39,
      1013.7,
      998.64,
      667.9399999999999,
      1156.3799999999999,
      783.6099999999999,
      970.8699999999999,
      1180.66,
      1019.3299999999999,
      1086.81,
      1027.03,
      1182.37,
      1033.86,
      721.71,
      1068.08,
      1136.08,
      875.99,
      999.77,
      575.27,
      933.14,
      776.04,
      917.31,
      933.12,
      783.81,
      569.01,
      650.28,
      834.23,
      1013.81,
      767.78,
      1079.28,
      1000.39,
      870.04,
      723.42,
      915.87,
      1060.43,
      1114.2,
      942.6700000000001,
      868.84,
      783.2900000000001,
      838.04,
      713.13,
      861.46,
      941.22,
      1089.85,
      937.07,
      1011.02,
      1061.83,
      694.21,
      938.98,
      865.05,
      999.89,
      671.76,
      1048.46,
      877.45,
      773.19,
      997.27,
      882.8399999999999,
      915.51,
      871.55,
      825.7,
      745.37,
      827.53,
      1060.46,
      982.93,
      1048.85,
      747.09,
      855.09,
      623.35,
      906.51,
      914.96,
      1193.19,
      962.74,
      939.35,
      908.71,
      1145.8,
      899.32,
      846.47,
      953.92,
      965.41,
      819.61,
      774.15,
      980.99,
      661.9,
      868.19,
      611.11,
      863.9,
      1050.26,
      636.77,
      859.88,
      892.53,
      1135.23,
      865.68,
      774.77,
      761.12,
      1125.1100000000001,
      917.04,
      1043.67,
      985.27,
      941.72,
      1001.13,
      557.72,
      960.62,
      693.92,
      1125.02,
      1017.29,
      951.31,
      999.39,
      623.73,
      844.43,
      974.15,
      930.9399999999999,
      1069.66,
      1032.63,
      1193.28,
      989.86,
      1136.7,
      668.32,
      1087.06,
      1019.9599999999999,
      974.46,
      946.9300000000001,
      622.47,
      812.6899999999999,
      526.31,
      412.59000000000003,
      395.69,
      422.95,
      385.6,
      516.12,
      591.02,
      663.1800000000001,
      740.41,
      376.61,
      755.3499999999999,
      382.47,
      928.49,
      811.78,
      990.9,
      1014.1800000000001,
      809.58,
      1134.29,
      1012.21,
      974.9799999999999,
      688.51,
      836.13,
      895.85,
      792.19,
      923.2,
      934.3199999999999,
      779.22,
      944.4300000000001,
      1011.36,
      596.75,
      786.4,
      569.96,
      945.1700000000001,
      862.97,
      755.67,
      637.97,
      910.96,
      1124.08,
      845.63,
      787.12,
      589.04,
      1077.64,
      1075.23,
      703.91,
      462.12,
      639.48,
      1006.69,
      459.04,
      803.84,
      718.54,
      815.04,
      617.04,
      764.1,
      871.0,
      731.46,
      1132.49,
      1068.54,
      1044.6299999999999,
      1066.12,
      902.54,
      865.1500000000001,
      1059.59,
      524.1,
      988.15,
      1068.06,
      559.52,
      980.3699999999999,
      801.66,
      792.27,
      1029.56,
      975.17,
      877.3199999999999,
      1005.72,
      992.74,
      859.89,
      1023.94,
      965.36,
      886.14,
      1022.32,
      741.2800000000001,
      1069.04,
      772.0,
      901.71,
      1020.0,
      965.21,
      1050.25,
      987.15,
      895.0799999999999,
      984.64,
      862.66,
      925.91,
      725.11,
      741.8,
      971.5,
      860.26,
      876.95,
      883.95,
      880.43,
      1006.25,
      444.83,
      1135.12,
      912.53,
      852.5,
      1063.84,
      902.89,
      928.55,
      1057.04,
      439.69,
      996.31,
      593.37,
      791.69,
      712.85,
      817.85,
      588.67,
      676.9,
      792.98,
      1062.35,
      1010.8399999999999,
      978.5699999999999,
      1018.25,
      515.16,
      698.77,
      1112.49,
      702.43,
      1034.68,
      1087.04,
      953.63,
      642.4300000000001,
      1067.43,
      986.02,
      315.2,
      910.58,
      536.64,
      360.86,
      888.49,
      577.47,
      335.94,
      618.4100000000001,
      841.24,
      406.20000000000005,
      394.46999999999997,
      526.45,
      364.37,
      673.88,
      409.4,
      538.76,
      194.31,
      183.23,
      385.33000000000004,
      489.02000000000004,
      609.93,
      459.27,
      405.81,
      658.02,
      73.44,
      279.16,
      479.94,
      129.63,
      286.43,
      209.86,
      246.74,
      58.82,
      207.24,
      341.88,
      129.39,
      336.59,
      280.01,
      119.1,
      76.92,
      178.09,
      326.02,
      240.67,
      188.16,
      128.43,
      431.84,
      406.48,
      53.6,
      198.57,
      117.39,
      252.17,
      198.66,
      332.0
    ],
    "stopping_reason": "time_limit",
    "operations": {
      "candidate_generation": 208623,
      "feasibility_check": 325,
      "weight_evaluation": 325
    }
  }
}