{
  "graph": "graph_n15_d75_adj_matrix",
  "algorithm": "greedy",
  "result": {
    "graph_name": "graph_n15_d75_adj_matrix",
    "algorithm": "greedy",
    "best_weight": 3030.98,
    "best_matching": [
      11,
      22,
      35,
      54,
      64,
      69,
      72
    ],
    "runtime": 0.10438910199991369,
    "candidates": 400,
    "improvements": 4,
    "duplicates": 3776,
    "infeasible": 0,
    "size_history": {
      "7": 168,
      "5": 55,
      "6": 86,
      "4": 46,
      "3": 31,
      "2": 14
    },
    "weight_history": [
      2851.93,
      2875.25,
      2879.48,
      2799.54,
      2844.86,
      2843.16,
      3030.98,
      2789.9,
      3027.39,
      2874.73,
      2856.9300000000003,
      2874.92,
      2857.26,
      2807.37,
      2821.2799999999997,
      2868.5,
      2867.03,
      2844.53,
      2887.31,
      2874.4,
      2852.26,
      2862.98,
      2812.71,
      2854.9700000000003,
      2867.52,
      2947.05,
      3007.99,
      2867.38,
      2787.42,
      2834.4,
      2873.98,
      2850.99,
      2963.89,
      2913.86,
      2867.85,
      2855.79,
      2870.9500000000003,
      2792.74,
      3001.6,
      2779.59,
      2878.8,
      2940.65,
      2986.88,
      2997.46,
      2930.48,
      2800.57,
      2773.0299999999997,
      2954.53,
      2855.3,
      2965.18,
      2843.26,
      2836.99,
      2782.07,
      2788.43,
      3000.26,
      2732.2,
      2847.65,
      2918.91,
      2780.43,
      2854.78,
      2868.83,
      2885.1,
      2836.03,
      2836.0,
      2847.96,
      2801.16,
      3024.59,
      2770.19,
      2968.77,
      2841.79,
      2845.05,
      2892.46,
      2889.83,
      2855.46,
      2773.09,
      2863.31,
      2839.1,
      2402.2200000000003,
      2655.3,
      2691.25,
      2655.65,
      2716.38,
      2673.96,
      2634.43,
      2305.54,
      2728.28,
      2747.9,
      2666.07,
      2870.62,
      2866.15,
      2936.49,
      2614.48,
      2854.03,
      2724.37,
      2842.9300000000003,
      2774.01,
      2763.33,
      2806.29,
      2902.14,
      2724.91,
      2647.47,
      2661.2400000000002,
      2748.23,
      2727.95,
      2625.26,
      2854.45,
      2622.31,
      2679.95,
      2649.35,
      2642.26,
      2408.17,
      2280.69,
      2341.49,
      2284.67,
      2408.5,
      2347.08,
      2255.51,
      2388.2200000000003,
      2337.9,
      2701.66,
      2139.4,
      1971.43,
      2004.42,
      1998.47,
      1990.46,
      1976.58,
      1533.77,
      1946.82,
      1984.47,
      1932.82,
      1984.51,
      1932.48,
      1553.72,
      1010.01,
      1508.04,
      1561.73,
      1547.73,
      1522.0,
      1516.03,
      1496.08,
      976.72,
      1567.68,
      1510.08,
      1085.26,
      1025.78,
      1071.3,
      1042.15,
      1547.77,
      998.51,
      955.94,
      984.51,
      1036.2,
      1002.0,
      966.9000000000001,
      1508.2,
      1502.25,
      1403.71,
      1488.25,
      1497.8400000000001,
      1460.15,
      1437.46,
      996.05,
      1470.35,
      1494.1599999999999,
      1441.2,
      1971.76,
      1909.22,
      1970.51,
      1952.77,
      1970.63,
      1938.99,
      1929.17,
      1965.81,
      1924.99,
      1891.35,
      1944.94,
      2316.31,
      2351.9,
      2354.18,
      2292.5,
      2296.58,
      2330.39,
      1951.48,
      2326.34,
      2402.55,
      2332.92,
      2288.75,
      2586.05,
      2716.71,
      2388.55,
      2527.74,
      2592.14,
      2725.2400000000002,
      2646.83,
      2722.33,
      2619.27,
      2610.27,
      2702.38,
      2297.71,
      2291.76,
      2344.15,
      2299.59,
      2334.23,
      1876.6,
      2266.24,
      2282.58,
      2348.23,
      2332.75,
      2293.14,
      2569.15,
      2710.91,
      2689.69,
      2641.52,
      2722.66,
      2590.75,
      2677.63,
      2677.65,
      2285.59,
      2593.88,
      2685.3,
      2775.9,
      2829.16,
      2983.29,
      2925.31,
      2859.02,
      2883.88,
      2847.63,
      2867.36,
      2752.33,
      2768.97,
      2805.31,
      2766.51,
      2594.34,
      2702.71,
      2683.3,
      2595.99,
      2668.6,
      2653.41,
      2257.5,
      2678.91,
      2635.35,
      2686.02,
      2269.51,
      2267.65,
      2335.54,
      1926.53,
      2306.39,
      2262.82,
      2272.55,
      2336.67,
      2352.62,
      2221.8199999999997,
      2644.88,
      1943.0,
      1895.26,
      1899.93,
      1876.23,
      1951.81,
      1956.63,
      2294.7,
      1915.21,
      1965.48,
      1896.8899999999999,
      1881.55,
      1462.52,
      1492.43,
      1440.2,
      1438.3600000000001,
      1433.46,
      1472.48,
      1477.89,
      1446.75,
      1439.5,
      1015.4200000000001,
      1489.3400000000001,
      1876.94,
      1877.35,
      1881.38,
      1869.05,
      1901.33,
      1929.0,
      1829.25,
      1799.67,
      1934.58,
      1914.63,
      1880.94,
      2334.27,
      2711.2400000000002,
      2278.93,
      2330.19,
      2302.5299999999997,
      2346.75,
      2248.82,
      2331.9700000000003,
      1876.56,
      2226.7,
      2300.64,
      2693.91,
      2616.0,
      2687.66,
      2670.92,
      2333.25,
      2665.74,
      2646.12,
      2637.12,
      2686.1,
      2603.38,
      2627.52,
      2557.04,
      2790.7799999999997,
      2777.18,
      2805.64,
      2839.4300000000003,
      2778.02,
      3003.85,
      2806.21,
      2780.6,
      2914.44,
      2886.24,
      2660.91,
      2681.2200000000003,
      2652.06,
      2628.9700000000003,
      2658.23,
      2602.17,
      2666.07,
      2653.08,
      2672.48,
      2685.69,
      2647.15,
      2774.43,
      2813.04,
      2807.89,
      2835.7,
      2770.83,
      2738.34,
      2941.9,
      2746.16,
      2802.62,
      2857.39,
      2875.01,
      2846.52,
      2759.46,
      2773.31,
      2836.33,
      2773.24,
      2768.07,
      2581.9,
      2760.48,
      2813.39,
      2858.69,
      2759.31,
      2603.95,
      2881.9700000000003,
      2826.9,
      2841.46,
      2806.62,
      2605.27,
      2851.57,
      2845.73,
      2959.0,
      3011.13,
      2868.84,
      2640.37,
      2612.58,
      2655.36,
      2666.78,
      2582.44,
      2633.46,
      2657.7000000000003,
      2638.71,
      2676.07,
      2635.66,
      2632.76,
      2962.38,
      2765.41,
      2765.53,
      2813.85,
      2985.34,
      2835.1,
      2946.7200000000003,
      2847.98,
      2938.31,
      2793.09,
      2930.28,
      2772.07,
      2930.1,
      2839.02,
      2800.55,
      3008.33,
      2896.55,
      2807.65,
      2770.27,
      2772.93,
      2789.33,
      2934.07,
      2959.42,
      2606.43,
      2837.93,
      2614.26
    ],
    "stopping_reason": "max_candidates",
    "operations": {
      "candidate_generation": 4176,
      "feasibility_check": 400,
      "weight_evaluation": 400
    }
  }
}