{
  "graph": "graph_n18_d25_adj_matrix",
  "algorithm": "random",
  "result": {
    "graph_name": "graph_n18_d25_adj_matrix",
    "algorithm": "random",
    "best_weight": 2637.45,
    "best_matching": [
      3,
      6,
      12,
      16,
      19,
      23,
      25,
      28,
      33
    ],
    "runtime": 0.006051024000043981,
    "candidates": 400,
    "improvements": 6,
    "duplicates": 5,
    "infeasible": 0,
    "size_history": {
      "8": 148,
      "7": 107,
      "6": 45,
      "9": 10,
      "5": 61,
      "4": 27,
      "3": 2
    },
    "weight_history": [
      1787.37,
      2134.98,
      1747.2,
      1897.21,
      1767.46,
      1666.8500000000001,
      1840.49,
      1747.63,
      2019.48,
      1599.8899999999999,
      2070.17,
      1550.88,
      2211.37,
      2143.4,
      1419.43,
      1714.56,
      2344.17,
      1970.07,
      2328.28,
      2199.01,
      1782.2,
      2085.03,
      1588.63,
      1500.05,
      1826.15,
      1590.24,
      2132.38,
      2025.75,
      2059.69,
      1755.92,
      1947.6399999999999,
      1678.18,
      1671.33,
      1783.8700000000001,
      2038.64,
      2187.73,
      2591.88,
      2058.43,
      1749.2,
      2213.9,
      1969.17,
      1879.96,
      1570.33,
      2310.83,
      1407.91,
      1467.22,
      1695.1200000000001,
      1660.23,
      1293.1,
      1245.8899999999999,
      1573.36,
      1687.5800000000002,
      1592.82,
      1763.63,
      1577.47,
      1792.1000000000001,
      2031.1,
      2337.98,
      1995.3799999999999,
      1967.67,
      1866.31,
      1578.0,
      1638.05,
      1661.1399999999999,
      1953.97,
      1842.23,
      2344.56,
      1867.22,
      1860.61,
      1659.58,
      1429.3600000000001,
      1495.67,
      1773.1000000000001,
      1490.89,
      2025.49,
      1893.34,
      1993.24,
      1932.14,
      1644.62,
      2148.4,
      2314.58,
      2243.52,
      2053.19,
      1683.52,
      2160.01,
      1921.74,
      1725.34,
      2133.79,
      2240.4,
      2540.2,
      1614.57,
      2157.87,
      1617.66,
      2113.15,
      1963.4,
      2444.65,
      2142.1800000000003,
      2244.37,
      1965.96,
      1867.88,
      1577.33,
      1753.56,
      1716.17,
      1980.1000000000001,
      1872.76,
      1863.83,
      1656.25,
      2022.38,
      1491.79,
      1597.62,
      1553.44,
      2006.19,
      1446.3400000000001,
      1900.35,
      2160.2200000000003,
      1804.84,
      1948.47,
      1849.44,
      2570.84,
      2523.07,
      1974.8500000000001,
      2072.3,
      2152.49,
      2551.81,
      2167.15,
      1778.43,
      1374.81,
      1541.14,
      1631.55,
      1943.9,
      1821.73,
      1926.26,
      1520.38,
      1592.82,
      2111.95,
      2249.66,
      1859.62,
      2469.1,
      2042.36,
      1874.9,
      2327.74,
      1610.96,
      1790.42,
      2210.82,
      1983.96,
      2041.62,
      1826.78,
      1652.07,
      1741.39,
      1685.8,
      2143.82,
      1713.28,
      1922.23,
      2187.31,
      2127.45,
      1649.37,
      1868.3600000000001,
      1816.02,
      2033.51,
      2181.58,
      2126.06,
      1937.33,
      1957.19,
      2523.2599999999998,
      1842.63,
      1314.46,
      1993.72,
      2637.45,
      2233.52,
      2074.03,
      2149.96,
      1806.82,
      1775.59,
      2420.75,
      1592.81,
      1935.06,
      1799.03,
      2154.73,
      1992.65,
      1564.0,
      2234.68,
      2023.37,
      1806.1200000000001,
      1934.8600000000001,
      1415.1000000000001,
      2330.3,
      1892.13,
      2148.25,
      2080.45,
      1896.33,
      1945.23,
      2288.86,
      1922.38,
      1485.28,
      2248.11,
      2120.32,
      1950.79,
      1794.69,
      2208.31,
      2079.91,
      2114.82,
      1655.81,
      1703.15,
      1685.94,
      2190.47,
      1865.4,
      1725.73,
      1843.42,
      1698.19,
      2188.36,
      2183.5099999999998,
      1554.81,
      2374.59,
      2051.33,
      1939.39,
      2063.41,
      1304.49,
      1621.13,
      1973.1,
      2146.47,
      1666.63,
      1755.95,
      2453.02,
      1503.71,
      1890.17,
      1784.2,
      2527.14,
      1925.56,
      1539.72,
      1800.02,
      1767.75,
      1573.92,
      1891.9,
      1669.0900000000001,
      1539.55,
      2017.74,
      1905.22,
      1979.17,
      1514.91,
      1629.8600000000001,
      2523.86,
      1985.81,
      1730.51,
      2086.9,
      2101.31,
      2120.44,
      1595.3300000000002,
      2085.73,
      2141.25,
      1724.87,
      1887.63,
      1475.49,
      1633.44,
      1331.99,
      1572.97,
      2389.29,
      1947.0,
      1823.43,
      1771.34,
      1794.38,
      1369.8700000000001,
      1607.6200000000001,
      1795.96,
      1953.29,
      1496.74,
      1750.35,
      1447.6100000000001,
      1790.43,
      1321.3700000000001,
      1663.15,
      1146.87,
      1775.01,
      1350.98,
      1767.92,
      1856.46,
      1590.97,
      1230.04,
      1916.47,
      1804.56,
      1217.32,
      1673.65,
      898.18,
      1035.21,
      1443.28,
      1165.62,
      1015.41,
      937.56,
      1531.58,
      1077.59,
      903.04,
      1273.12,
      1259.5,
      999.5600000000001,
      751.9300000000001,
      849.29,
      830.71,
      941.89,
      1364.41,
      1368.94,
      1659.99,
      993.53,
      1440.52,
      999.14,
      1403.8,
      937.0,
      1415.1100000000001,
      1464.23,
      1171.9099999999999,
      1484.37,
      1228.15,
      1835.01,
      1680.58,
      1949.16,
      1390.22,
      1445.81,
      1584.24,
      1917.39,
      1573.97,
      1675.23,
      1597.38,
      936.14,
      1422.07,
      968.02,
      1135.29,
      1403.29,
      1544.29,
      1084.45,
      1570.74,
      1343.76,
      1380.8700000000001,
      2102.74,
      1967.53,
      1547.6399999999999,
      1516.15,
      1621.5,
      1949.26,
      1188.92,
      1629.85,
      1308.3600000000001,
      1557.68,
      1620.29,
      1120.28,
      1631.3700000000001,
      1093.6,
      1124.5,
      1386.62,
      1385.03,
      1322.8600000000001,
      1643.29,
      1334.88,
      1636.73,
      1244.6,
      1717.31,
      1554.75,
      1544.29,
      1086.11,
      1757.91,
      1729.42,
      1653.07,
      1502.71,
      1590.43,
      1601.6100000000001,
      1649.1200000000001,
      1394.99,
      1164.83,
      1152.81,
      1385.1599999999999,
      1715.58,
      1161.81,
      1095.83,
      940.6800000000001,
      1596.01,
      1410.03,
      833.14,
      1143.6100000000001,
      753.97,
      1011.39,
      861.5,
      441.56,
      1184.31,
      1269.96,
      1070.22,
      1115.05,
      614.84,
      1010.82,
      1805.35,
      1617.67,
      1394.01,
      1211.85,
      1330.5,
      1101.21,
      1269.69,
      1281.5800000000002,
      951.3000000000001,
      987.39,
      1274.29,
      1230.28,
      849.4499999999999,
      1052.74,
      933.6
    ],
    "stopping_reason": "max_candidates",
    "operations": {
      "candidate_generation": 405,
      "feasibility_check": 400,
      "weight_evaluation": 400
    }
  }
}