{
  "graph": "graph_n13_d75_adj_matrix",
  "algorithm": "local",
  "result": {
    "graph_name": "graph_n13_d75_adj_matrix",
    "algorithm": "local",
    "best_weight": 2208.0299999999997,
    "best_matching": [
      5,
      7,
      25,
      33,
      39,
      52
    ],
    "runtime": 2.0012630420005735,
    "candidates": 131,
    "improvements": 3,
    "duplicates": 738,
    "infeasible": 0,
    "size_history": {
      "6": 53,
      "5": 44,
      "4": 22,
      "3": 12
    },
    "weight_history": [
      2187.82,
      2142.24,
      2158.42,
      2166.79,
      2202.86,
      2167.19,
      2164.08,
      2208.0299999999997,
      2163.35,
      2134.31,
      2201.89,
      1949.46,
      1945.1599999999999,
      1925.06,
      2002.1799999999998,
      1931.75,
      1964.6299999999999,
      1961.51,
      1993.8,
      1978.17,
      1940.23,
      1971.76,
      2159.81,
      2144.44,
      2173.86,
      2114.45,
      2081.2,
      2182.72,
      2089.68,
      2170.95,
      2186.58,
      2160.89,
      2142.79,
      2165.38,
      2181.25,
      2149.94,
      2132.07,
      2168.52,
      2165.79,
      2120.46,
      2187.99,
      2143.44,
      2161.31,
      2122.77,
      2165.48,
      2192.83,
      2136.67,
      2173.7599999999998,
      2162.92,
      1964.99,
      2157.26,
      2122.35,
      2157.77,
      2135.77,
      2202.05,
      1980.98,
      1691.38,
      1980.1599999999999,
      1940.24,
      1969.5,
      1952.8,
      1927.75,
      1978.69,
      1775.61,
      2001.02,
      1916.58,
      1700.6599999999999,
      1708.9,
      1682.8999999999999,
      1687.07,
      1984.67,
      1688.86,
      1707.9299999999998,
      1685.49,
      1685.71,
      1702.92,
      1684.24,
      1993.6999999999998,
      1996.51,
      1945.8899999999999,
      1873.38,
      1967.45,
      1982.62,
      1983.6999999999998,
      1676.21,
      2000.05,
      1942.4099999999999,
      1959.94,
      2151.26,
      2170.33,
      2162.28,
      1963.52,
      2144.25,
      2150.37,
      2185.18,
      2164.67,
      2189.29,
      2118.03,
      2145.6,
      1958.78,
      1944.73,
      1968.3899999999999,
      1929.99,
      1909.57,
      1947.29,
      1931.3999999999999,
      1995.04,
      1939.07,
      1938.75,
      1962.9199999999998,
      1726.4099999999999,
      1679.6399999999999,
      1424.8899999999999,
      1704.3899999999999,
      1689.25,
      1717.9299999999998,
      1717.01,
      1690.22,
      1664.46,
      1415.6100000000001,
      1669.3899999999999,
      1411.3,
      1339.5,
      1365.32,
      1407.1299999999999,
      1362.42,
      1381.1,
      1357.01,
      1333.52,
      1355.92,
      1356.84
    ],
    "stopping_reason": "time_limit",
    "operations": {
      "candidate_generation": 869,
      "feasibility_check": 131,
      "weight_evaluation": 131
    }
  }
}