{
  "graph": "graph_n16_d25_adj_matrix",
  "algorithm": "random",
  "result": {
    "graph_name": "graph_n16_d25_adj_matrix",
    "algorithm": "random",
    "best_weight": 2406.07,
    "best_matching": [
      0,
      9,
      14,
      19,
      20,
      25,
      27
    ],
    "runtime": 0.005080852000901359,
    "candidates": 400,
    "improvements": 9,
    "duplicates": 3,
    "infeasible": 0,
    "size_history": {
      "7": 36,
      "6": 81,
      "5": 95,
      "4": 96,
      "3": 68,
      "8": 1,
      "2": 22,
      "1": 1
    },
    "weight_history": [
      1386.89,
      1402.95,
      1709.99,
      1374.67,
      1364.98,
      1729.23,
      1718.19,
      1063.04,
      1079.79,
      1481.88,
      1539.6,
      1271.41,
      1052.3,
      1506.29,
      1061.39,
      1314.88,
      1432.0800000000002,
      1129.21,
      1042.97,
      1049.78,
      1155.71,
      772.9,
      1605.68,
      1801.1200000000001,
      1127.01,
      1431.4,
      2160.63,
      1677.8700000000001,
      1556.25,
      1406.48,
      1827.8300000000002,
      1348.04,
      1476.07,
      1962.65,
      1917.26,
      2093.13,
      1672.92,
      1521.3,
      2172.16,
      2079.62,
      1391.8400000000001,
      1672.77,
      1299.06,
      1744.01,
      1922.43,
      1956.04,
      1754.21,
      1535.63,
      1667.34,
      1251.34,
      1101.3,
      1837.92,
      1983.47,
      1501.46,
      1821.16,
      1496.36,
      1591.45,
      1815.8300000000002,
      1450.09,
      667.11,
      1789.04,
      1574.0900000000001,
      1295.7,
      944.3,
      1227.49,
      1784.51,
      1569.81,
      1424.84,
      1284.67,
      1519.68,
      2149.44,
      1309.77,
      2026.6000000000001,
      1569.5,
      1683.56,
      1348.71,
      2027.48,
      1755.3700000000001,
      1528.94,
      1191.17,
      1175.48,
      1495.13,
      1328.78,
      1656.0,
      1100.17,
      1115.6399999999999,
      1627.4,
      1625.77,
      1044.71,
      982.1600000000001,
      1337.96,
      737.38,
      892.3399999999999,
      1033.95,
      1302.0900000000001,
      1690.3700000000001,
      1023.6,
      1029.29,
      770.41,
      1562.3200000000002,
      1429.09,
      1292.31,
      1402.88,
      1371.52,
      1363.15,
      1143.31,
      1590.8300000000002,
      1201.74,
      774.11,
      1165.06,
      1273.24,
      1282.22,
      866.71,
      1049.09,
      1499.0900000000001,
      778.51,
      1312.87,
      627.55,
      1403.18,
      1146.98,
      1293.8200000000002,
      1423.35,
      982.86,
      1835.93,
      1240.68,
      742.76,
      1397.69,
      1405.8,
      1777.23,
      1674.89,
      1518.19,
      1290.09,
      2116.29,
      1511.3300000000002,
      1286.52,
      1865.42,
      1254.3899999999999,
      1610.4,
      1597.79,
      1504.58,
      1891.6200000000001,
      1869.55,
      1846.25,
      1979.72,
      2318.52,
      1440.81,
      2076.2,
      1665.44,
      2008.75,
      1918.89,
      1948.77,
      2134.6,
      1582.6399999999999,
      1789.8400000000001,
      1452.71,
      1479.04,
      1595.18,
      1684.5,
      2406.07,
      1680.79,
      1992.95,
      1374.72,
      1835.4,
      1481.56,
      1753.3899999999999,
      1752.73,
      1978.66,
      2060.23,
      1228.94,
      1609.27,
      1907.53,
      1302.47,
      2264.41,
      1644.25,
      1983.68,
      1733.66,
      1723.35,
      1957.36,
      1998.19,
      2189.49,
      1721.16,
      1517.16,
      2023.1200000000001,
      2014.56,
      2211.85,
      1503.1299999999999,
      1433.08,
      1446.83,
      1390.2,
      1478.88,
      2065.08,
      1804.28,
      2164.26,
      1841.21,
      1357.94,
      1437.3100000000002,
      1626.92,
      1424.0,
      1276.8400000000001,
      1055.31,
      1607.77,
      1782.3700000000001,
      1298.88,
      1947.51,
      756.0,
      1557.92,
      1404.27,
      944.04,
      1728.89,
      1162.71,
      913.98,
      446.40999999999997,
      985.72,
      901.74,
      759.5799999999999,
      1140.02,
      1265.54,
      1057.04,
      1021.9000000000001,
      965.1700000000001,
      839.7,
      734.11,
      963.37,
      747.84,
      1061.09,
      829.77,
      513.4,
      1083.3700000000001,
      902.47,
      981.07,
      1173.25,
      959.6500000000001,
      955.28,
      1356.2,
      1183.04,
      692.55,
      1118.28,
      1276.0300000000002,
      1174.21,
      1231.47,
      857.27,
      1327.58,
      565.7,
      795.7,
      685.01,
      655.09,
      826.08,
      492.88,
      1196.78,
      1066.15,
      1031.21,
      961.0200000000001,
      1164.51,
      538.9200000000001,
      592.4200000000001,
      595.09,
      254.04000000000002,
      799.76,
      449.09,
      247.16,
      584.03,
      358.13,
      877.1500000000001,
      637.47,
      400.6,
      778.07,
      1378.0500000000002,
      724.44,
      1147.24,
      1101.45,
      998.2900000000001,
      538.35,
      838.02,
      1178.47,
      656.27,
      1460.3200000000002,
      1303.9,
      1293.54,
      749.07,
      1686.43,
      1462.72,
      1057.8500000000001,
      1394.6100000000001,
      688.59,
      1018.94,
      1018.44,
      1594.9,
      1221.27,
      1234.69,
      1773.47,
      1265.8200000000002,
      1789.8400000000001,
      1250.3700000000001,
      1589.3400000000001,
      1187.25,
      1225.01,
      1471.79,
      589.41,
      1183.99,
      1232.95,
      1001.13,
      984.65,
      842.84,
      783.43,
      1168.34,
      1701.44,
      1202.6100000000001,
      627.86,
      1452.56,
      1397.32,
      890.23,
      1114.4,
      1268.68,
      1631.3500000000001,
      1507.81,
      1716.8400000000001,
      1610.71,
      746.7,
      1259.13,
      910.6,
      974.97,
      1272.44,
      892.91,
      899.83,
      883.1,
      1259.5700000000002,
      684.83,
      1074.08,
      1078.78,
      733.77,
      1187.8000000000002,
      770.92,
      732.45,
      922.01,
      558.66,
      916.62,
      661.75,
      408.1,
      380.7,
      574.96,
      734.79,
      1184.1,
      1166.88,
      1053.87,
      1203.55,
      1261.94,
      1453.3200000000002,
      1529.32,
      1486.63,
      1099.57,
      878.5,
      610.0,
      832.45,
      991.28,
      916.59,
      651.28,
      830.37,
      1084.01,
      840.12,
      1089.13,
      642.8399999999999,
      1148.42,
      1019.1700000000001,
      451.17,
      553.05,
      564.22,
      486.11,
      625.36,
      610.19,
      844.31,
      492.3,
      1033.74,
      699.9100000000001,
      394.63,
      461.34999999999997,
      518.8199999999999,
      488.26,
      1042.34,
      821.36,
      383.38,
      882.86,
      759.45,
      813.84,
      709.75,
      835.26,
      1686.2,
      973.91,
      921.77,
      1103.37,
      1267.07,
      1318.6000000000001,
      1228.1299999999999,
      1433.47,
      1076.47,
      1179.61,
      1115.8600000000001,
      640.51,
      776.48,
      906.44,
      1040.41
    ],
    "stopping_reason": "max_candidates",
    "operations": {
      "candidate_generation": 403,
      "feasibility_check": 400,
      "weight_evaluation": 400
    }
  }
}