{
  "graph": "graph_n19_d25_adj_matrix",
  "algorithm": "random",
  "result": {
    "graph_name": "graph_n19_d25_adj_matrix",
    "algorithm": "random",
    "best_weight": 2386.15,
    "best_matching": [
      1,
      6,
      9,
      12,
      16,
      18,
      38,
      40
    ],
    "runtime": 2.0000488700006827,
    "candidates": 239,
    "improvements": 3,
    "duplicates": 142562,
    "infeasible": 0,
    "size_history": {
      "7": 45,
      "6": 40,
      "8": 11,
      "5": 24,
      "4": 26,
      "3": 24,
      "2": 27,
      "1": 42
    },
    "weight_history": [
      1973.68,
      1285.59,
      1866.95,
      1750.78,
      2083.08,
      1730.3400000000001,
      1205.7,
      1112.12,
      1776.54,
      1900.27,
      1397.94,
      2386.15,
      1992.12,
      1996.71,
      1610.98,
      2221.15,
      1867.54,
      1871.21,
      1558.07,
      1690.91,
      2118.84,
      1972.66,
      1316.02,
      1692.34,
      1608.8400000000001,
      1392.53,
      1892.01,
      1922.5,
      2206.55,
      1432.16,
      1253.27,
      1615.01,
      1577.87,
      1350.85,
      1804.27,
      1265.38,
      1168.61,
      1252.09,
      1285.95,
      1497.01,
      1347.19,
      1478.24,
      1526.57,
      1599.07,
      1331.76,
      1423.09,
      1521.83,
      1439.46,
      1347.13,
      823.39,
      1111.01,
      1334.7,
      1218.8700000000001,
      1005.58,
      839.95,
      1615.6799999999998,
      1410.79,
      1320.94,
      1677.57,
      1620.95,
      1163.41,
      1605.45,
      1185.02,
      1675.98,
      1458.35,
      1333.37,
      1749.7,
      1373.53,
      1477.51,
      1491.3,
      1855.61,
      2203.58,
      1572.04,
      1574.6100000000001,
      1188.48,
      1495.42,
      1344.77,
      1584.37,
      1253.57,
      1459.47,
      1087.42,
      1575.21,
      1812.75,
      1323.9099999999999,
      1259.1399999999999,
      1003.76,
      1318.48,
      1186.44,
      1440.03,
      1962.5500000000002,
      1763.46,
      1169.47,
      1484.62,
      1339.79,
      1509.2,
      1765.57,
      1261.18,
      1872.98,
      2290.6800000000003,
      1155.82,
      1679.71,
      1439.25,
      1661.75,
      1408.05,
      1664.91,
      1718.55,
      1415.62,
      1265.04,
      1408.7,
      799.6899999999999,
      1565.26,
      1125.61,
      905.25,
      1437.17,
      896.52,
      960.59,
      964.82,
      1456.83,
      803.9300000000001,
      1056.25,
      846.48,
      759.97,
      568.9200000000001,
      964.34,
      736.53,
      826.25,
      1168.91,
      962.39,
      1338.91,
      937.17,
      731.88,
      761.78,
      570.97,
      784.91,
      1192.27,
      866.17,
      932.68,
      434.4,
      457.85,
      894.03,
      696.5,
      773.52,
      584.3299999999999,
      887.38,
      1401.91,
      1067.26,
      662.73,
      1213.04,
      768.03,
      881.25,
      1072.71,
      1118.76,
      917.1800000000001,
      1180.25,
      864.6800000000001,
      681.38,
      628.45,
      547.53,
      826.94,
      822.48,
      629.01,
      1415.45,
      787.1600000000001,
      955.6800000000001,
      886.13,
      533.74,
      852.39,
      431.94,
      588.55,
      415.39,
      455.11,
      629.67,
      406.94,
      598.85,
      487.96000000000004,
      819.05,
      88.09,
      111.22,
      326.91,
      255.79,
      162.11,
      251.05,
      128.51,
      311.41,
      218.69,
      373.88,
      147.0,
      738.87,
      544.91,
      133.65,
      729.36,
      549.52,
      265.3,
      289.65999999999997,
      513.93,
      487.44,
      782.79,
      822.9000000000001,
      325.33,
      295.46,
      386.16,
      425.84,
      169.54,
      437.06,
      321.62,
      392.55,
      426.55,
      336.81,
      212.45,
      474.48,
      400.8,
      437.47,
      447.91999999999996,
      470.46000000000004,
      763.6500000000001,
      87.36,
      407.96,
      428.99,
      618.53,
      275.51,
      181.47,
      303.43,
      71.25,
      436.74,
      118.3,
      36.12,
      229.06,
      238.65,
      306.49,
      370.82,
      238.42,
      83.93,
      131.21,
      208.41,
      284.18,
      122.59,
      368.05,
      51.24,
      281.71
    ],
    "stopping_reason": "time_limit",
    "operations": {
      "candidate_generation": 142801,
      "feasibility_check": 239,
      "weight_evaluation": 239
    }
  }
}