{
  "graph": "graph_n17_d25_adj_matrix",
  "algorithm": "local",
  "result": {
    "graph_name": "graph_n17_d25_adj_matrix",
    "algorithm": "local",
    "best_weight": 2327.69,
    "best_matching": [
      0,
      7,
      10,
      11,
      18,
      22,
      25,
      29
    ],
    "runtime": 2.000611919998846,
    "candidates": 54,
    "improvements": 2,
    "duplicates": 775,
    "infeasible": 0,
    "size_history": {
      "8": 12,
      "7": 10,
      "6": 11,
      "5": 10,
      "4": 10,
      "3": 1
    },
    "weight_history": [
      2320.7599999999998,
      2327.69,
      2290.46,
      2310.34,
      2227.19,
      2263.99,
      2294.12,
      2272.24,
      2264.42,
      2247.2,
      2317.3,
      2210.48,
      2273.75,
      2218.3,
      2164.12,
      2201.35,
      2192.2799999999997,
      2236.52,
      2266.82,
      2191.46,
      2263.36,
      2299.73,
      2147.41,
      2110.18,
      2106.72,
      2088.5,
      2102.9,
      2143.95,
      1900.3999999999999,
      2065.67,
      2091.96,
      1998.59,
      2043.1,
      1873.17,
      1903.86,
      1670.67,
      1914.22,
      1893.4199999999998,
      1896.8799999999999,
      1859.35,
      1866.21,
      1835.94,
      2072.5299999999997,
      1833.32,
      1663.69,
      1633.02,
      1629.62,
      1596.61,
      1622.6399999999999,
      1382.49,
      1615.6799999999998,
      1562.54,
      1612.22,
      1603.59
    ],
    "stopping_reason": "time_limit",
    "operations": {
      "candidate_generation": 829,
      "feasibility_check": 54,
      "weight_evaluation": 54
    }
  }
}