{
  "graph": "graph_n18_d75_adj_matrix",
  "algorithm": "random",
  "result": {
    "graph_name": "graph_n18_d75_adj_matrix",
    "algorithm": "random",
    "best_weight": 3155.73,
    "best_matching": [
      7,
      21,
      29,
      43,
      52,
      61,
      96,
      101,
      111
    ],
    "runtime": 0.012627889998839237,
    "candidates": 400,
    "improvements": 7,
    "duplicates": 0,
    "infeasible": 0,
    "size_history": {
      "9": 217,
      "8": 170,
      "7": 13
    },
    "weight_history": [
      2707.03,
      1959.75,
      2115.5099999999998,
      2612.75,
      2143.93,
      2739.22,
      2688.58,
      1754.97,
      2907.14,
      2174.75,
      2450.87,
      1892.97,
      1942.87,
      2629.82,
      1786.4,
      2368.38,
      2253.43,
      1808.02,
      1746.59,
      2043.24,
      2352.51,
      2100.58,
      1478.35,
      2390.67,
      2270.92,
      2519.88,
      2899.62,
      1936.41,
      2797.12,
      1667.63,
      1845.25,
      2542.27,
      2173.98,
      2220.82,
      2420.03,
      2410.85,
      2744.0,
      2115.37,
      2323.48,
      2558.76,
      2061.17,
      2156.75,
      2459.48,
      2434.15,
      2994.19,
      2386.66,
      1965.45,
      1914.45,
      2644.87,
      1892.99,
      2134.08,
      2173.74,
      2286.26,
      2272.64,
      2503.71,
      1796.09,
      1847.17,
      2139.22,
      2628.49,
      2574.87,
      2787.88,
      2046.99,
      2354.91,
      2557.44,
      1940.1000000000001,
      2763.3,
      2675.52,
      2319.94,
      2273.2599999999998,
      2879.9900000000002,
      2222.82,
      2627.88,
      2471.67,
      1867.42,
      2821.2,
      2614.33,
      1605.1599999999999,
      2310.96,
      2195.99,
      2392.9,
      1809.19,
      2700.33,
      2091.19,
      1896.1599999999999,
      2053.32,
      2189.23,
      1786.53,
      2481.43,
      2092.86,
      2333.67,
      1637.24,
      2369.48,
      2139.36,
      1979.66,
      2267.56,
      2660.45,
      1998.72,
      2369.57,
      2576.75,
      2085.47,
      1879.01,
      2168.96,
      2460.81,
      1948.38,
      2248.95,
      2185.12,
      2336.37,
      2272.55,
      1757.21,
      2118.91,
      2771.48,
      2671.57,
      2167.57,
      1622.69,
      2291.99,
      2553.62,
      2089.71,
      2504.52,
      2656.19,
      2242.42,
      2241.48,
      2375.66,
      2173.5,
      2092.37,
      2371.65,
      2596.25,
      1937.24,
      1931.3,
      2473.85,
      2394.37,
      1750.8,
      1981.8700000000001,
      2187.15,
      2248.1,
      2474.1,
      2908.09,
      2319.11,
      2193.14,
      2237.73,
      2577.44,
      2967.05,
      2003.6,
      2197.83,
      2679.14,
      2141.83,
      2082.89,
      2465.5699999999997,
      2358.05,
      1859.1399999999999,
      2139.17,
      2377.69,
      2486.16,
      1853.38,
      2402.64,
      2146.7400000000002,
      1813.28,
      2826.64,
      2082.64,
      2638.44,
      2027.75,
      2698.3199999999997,
      2413.02,
      1943.74,
      2030.96,
      1840.91,
      2325.94,
      2377.79,
      2416.42,
      1981.03,
      2542.2,
      2126.71,
      2520.43,
      2058.13,
      2296.44,
      2232.39,
      2201.58,
      2352.61,
      2441.25,
      1967.45,
      2696.66,
      2459.37,
      2153.29,
      2359.05,
      1857.91,
      1720.49,
      2400.73,
      2465.96,
      2267.89,
      2113.91,
      1659.84,
      2268.42,
      2172.58,
      2139.89,
      2747.14,
      1749.75,
      2101.39,
      2307.02,
      2674.04,
      1995.74,
      2868.84,
      2075.57,
      2225.04,
      2429.31,
      2852.27,
      2311.4,
      2370.3,
      1438.84,
      1788.9,
      2471.66,
      2029.2,
      2459.76,
      1793.6100000000001,
      2024.94,
      2359.81,
      2369.57,
      2050.29,
      2159.71,
      2128.88,
      2295.83,
      2313.91,
      2193.44,
      1945.02,
      2486.89,
      2889.76,
      2084.16,
      2146.75,
      2282.52,
      1740.48,
      2447.26,
      1685.06,
      2808.81,
      2417.27,
      2227.94,
      2941.43,
      2179.77,
      2737.25,
      2147.54,
      2645.78,
      2075.59,
      2721.73,
      2309.8,
      2258.96,
      2570.85,
      2196.31,
      2569.78,
      1294.44,
      2482.19,
      2208.49,
      2705.11,
      2270.96,
      2663.05,
      2391.59,
      2240.89,
      2417.85,
      2652.19,
      2317.95,
      2435.12,
      2196.24,
      2604.08,
      2056.07,
      2587.79,
      2091.93,
      2155.97,
      2308.73,
      2353.39,
      2321.04,
      2648.92,
      2205.88,
      2212.56,
      3014.82,
      1909.57,
      2829.17,
      2824.96,
      2029.94,
      2068.07,
      2669.77,
      2280.65,
      1841.38,
      2550.33,
      2299.12,
      2741.4900000000002,
      2127.08,
      2696.86,
      2778.81,
      2374.49,
      2292.19,
      2745.75,
      2485.34,
      2128.2799999999997,
      2338.92,
      2983.95,
      2307.88,
      2606.63,
      2842.7,
      2209.78,
      2198.14,
      2434.17,
      2554.7599999999998,
      2092.5,
      2266.59,
      2315.91,
      2819.82,
      2347.61,
      2323.16,
      2164.31,
      2288.23,
      2623.24,
      2572.38,
      2507.7200000000003,
      1730.8700000000001,
      2662.45,
      2711.89,
      2027.6399999999999,
      2696.71,
      2887.62,
      2641.79,
      2627.94,
      2337.78,
      1920.29,
      2414.49,
      1834.41,
      2461.02,
      2139.45,
      2497.67,
      1843.36,
      1905.3,
      2004.08,
      2429.22,
      3118.44,
      2341.07,
      1896.88,
      1693.49,
      1777.54,
      2416.67,
      2438.5099999999998,
      2137.88,
      2005.18,
      2409.02,
      2026.45,
      1618.92,
      2500.93,
      1929.96,
      2004.48,
      2336.7200000000003,
      1885.2,
      2267.99,
      1742.76,
      1250.47,
      1204.03,
      1937.47,
      1270.97,
      1599.93,
      2009.25,
      2075.62,
      1698.38,
      1834.32,
      2155.06,
      2146.37,
      1959.72,
      2192.03,
      2134.29,
      2030.78,
      2134.3,
      2252.81,
      2079.71,
      2662.41,
      1668.43,
      2307.44,
      2597.68,
      2476.14,
      2644.41,
      1760.21,
      1753.05,
      2216.45,
      2008.35,
      2051.11,
      2344.02,
      2838.91,
      1937.95,
      2543.64,
      1849.14,
      2648.15,
      2341.24,
      1537.93,
      2572.28,
      2211.55,
      2305.3,
      2261.48,
      2919.24,
      1996.23,
      2308.84,
      3155.73,
      2697.62,
      2327.94,
      1997.51,
      1845.16,
      2043.97,
      2019.99,
      1830.4499999999998,
      2234.79
    ],
    "stopping_reason": "max_candidates",
    "operations": {
      "candidate_generation": 400,
      "feasibility_check": 400,
      "weight_evaluation": 400
    }
  }
}