{
  "graph": "graph_n15_d25_adj_matrix",
  "algorithm": "local",
  "result": {
    "graph_name": "graph_n15_d25_adj_matrix",
    "algorithm": "local",
    "best_weight": 2670.74,
    "best_matching": [
      6,
      10,
      11,
      14,
      17,
      20,
      25
    ],
    "runtime": 2.002449482000884,
    "candidates": 29,
    "improvements": 1,
    "duplicates": 771,
    "infeasible": 0,
    "size_history": {
      "7": 23,
      "6": 6
    },
    "weight_history": [
      2670.74,
      2607.76,
      2420.62,
      2564.52,
      2501.54,
      2509.39,
      2543.69,
      2298.62,
      2395.9900000000002,
      2438.94,
      2538.95,
      2455.84,
      2475.9700000000003,
      2486.88,
      2446.41,
      2480.71,
      2375.96,
      2332.72,
      2311.89,
      2490.9,
      2483.6,
      2353.7200000000003,
      2423.9,
      2427.92,
      2374.21,
      2289.77,
      2359.83,
      2373.52,
      2356.58
    ],
    "stopping_reason": "time_limit",
    "operations": {
      "candidate_generation": 800,
      "feasibility_check": 29,
      "weight_evaluation": 29
    }
  }
}