{
  "graph": "graph_n20_d25_adj_matrix",
  "algorithm": "greedy",
  "result": {
    "graph_name": "graph_n20_d25_adj_matrix",
    "algorithm": "greedy",
    "best_weight": 3111.61,
    "best_matching": [
      5,
      10,
      12,
      15,
      16,
      23,
      26,
      35,
      40
    ],
    "runtime": 2.0000405729988415,
    "candidates": 59,
    "improvements": 1,
    "duplicates": 120466,
    "infeasible": 0,
    "size_history": {
      "9": 12,
      "8": 45,
      "7": 2
    },
    "weight_history": [
      3111.61,
      2797.23,
      2787.46,
      2798.31,
      2741.4300000000003,
      2723.46,
      2819.42,
      2816.21,
      2954.81,
      2759.33,
      2770.18,
      2844.34,
      3065.58,
      2769.49,
      2762.54,
      2979.73,
      2713.3,
      2751.2000000000003,
      2951.6,
      2989.5,
      2687.23,
      2961.76,
      2701.99,
      2660.22,
      2677.26,
      2674.05,
      2766.41,
      2628.02,
      2691.92,
      2657.0099999999998,
      2804.31,
      2794.54,
      2714.9700000000003,
      2851.93,
      2849.77,
      2527.78,
      2854.11,
      2808.08,
      2717.89,
      2737.39,
      2699.49,
      2813.4700000000003,
      2553.79,
      2720.05,
      2777.88,
      2823.91,
      2610.98,
      2684.02,
      2655.96,
      2702.7,
      2705.2,
      2795.61,
      2664.09,
      2720.38,
      2637.9900000000002,
      2792.4,
      2748.51,
      2769.62,
      2555.15
    ],
    "stopping_reason": "time_limit",
    "operations": {
      "candidate_generation": 120525,
      "feasibility_check": 59,
      "weight_evaluation": 59
    }
  }
}