{
  "graph": "graph_n19_d25_adj_matrix",
  "algorithm": "local",
  "result": {
    "graph_name": "graph_n19_d25_adj_matrix",
    "algorithm": "local",
    "best_weight": 2769.23,
    "best_matching": [
      0,
      9,
      12,
      16,
      18,
      19,
      23,
      38,
      40
    ],
    "runtime": 2.003267006000897,
    "candidates": 153,
    "improvements": 10,
    "duplicates": 424,
    "infeasible": 0,
    "size_history": {
      "8": 54,
      "7": 29,
      "6": 25,
      "9": 33,
      "5": 10,
      "4": 2
    },
    "weight_history": [
      2436.1,
      2526.7400000000002,
      2565.91,
      2629.02,
      2506.63,
      2627.6,
      2562.27,
      2344.52,
      2646.87,
      2593.17,
      2508.89,
      2421.4900000000002,
      2470.58,
      2466.91,
      2505.42,
      2397.59,
      2484.76,
      2313.4,
      2277.09,
      2325.16,
      2297.31,
      2163.05,
      2490.69,
      2678.11,
      2444.27,
      2613.35,
      2419.9,
      2598.12,
      2495.85,
      2518.7400000000002,
      2587.0,
      2543.66,
      2523.27,
      2647.1,
      2706.04,
      2565.52,
      2677.1,
      2579.78,
      2542.75,
      2487.32,
      2716.42,
      2588.95,
      2666.93,
      2765.51,
      2736.94,
      2769.23,
      2630.81,
      2630.29,
      2632.75,
      2559.7,
      2680.57,
      2738.33,
      2588.88,
      2718.21,
      2726.27,
      2482.45,
      2516.0,
      2473.77,
      2475.51,
      2504.84,
      2475.39,
      2532.03,
      2596.7,
      2528.8,
      2523.61,
      2422.15,
      2456.02,
      2699.87,
      2557.98,
      2715.0,
      2629.29,
      2728.02,
      2663.65,
      2596.96,
      2576.09,
      2700.75,
      2588.92,
      2714.7400000000002,
      2518.69,
      2514.18,
      2561.7,
      2489.59,
      2554.51,
      2513.82,
      2494.21,
      2607.12,
      2562.93,
      2466.36,
      2392.4,
      2465.49,
      2342.73,
      2254.46,
      2352.17,
      2304.23,
      2323.37,
      2416.57,
      2439.34,
      2399.59,
      2131.93,
      2473.94,
      2560.01,
      2531.85,
      2556.78,
      2482.58,
      2444.61,
      2422.75,
      2432.34,
      2520.4900000000002,
      2553.06,
      2425.28,
      2408.44,
      2313.28,
      2308.4700000000003,
      2300.69,
      2397.9,
      2302.66,
      2311.66,
      2348.35,
      2392.16,
      2110.88,
      2384.25,
      2277.23,
      2190.06,
      2259.38,
      2115.84,
      2161.26,
      2209.51,
      2135.2000000000003,
      2185.14,
      2303.55,
      2171.45,
      2120.33,
      1896.21,
      1640.23,
      1997.06,
      1953.73,
      1963.92,
      1924.4,
      1965.82,
      1959.0,
      1642.3200000000002,
      1948.81,
      1946.72,
      2142.12,
      2160.42,
      2106.69,
      2272.31,
      1951.64,
      2120.94,
      2131.81,
      2100.69,
      2173.2400000000002,
      2159.17
    ],
    "stopping_reason": "time_limit",
    "operations": {
      "candidate_generation": 577,
      "feasibility_check": 153,
      "weight_evaluation": 153
    }
  }
}