{
  "graph": "graph_n9_d75_adj_matrix",
  "algorithm": "random",
  "result": {
    "graph_name": "graph_n9_d75_adj_matrix",
    "algorithm": "random",
    "best_weight": 1193.19,
    "best_matching": [
      7,
      14,
      19,
      24
    ],
    "runtime": 0.00914863899924967,
    "candidates": 400,
    "improvements": 6,
    "duplicates": 340,
    "infeasible": 0,
    "size_history": {
      "4": 223,
      "3": 129,
      "2": 45,
      "1": 3
    },
    "weight_history": [
      683.39,
      1092.11,
      925.91,
      1019.3299999999999,
      693.92,
      772.0,
      1023.81,
      984.64,
      642.4300000000001,
      1029.56,
      1119.42,
      1063.84,
      575.27,
      980.3699999999999,
      1067.43,
      877.45,
      917.31,
      945.1700000000001,
      1012.21,
      783.2900000000001,
      747.09,
      891.57,
      810.3000000000001,
      734.5699999999999,
      686.25,
      700.72,
      382.47,
      588.12,
      510.09000000000003,
      656.38,
      671.76,
      535.0699999999999,
      515.25,
      741.2800000000001,
      592.17,
      1095.68,
      819.85,
      636.77,
      1005.72,
      792.19,
      978.5699999999999,
      852.5,
      902.54,
      951.31,
      775.8299999999999,
      817.9200000000001,
      860.9300000000001,
      447.21999999999997,
      622.1,
      768.43,
      526.45,
      861.18,
      538.55,
      819.79,
      554.74,
      976.4300000000001,
      845.63,
      745.37,
      892.53,
      865.05,
      1009.31,
      937.07,
      1086.81,
      524.1,
      941.72,
      515.16,
      940.37,
      772.32,
      463.74,
      812.33,
      855.09,
      533.52,
      429.12,
      652.64,
      845.3499999999999,
      615.84,
      617.46,
      515.23,
      1069.66,
      622.47,
      840.28,
      933.14,
      924.09,
      1087.04,
      531.4200000000001,
      999.39,
      992.74,
      809.58,
      895.85,
      1062.35,
      923.2,
      887.53,
      559.52,
      838.04,
      986.02,
      989.98,
      1145.8,
      637.97,
      611.11,
      952.71,
      859.88,
      884.0600000000001,
      1061.83,
      1050.25,
      1089.85,
      985.27,
      1040.19,
      569.96,
      883.95,
      725.11,
      676.9,
      596.75,
      926.45,
      965.36,
      999.77,
      1182.37,
      943.0999999999999,
      777.84,
      1011.36,
      712.85,
      1075.23,
      764.6,
      600.79,
      538.31,
      669.13,
      775.41,
      479.92,
      451.62,
      740.4100000000001,
      607.1,
      654.31,
      783.14,
      414.86,
      867.88,
      508.76,
      549.23,
      623.02,
      459.27,
      251.53,
      455.65,
      279.16,
      415.82,
      339.25,
      657.84,
      413.79,
      750.76,
      946.9300000000001,
      536.95,
      593.41,
      595.19,
      608.3,
      739.28,
      606.51,
      898.06,
      841.48,
      621.89,
      524.5899999999999,
      266.06,
      588.62,
      417.1,
      369.1,
      305.55,
      454.45,
      540.54,
      478.66999999999996,
      813.55,
      915.24,
      683.37,
      785.77,
      681.81,
      777.12,
      856.69,
      649.59,
      485.47,
      439.69,
      405.44,
      1012.99,
      1060.43,
      444.83,
      1064.32,
      914.96,
      1018.25,
      1000.39,
      623.73,
      755.9,
      861.0899999999999,
      971.5,
      792.98,
      670.0799999999999,
      786.4,
      668.22,
      671.25,
      768.71,
      723.42,
      650.5600000000001,
      933.9200000000001,
      413.51,
      765.4499999999999,
      1156.3799999999999,
      877.3199999999999,
      645.75,
      950.18,
      875.99,
      865.68,
      1013.81,
      1134.29,
      965.41,
      834.23,
      886.14,
      861.46,
      1020.0,
      779.22,
      974.15,
      741.8,
      1059.5,
      1032.63,
      849.5,
      1068.06,
      1124.08,
      557.72,
      844.43,
      1057.04,
      652.36,
      1135.12,
      628.62,
      910.58,
      589.04,
      817.85,
      1010.8399999999999,
      698.77,
      987.15,
      658.74,
      735.82,
      718.63,
      716.84,
      687.6800000000001,
      654.18,
      815.61,
      977.37,
      256.67,
      653.11,
      653.02,
      933.12,
      776.04,
      688.51,
      573.4300000000001,
      569.01,
      970.8699999999999,
      851.3,
      910.96,
      761.12,
      811.78,
      868.63,
      965.21,
      1087.06,
      1114.2,
      928.49,
      1013.7,
      908.71,
      880.43,
      661.9,
      999.89,
      1027.03,
      953.92,
      703.91,
      905.4599999999999,
      1048.85,
      941.22,
      997.27,
      694.21,
      925.49,
      934.3199999999999,
      925.41,
      939.6500000000001,
      1019.9599999999999,
      938.04,
      539.66,
      746.51,
      505.76,
      535.44,
      654.97,
      883.74,
      820.55,
      405.21,
      697.27,
      978.29,
      205.35000000000002,
      479.94,
      477.73,
      477.82000000000005,
      183.23,
      520.68,
      519.83,
      838.3199999999999,
      770.61,
      540.45,
      493.67,
      767.42,
      946.52,
      502.22999999999996,
      534.24,
      485.09000000000003,
      492.84,
      531.33,
      664.88,
      819.7,
      806.94,
      806.28,
      958.61,
      434.9,
      687.1800000000001,
      366.25,
      335.67,
      317.59,
      176.21,
      209.86,
      572.67,
      561.23,
      534.9100000000001,
      743.12,
      619.19,
      457.59,
      439.24,
      364.37,
      728.43,
      508.21,
      746.0,
      547.27,
      564.29,
      453.98,
      863.9,
      906.51,
      1017.29,
      912.53,
      1014.53,
      1069.04,
      721.71,
      871.55,
      985.99,
      755.67,
      860.26,
      868.19,
      1066.12,
      801.66,
      812.6899999999999,
      1193.19,
      1071.1299999999999,
      998.64,
      934.37,
      675.86,
      1063.47,
      882.8399999999999,
      713.13,
      1064.66,
      939.35,
      901.71,
      944.4300000000001,
      960.62,
      868.84,
      827.53,
      989.86,
      789.42,
      1016.58,
      762.15,
      1136.08,
      773.19,
      1034.68,
      899.32,
      996.31,
      1136.7,
      998.26,
      962.74,
      825.39,
      928.55,
      897.05,
      925.78,
      588.67,
      819.61,
      593.37,
      792.27,
      1136.71,
      1011.02,
      846.47,
      862.66,
      1043.67,
      1059.59,
      705.5,
      870.04,
      974.46,
      822.31,
      865.1500000000001,
      896.62,
      650.28,
      623.35,
      1048.46,
      953.63,
      949.18,
      746.86,
      1011.27,
      667.9399999999999
    ],
    "stopping_reason": "max_candidates",
    "operations": {
      "candidate_generation": 740,
      "feasibility_check": 400,
      "weight_evaluation": 400
    }
  }
}