{
  "graph": "graph_n16_d75_adj_matrix",
  "algorithm": "greedy",
  "result": {
    "graph_name": "graph_n16_d75_adj_matrix",
    "algorithm": "greedy",
    "best_weight": 3226.11,
    "best_matching": [
      9,
      21,
      29,
      35,
      42,
      63,
      81,
      87
    ],
    "runtime": 2.0000513659997523,
    "candidates": 243,
    "improvements": 6,
    "duplicates": 72241,
    "infeasible": 0,
    "size_history": {
      "8": 127,
      "7": 80,
      "6": 23,
      "5": 12,
      "4": 1
    },
    "weight_history": [
      3140.5,
      2960.23,
      3127.4900000000002,
      3128.21,
      3037.7000000000003,
      2960.85,
      3177.73,
      3100.53,
      3203.35,
      3081.29,
      3153.85,
      2999.39,
      3039.36,
      2980.15,
      3006.65,
      3031.35,
      2991.25,
      2986.38,
      2936.56,
      3026.35,
      2995.64,
      2781.21,
      3016.2,
      3087.52,
      2985.35,
      3179.16,
      3119.48,
      3116.99,
      3043.51,
      3213.06,
      3132.4900000000002,
      2989.38,
      3012.09,
      3143.7,
      3144.4700000000003,
      2927.92,
      3176.2,
      3079.89,
      2996.98,
      3016.18,
      3200.05,
      3079.5099999999998,
      2911.91,
      2997.73,
      3163.19,
      3073.28,
      2996.6,
      2961.69,
      3092.52,
      2986.81,
      3184.25,
      3155.03,
      3110.26,
      3031.69,
      2993.6,
      3197.26,
      3031.67,
      2930.17,
      2967.88,
      3022.1,
      2992.83,
      3096.78,
      3085.26,
      2849.85,
      2901.38,
      2947.18,
      3169.34,
      3056.43,
      3206.58,
      2967.86,
      3009.89,
      3076.32,
      3129.41,
      3029.61,
      3000.76,
      2959.91,
      2983.89,
      3138.05,
      3094.28,
      3197.06,
      3171.04,
      2886.79,
      3222.88,
      2978.8,
      2863.73,
      3131.46,
      3077.25,
      3226.11,
      2935.5699999999997,
      2981.29,
      3158.26,
      2975.76,
      3209.87,
      2953.78,
      3081.27,
      3091.81,
      2824.54,
      2978.0,
      3018.34,
      3030.5,
      2974.05,
      2972.14,
      2925.73,
      2825.85,
      2984.3,
      2730.9300000000003,
      2888.24,
      2927.44,
      3008.18,
      2784.12,
      2929.38,
      3136.46,
      3046.05,
      3018.7200000000003,
      2913.37,
      2864.52,
      2886.71,
      2989.02,
      2966.79,
      2947.44,
      2885.26,
      2946.27,
      2800.2400000000002,
      2796.67,
      2991.38,
      3035.32,
      2786.9,
      2917.88,
      2935.08,
      2885.67,
      2976.11,
      2945.2000000000003,
      2715.9,
      2492.7000000000003,
      2750.85,
      2770.42,
      2719.67,
      2768.2,
      2800.82,
      2763.96,
      2338.4,
      2737.84,
      2722.0,
      2444.75,
      2457.76,
      2399.54,
      2481.91,
      2054.86,
      2371.2200000000003,
      2389.9,
      2387.71,
      2375.39,
      2408.08,
      2442.22,
      2999.79,
      2717.61,
      2682.61,
      2721.38,
      2678.41,
      2691.64,
      2656.7,
      2757.41,
      2776.9700000000003,
      2605.58,
      2754.62,
      3037.03,
      2716.21,
      2934.17,
      2667.58,
      2884.21,
      2993.64,
      2959.28,
      2955.29,
      2831.79,
      2896.88,
      2876.2000000000003,
      3132.48,
      3126.26,
      3123.45,
      2850.93,
      2879.6,
      2769.84,
      2839.87,
      3059.19,
      3043.42,
      2808.9700000000003,
      3092.7400000000002,
      3166.9,
      2944.51,
      3088.77,
      2961.5699999999997,
      3028.0,
      2949.41,
      2953.72,
      2912.5299999999997,
      2960.52,
      3073.26,
      3122.72,
      2964.67,
      2823.64,
      2764.77,
      2952.44,
      2945.66,
      3027.71,
      3011.34,
      2998.77,
      3041.67,
      2870.91,
      2928.54,
      3024.92,
      3014.09,
      3169.9,
      2966.73,
      3083.47,
      3113.25,
      3062.23,
      3061.94,
      2977.34,
      2754.01,
      3182.91,
      2810.93,
      2881.85,
      3086.27,
      2876.16,
      2730.9700000000003,
      2832.0,
      2985.76,
      3025.38,
      2901.46,
      3213.1,
      2999.38,
      3163.67,
      2877.52,
      2893.31,
      2946.9,
      2948.2799999999997,
      3076.11,
      3091.6,
      2844.38,
      2816.53,
      2940.59,
      3134.37,
      2848.45
    ],
    "stopping_reason": "time_limit",
    "operations": {
      "candidate_generation": 72484,
      "feasibility_check": 243,
      "weight_evaluation": 243
    }
  }
}