{
  "graph": "graph_n17_d50_adj_matrix",
  "algorithm": "greedy",
  "result": {
    "graph_name": "graph_n17_d50_adj_matrix",
    "algorithm": "greedy",
    "best_weight": 2733.07,
    "best_matching": [
      7,
      9,
      22,
      26,
      36,
      38,
      42,
      60
    ],
    "runtime": 2.000030956000046,
    "candidates": 125,
    "improvements": 1,
    "duplicates": 88683,
    "infeasible": 0,
    "size_history": {
      "8": 91,
      "7": 31,
      "6": 3
    },
    "weight_history": [
      2733.07,
      2574.88,
      2422.59,
      2415.89,
      2415.0,
      2636.64,
      2537.34,
      2421.05,
      2599.1,
      2617.04,
      2418.82,
      2547.42,
      2401.45,
      2450.99,
      2266.83,
      2432.91,
      2339.84,
      2417.22,
      2392.44,
      2418.11,
      2423.48,
      2230.24,
      2538.08,
      2543.68,
      2567.4,
      2537.19,
      2602.87,
      2629.16,
      2306.48,
      2541.11,
      2356.49,
      2348.9,
      2536.09,
      2332.25,
      2443.5099999999998,
      2413.57,
      2389.85,
      2407.47,
      2293.42,
      2410.52,
      2462.97,
      2425.43,
      2214.38,
      2380.58,
      2555.2799999999997,
      2603.7599999999998,
      2648.62,
      2486.08,
      2587.75,
      2290.47,
      2697.64,
      2542.0,
      2551.67,
      2493.67,
      2490.43,
      2527.67,
      2365.44,
      2427.2,
      2324.16,
      2455.22,
      2496.1,
      2323.0699999999997,
      2285.94,
      2340.48,
      2525.1,
      2544.71,
      2434.34,
      2657.31,
      2534.41,
      2339.74,
      2595.2799999999997,
      2533.52,
      2596.17,
      2552.19,
      2273.06,
      2477.66,
      2484.85,
      2393.46,
      2298.89,
      2586.8599999999997,
      2235.93,
      2525.99,
      2443.46,
      2393.45,
      2502.77,
      2224.85,
      2521.05,
      2482.95,
      2507.06,
      2286.61,
      2448.97,
      2558.43,
      2504.45,
      2289.73,
      2501.88,
      2421.3,
      2316.57,
      2448.69,
      2380.46,
      2559.3199999999997,
      2485.74,
      2432.24,
      2532.59,
      2272.29,
      2520.16,
      2470.83,
      2498.64,
      2480.38,
      2379.6,
      2447.75,
      2445.3,
      2346.42,
      2397.74,
      2629.12,
      2579.63,
      2467.22,
      2264.7,
      2402.81,
      2326.7799999999997,
      2346.83,
      2329.59,
      2588.34,
      2436.88,
      2381.71,
      2520.5
    ],
    "stopping_reason": "time_limit",
    "operations": {
      "candidate_generation": 88808,
      "feasibility_check": 125,
      "weight_evaluation": 125
    }
  }
}