{
  "graph": "graph_n18_d75_adj_matrix",
  "algorithm": "local",
  "result": {
    "graph_name": "graph_n18_d75_adj_matrix",
    "algorithm": "local",
    "best_weight": 3362.31,
    "best_matching": [
      7,
      16,
      25,
      46,
      61,
      80,
      95,
      100,
      103
    ],
    "runtime": 2.0018687339997996,
    "candidates": 167,
    "improvements": 4,
    "duplicates": 427,
    "infeasible": 0,
    "size_history": {
      "9": 55,
      "8": 109,
      "7": 3
    },
    "weight_history": [
      3220.59,
      3157.92,
      3044.67,
      3178.28,
      3167.3,
      3161.6,
      3196.04,
      3074.65,
      3025.5099999999998,
      3184.34,
      3299.77,
      3180.6,
      3139.42,
      3125.34,
      3095.72,
      3137.01,
      3170.69,
      3221.0,
      3210.24,
      3137.19,
      3124.12,
      3124.38,
      2945.53,
      3145.84,
      3107.86,
      3211.05,
      3256.86,
      3242.2,
      3136.56,
      3154.62,
      3126.15,
      3180.38,
      3111.66,
      3073.43,
      3151.8,
      3080.51,
      3132.21,
      3187.64,
      3206.26,
      3194.4900000000002,
      3174.41,
      3263.82,
      3070.65,
      3121.34,
      3241.62,
      3276.64,
      3124.4,
      3216.26,
      3263.1800000000003,
      3142.67,
      3189.7,
      3225.87,
      3075.1,
      2947.81,
      3047.25,
      3250.44,
      3155.84,
      2990.52,
      3212.39,
      3198.78,
      3163.15,
      3156.65,
      3262.21,
      3259.71,
      3212.26,
      3242.64,
      3190.36,
      3197.2,
      3174.34,
      3095.7,
      3137.87,
      3160.0,
      3186.36,
      3226.33,
      3079.59,
      3212.37,
      3138.66,
      3208.78,
      3048.62,
      3073.73,
      3099.02,
      3122.15,
      3331.13,
      3197.95,
      3038.14,
      3078.0,
      3232.88,
      3148.2200000000003,
      3105.62,
      3149.7400000000002,
      3174.79,
      3060.38,
      3130.5299999999997,
      3088.38,
      3168.06,
      3071.1,
      3218.38,
      3126.4700000000003,
      3179.45,
      3171.71,
      3025.87,
      3105.6,
      3138.33,
      3114.03,
      3139.87,
      3178.82,
      3136.23,
      3087.84,
      3170.33,
      3196.14,
      3168.9,
      3050.86,
      3173.96,
      3136.66,
      3079.23,
      3362.31,
      3156.13,
      3133.47,
      3081.16,
      3142.31,
      3227.84,
      3096.26,
      3047.64,
      3155.57,
      3198.31,
      3185.55,
      2968.05,
      3008.03,
      3227.96,
      3196.31,
      3168.45,
      3230.33,
      3236.79,
      3089.19,
      3043.71,
      3201.63,
      3246.5,
      3061.22,
      3123.63,
      3147.42,
      3178.41,
      3138.76,
      3155.77,
      3151.37,
      3114.05,
      3127.69,
      3102.96,
      3007.44,
      3238.49,
      3134.82,
      3175.83,
      3048.45,
      3108.34,
      3195.96,
      3020.17,
      3213.47,
      3185.19,
      3139.39,
      3244.94,
      3090.54,
      3208.26,
      3232.87,
      3121.2,
      3140.7799999999997,
      3229.88,
      3181.9700000000003,
      3073.2799999999997
    ],
    "stopping_reason": "time_limit",
    "operations": {
      "candidate_generation": 594,
      "feasibility_check": 167,
      "weight_evaluation": 167
    }
  }
}