{
  "graph": "graph_n14_d50_adj_matrix",
  "algorithm": "local",
  "result": {
    "graph_name": "graph_n14_d50_adj_matrix",
    "algorithm": "local",
    "best_weight": 2474.65,
    "best_matching": [
      4,
      10,
      12,
      24,
      29,
      32,
      43
    ],
    "runtime": 2.0019558620006137,
    "candidates": 208,
    "improvements": 4,
    "duplicates": 482,
    "infeasible": 0,
    "size_history": {
      "6": 94,
      "5": 63,
      "7": 36,
      "4": 13,
      "3": 2
    },
    "weight_history": [
      2312.49,
      2215.44,
      2215.57,
      2127.75,
      2245.88,
      2232.89,
      2260.82,
      1982.82,
      2187.25,
      2245.11,
      2176.4,
      2131.38,
      2301.4,
      2294.68,
      2319.45,
      2232.01,
      2232.62,
      2096.03,
      2203.06,
      2263.28,
      2226.33,
      2271.94,
      2078.34,
      2014.6100000000001,
      1976.26,
      2014.63,
      2025.49,
      2060.24,
      1789.42,
      2150.73,
      1992.85,
      1951.57,
      1911.33,
      2229.18,
      2324.2200000000003,
      2294.4900000000002,
      2248.27,
      2111.91,
      2139.63,
      2159.36,
      2126.05,
      2296.62,
      2130.82,
      2213.62,
      2474.65,
      2248.84,
      2365.22,
      2332.9,
      2223.71,
      2182.79,
      2249.01,
      2348.56,
      2251.29,
      2377.73,
      2167.0,
      2197.47,
      1912.13,
      2191.02,
      2230.01,
      2161.07,
      2103.55,
      2032.8500000000001,
      2292.58,
      2139.78,
      2101.12,
      2118.11,
      2111.78,
      2067.42,
      1941.8500000000001,
      2025.16,
      1752.71,
      2018.31,
      2065.83,
      2084.92,
      1998.55,
      1890.38,
      1923.8600000000001,
      2202.67,
      2232.6,
      2247.08,
      2278.55,
      2226.13,
      2092.46,
      2273.94,
      2185.39,
      2070.64,
      2151.11,
      2078.8,
      2039.31,
      1885.06,
      1868.54,
      1950.3400000000001,
      1917.11,
      2048.05,
      2047.56,
      1950.75,
      1926.58,
      1951.18,
      2205.02,
      2249.01,
      2134.47,
      2127.62,
      2154.98,
      2276.71,
      2171.38,
      2287.81,
      2140.55,
      2186.9900000000002,
      2268.05,
      2060.43,
      1871.4,
      2084.12,
      1750.37,
      1920.33,
      1924.94,
      2087.0,
      2021.19,
      1956.19,
      2014.12,
      2171.05,
      1945.98,
      2051.83,
      2147.84,
      2251.01,
      2198.57,
      2231.1,
      2123.97,
      2186.43,
      2151.84,
      2084.82,
      2052.17,
      2143.51,
      2163.72,
      2274.24,
      2179.69,
      2419.73,
      2285.7400000000002,
      2361.1,
      2424.5,
      2347.58,
      2412.81,
      2377.6,
      2186.06,
      2083.1,
      2208.03,
      2240.5,
      2212.8,
      2154.26,
      2113.88,
      2141.0,
      2167.7,
      2186.25,
      2232.4,
      2088.68,
      2185.08,
      2388.29,
      2286.72,
      2315.76,
      2255.45,
      2109.0,
      2154.11,
      2413.94,
      2247.01,
      2228.26,
      2154.2799999999997,
      2145.35,
      2140.45,
      2121.69,
      2411.17,
      2138.02,
      2069.12,
      2148.83,
      2190.76,
      2087.71,
      2204.65,
      2184.79,
      1933.8700000000001,
      1956.62,
      1923.3700000000001,
      1938.67,
      1891.3600000000001,
      1890.54,
      2086.51,
      2032.73,
      1952.94,
      1923.15,
      1934.69,
      1749.88,
      1777.26,
      1377.33,
      1758.17,
      1677.98,
      1730.79,
      1686.9,
      1740.47,
      1752.58,
      1376.9,
      1757.35,
      1935.31,
      1903.87,
      1925.66,
      1914.35,
      1895.3,
      1738.64,
      2020.22,
      1887.99,
      1956.35,
      2017.53
    ],
    "stopping_reason": "time_limit",
    "operations": {
      "candidate_generation": 690,
      "feasibility_check": 208,
      "weight_evaluation": 208
    }
  }
}