{
  "graph": "graph_n7_d50_adj_matrix",
  "algorithm": "greedy",
  "result": {
    "graph_name": "graph_n7_d50_adj_matrix",
    "algorithm": "greedy",
    "best_weight": 1038.24,
    "best_matching": [
      0,
      6,
      7
    ],
    "runtime": 2.0000135020000016,
    "candidates": 10,
    "improvements": 2,
    "duplicates": 296950,
    "infeasible": 0,
    "size_history": {
      "2": 7,
      "3": 3
    },
    "weight_history": [
      725.02,
      701.4300000000001,
      702.47,
      672.5799999999999,
      675.76,
      618.1600000000001,
      645.87,
      1038.24,
      1011.53,
      859.95
    ],
    "stopping_reason": "time_limit",
    "operations": {
      "candidate_generation": 296960,
      "feasibility_check": 10,
      "weight_evaluation": 10
    }
  }
}