{
  "graph": "graph_n19_d50_adj_matrix",
  "algorithm": "local",
  "result": {
    "graph_name": "graph_n19_d50_adj_matrix",
    "algorithm": "local",
    "best_weight": 2846.26,
    "best_matching": [
      6,
      12,
      31,
      33,
      45,
      49,
      61,
      70,
      83
    ],
    "runtime": 2.000406094999562,
    "candidates": 290,
    "improvements": 6,
    "duplicates": 446,
    "infeasible": 0,
    "size_history": {
      "9": 93,
      "8": 49,
      "7": 53,
      "6": 34,
      "5": 13,
      "4": 12,
      "3": 20,
      "2": 14,
      "1": 2
    },
    "weight_history": [
      2673.6,
      2709.67,
      2646.83,
      2618.96,
      2658.51,
      2607.54,
      2680.07,
      2623.94,
      2724.04,
      2758.42,
      2676.79,
      2729.4,
      2714.5099999999998,
      2740.52,
      2738.93,
      2647.71,
      2739.15,
      2614.92,
      2656.93,
      2688.4700000000003,
      2832.22,
      2622.44,
      2664.42,
      2698.64,
      2558.93,
      2656.79,
      2687.38,
      2649.58,
      2751.2999999999997,
      2711.96,
      2758.21,
      2758.37,
      2589.08,
      2664.48,
      2603.46,
      2538.09,
      2846.26,
      2625.02,
      2757.88,
      2567.1,
      2531.92,
      2735.4,
      2473.28,
      2728.7,
      2768.11,
      2627.86,
      2638.78,
      2602.73,
      2698.95,
      2654.65,
      2618.44,
      2651.93,
      2684.0299999999997,
      2673.64,
      2673.9,
      2748.23,
      2633.5299999999997,
      2506.04,
      2626.13,
      2593.64,
      2737.33,
      2686.29,
      2739.84,
      2757.67,
      2748.88,
      2625.9,
      2532.26,
      2713.11,
      2627.43,
      2727.68,
      2839.8,
      2558.98,
      2662.97,
      2700.08,
      2693.33,
      2825.28,
      2697.64,
      2699.16,
      2691.09,
      2636.6,
      2644.56,
      2618.69,
      2663.79,
      2711.8,
      2654.39,
      2727.38,
      2705.2799999999997,
      2663.61,
      2641.79,
      2502.04,
      2517.94,
      2753.14,
      2566.09,
      2681.99,
      2612.37,
      2608.88,
      2587.6,
      2682.9,
      2364.05,
      2653.24,
      2761.6,
      2621.47,
      2760.9700000000003,
      2747.33,
      2768.65,
      2821.61,
      2748.4,
      2701.5,
      2674.37,
      2760.34,
      2636.77,
      2622.63,
      2479.48,
      2509.7,
      2674.2,
      2642.91,
      2667.95,
      2594.2,
      2683.2,
      2460.98,
      2493.9900000000002,
      2560.59,
      2510.9,
      2397.86,
      2446.01,
      2532.32,
      2709.96,
      2563.91,
      2528.12,
      2456.7,
      2549.73,
      2393.4900000000002,
      2520.68,
      2687.7599999999998,
      2563.77,
      2525.5,
      2631.84,
      2757.78,
      2706.12,
      2562.02,
      2305.36,
      2601.34,
      2657.97,
      2422.91,
      2490.3,
      2472.79,
      2366.09,
      2353.29,
      2500.56,
      2466.38,
      2564.89,
      2488.06,
      2497.15,
      2393.13,
      2439.43,
      2521.37,
      2507.43,
      2711.17,
      2623.13,
      2561.5,
      2597.85,
      2643.85,
      2621.03,
      2667.7400000000002,
      2623.71,
      2457.28,
      2415.16,
      2416.67,
      2382.1,
      2523.2,
      2401.99,
      2420.19,
      2492.33,
      2556.39,
      2428.69,
      2410.11,
      2322.32,
      2161.92,
      2126.64,
      2351.25,
      2204.62,
      2157.68,
      2114.64,
      2287.35,
      2255.66,
      2281.89,
      2233.29,
      2506.03,
      2449.4,
      2556.96,
      2555.54,
      2438.8,
      2489.5299999999997,
      2501.35,
      2450.2,
      2505.43,
      2467.95,
      2464.07,
      2196.28,
      2242.58,
      2279.27,
      2334.82,
      2163.84,
      1981.42,
      2149.7,
      2227.35,
      2276.56,
      2376.51,
      2381.56,
      2397.43,
      2580.37,
      2430.92,
      2412.77,
      2489.7799999999997,
      2441.7,
      2424.39,
      2515.21,
      2485.48,
      2495.5299999999997,
      2348.62,
      2271.18,
      2292.15,
      2193.84,
      2172.94,
      2250.92,
      2151.15,
      2281.12,
      2325.83,
      2222.26,
      2364.35,
      2193.33,
      2004.21,
      1987.87,
      2043.24,
      1996.21,
      2041.54,
      2009.97,
      2067.01,
      1674.67,
      2062.77,
      1949.05,
      2014.69,
      1696.64,
      1692.4,
      1638.3,
      1996.68,
      1701.73,
      1722.0900000000001,
      1609.5,
      1621.73,
      1606.03,
      1605.5,
      1714.5,
      1323.91,
      1296.5,
      1304.0900000000001,
      1303.55,
      1300.58,
      1261.76,
      881.31,
      1267.52,
      1249.66,
      1294.95,
      1232.62,
      891.1800000000001,
      911.0,
      493.0,
      885.55,
      876.9300000000001,
      905.9100000000001,
      851.48,
      857.11,
      902.4,
      458.93,
      863.5799999999999,
      1245.5,
      1309.18,
      1276.49,
      1298.46,
      1275.1100000000001,
      1667.66,
      1301.59,
      1269.48,
      1283.73,
      1221.12,
      1290.71,
      866.88,
      883.5899999999999,
      854.98,
      858.49
    ],
    "stopping_reason": "time_limit",
    "operations": {
      "candidate_generation": 736,
      "feasibility_check": 290,
      "weight_evaluation": 290
    }
  }
}