{
  "graph": "graph_n16_d50_adj_matrix",
  "algorithm": "random",
  "result": {
    "graph_name": "graph_n16_d50_adj_matrix",
    "algorithm": "random",
    "best_weight": 2439.9900000000002,
    "best_matching": [
      3,
      8,
      18,
      30,
      42,
      51,
      55
    ],
    "runtime": 0.00703104300009727,
    "candidates": 400,
    "improvements": 2,
    "duplicates": 1,
    "infeasible": 0,
    "size_history": {
      "8": 5,
      "7": 31,
      "6": 55,
      "5": 120,
      "4": 142,
      "3": 46,
      "2": 1
    },
    "weight_history": [
      2206.5,
      1969.68,
      1923.65,
      2192.15,
      1409.75,
      2112.54,
      2439.9900000000002,
      1766.8,
      1700.18,
      1814.49,
      2067.19,
      1787.38,
      1175.6,
      1595.21,
      1740.52,
      1735.02,
      2003.28,
      1629.99,
      1495.25,
      1627.15,
      1971.76,
      1911.99,
      1766.95,
      1705.76,
      2149.96,
      1954.26,
      2007.28,
      1578.52,
      2385.41,
      1627.19,
      1817.3400000000001,
      2036.53,
      2115.25,
      1857.6100000000001,
      1866.94,
      1384.8899999999999,
      1420.77,
      1469.18,
      1805.08,
      1768.0,
      1645.95,
      2065.2,
      1613.77,
      1950.79,
      1791.74,
      1363.56,
      1009.66,
      1691.88,
      1823.65,
      1334.0,
      1419.3600000000001,
      1593.16,
      1447.63,
      1481.9,
      1373.51,
      1012.9000000000001,
      1135.83,
      980.45,
      1081.21,
      707.69,
      1026.32,
      1035.34,
      646.0,
      653.6,
      921.09,
      780.85,
      1398.79,
      1332.3799999999999,
      1376.79,
      1556.02,
      760.59,
      1724.13,
      1251.28,
      1511.15,
      1419.6100000000001,
      1552.1100000000001,
      1078.26,
      771.4499999999999,
      1081.92,
      975.8199999999999,
      1116.27,
      489.3,
      1054.56,
      1190.39,
      557.04,
      1155.79,
      1096.83,
      865.6800000000001,
      1432.5,
      1426.27,
      1318.3899999999999,
      1476.8,
      1442.45,
      1612.23,
      1147.27,
      1679.2,
      1348.55,
      649.34,
      1710.34,
      954.39,
      1193.97,
      1178.0700000000002,
      814.39,
      1082.9,
      1058.69,
      1517.14,
      1044.37,
      1003.07,
      1125.15,
      1467.77,
      1226.77,
      1296.16,
      1118.27,
      1457.65,
      1662.95,
      1568.34,
      1534.8,
      1688.92,
      1449.43,
      773.25,
      1690.4,
      1361.32,
      1179.41,
      869.18,
      1166.33,
      1561.3200000000002,
      482.4,
      1061.89,
      1346.45,
      1080.95,
      957.5,
      1139.53,
      811.9200000000001,
      1043.1399999999999,
      647.03,
      629.86,
      874.84,
      548.3199999999999,
      943.35,
      823.54,
      1220.3700000000001,
      900.23,
      862.95,
      1038.61,
      1313.68,
      1110.01,
      852.66,
      621.08,
      830.61,
      778.89,
      884.6800000000001,
      1074.93,
      690.46,
      1541.67,
      1021.8100000000001,
      1160.6100000000001,
      1725.06,
      1253.73,
      1394.48,
      1642.98,
      1147.85,
      1009.3900000000001,
      1582.68,
      1342.08,
      1465.94,
      1113.97,
      958.89,
      971.6,
      858.75,
      933.77,
      864.33,
      921.1800000000001,
      1010.06,
      1096.26,
      1352.6,
      949.5799999999999,
      863.14,
      1146.45,
      898.95,
      749.22,
      470.34,
      1018.97,
      526.82,
      503.85,
      627.36,
      838.11,
      882.3199999999999,
      1082.93,
      1118.83,
      1017.96,
      1168.96,
      1384.5900000000001,
      1060.01,
      960.48,
      1521.6,
      854.26,
      1237.54,
      1062.78,
      763.5,
      1075.29,
      878.19,
      630.26,
      497.57,
      1123.6,
      952.6,
      893.85,
      1126.1,
      907.59,
      969.11,
      826.9100000000001,
      1390.73,
      1204.99,
      1385.3600000000001,
      812.6,
      1353.8600000000001,
      1470.29,
      1308.48,
      1361.64,
      1026.48,
      891.6700000000001,
      1102.9099999999999,
      1404.37,
      1632.8700000000001,
      1510.19,
      1320.84,
      902.8,
      1036.36,
      1124.1,
      1209.37,
      1292.09,
      1550.91,
      1711.54,
      1333.56,
      895.72,
      1086.85,
      707.72,
      1291.1100000000001,
      1108.72,
      1054.04,
      853.62,
      1449.72,
      1582.65,
      1037.81,
      1631.23,
      1223.54,
      1797.66,
      1215.25,
      1309.88,
      865.1,
      1267.16,
      1434.82,
      1623.04,
      1742.39,
      976.35,
      1268.98,
      862.02,
      1024.25,
      1013.49,
      1123.21,
      1186.67,
      872.6,
      1162.37,
      1287.21,
      1184.41,
      771.62,
      801.98,
      802.34,
      1411.64,
      1049.51,
      1651.91,
      1271.61,
      1712.84,
      1522.19,
      840.61,
      1195.56,
      1630.3600000000001,
      1860.16,
      1681.76,
      2258.26,
      1647.6200000000001,
      1920.17,
      1476.53,
      1834.05,
      1584.8899999999999,
      1335.89,
      1760.62,
      1954.96,
      2203.26,
      2008.83,
      1819.94,
      1848.99,
      1814.73,
      2024.96,
      1865.03,
      1952.55,
      2196.05,
      1686.15,
      1600.0,
      1579.53,
      1481.6,
      1709.6,
      1345.22,
      1667.51,
      1981.6200000000001,
      1782.04,
      1669.15,
      1168.25,
      1924.42,
      1450.3400000000001,
      1340.04,
      1301.3,
      1187.45,
      1564.53,
      1872.43,
      1281.56,
      1062.01,
      1320.3,
      1630.89,
      1231.99,
      1180.54,
      1730.89,
      1828.01,
      1857.47,
      1385.64,
      1350.01,
      1763.49,
      1703.6,
      1807.77,
      1671.61,
      1127.78,
      1455.83,
      1619.48,
      1720.0,
      1388.3,
      1523.27,
      1457.81,
      1065.6,
      1365.38,
      1200.26,
      1231.62,
      1606.55,
      1311.94,
      827.49,
      1397.1200000000001,
      926.4,
      996.16,
      906.15,
      1272.35,
      1392.38,
      1112.71,
      1050.52,
      974.91,
      1132.77,
      935.43,
      1544.68,
      1658.8400000000001,
      1560.1,
      1535.4099999999999,
      1243.0,
      1438.9,
      1487.84,
      1449.72,
      1559.07,
      1373.0,
      1078.58,
      1520.95,
      1614.76,
      1177.7,
      868.02,
      1491.76,
      1365.63,
      1311.96,
      901.1,
      1104.8400000000001,
      708.47,
      717.96,
      535.03,
      785.36,
      900.0,
      379.0,
      482.72,
      881.0,
      970.1,
      919.6,
      676.89,
      1224.73,
      772.79,
      575.87,
      1199.3700000000001,
      768.67,
      770.33,
      1171.87,
      483.31,
      1091.8,
      1389.59,
      1063.7,
      1215.32,
      1063.29,
      1197.69,
      1493.7
    ],
    "stopping_reason": "max_candidates",
    "operations": {
      "candidate_generation": 401,
      "feasibility_check": 400,
      "weight_evaluation": 400
    }
  }
}