{
  "graph": "graph_n10_d75_adj_matrix",
  "algorithm": "random",
  "result": {
    "graph_name": "graph_n10_d75_adj_matrix",
    "algorithm": "random",
    "best_weight": 1776.56,
    "best_matching": [
      2,
      9,
      14,
      16,
      31
    ],
    "runtime": 2.0000424579993705,
    "candidates": 341,
    "improvements": 5,
    "duplicates": 182283,
    "infeasible": 0,
    "size_history": {
      "5": 30,
      "4": 128,
      "3": 95,
      "2": 55,
      "1": 33
    },
    "weight_history": [
      1437.79,
      1022.6500000000001,
      971.43,
      1079.91,
      1046.09,
      909.56,
      1355.69,
      795.3,
      1173.6,
      1205.0,
      1425.29,
      1105.85,
      1009.42,
      1178.27,
      1232.6299999999999,
      1396.29,
      1280.81,
      1044.74,
      1368.2,
      1190.94,
      766.23,
      1193.56,
      1056.78,
      794.62,
      887.91,
      510.95,
      1122.76,
      801.64,
      902.42,
      273.94,
      948.41,
      461.88,
      403.18,
      1159.32,
      1180.04,
      1471.05,
      875.47,
      547.6,
      1110.48,
      1766.01,
      736.22,
      1298.51,
      981.74,
      1206.77,
      1150.01,
      881.08,
      766.27,
      920.21,
      982.91,
      710.58,
      984.0699999999999,
      361.65,
      1421.58,
      1439.06,
      584.75,
      1505.3899999999999,
      1048.19,
      1775.43,
      939.58,
      1311.4,
      1691.87,
      914.9100000000001,
      1294.18,
      589.66,
      1648.8,
      1358.25,
      1172.07,
      1205.75,
      708.59,
      1319.72,
      974.87,
      1236.3899999999999,
      1106.2,
      1309.85,
      671.8000000000001,
      795.95,
      1002.39,
      911.96,
      785.39,
      831.76,
      633.0699999999999,
      992.41,
      924.33,
      817.45,
      1124.12,
      500.30000000000007,
      936.5999999999999,
      738.51,
      698.85,
      512.39,
      403.4,
      621.95,
      341.44,
      443.74,
      657.36,
      526.76,
      725.6899999999999,
      452.80999999999995,
      153.5,
      785.36,
      824.94,
      690.73,
      944.6899999999999,
      614.94,
      517.49,
      1027.31,
      776.94,
      499.01,
      880.5600000000001,
      714.65,
      966.76,
      954.03,
      778.7,
      1339.78,
      1027.6399999999999,
      907.74,
      1202.68,
      1077.6,
      453.58,
      740.03,
      1554.06,
      1086.17,
      1215.95,
      1040.48,
      972.88,
      1220.02,
      1297.06,
      706.54,
      1160.02,
      846.25,
      1438.92,
      997.59,
      756.15,
      1355.96,
      1168.89,
      781.15,
      856.45,
      1194.19,
      878.97,
      1237.26,
      763.86,
      1358.04,
      1402.96,
      1079.81,
      817.6899999999999,
      1776.56,
      1136.44,
      825.9100000000001,
      684.1,
      963.24,
      1246.76,
      880.74,
      1260.07,
      1011.1800000000001,
      1146.1100000000001,
      1402.35,
      1089.4,
      1295.96,
      1341.05,
      755.65,
      807.77,
      1029.83,
      1158.71,
      899.99,
      1020.3900000000001,
      985.41,
      804.78,
      361.21,
      1206.26,
      691.14,
      406.24,
      841.93,
      852.77,
      688.02,
      1007.51,
      494.05,
      648.08,
      1297.65,
      847.4100000000001,
      952.48,
      1167.76,
      987.9,
      893.46,
      1534.67,
      997.04,
      956.13,
      1281.18,
      856.04,
      700.1,
      678.56,
      569.85,
      1002.21,
      635.69,
      802.87,
      946.76,
      231.11,
      1410.32,
      654.56,
      880.5600000000001,
      917.92,
      914.5899999999999,
      1061.41,
      892.51,
      1253.61,
      1288.2,
      1129.98,
      419.95,
      809.59,
      846.26,
      1065.42,
      555.46,
      635.36,
      810.39,
      622.87,
      383.46,
      1047.8899999999999,
      381.59000000000003,
      1235.69,
      893.09,
      394.35,
      489.68,
      409.69,
      737.53,
      399.81000000000006,
      239.18,
      322.25,
      418.5,
      516.81,
      211.75,
      706.39,
      525.11,
      978.9,
      817.26,
      823.6500000000001,
      1200.6,
      938.09,
      793.38,
      799.49,
      524.8499999999999,
      600.8900000000001,
      729.61,
      671.4300000000001,
      697.6800000000001,
      599.96,
      416.21,
      266.66,
      686.24,
      429.37,
      589.87,
      352.97,
      588.49,
      582.19,
      534.32,
      374.21,
      25.5,
      323.21,
      87.71,
      162.48,
      253.73,
      401.80999999999995,
      323.47,
      292.41,
      126.09,
      270.25,
      577.2,
      506.64,
      1090.8,
      284.48,
      685.1500000000001,
      313.81,
      342.28,
      187.98,
      650.8,
      78.6,
      640.53,
      772.61,
      709.8,
      935.38,
      758.02,
      809.69,
      641.9000000000001,
      448.34000000000003,
      468.37,
      416.19,
      852.08,
      795.0999999999999,
      1313.81,
      686.33,
      932.5400000000001,
      1022.42,
      1430.43,
      887.88,
      1068.57,
      901.78,
      823.35,
      1103.14,
      1111.59,
      445.91,
      792.33,
      658.26,
      798.09,
      533.78,
      820.99,
      475.90000000000003,
      887.2700000000001,
      631.53,
      713.0799999999999,
      679.1800000000001,
      694.22,
      429.14,
      295.75,
      447.49,
      562.6500000000001,
      365.27,
      660.77,
      454.54999999999995,
      543.28,
      271.77,
      572.6300000000001,
      391.95,
      280.22,
      195.41,
      114.13,
      214.28,
      321.4,
      26.42,
      292.41,
      120.44,
      381.27,
      290.48,
      201.64,
      471.96,
      455.72,
      361.68,
      107.97,
      128.0,
      380.55,
      445.12,
      133.15,
      325.12,
      151.33
    ],
    "stopping_reason": "time_limit",
    "operations": {
      "candidate_generation": 182624,
      "feasibility_check": 341,
      "weight_evaluation": 341
    }
  }
}