{
  "graph": "graph_n18_d50_adj_matrix",
  "algorithm": "greedy",
  "result": {
    "graph_name": "graph_n18_d50_adj_matrix",
    "algorithm": "greedy",
    "best_weight": 3290.24,
    "best_matching": [
      1,
      6,
      13,
      33,
      44,
      58,
      63,
      71,
      73
    ],
    "runtime": 2.000047221999921,
    "candidates": 286,
    "improvements": 3,
    "duplicates": 80073,
    "infeasible": 0,
    "size_history": {
      "9": 86,
      "8": 200
    },
    "weight_history": [
      3257.48,
      3144.9700000000003,
      3022.64,
      3274.0,
      3149.34,
      3265.69,
      3224.78,
      3001.74,
      3108.08,
      3035.16,
      3047.85,
      3182.58,
      3040.78,
      3171.4900000000002,
      3164.44,
      3099.4700000000003,
      3125.44,
      3120.56,
      2988.86,
      3032.14,
      3067.66,
      3180.96,
      3115.68,
      3143.1,
      3211.39,
      3123.89,
      3166.38,
      2959.56,
      3138.63,
      3115.3,
      3189.19,
      3290.24,
      3020.77,
      3022.17,
      3014.94,
      2924.47,
      3282.21,
      3021.77,
      3194.2200000000003,
      3144.46,
      3219.9,
      3086.08,
      3205.71,
      3158.6,
      3112.05,
      3047.39,
      3098.89,
      3073.92,
      3169.71,
      2941.88,
      3112.28,
      3057.39,
      3161.5,
      3204.25,
      3271.1,
      3106.46,
      3112.78,
      3107.17,
      2972.41,
      3177.4,
      3012.7599999999998,
      2980.62,
      3218.63,
      3093.21,
      3156.85,
      3070.0099999999998,
      3073.79,
      3003.7000000000003,
      3059.0,
      3150.15,
      3043.7599999999998,
      2948.6,
      3179.52,
      3174.2799999999997,
      3206.5099999999998,
      3199.37,
      3108.2,
      3018.49,
      3015.0499999999997,
      3060.7,
      3089.94,
      3118.11,
      3146.84,
      3138.22,
      2933.37,
      2925.59,
      3103.2,
      3254.58,
      2939.92,
      2954.85,
      3068.46,
      2937.56,
      3152.99,
      3285.36,
      3001.1,
      2984.1,
      3095.61,
      3077.28,
      3026.41,
      3135.95,
      3107.25,
      3070.07,
      3155.98,
      2932.48,
      3048.2999999999997,
      3017.79,
      2980.2,
      3155.02,
      3257.71,
      2989.26,
      3136.7599999999998,
      3142.59,
      3241.19,
      3213.45,
      3104.72,
      3076.15,
      3098.0,
      3036.43,
      2984.94,
      3004.2200000000003,
      3152.75,
      3035.6,
      3144.02,
      2934.35,
      2910.87,
      3112.13,
      3038.88,
      3054.64,
      3029.71,
      3223.31,
      3117.5499999999997,
      3018.75,
      2926.65,
      3064.35,
      3023.23,
      3081.7200000000003,
      3030.6,
      3196.4700000000003,
      3153.18,
      3199.39,
      3084.7,
      3141.66,
      3096.59,
      2980.75,
      3068.61,
      3033.3,
      3161.35,
      2958.26,
      2966.89,
      3131.07,
      2998.52,
      2950.46,
      3227.32,
      3116.41,
      3101.91,
      3151.18,
      3154.02,
      3127.28,
      3065.19,
      2900.5699999999997,
      3204.27,
      3008.83,
      3207.58,
      2948.14,
      3106.11,
      3119.02,
      3145.21,
      3049.46,
      2972.9700000000003,
      3099.39,
      2913.51,
      2923.39,
      3042.52,
      3189.04,
      3013.95,
      3159.26,
      3151.72,
      2906.0099999999998,
      3189.42,
      3062.7799999999997,
      3028.54,
      3121.13,
      3076.92,
      3218.43,
      3071.23,
      3056.62,
      3067.21,
      3020.14,
      3053.43,
      3265.49,
      2935.62,
      3081.36,
      3039.91,
      3030.45,
      3077.09,
      3136.2400000000002,
      3015.16,
      3021.23,
      3168.49,
      2889.57,
      3031.1,
      3093.06,
      3231.52,
      3216.68,
      2971.48,
      3172.9,
      3159.19,
      3190.86,
      3146.54,
      3022.54,
      3169.56,
      3090.14,
      2889.61,
      3245.16,
      3033.98,
      3107.74,
      3082.89,
      3033.42,
      3110.81,
      3020.71,
      3090.85,
      2940.51,
      3260.61,
      3226.64,
      3027.57,
      3174.64,
      3133.84,
      3148.68,
      3058.84,
      3089.62,
      2990.55,
      2995.44,
      3212.82,
      3050.24,
      3093.86,
      3087.79,
      2996.34,
      3285.06,
      3138.07,
      3013.8199999999997,
      3199.09,
      3085.2599999999998,
      2996.0,
      3051.8,
      3100.67,
      3139.58,
      3247.22,
      2931.42,
      3081.57,
      3004.09,
      3128.0,
      3051.6,
      3192.73,
      3130.27,
      3160.89,
      2995.6,
      3183.08,
      3098.74,
      3106.21,
      3110.66,
      3252.1,
      3089.93,
      2877.09,
      3052.69,
      2967.36,
      3046.23,
      3063.89,
      3036.38,
      3186.64,
      3245.83,
      2967.7999999999997,
      2979.5499999999997,
      2929.93,
      2995.73,
      3132.4,
      3125.39,
      3013.66,
      2899.0,
      2965.1,
      3156.89,
      3042.16,
      2998.91,
      3138.33,
      3051.66,
      2939.7,
      3110.56
    ],
    "stopping_reason": "time_limit",
    "operations": {
      "candidate_generation": 80359,
      "feasibility_check": 286,
      "weight_evaluation": 286
    }
  }
}