{
  "random": {
    "mean_weight": 3076.883333333333,
    "std_weight": 83.34621820388062,
    "min_weight": 2976.21,
    "max_weight": 3180.31,
    "absolute_gap": 414.8266666666668,
    "relative_gap": 0.1188032988612075,
    "approximation_ratio": 0.8811967011387926
  },
  "greedy": {
    "mean_weight": 3484.2400000000002,
    "std_weight": 7.548805645045213,
    "min_weight": 3473.9,
    "max_weight": 3491.71,
    "absolute_gap": 7.4699999999998,
    "relative_gap": 0.002139352924498254,
    "approximation_ratio": 0.9978606470755017
  },
  "local": {
    "mean_weight": 3488.6433333333334,
    "std_weight": 2.168460795638703,
    "min_weight": 3487.11,
    "max_weight": 3491.71,
    "absolute_gap": 3.066666666666606,
    "relative_gap": 0.0008782707231318196,
    "approximation_ratio": 0.9991217292768682
  }
}