{
  "graph": "graph_n17_d50_adj_matrix",
  "algorithm": "greedy",
  "result": {
    "graph_name": "graph_n17_d50_adj_matrix",
    "algorithm": "greedy",
    "best_weight": 2733.07,
    "best_matching": [
      7,
      9,
      22,
      26,
      36,
      38,
      42,
      60
    ],
    "runtime": 2.0000357080007234,
    "candidates": 103,
    "improvements": 3,
    "duplicates": 113034,
    "infeasible": 0,
    "size_history": {
      "7": 22,
      "6": 12,
      "8": 9,
      "5": 23,
      "4": 19,
      "3": 13,
      "2": 5
    },
    "weight_history": [
      2415.0,
      2547.42,
      2450.99,
      2423.48,
      2432.91,
      2413.57,
      2380.58,
      2266.83,
      2443.5099999999998,
      2388.17,
      2415.89,
      2533.52,
      2733.07,
      2617.04,
      2555.2799999999997,
      2636.64,
      2422.59,
      2418.82,
      2603.7599999999998,
      2567.4,
      2541.11,
      2574.88,
      2421.05,
      2413.45,
      2339.84,
      2392.44,
      2418.11,
      2293.42,
      2214.38,
      2383.51,
      2389.85,
      2285.94,
      2401.45,
      2201.63,
      2230.24,
      2213.49,
      2263.23,
      2237.83,
      2247.2599999999998,
      2239.7799999999997,
      2236.94,
      2246.89,
      1982.6399999999999,
      2227.92,
      1962.7,
      1936.41,
      1920.01,
      1966.67,
      1954.81,
      1649.12,
      1949.65,
      1849.67,
      1916.02,
      1959.19,
      1926.1999999999998,
      1666.1399999999999,
      1966.3,
      1682.1100000000001,
      1658.6599999999999,
      1574.1,
      1624.78,
      1631.83,
      1625.67,
      1323.32,
      1628.1,
      1648.23,
      1858.9099999999999,
      1946.73,
      1906.26,
      1912.42,
      1912.96,
      1948.76,
      1947.33,
      1937.3,
      1928.82,
      1862.4099999999999,
      1929.71,
      1327.57,
      1595.11,
      1594.22,
      1608.3799999999999,
      1623.85,
      1615.86,
      1590.07,
      1294.58,
      1561.49,
      1607.8799999999999,
      1581.82,
      1299.87,
      1227.28,
      1226.17,
      1253.48,
      1276.93,
      1307.35,
      1260.96,
      1277.29,
      1235.53,
      1293.69,
      968.78,
      922.39,
      871.63,
      809.71,
      830.8199999999999
    ],
    "stopping_reason": "time_limit",
    "operations": {
      "candidate_generation": 113137,
      "feasibility_check": 103,
      "weight_evaluation": 103
    }
  }
}