{
  "graph": "graph_n12_d50_adj_matrix",
  "algorithm": "greedy",
  "result": {
    "graph_name": "graph_n12_d50_adj_matrix",
    "algorithm": "greedy",
    "best_weight": 1793.22,
    "best_matching": [
      3,
      15,
      18,
      24,
      30
    ],
    "runtime": 2.0000271760000032,
    "candidates": 66,
    "improvements": 5,
    "duplicates": 170019,
    "infeasible": 0,
    "size_history": {
      "4": 27,
      "3": 19,
      "2": 3,
      "5": 17
    },
    "weight_history": [
      1417.3899999999999,
      1649.77,
      1401.29,
      1556.76,
      1563.62,
      1457.95,
      1380.56,
      1285.77,
      1466.71,
      1407.09,
      1429.22,
      1273.94,
      1221.49,
      1271.03,
      1561.52,
      1314.5,
      1291.97,
      1228.35,
      1265.53,
      1236.8,
      1223.3400000000001,
      935.76,
      1552.91,
      1418.92,
      1602.08,
      1373.7,
      1364.94,
      1573.35,
      1696.3600000000001,
      1700.21,
      1517.15,
      1534.44,
      1690.97,
      1594.06,
      1610.16,
      1518.74,
      1793.22,
      1506.85,
      1507.9099999999999,
      1689.91,
      1673.17,
      1688.8700000000001,
      1777.1200000000001,
      1675.27,
      1564.74,
      1355.7,
      1413.12,
      1509.0700000000002,
      1354.64,
      1546.27,
      1507.32,
      1441.85,
      1593.47,
      1547.81,
      1514.24,
      1224.97,
      879.0,
      1232.3600000000001,
      1244.28,
      1203.72,
      1205.82,
      1214.73,
      1235.27,
      874.56,
      1235.67,
      1184.67
    ],
    "stopping_reason": "time_limit",
    "operations": {
      "candidate_generation": 170085,
      "feasibility_check": 66,
      "weight_evaluation": 66
    }
  }
}