{
  "graph": "graph_n19_d25_adj_matrix",
  "algorithm": "random",
  "result": {
    "graph_name": "graph_n19_d25_adj_matrix",
    "algorithm": "random",
    "best_weight": 2533.2,
    "best_matching": [
      0,
      8,
      13,
      15,
      18,
      20,
      27,
      38,
      41
    ],
    "runtime": 0.011705621000146493,
    "candidates": 400,
    "improvements": 5,
    "duplicates": 1,
    "infeasible": 0,
    "size_history": {
      "9": 19,
      "7": 121,
      "8": 132,
      "6": 60,
      "5": 34,
      "4": 23,
      "3": 10,
      "2": 1
    },
    "weight_history": [
      1942.77,
      1807.25,
      2223.1,
      1546.96,
      2373.56,
      2086.21,
      2069.82,
      2452.16,
      1783.93,
      1585.44,
      2019.71,
      2209.39,
      1441.3999999999999,
      2071.14,
      1964.65,
      1627.15,
      1622.65,
      1697.8899999999999,
      2215.48,
      1788.23,
      2036.58,
      1565.03,
      2170.23,
      1872.49,
      1887.6399999999999,
      1563.09,
      1954.3799999999999,
      2078.22,
      1879.88,
      1700.22,
      2219.41,
      2108.77,
      1967.65,
      2372.73,
      1601.24,
      2082.9,
      1982.78,
      1521.57,
      1883.6,
      1234.89,
      1730.04,
      2080.14,
      1984.33,
      2098.31,
      1869.46,
      1883.25,
      2141.47,
      1647.5,
      1705.43,
      1458.78,
      2339.71,
      1402.33,
      1795.69,
      1704.16,
      1839.17,
      2264.42,
      1736.32,
      2269.57,
      1858.8600000000001,
      1939.8600000000001,
      1769.3600000000001,
      1855.37,
      2305.13,
      1849.76,
      2134.46,
      1966.29,
      2445.34,
      1873.45,
      1489.7,
      2308.02,
      1747.31,
      1910.47,
      1772.08,
      1887.33,
      2022.71,
      2025.98,
      1651.35,
      1664.22,
      1636.74,
      1619.5,
      2369.87,
      1563.42,
      1777.54,
      1945.01,
      1292.09,
      1673.55,
      2408.3,
      2057.93,
      1401.77,
      1680.8300000000002,
      1846.45,
      1756.4,
      1767.31,
      2008.01,
      2060.14,
      1725.35,
      1651.38,
      1783.04,
      1990.18,
      1355.68,
      1357.26,
      1270.05,
      1369.06,
      1640.87,
      1628.6299999999999,
      1516.94,
      1401.17,
      1268.06,
      655.61,
      1348.23,
      1591.29,
      1214.49,
      1772.45,
      1688.09,
      1603.11,
      1533.3600000000001,
      1486.89,
      1469.19,
      2108.92,
      1477.79,
      1734.61,
      1824.93,
      1493.09,
      1485.82,
      1697.27,
      2016.95,
      2210.7400000000002,
      2141.21,
      2159.34,
      2052.8,
      1284.03,
      2012.8400000000001,
      1668.16,
      917.06,
      1875.56,
      1465.98,
      1184.25,
      1760.45,
      1468.07,
      1464.99,
      1877.37,
      1667.28,
      2082.56,
      2038.97,
      1883.75,
      1849.3799999999999,
      1910.93,
      1401.58,
      1662.72,
      1599.42,
      1717.81,
      2201.22,
      2164.81,
      1489.55,
      1550.59,
      1689.2,
      1934.97,
      1442.46,
      1948.41,
      1596.56,
      2128.28,
      1773.69,
      1659.74,
      1572.62,
      1790.05,
      2267.25,
      1688.67,
      1231.7,
      2061.36,
      1554.7,
      1893.83,
      1518.5,
      1235.02,
      2533.2,
      1925.75,
      1706.93,
      1759.28,
      1490.23,
      1602.03,
      1896.11,
      1977.52,
      1498.39,
      1851.67,
      1989.45,
      2345.17,
      1326.38,
      1809.3400000000001,
      1170.15,
      1730.52,
      1592.25,
      1719.69,
      1784.31,
      1275.1200000000001,
      1378.04,
      1912.98,
      1624.23,
      1839.8600000000001,
      2149.87,
      1602.56,
      1295.82,
      1423.71,
      1060.07,
      1527.89,
      1341.29,
      1572.95,
      1447.67,
      1523.89,
      1554.27,
      1437.75,
      980.83,
      804.14,
      1100.98,
      1066.06,
      1096.83,
      1053.59,
      890.44,
      1153.75,
      1322.76,
      1213.48,
      902.8900000000001,
      1347.3400000000001,
      1309.5,
      1050.86,
      927.2,
      936.38,
      1072.1,
      494.76,
      856.21,
      1205.44,
      789.29,
      894.94,
      919.62,
      790.33,
      446.65,
      889.76,
      584.4,
      622.72,
      790.94,
      515.05,
      436.27,
      515.64,
      784.1,
      922.33,
      1225.83,
      860.49,
      597.8000000000001,
      1106.26,
      665.5,
      1252.63,
      941.28,
      1176.33,
      727.3299999999999,
      1208.24,
      1209.27,
      1198.47,
      1178.47,
      1203.65,
      1018.1500000000001,
      1388.12,
      1257.51,
      1111.34,
      1122.65,
      913.2,
      1275.5900000000001,
      1603.8,
      1246.36,
      1318.87,
      1177.57,
      1105.1100000000001,
      1377.78,
      1150.65,
      1658.57,
      1419.29,
      1212.1200000000001,
      1602.45,
      1630.55,
      1951.23,
      2152.53,
      1738.44,
      1757.8899999999999,
      1983.93,
      1641.01,
      1407.4,
      1829.28,
      1714.05,
      2066.12,
      1328.78,
      1276.17,
      1502.8400000000001,
      1198.75,
      1278.12,
      1483.22,
      1566.27,
      1385.96,
      942.65,
      1632.6,
      1022.1800000000001,
      1023.63,
      1257.15,
      1457.75,
      1114.67,
      1065.92,
      1400.16,
      1391.25,
      1514.1399999999999,
      983.5,
      1101.13,
      1001.81,
      1258.72,
      1090.24,
      1532.14,
      1690.38,
      1205.68,
      1211.9,
      1178.64,
      1516.6399999999999,
      1231.6100000000001,
      1599.72,
      1845.8600000000001,
      1825.49,
      1588.44,
      1975.58,
      1821.02,
      1832.64,
      1853.9,
      1435.73,
      1710.18,
      1710.74,
      1354.57,
      1431.1,
      1745.77,
      2093.27,
      2002.0,
      2075.14,
      1423.31,
      1862.91,
      1372.77,
      2060.94,
      1932.8899999999999,
      1534.12,
      1699.83,
      1881.55,
      1907.77,
      1941.28,
      2346.0,
      1831.4,
      1855.06,
      2245.9,
      2078.97,
      2082.02,
      1769.3000000000002,
      1981.91,
      2114.4,
      1578.93,
      1621.83,
      2204.84,
      2468.18,
      2171.57,
      1617.29,
      2263.13,
      2391.6,
      1993.2,
      1355.75,
      1468.17,
      1788.0900000000001,
      2110.35,
      1890.24,
      1857.69,
      1817.43,
      1594.41,
      1820.03,
      1224.14,
      1558.91,
      1004.14,
      1787.6,
      1606.06,
      1963.13,
      2031.22,
      1833.55,
      1558.53,
      2192.23,
      1668.63,
      1851.79,
      2075.4900000000002,
      1601.16,
      2268.59,
      2036.91,
      1538.99,
      1769.49,
      2233.27,
      2057.91,
      2339.0,
      1842.51,
      1795.98,
      1838.35,
      2297.57,
      1645.1399999999999,
      2199.28,
      1977.0,
      1988.83
    ],
    "stopping_reason": "max_candidates",
    "operations": {
      "candidate_generation": 401,
      "feasibility_check": 400,
      "weight_evaluation": 400
    }
  }
}