{
  "graph": "graph_n15_d75_adj_matrix",
  "algorithm": "local",
  "result": {
    "graph_name": "graph_n15_d75_adj_matrix",
    "algorithm": "local",
    "best_weight": 2874.4,
    "best_matching": [
      1,
      14,
      23,
      35,
      53,
      69,
      72
    ],
    "runtime": 2.0009322410005552,
    "candidates": 69,
    "improvements": 5,
    "duplicates": 937,
    "infeasible": 0,
    "size_history": {
      "7": 10,
      "6": 11,
      "5": 12,
      "4": 10,
      "3": 12,
      "2": 10,
      "1": 4
    },
    "weight_history": [
      2789.9,
      2835.7,
      2852.26,
      2873.98,
      2874.4,
      2800.57,
      2777.18,
      2748.23,
      2854.78,
      2844.53,
      2868.83,
      2691.25,
      2725.2400000000002,
      2642.26,
      2702.71,
      2679.95,
      2724.91,
      2649.35,
      2710.91,
      2722.66,
      2693.91,
      2408.17,
      2388.55,
      2273.19,
      2292.5,
      2402.55,
      2337.9,
      2351.9,
      2004.42,
      2388.2200000000003,
      2340.2200000000003,
      2304.62,
      2408.5,
      1938.99,
      1952.77,
      1567.68,
      1990.46,
      1998.47,
      1880.94,
      1965.48,
      1984.51,
      1971.76,
      2402.2200000000003,
      1944.94,
      1547.77,
      1553.72,
      1516.03,
      1496.08,
      1502.25,
      1071.3,
      1547.73,
      1561.73,
      1508.2,
      1508.04,
      1522.0,
      1085.26,
      559.73,
      1010.01,
      1033.61,
      1025.78,
      1042.15,
      1036.2,
      996.05,
      1510.08,
      1004.46,
      988.04,
      525.53,
      522.04,
      511.57
    ],
    "stopping_reason": "time_limit",
    "operations": {
      "candidate_generation": 1006,
      "feasibility_check": 69,
      "weight_evaluation": 69
    }
  }
}