{
  "graph": "graph_n13_d25_adj_matrix",
  "algorithm": "random",
  "result": {
    "graph_name": "graph_n13_d25_adj_matrix",
    "algorithm": "random",
    "best_weight": 1897.91,
    "best_matching": [
      2,
      4,
      5,
      8,
      14,
      17
    ],
    "runtime": 2.000026941001124,
    "candidates": 139,
    "improvements": 2,
    "duplicates": 222051,
    "infeasible": 0,
    "size_history": {
      "6": 9,
      "5": 60,
      "4": 57,
      "3": 12,
      "2": 1
    },
    "weight_history": [
      1654.7,
      1298.24,
      1469.1,
      982.47,
      1377.33,
      913.77,
      1194.52,
      1449.65,
      1897.91,
      1106.2,
      1750.77,
      1607.92,
      1533.84,
      1392.42,
      1116.62,
      967.19,
      1280.97,
      1659.61,
      1189.13,
      1082.05,
      1487.77,
      1386.91,
      1123.7,
      722.29,
      755.36,
      843.75,
      1188.87,
      720.53,
      1111.32,
      1280.21,
      1250.48,
      1354.2,
      1282.82,
      1090.07,
      609.13,
      859.86,
      626.81,
      1109.75,
      694.83,
      934.05,
      1028.8,
      494.76,
      343.15,
      618.27,
      732.3,
      798.9100000000001,
      862.63,
      744.1700000000001,
      1169.53,
      610.45,
      1334.51,
      1078.45,
      1069.24,
      1432.08,
      1162.77,
      1117.9,
      1059.94,
      1148.4,
      896.09,
      899.35,
      1111.3,
      783.66,
      1010.8,
      970.6,
      743.37,
      1217.65,
      819.86,
      1005.58,
      994.49,
      1399.26,
      940.8100000000001,
      1081.19,
      1055.86,
      1236.6,
      1047.0,
      1162.67,
      887.5799999999999,
      1562.8600000000001,
      977.0600000000001,
      1142.56,
      1488.78,
      1180.06,
      1446.9,
      1010.99,
      1466.0,
      940.17,
      1192.52,
      1149.27,
      1197.93,
      1592.5,
      1127.1100000000001,
      1437.48,
      1420.94,
      1309.49,
      1524.18,
      1329.5,
      895.11,
      1356.01,
      1262.71,
      1456.51,
      1285.38,
      698.31,
      1405.56,
      1739.6399999999999,
      958.83,
      1811.21,
      1404.5900000000001,
      1552.7,
      1450.62,
      1574.82,
      1332.08,
      1072.04,
      1356.2,
      1126.68,
      1078.64,
      1590.2,
      1637.56,
      1064.3700000000001,
      1451.41,
      1293.14,
      1795.83,
      771.89,
      1098.16,
      726.8299999999999,
      1401.07,
      1234.19,
      1350.79,
      1639.32,
      1471.89,
      1058.96,
      1443.53,
      1117.1,
      1294.11,
      1244.56,
      1766.15,
      1128.8700000000001,
      1481.05,
      1077.68,
      1240.32
    ],
    "stopping_reason": "time_limit",
    "operations": {
      "candidate_generation": 222190,
      "feasibility_check": 139,
      "weight_evaluation": 139
    }
  }
}