{
  "graph": "graph_n15_d25_adj_matrix",
  "algorithm": "random",
  "result": {
    "graph_name": "graph_n15_d25_adj_matrix",
    "algorithm": "random",
    "best_weight": 2509.39,
    "best_matching": [
      2,
      5,
      10,
      14,
      15,
      20,
      25
    ],
    "runtime": 2.0000512400001753,
    "candidates": 397,
    "improvements": 3,
    "duplicates": 223514,
    "infeasible": 0,
    "size_history": {
      "7": 11,
      "5": 32,
      "6": 26,
      "4": 54,
      "3": 132,
      "2": 116,
      "1": 26
    },
    "weight_history": [
      1895.13,
      2374.21,
      1434.5,
      1931.96,
      2052.08,
      2509.39,
      1488.44,
      2277.59,
      1663.99,
      1829.42,
      2041.46,
      1772.33,
      1933.55,
      1567.85,
      1617.24,
      1569.39,
      2300.87,
      2475.9700000000003,
      2009.29,
      1740.76,
      2012.96,
      1682.1899999999998,
      2284.58,
      1995.57,
      1614.0,
      1687.6100000000001,
      1964.05,
      2346.34,
      1573.33,
      2330.79,
      2152.32,
      1316.92,
      2035.98,
      1703.66,
      1067.33,
      1804.94,
      1579.94,
      1677.29,
      1801.36,
      1674.21,
      1872.42,
      1470.2,
      1780.3,
      1829.7,
      1808.66,
      1052.09,
      1695.97,
      1490.48,
      1381.46,
      963.61,
      1503.19,
      1748.79,
      1263.93,
      1278.48,
      1634.17,
      1139.04,
      1588.8400000000001,
      1036.19,
      1678.6100000000001,
      858.1,
      1225.9299999999998,
      1466.33,
      1127.73,
      1134.78,
      1614.74,
      1115.4099999999999,
      828.64,
      1072.15,
      624.3,
      727.1,
      302.78000000000003,
      1038.44,
      900.6800000000001,
      908.74,
      964.8199999999999,
      957.24,
      903.98,
      60.54,
      400.27000000000004,
      839.45,
      765.4000000000001,
      564.86,
      744.64,
      734.8199999999999,
      1041.9,
      448.75,
      727.94,
      485.98,
      835.6099999999999,
      639.7,
      935.88,
      964.6700000000001,
      1079.65,
      948.14,
      1123.02,
      811.44,
      919.3199999999999,
      779.25,
      875.43,
      496.9,
      588.81,
      653.69,
      634.99,
      748.63,
      808.8599999999999,
      314.16,
      572.3,
      531.11,
      566.97,
      604.73,
      589.9,
      661.0,
      723.06,
      973.0899999999999,
      1102.88,
      621.15,
      729.96,
      1067.19,
      1249.8600000000001,
      852.58,
      759.95,
      653.21,
      369.26,
      476.42,
      555.52,
      684.4100000000001,
      720.3199999999999,
      913.21,
      670.4100000000001,
      560.97,
      658.84,
      831.82,
      870.2,
      1107.55,
      1053.17,
      704.53,
      1264.6399999999999,
      761.55,
      931.5,
      760.57,
      748.28,
      922.3199999999999,
      1088.24,
      899.88,
      1319.3600000000001,
      1518.98,
      1485.78,
      875.65,
      1641.83,
      1210.12,
      992.29,
      1540.2,
      1021.05,
      1481.58,
      1866.29,
      1092.33,
      1434.8899999999999,
      1604.02,
      1261.1,
      1521.22,
      1481.5,
      1540.24,
      1643.85,
      1373.02,
      1659.87,
      1268.17,
      694.9,
      1056.0,
      1413.15,
      1568.9099999999999,
      716.92,
      1134.7,
      1225.9,
      1363.8600000000001,
      1148.7,
      1319.28,
      1093.4,
      943.98,
      506.0,
      1101.58,
      1226.9,
      938.81,
      1243.8400000000001,
      723.36,
      842.89,
      951.0799999999999,
      759.5500000000001,
      518.49,
      748.13,
      500.71,
      699.79,
      570.11,
      826.94,
      885.37,
      523.44,
      864.6800000000001,
      305.78,
      529.36,
      339.73,
      283.58,
      141.15,
      175.17,
      355.35,
      573.9100000000001,
      152.07,
      127.02,
      388.21,
      330.68,
      418.04,
      466.23,
      747.5699999999999,
      563.38,
      753.5799999999999,
      743.56,
      492.92,
      776.47,
      563.76,
      887.39,
      651.26,
      675.36,
      990.99,
      879.87,
      799.11,
      925.28,
      471.14,
      1041.33,
      612.5699999999999,
      936.53,
      1199.87,
      840.94,
      869.6800000000001,
      1521.06,
      1032.45,
      1342.17,
      1294.9099999999999,
      1304.91,
      1340.42,
      1290.43,
      1354.73,
      1413.68,
      1443.8400000000001,
      1491.9,
      957.48,
      634.45,
      1046.3,
      1061.38,
      1144.92,
      706.23,
      848.7099999999999,
      885.1099999999999,
      743.93,
      750.83,
      1390.05,
      675.51,
      806.59,
      458.75,
      689.51,
      587.0699999999999,
      392.02,
      403.45,
      577.21,
      505.85,
      760.05,
      616.91,
      722.24,
      1062.11,
      1224.75,
      892.36,
      990.96,
      940.01,
      919.49,
      893.5,
      1025.81,
      1119.55,
      900.49,
      201.69,
      460.5,
      605.16,
      514.9,
      684.56,
      643.0799999999999,
      626.41,
      669.51,
      466.75,
      695.08,
      644.84,
      975.6500000000001,
      592.24,
      1273.58,
      1169.63,
      716.28,
      767.0,
      947.61,
      719.04,
      327.24,
      1041.47,
      1046.45,
      1462.9,
      958.18,
      853.11,
      784.29,
      1359.1,
      956.23,
      1209.46,
      1231.72,
      1166.13,
      1098.16,
      901.1,
      1157.73,
      914.94,
      1254.65,
      744.95,
      670.37,
      988.25,
      729.8000000000001,
      967.85,
      872.39,
      1185.37,
      1023.6600000000001,
      507.42,
      686.03,
      463.99,
      879.02,
      435.65,
      319.90999999999997,
      790.6300000000001,
      701.74,
      374.70000000000005,
      294.72,
      178.76,
      1209.51,
      914.86,
      1051.6,
      1018.21,
      1272.54,
      1084.37,
      982.46,
      1011.3299999999999,
      778.16,
      924.13,
      723.75,
      879.9200000000001,
      687.03,
      436.74,
      552.03,
      457.7,
      578.26,
      395.71,
      353.92999999999995,
      406.15,
      548.34,
      410.59999999999997,
      895.9300000000001,
      898.04,
      809.31,
      917.13,
      929.3199999999999,
      1110.6100000000001,
      1199.52,
      1072.77,
      871.79,
      908.94,
      1006.61,
      293.22,
      637.63,
      628.41,
      617.62,
      609.8299999999999,
      767.4200000000001,
      620.35,
      548.5799999999999,
      829.86,
      796.0699999999999,
      561.78,
      399.96,
      216.95,
      344.68,
      476.47,
      607.88,
      234.18,
      408.9,
      451.24,
      265.0,
      344.83,
      263.05,
      683.54,
      701.62,
      471.83000000000004,
      773.3900000000001,
      807.1500000000001,
      717.61,
      582.21,
      443.76,
      628.26,
      651.14,
      750.9000000000001,
      242.24
    ],
    "stopping_reason": "time_limit",
    "operations": {
      "candidate_generation": 223911,
      "feasibility_check": 397,
      "weight_evaluation": 397
    }
  }
}