{
  "graph": "graph_n15_d50_adj_matrix",
  "algorithm": "local",
  "result": {
    "graph_name": "graph_n15_d50_adj_matrix",
    "algorithm": "local",
    "best_weight": 2986.23,
    "best_matching": [
      8,
      12,
      22,
      29,
      39,
      41,
      51
    ],
    "runtime": 2.0000325239998347,
    "candidates": 185,
    "improvements": 6,
    "duplicates": 585,
    "infeasible": 0,
    "size_history": {
      "7": 101,
      "6": 52,
      "5": 31,
      "4": 1
    },
    "weight_history": [
      2800.36,
      2882.13,
      2813.34,
      2870.16,
      2856.27,
      2884.85,
      2823.4700000000003,
      2871.16,
      2868.84,
      2897.42,
      2703.06,
      2798.86,
      2737.66,
      2859.07,
      2770.92,
      2748.39,
      2645.3,
      2857.05,
      2851.09,
      2833.65,
      2879.3,
      2936.45,
      2864.35,
      2829.89,
      2743.34,
      2864.46,
      2891.87,
      2752.69,
      2704.98,
      2828.72,
      2841.4300000000003,
      2792.84,
      2782.95,
      2887.65,
      2811.44,
      2760.51,
      2820.67,
      2752.37,
      2821.54,
      2868.44,
      2806.2400000000002,
      2713.6,
      2740.98,
      2709.39,
      2810.62,
      2859.46,
      2705.87,
      2882.1,
      2841.84,
      2698.69,
      2843.7,
      2768.55,
      2827.15,
      2846.6,
      2755.73,
      2736.28,
      2677.59,
      2696.93,
      2777.7400000000002,
      2769.28,
      2778.61,
      2856.66,
      2809.04,
      2933.65,
      2721.61,
      2876.58,
      2766.06,
      2760.4,
      2803.52,
      2854.58,
      2986.23,
      2818.81,
      2771.29,
      2682.05,
      2628.7,
      2701.74,
      2802.62,
      2625.67,
      2697.18,
      2640.66,
      2589.91,
      2691.63,
      2683.49,
      2650.0,
      2402.24,
      2612.82,
      2666.91,
      2699.98,
      2341.0,
      2382.29,
      2337.92,
      2287.89,
      2323.63,
      2366.5,
      2315.48,
      2317.9700000000003,
      2360.95,
      2326.71,
      1998.49,
      2618.57,
      2636.17,
      2641.4,
      2608.33,
      2562.09,
      2663.54,
      2665.83,
      2668.6,
      2571.79,
      2475.22,
      2554.31,
      2783.86,
      2804.12,
      2730.62,
      2728.1,
      2779.91,
      2792.78,
      2757.18,
      2851.78,
      2589.02,
      2757.46,
      2759.19,
      2541.77,
      2694.43,
      2602.97,
      2638.71,
      2664.11,
      2329.17,
      2636.91,
      2663.69,
      2594.68,
      2618.76,
      2648.7,
      2657.82,
      2853.55,
      2772.17,
      2725.77,
      2613.0699999999997,
      2805.62,
      2716.59,
      2775.21,
      2798.24,
      2846.5,
      2768.5699999999997,
      2671.4,
      2566.1,
      2477.8,
      2505.02,
      2793.47,
      2538.69,
      2555.08,
      2528.55,
      2649.4,
      2582.19,
      2516.3,
      2331.97,
      2333.43,
      2265.65,
      2338.66,
      2285.64,
      2313.16,
      2346.55,
      2310.33,
      2260.05,
      2333.11,
      2303.6800000000003,
      2514.49,
      2626.37,
      2548.35,
      2775.8,
      2589.9300000000003,
      2669.24,
      2447.25,
      2592.48,
      2497.75,
      2549.39,
      2769.63,
      2326.8199999999997,
      2267.94,
      2310.08,
      2346.66,
      2305.59,
      2290.13,
      2526.33,
      2269.05,
      2288.12
    ],
    "stopping_reason": "time_limit",
    "operations": {
      "candidate_generation": 770,
      "feasibility_check": 185,
      "weight_evaluation": 185
    }
  }
}