{
  "graph": "graph_n20_d25_adj_matrix",
  "algorithm": "greedy",
  "result": {
    "graph_name": "graph_n20_d25_adj_matrix",
    "algorithm": "greedy",
    "best_weight": 3111.61,
    "best_matching": [
      5,
      10,
      12,
      15,
      16,
      23,
      26,
      35,
      40
    ],
    "runtime": 2.0000341449995176,
    "candidates": 53,
    "improvements": 5,
    "duplicates": 120885,
    "infeasible": 0,
    "size_history": {
      "8": 40,
      "7": 1,
      "9": 12
    },
    "weight_history": [
      2787.46,
      2797.23,
      2762.54,
      2844.34,
      2849.77,
      2759.33,
      2819.42,
      2537.55,
      2709.65,
      2770.18,
      2727.62,
      2816.21,
      3111.61,
      2989.5,
      2798.31,
      2741.4300000000003,
      2751.2000000000003,
      2954.81,
      2723.46,
      2713.3,
      2979.73,
      2769.49,
      3065.58,
      2951.6,
      2674.05,
      2777.88,
      2766.41,
      2961.76,
      2823.91,
      2524.2,
      2701.99,
      2637.9900000000002,
      2655.96,
      2687.23,
      2705.2,
      2729.82,
      2657.0099999999998,
      2714.9700000000003,
      2660.22,
      2527.41,
      2677.26,
      2610.98,
      2854.11,
      2628.02,
      2792.4,
      2795.61,
      2555.15,
      2794.54,
      2720.38,
      2684.02,
      2664.09,
      2769.62,
      2748.51
    ],
    "stopping_reason": "time_limit",
    "operations": {
      "candidate_generation": 120938,
      "feasibility_check": 53,
      "weight_evaluation": 53
    }
  }
}