{
  "graph": "graph_n11_d50_adj_matrix",
  "algorithm": "local",
  "result": {
    "graph_name": "graph_n11_d50_adj_matrix",
    "algorithm": "local",
    "best_weight": 1606.93,
    "best_matching": [
      0,
      7,
      16,
      19,
      26
    ],
    "runtime": 2.0005247620010778,
    "candidates": 18,
    "improvements": 1,
    "duplicates": 935,
    "infeasible": 0,
    "size_history": {
      "5": 10,
      "4": 8
    },
    "weight_history": [
      1606.93,
      1599.02,
      1595.75,
      1589.98,
      1583.51,
      1602.76,
      1549.66,
      1519.52,
      1597.22,
      1527.71,
      1570.3799999999999,
      1496.1,
      1465.12,
      1462.25,
      1497.9,
      1447.75,
      1440.3,
      1447.31
    ],
    "stopping_reason": "time_limit",
    "operations": {
      "candidate_generation": 953,
      "feasibility_check": 18,
      "weight_evaluation": 18
    }
  }
}