{
  "graph": "graph_n20_d12.5_adj_matrix",
  "algorithm": "random",
  "result": {
    "graph_name": "graph_n20_d12.5_adj_matrix",
    "algorithm": "random",
    "best_weight": 1948.65,
    "best_matching": [
      0,
      5,
      6,
      11,
      17,
      20,
      22
    ],
    "runtime": 0.006411197000488755,
    "candidates": 400,
    "improvements": 8,
    "duplicates": 217,
    "infeasible": 0,
    "size_history": {
      "6": 194,
      "5": 80,
      "4": 31,
      "3": 35,
      "2": 9,
      "7": 51
    },
    "weight_history": [
      1084.3200000000002,
      1085.83,
      1249.1000000000001,
      1523.7,
      1307.27,
      1536.97,
      1039.42,
      1110.33,
      991.1899999999999,
      1014.36,
      1160.38,
      1075.34,
      667.4,
      951.5600000000001,
      1246.82,
      1143.05,
      823.13,
      1007.3399999999999,
      877.98,
      1097.77,
      1051.12,
      868.6600000000001,
      826.25,
      657.69,
      893.23,
      708.82,
      723.47,
      714.79,
      753.3100000000001,
      444.92,
      518.14,
      959.9,
      696.15,
      447.86,
      486.33,
      609.16,
      566.28,
      436.12,
      623.85,
      353.56,
      391.65,
      407.78000000000003,
      929.52,
      612.25,
      437.25,
      853.4200000000001,
      529.49,
      551.1700000000001,
      697.96,
      810.1800000000001,
      907.6,
      728.78,
      645.2,
      865.84,
      582.62,
      1196.24,
      868.99,
      815.29,
      928.52,
      907.13,
      790.36,
      992.39,
      928.8,
      814.61,
      1139.3500000000001,
      754.17,
      558.5,
      829.02,
      850.21,
      703.5699999999999,
      673.0,
      695.6,
      819.97,
      753.56,
      743.75,
      557.35,
      492.09,
      683.59,
      1150.04,
      735.1600000000001,
      913.95,
      899.13,
      970.9100000000001,
      749.46,
      574.14,
      1137.3600000000001,
      951.8499999999999,
      945.02,
      872.74,
      946.73,
      1123.32,
      1144.03,
      1149.41,
      1449.0,
      1479.25,
      1072.28,
      1131.43,
      1048.72,
      1029.1100000000001,
      1652.19,
      1001.43,
      1252.72,
      1278.59,
      1022.69,
      1620.49,
      641.2900000000001,
      954.37,
      1327.2,
      1158.46,
      1344.24,
      1378.04,
      1934.96,
      859.07,
      1683.66,
      1417.7,
      1123.33,
      1115.16,
      1237.3600000000001,
      1079.88,
      1416.84,
      1446.81,
      1577.5,
      1581.82,
      1199.8,
      1775.0,
      1129.71,
      631.5,
      1459.73,
      1556.74,
      1516.59,
      1374.63,
      1148.93,
      1508.63,
      1285.29,
      1668.28,
      1410.55,
      1361.25,
      1509.03,
      1565.71,
      1434.75,
      1316.92,
      1311.71,
      1268.34,
      1382.59,
      1038.1,
      1254.39,
      1451.64,
      1839.03,
      1265.8,
      1704.94,
      1885.66,
      1124.94,
      1205.0900000000001,
      988.3900000000001,
      1390.78,
      1241.6,
      1462.0,
      1105.84,
      1629.34,
      1285.67,
      1126.51,
      1604.36,
      1153.23,
      1596.1,
      1184.21,
      1448.51,
      1254.65,
      1594.13,
      1318.94,
      1419.49,
      1317.33,
      1758.44,
      1317.8,
      1197.26,
      1245.07,
      887.42,
      1679.07,
      1725.67,
      1420.2,
      948.7,
      1515.57,
      1198.05,
      1557.93,
      1484.51,
      911.2,
      1366.93,
      1021.77,
      1322.8400000000001,
      1728.93,
      1418.77,
      1580.16,
      1445.63,
      1473.47,
      1642.08,
      1200.01,
      1463.47,
      1339.55,
      1448.17,
      1190.73,
      1567.22,
      1256.8700000000001,
      1318.82,
      1416.83,
      1558.19,
      1349.1100000000001,
      1861.01,
      1236.89,
      1626.27,
      1522.77,
      1653.68,
      1822.21,
      1210.95,
      1476.02,
      1139.36,
      1388.58,
      1608.96,
      1284.88,
      1444.4,
      1324.27,
      1471.63,
      1295.12,
      1530.8600000000001,
      1339.42,
      1309.54,
      1132.13,
      1616.71,
      1105.43,
      1353.07,
      1404.89,
      862.1999999999999,
      1343.42,
      1315.26,
      1320.65,
      1081.64,
      918.45,
      1315.92,
      1299.35,
      1016.1,
      1571.95,
      1677.88,
      951.83,
      1032.48,
      975.74,
      1863.55,
      1370.19,
      1487.05,
      1948.65,
      1315.13,
      1639.21,
      1207.15,
      1427.58,
      1115.29,
      1920.94,
      819.03,
      1076.97,
      1504.2,
      979.0,
      1514.05,
      801.11,
      1257.97,
      998.86,
      1187.82,
      1336.5500000000002,
      1391.12,
      1425.79,
      1604.82,
      1476.88,
      1813.64,
      1208.43,
      1788.69,
      1117.7,
      1786.32,
      1536.48,
      1225.93,
      1695.29,
      1484.23,
      1284.9,
      1096.19,
      1153.5900000000001,
      1728.21,
      1748.79,
      1325.3300000000002,
      1314.6200000000001,
      1395.5,
      1111.22,
      1306.27,
      1600.74,
      1345.51,
      1654.12,
      1507.46,
      1779.04,
      806.13,
      1716.05,
      1198.72,
      1502.27,
      1278.56,
      1249.16,
      1108.52,
      1397.51,
      1669.42,
      1513.03,
      988.64,
      1426.8400000000001,
      1345.94,
      1409.29,
      1751.33,
      1043.82,
      1481.32,
      1175.81,
      1290.48,
      1671.49,
      1156.38,
      970.0600000000001,
      1390.05,
      1348.65,
      1143.94,
      1626.3600000000001,
      1451.77,
      1337.13,
      976.0600000000001,
      1458.18,
      1660.76,
      1192.45,
      1532.52,
      1141.9,
      1699.47,
      981.0400000000001,
      1195.51,
      1504.48,
      955.96,
      920.99,
      1756.25,
      1891.26,
      1069.01,
      1309.17,
      1065.8600000000001,
      1361.38,
      1388.24,
      1366.8700000000001,
      674.67,
      1546.97,
      1220.8700000000001,
      1475.88,
      1441.89,
      1083.29,
      1286.66,
      1454.9,
      1257.19,
      1380.95,
      1096.3300000000002,
      1148.21,
      1211.3400000000001,
      846.1700000000001,
      1918.4,
      1247.22,
      1276.02,
      1231.87,
      1458.16,
      1359.44,
      1455.64,
      1277.77,
      1447.38,
      1019.23,
      1554.1100000000001,
      828.82,
      1543.28,
      1497.81,
      735.32,
      1273.3,
      1252.95,
      1164.58,
      1141.33,
      1551.44,
      1397.51,
      1078.56,
      1125.51,
      1347.9099999999999,
      1032.56,
      909.89,
      1251.24,
      1083.41,
      993.28,
      1060.7,
      1306.15,
      1027.52,
      922.85,
      1265.45,
      1347.97,
      1154.73,
      1062.26,
      1440.43,
      1500.8,
      1112.03,
      1278.7,
      1455.8,
      1183.51,
      1235.42,
      1373.26,
      1275.23,
      1421.39
    ],
    "stopping_reason": "max_candidates",
    "operations": {
      "candidate_generation": 617,
      "feasibility_check": 400,
      "weight_evaluation": 400
    }
  }
}