{
  "graph": "graph_n18_d75_adj_matrix",
  "algorithm": "local",
  "result": {
    "graph_name": "graph_n18_d75_adj_matrix",
    "algorithm": "local",
    "best_weight": 3269.25,
    "best_matching": [
      7,
      21,
      34,
      38,
      69,
      71,
      87,
      94,
      100
    ],
    "runtime": 2.00101645200084,
    "candidates": 183,
    "improvements": 5,
    "duplicates": 469,
    "infeasible": 0,
    "size_history": {
      "8": 66,
      "7": 50,
      "6": 43,
      "5": 15,
      "4": 1,
      "9": 8
    },
    "weight_history": [
      3155.84,
      3124.4,
      3194.4900000000002,
      3105.15,
      3250.44,
      3197.95,
      3178.28,
      3137.01,
      3125.34,
      3189.7,
      3126.15,
      2806.23,
      3005.7400000000002,
      3007.44,
      3075.1,
      2907.61,
      3001.7,
      3015.57,
      3036.92,
      2968.05,
      3060.38,
      2682.65,
      3124.12,
      3211.05,
      3242.64,
      3179.87,
      3208.78,
      3105.6,
      3139.87,
      3051.22,
      3210.24,
      3074.65,
      3218.38,
      3006.2200000000003,
      2929.7400000000002,
      2671.93,
      2985.42,
      2921.38,
      2947.21,
      2967.6,
      2974.23,
      3008.25,
      3121.34,
      3036.11,
      2671.48,
      2722.17,
      2762.69,
      2644.17,
      2677.49,
      2634.28,
      2682.78,
      2663.11,
      2716.05,
      2679.05,
      2643.74,
      2925.87,
      3136.56,
      3023.82,
      3089.05,
      2956.75,
      3011.42,
      3068.51,
      2999.83,
      2647.6,
      2957.2,
      2948.38,
      2701.4300000000003,
      2775.11,
      2619.99,
      2722.98,
      2320.34,
      2698.29,
      2605.05,
      2648.17,
      2649.24,
      2672.46,
      2659.82,
      2989.96,
      2977.8,
      2944.61,
      2915.06,
      2874.4900000000002,
      2945.12,
      3013.51,
      3048.45,
      2896.52,
      2933.89,
      2965.29,
      2626.28,
      2670.36,
      2682.33,
      2369.52,
      2624.74,
      2640.4700000000003,
      2659.25,
      2648.05,
      2717.07,
      2683.46,
      2368.71,
      2387.4900000000002,
      2344.37,
      2295.78,
      2271.09,
      2325.59,
      2229.51,
      1876.69,
      2272.6800000000003,
      2326.4,
      2253.17,
      2295.91,
      2592.27,
      2702.1800000000003,
      2287.21,
      2704.61,
      2541.09,
      2674.83,
      2670.72,
      2583.13,
      2688.69,
      2318.02,
      2647.88,
      3064.36,
      2921.18,
      2968.23,
      2965.33,
      2955.53,
      2703.63,
      3001.34,
      2945.57,
      2898.14,
      2930.55,
      2947.16,
      3102.85,
      3238.49,
      3139.46,
      3073.43,
      3263.1800000000003,
      3151.8,
      2946.32,
      3191.41,
      2963.26,
      3202.12,
      3107.86,
      3070.65,
      3118.29,
      3128.68,
      3170.92,
      3116.2,
      3158.49,
      3174.79,
      3054.82,
      3165.47,
      3269.25,
      3139.42,
      2965.74,
      3114.08,
      3162.13,
      3067.95,
      3117.39,
      3184.34,
      3142.26,
      2941.6,
      3187.64,
      3139.0099999999998,
      3160.0,
      3155.77,
      3047.64,
      3205.8,
      3245.46,
      3076.76,
      3050.38,
      3159.9300000000003,
      3071.1,
      3105.62,
      3171.28,
      3110.02,
      3066.04,
      3175.4700000000003,
      3049.2599999999998,
      3156.13,
      3155.36,
      3122.15,
      3116.94
    ],
    "stopping_reason": "time_limit",
    "operations": {
      "candidate_generation": 652,
      "feasibility_check": 183,
      "weight_evaluation": 183
    }
  }
}