{
  "graph": "graph_n16_d12.5_adj_matrix",
  "algorithm": "random",
  "result": {
    "graph_name": "graph_n16_d12.5_adj_matrix",
    "algorithm": "random",
    "best_weight": 1499.47,
    "best_matching": [
      0,
      6,
      7,
      11,
      14
    ],
    "runtime": 2.0000295549998555,
    "candidates": 160,
    "improvements": 9,
    "duplicates": 242590,
    "infeasible": 0,
    "size_history": {
      "4": 47,
      "3": 58,
      "5": 14,
      "2": 38,
      "1": 3
    },
    "weight_history": [
      1030.0,
      1172.84,
      1122.9,
      1226.3400000000001,
      729.61,
      833.0500000000001,
      812.89,
      1203.16,
      1025.92,
      711.6800000000001,
      1061.66,
      1373.26,
      1112.85,
      924.82,
      1077.06,
      1239.06,
      1381.0,
      995.0,
      849.85,
      1185.23,
      1057.46,
      935.01,
      884.0699999999999,
      927.46,
      907.45,
      670.84,
      1092.47,
      534.49,
      1069.4,
      803.5600000000001,
      863.5200000000001,
      457.7,
      873.63,
      613.22,
      423.93,
      205.18,
      252.51999999999998,
      601.77,
      408.53,
      817.22,
      418.23,
      758.37,
      821.98,
      526.89,
      782.02,
      858.36,
      806.95,
      917.27,
      902.24,
      976.83,
      720.72,
      645.44,
      914.74,
      1022.4000000000001,
      695.7900000000001,
      534.77,
      937.24,
      274.08,
      359.24,
      753.61,
      491.15,
      627.96,
      619.9,
      931.5,
      596.0699999999999,
      364.94,
      586.45,
      905.79,
      757.86,
      730.83,
      1061.22,
      897.48,
      838.49,
      609.5400000000001,
      1036.2,
      1075.32,
      543.95,
      823.28,
      441.72999999999996,
      424.15,
      647.19,
      409.12,
      710.8,
      580.53,
      316.36,
      617.28,
      297.94,
      837.01,
      892.1300000000001,
      749.62,
      1148.6100000000001,
      636.71,
      869.04,
      907.1600000000001,
      866.16,
      753.33,
      516.69,
      672.7,
      1195.67,
      747.69,
      642.99,
      465.44,
      414.46999999999997,
      476.12,
      569.85,
      92.76,
      730.52,
      770.76,
      516.78,
      585.88,
      372.53999999999996,
      668.5300000000001,
      1152.03,
      694.53,
      562.11,
      1133.58,
      840.4300000000001,
      629.11,
      958.79,
      912.4300000000001,
      1059.27,
      1046.19,
      1169.96,
      1069.46,
      1177.76,
      1051.55,
      968.9,
      1347.8,
      957.0400000000001,
      1010.03,
      1241.3700000000001,
      1406.71,
      1358.48,
      1466.27,
      1340.06,
      848.08,
      1162.22,
      721.87,
      1484.44,
      1273.4,
      1134.88,
      1321.63,
      1110.26,
      1024.26,
      1280.5,
      850.62,
      1028.46,
      1115.16,
      1224.03,
      999.9200000000001,
      1187.87,
      961.8000000000001,
      1102.66,
      1010.89,
      899.71,
      1288.43,
      1451.24,
      1195.42,
      1306.6000000000001,
      1499.47
    ],
    "stopping_reason": "time_limit",
    "operations": {
      "candidate_generation": 242750,
      "feasibility_check": 160,
      "weight_evaluation": 160
    }
  }
}