{
  "graph": "graph_n17_d25_adj_matrix",
  "algorithm": "local",
  "result": {
    "graph_name": "graph_n17_d25_adj_matrix",
    "algorithm": "local",
    "best_weight": 2327.69,
    "best_matching": [
      0,
      7,
      10,
      11,
      18,
      22,
      25,
      29
    ],
    "runtime": 2.001494994001405,
    "candidates": 62,
    "improvements": 4,
    "duplicates": 673,
    "infeasible": 0,
    "size_history": {
      "8": 29,
      "7": 30,
      "6": 3
    },
    "weight_history": [
      2284.85,
      2317.3,
      2290.46,
      2320.7599999999998,
      2327.69,
      2310.34,
      2322.08,
      2263.36,
      2176.16,
      2160.66,
      2192.2799999999997,
      2197.89,
      2211.96,
      2173.25,
      2147.41,
      2210.48,
      2210.05,
      2266.82,
      2273.75,
      2174.73,
      2201.35,
      2106.72,
      2263.99,
      2264.42,
      2315.15,
      2227.19,
      2274.6,
      2276.25,
      2270.64,
      2311.69,
      2258.81,
      2299.73,
      2266.63,
      2196.2799999999997,
      2236.52,
      2110.18,
      2195.74,
      2199.74,
      2157.06,
      2218.3,
      2164.12,
      2193.16,
      2234.26,
      2158.5099999999998,
      2183.93,
      2228.65,
      2294.12,
      2232.5299999999997,
      2222.31,
      2272.24,
      2258.38,
      2221.58,
      2169.87,
      2259.65,
      2206.67,
      2208.5,
      2169.44,
      2191.46,
      2245.79,
      2160.52,
      2180.32,
      2211.32
    ],
    "stopping_reason": "time_limit",
    "operations": {
      "candidate_generation": 735,
      "feasibility_check": 62,
      "weight_evaluation": 62
    }
  }
}