{
  "graph": "graph_n10_d75_adj_matrix",
  "algorithm": "local",
  "result": {
    "graph_name": "graph_n10_d75_adj_matrix",
    "algorithm": "local",
    "best_weight": 1796.44,
    "best_matching": [
      0,
      14,
      16,
      22,
      29
    ],
    "runtime": 2.002196401999754,
    "candidates": 22,
    "improvements": 3,
    "duplicates": 863,
    "infeasible": 0,
    "size_history": {
      "5": 10,
      "4": 10,
      "3": 2
    },
    "weight_history": [
      1776.56,
      1764.48,
      1791.6,
      1754.31,
      1796.44,
      1775.43,
      1749.47,
      1558.9,
      1730.08,
      1766.01,
      1733.79,
      1534.67,
      1580.02,
      1554.06,
      1233.78,
      1538.38,
      1581.15,
      1526.19,
      1521.35,
      1504.03,
      1472.07,
      1214.9099999999999
    ],
    "stopping_reason": "time_limit",
    "operations": {
      "candidate_generation": 885,
      "feasibility_check": 22,
      "weight_evaluation": 22
    }
  }
}