{
  "graph": "graph_n19_d25_adj_matrix",
  "algorithm": "greedy",
  "result": {
    "graph_name": "graph_n19_d25_adj_matrix",
    "algorithm": "greedy",
    "best_weight": 2765.51,
    "best_matching": [
      0,
      9,
      13,
      15,
      18,
      22,
      23,
      38,
      40
    ],
    "runtime": 2.0000705439997546,
    "candidates": 386,
    "improvements": 6,
    "duplicates": 124791,
    "infeasible": 0,
    "size_history": {
      "8": 78,
      "7": 65,
      "6": 78,
      "5": 63,
      "4": 44,
      "3": 24,
      "2": 13,
      "1": 1,
      "9": 20
    },
    "weight_history": [
      2629.02,
      2504.84,
      2475.39,
      2436.1,
      2593.17,
      2506.63,
      2678.11,
      2419.9,
      2505.42,
      2463.58,
      2435.83,
      2342.73,
      2470.58,
      2297.31,
      2444.27,
      2341.72,
      2397.59,
      2421.4900000000002,
      2282.44,
      2439.34,
      2352.17,
      2516.0,
      2308.4700000000003,
      2254.46,
      2303.55,
      2163.05,
      2272.31,
      2161.26,
      1953.73,
      2190.06,
      2253.04,
      2185.14,
      2130.28,
      2344.52,
      2466.91,
      2646.87,
      2301.47,
      2320.07,
      2202.0,
      2270.77,
      2143.39,
      2484.76,
      2313.4,
      2283.05,
      2131.81,
      2089.21,
      2259.38,
      2135.2000000000003,
      2120.33,
      2131.93,
      2100.69,
      2277.23,
      2115.84,
      2110.75,
      2120.94,
      2282.16,
      2159.17,
      2268.8,
      2270.23,
      2323.37,
      2313.28,
      2325.16,
      2251.32,
      2559.7,
      2258.61,
      2397.9,
      2190.37,
      2176.91,
      2100.95,
      2066.19,
      1884.72,
      2096.5,
      2105.81,
      2091.58,
      2039.89,
      2064.9,
      2107.62,
      1623.18,
      1959.0,
      1948.81,
      1924.4,
      1963.92,
      1919.48,
      1965.82,
      1652.51,
      1997.06,
      1947.97,
      1951.64,
      2001.55,
      2242.83,
      2108.66,
      1908.49,
      1982.38,
      2185.45,
      1996.63,
      2094.41,
      2097.41,
      2092.25,
      1881.68,
      1893.16,
      1935.5,
      1946.72,
      1888.24,
      1865.5,
      1926.13,
      1642.3200000000002,
      1931.42,
      1940.42,
      1820.08,
      1894.91,
      1612.99,
      1570.27,
      1266.35,
      1604.51,
      1629.01,
      1591.94,
      1576.68,
      1640.23,
      1581.75,
      1220.44,
      1586.8700000000001,
      1876.76,
      1832.3600000000001,
      1934.5900000000001,
      1898.3000000000002,
      1813.84,
      1573.27,
      1883.17,
      1888.0900000000001,
      1898.2800000000002,
      1896.21,
      1903.35,
      1489.5,
      1256.16,
      1583.5,
      1581.58,
      1551.43,
      1560.32,
      1563.37,
      1558.08,
      1181.76,
      1556.35,
      1542.06,
      1255.13,
      1259.96,
      1244.94,
      1215.45,
      863.61,
      1230.63,
      1249.77,
      1236.46,
      1203.17,
      1247.68,
      1194.04,
      852.39,
      829.61,
      873.8,
      862.5799999999999,
      822.9000000000001,
      810.62,
      819.1,
      436.74,
      818.39,
      812.71,
      823.22,
      1215.77,
      1186.44,
      1184.2,
      829.29,
      1190.95,
      1179.3,
      1205.26,
      1192.27,
      1164.71,
      1146.76,
      799.72,
      1500.53,
      1505.45,
      1488.25,
      1557.54,
      1577.76,
      1538.59,
      1190.52,
      1520.95,
      1574.5900000000001,
      1571.39,
      1569.3,
      1889.99,
      1879.8000000000002,
      1815.16,
      1868.97,
      1878.96,
      1818.76,
      1893.3600000000001,
      1827.44,
      1795.99,
      1573.31,
      1850.0,
      1508.67,
      1510.82,
      1547.35,
      1491.62,
      1481.95,
      1929.67,
      1571.22,
      1521.01,
      1566.54,
      1561.62,
      1497.45,
      1858.76,
      2013.8300000000002,
      1886.0,
      1877.04,
      1898.43,
      1881.08,
      1868.95,
      1853.8400000000001,
      2171.99,
      1864.03,
      1816.04,
      2106.69,
      2107.34,
      2000.23,
      2129.27,
      2294.04,
      2079.77,
      2026.29,
      2237.91,
      2038.7,
      2047.96,
      2051.9300000000003,
      2269.45,
      2258.75,
      2144.4900000000002,
      2228.3,
      2267.92,
      2352.48,
      2256.52,
      2475.51,
      2292.2200000000003,
      2450.36,
      2209.08,
      2523.27,
      2383.4700000000003,
      2350.8900000000003,
      2677.1,
      2560.01,
      2366.37,
      2487.29,
      2420.86,
      2212.06,
      2439.2000000000003,
      2542.75,
      2576.09,
      2456.02,
      2728.02,
      2199.78,
      2663.65,
      2511.51,
      2475.73,
      2492.11,
      2454.33,
      2432.34,
      2627.6,
      2501.54,
      2440.08,
      2465.49,
      2198.46,
      2389.0,
      2436.41,
      2565.91,
      2520.4900000000002,
      2371.19,
      2251.6,
      2596.7,
      2277.9700000000003,
      2293.92,
      2451.2400000000002,
      2247.76,
      2175.94,
      2062.25,
      2255.64,
      2221.36,
      2358.38,
      2272.86,
      2384.44,
      2380.11,
      2273.7200000000003,
      2613.35,
      2392.39,
      2482.18,
      2598.12,
      2409.87,
      2435.16,
      2437.62,
      2612.4700000000003,
      2557.98,
      2387.01,
      2734.27,
      2425.21,
      2680.57,
      2649.4,
      2380.23,
      2556.61,
      2355.22,
      2508.89,
      2503.83,
      2715.0,
      2716.42,
      2294.0,
      2352.02,
      2736.94,
      2305.5,
      2647.1,
      2180.61,
      2467.9300000000003,
      2432.68,
      2439.57,
      2439.46,
      2369.87,
      2765.51,
      2526.7400000000002,
      2405.83,
      2358.17,
      2444.4900000000002,
      2370.4500000000003,
      2319.9900000000002,
      2397.94,
      2545.19,
      2385.32,
      2214.04,
      2608.43,
      2562.27,
      2353.69,
      2401.44,
      2647.21,
      2273.05,
      2473.94,
      2528.8,
      2393.9,
      2351.18,
      2189.91,
      2263.88,
      2095.62,
      2189.7200000000003,
      2235.83,
      2446.32,
      2277.35,
      2262.8,
      2106.9300000000003,
      2081.42,
      2305.82,
      2101.77,
      2027.6100000000001,
      2067.17,
      1961.92,
      2069.71,
      2163.66,
      2066.29,
      1994.47,
      2134.19,
      1970.88,
      2089.49,
      1879.16,
      2089.4900000000002,
      1845.08,
      1800.91,
      1826.25,
      1829.29,
      1894.8899999999999,
      1807.28,
      2037.77,
      1884.99,
      1749.47,
      2008.44,
      2054.69,
      2069.56,
      2046.8300000000002,
      1839.48,
      1982.19,
      2061.27,
      2093.53,
      2023.57,
      1944.8200000000002,
      2064.64,
      1507.35
    ],
    "stopping_reason": "time_limit",
    "operations": {
      "candidate_generation": 125177,
      "feasibility_check": 386,
      "weight_evaluation": 386
    }
  }
}