{
  "graph": "graph_n16_d50_adj_matrix",
  "algorithm": "local",
  "result": {
    "graph_name": "graph_n16_d50_adj_matrix",
    "algorithm": "local",
    "best_weight": 2924.71,
    "best_matching": [
      3,
      12,
      18,
      21,
      29,
      45,
      54,
      59
    ],
    "runtime": 2.0002182190000894,
    "candidates": 255,
    "improvements": 4,
    "duplicates": 448,
    "infeasible": 0,
    "size_history": {
      "7": 126,
      "6": 47,
      "8": 82
    },
    "weight_history": [
      2635.33,
      2754.9,
      2729.3,
      2585.92,
      2665.83,
      2578.17,
      2683.19,
      2335.41,
      2632.03,
      2624.13,
      2506.19,
      2536.32,
      2500.33,
      2364.9900000000002,
      2609.43,
      2388.16,
      2360.78,
      2476.18,
      2520.15,
      2368.2200000000003,
      2337.6,
      2417.22,
      2823.57,
      2514.77,
      2496.21,
      2531.38,
      2683.64,
      2633.1,
      2725.96,
      2613.82,
      2637.46,
      2545.7,
      2648.2,
      2694.4,
      2650.79,
      2665.45,
      2924.71,
      2697.3,
      2539.61,
      2732.59,
      2800.0,
      2899.11,
      2797.9700000000003,
      2830.44,
      2706.31,
      2856.04,
      2703.98,
      2749.34,
      2745.78,
      2766.97,
      2732.71,
      2580.05,
      2652.36,
      2630.2400000000002,
      2773.0,
      2839.86,
      2658.14,
      2731.92,
      2602.85,
      2606.43,
      2714.81,
      2498.94,
      2678.68,
      2764.2400000000002,
      2732.44,
      2658.42,
      2558.23,
      2712.66,
      2662.48,
      2626.76,
      2639.96,
      2509.35,
      2526.94,
      2638.88,
      2436.96,
      2501.42,
      2512.76,
      2427.45,
      2757.52,
      2586.09,
      2550.88,
      2690.9300000000003,
      2837.94,
      2720.0,
      2740.1800000000003,
      2613.45,
      2649.51,
      2628.08,
      2596.92,
      2703.01,
      2583.45,
      2510.1,
      2594.29,
      2594.88,
      2668.53,
      2583.01,
      2646.84,
      2574.92,
      2664.56,
      2509.46,
      2365.61,
      2506.85,
      2298.93,
      2331.02,
      2401.33,
      2625.04,
      2525.93,
      2442.7200000000003,
      2306.71,
      2434.94,
      2759.44,
      2546.59,
      2499.9900000000002,
      2555.02,
      2632.82,
      2577.32,
      2701.98,
      2529.79,
      2609.77,
      2788.67,
      2689.67,
      2810.21,
      2579.07,
      2662.62,
      2695.65,
      2691.31,
      2632.75,
      2592.87,
      2666.2400000000002,
      2612.07,
      2720.91,
      2664.3,
      2465.5,
      2392.03,
      2621.0,
      2642.03,
      2545.41,
      2672.51,
      2580.53,
      2609.05,
      2562.61,
      2614.52,
      2657.85,
      2505.75,
      2357.21,
      2478.89,
      2369.95,
      2501.78,
      2371.17,
      2335.27,
      2367.88,
      2391.85,
      2429.16,
      2436.86,
      2419.23,
      2577.95,
      2683.01,
      2681.41,
      2641.6800000000003,
      2660.93,
      2624.69,
      2392.37,
      2514.24,
      2636.34,
      2623.94,
      2412.71,
      2369.09,
      2304.18,
      2633.2,
      2357.41,
      2317.92,
      2377.48,
      2341.94,
      2344.32,
      2494.55,
      2515.79,
      2594.48,
      2454.1,
      2622.05,
      2607.6,
      2599.12,
      2564.15,
      2396.3,
      2551.68,
      2621.86,
      2641.85,
      2717.54,
      2868.67,
      2522.28,
      2860.58,
      2771.19,
      2796.09,
      2583.61,
      2741.54,
      2704.33,
      2745.8,
      2506.56,
      2623.31,
      2481.38,
      2532.7400000000002,
      2451.8,
      2501.34,
      2614.05,
      2271.71,
      2554.71,
      2697.85,
      2581.97,
      2495.2400000000002,
      2460.42,
      2763.07,
      2472.6,
      2754.44,
      2613.1800000000003,
      2854.55,
      2647.46,
      2542.96,
      2785.88,
      2510.56,
      2562.19,
      2682.39,
      2655.04,
      2635.31,
      2536.94,
      2636.12,
      2695.48,
      2682.48,
      2607.73,
      2720.2000000000003,
      2692.02,
      2619.14,
      2826.9700000000003,
      2628.86,
      2757.65,
      2557.51,
      2606.86,
      2472.63,
      2602.68,
      2832.3,
      2721.94,
      2739.3,
      2689.9300000000003,
      2709.33,
      2557.27,
      2458.55,
      2600.21,
      2316.0,
      2546.2,
      2514.45,
      2603.84,
      2556.37,
      2606.24,
      2622.52,
      2836.13,
      2639.75,
      2558.93
    ],
    "stopping_reason": "time_limit",
    "operations": {
      "candidate_generation": 703,
      "feasibility_check": 255,
      "weight_evaluation": 255
    }
  }
}