{
  "graph": "graph_n15_d75_adj_matrix",
  "algorithm": "local",
  "result": {
    "graph_name": "graph_n15_d75_adj_matrix",
    "algorithm": "local",
    "best_weight": 3030.98,
    "best_matching": [
      11,
      22,
      35,
      54,
      64,
      69,
      72
    ],
    "runtime": 2.002009559999351,
    "candidates": 194,
    "improvements": 2,
    "duplicates": 590,
    "infeasible": 0,
    "size_history": {
      "7": 96,
      "6": 13,
      "5": 26,
      "4": 37,
      "3": 19,
      "2": 3
    },
    "weight_history": [
      3014.7200000000003,
      2940.65,
      3030.98,
      2867.52,
      2856.9300000000003,
      2782.07,
      2922.09,
      2722.33,
      2855.79,
      2844.86,
      2857.26,
      3001.6,
      2863.2200000000003,
      2821.2799999999997,
      2858.69,
      2787.42,
      2852.26,
      2812.71,
      2874.92,
      2866.15,
      2959.0,
      2921.7200000000003,
      2807.37,
      2941.9,
      2770.19,
      2875.25,
      2813.04,
      2824.4700000000003,
      2867.71,
      2851.93,
      3024.59,
      2799.54,
      2843.16,
      2915.4,
      2877.24,
      2947.3,
      2868.5,
      2844.53,
      2913.86,
      2777.18,
      2851.57,
      2981.9900000000002,
      2946.7200000000003,
      3027.39,
      2805.64,
      2862.98,
      2924.67,
      2789.9,
      2855.46,
      2797.16,
      2850.99,
      2918.91,
      2874.4,
      2779.59,
      2874.73,
      2799.82,
      2878.8,
      2868.83,
      2870.62,
      2861.19,
      2845.05,
      2863.31,
      2965.4,
      2859.88,
      2903.19,
      2963.89,
      2986.88,
      2873.98,
      2867.85,
      2773.0299999999997,
      2829.64,
      2968.77,
      2854.78,
      2908.08,
      2887.31,
      2879.48,
      2765.53,
      2900.24,
      2790.7799999999997,
      2930.1,
      2959.42,
      2783.69,
      2806.62,
      2829.16,
      2938.31,
      3011.13,
      2847.63,
      2845.38,
      2921.08,
      2859.02,
      2780.43,
      2724.91,
      2854.45,
      2885.99,
      2875.01,
      2806.29,
      2854.9700000000003,
      3007.99,
      2665.74,
      2642.26,
      2710.91,
      2711.2400000000002,
      2725.2400000000002,
      2716.38,
      2701.66,
      2408.5,
      2683.3,
      2748.23,
      2691.25,
      2670.92,
      2338.33,
      2408.17,
      2004.42,
      2294.7,
      2388.55,
      2318.38,
      2293.14,
      2402.2200000000003,
      2265.99,
      2388.2200000000003,
      2299.59,
      1990.46,
      1971.76,
      1970.63,
      1976.58,
      1998.47,
      1944.94,
      1946.82,
      1938.99,
      1934.58,
      1971.43,
      1984.47,
      1561.73,
      1007.95,
      1547.73,
      1567.68,
      1553.72,
      1533.77,
      1547.77,
      1502.25,
      1085.26,
      1510.08,
      1516.03,
      1965.81,
      1984.51,
      1873.72,
      1952.77,
      2402.55,
      1956.63,
      1970.51,
      1909.22,
      1876.56,
      1932.48,
      1965.48,
      1071.3,
      1496.08,
      1522.0,
      1488.25,
      1460.19,
      1508.04,
      1508.2,
      1492.43,
      1447.3400000000001,
      1494.1599999999999,
      1477.19,
      1943.0,
      1932.82,
      1906.74,
      2332.92,
      1901.33,
      1896.8899999999999,
      1876.94,
      1951.81,
      1924.99,
      1932.5900000000001,
      2333.08,
      2229.71,
      2305.54,
      2352.62,
      2331.9700000000003,
      2348.23,
      2296.58,
      2347.08,
      2297.71,
      2291.76,
      2227.11,
      2341.49,
      1951.48,
      1881.55,
      2296.36,
      1876.24,
      1915.88,
      1880.94,
      1887.5
    ],
    "stopping_reason": "time_limit",
    "operations": {
      "candidate_generation": 784,
      "feasibility_check": 194,
      "weight_evaluation": 194
    }
  }
}