{
  "graph": "graph_n19_d12.5_adj_matrix",
  "algorithm": "random",
  "result": {
    "graph_name": "graph_n19_d12.5_adj_matrix",
    "algorithm": "random",
    "best_weight": 1640.44,
    "best_matching": [
      1,
      4,
      5,
      6,
      15,
      18,
      20
    ],
    "runtime": 2.000062541999796,
    "candidates": 218,
    "improvements": 7,
    "duplicates": 254901,
    "infeasible": 0,
    "size_history": {
      "7": 35,
      "6": 44,
      "5": 41,
      "4": 33,
      "3": 23,
      "2": 21,
      "1": 21
    },
    "weight_history": [
      1457.08,
      1147.6,
      1201.92,
      1295.6,
      1267.74,
      1096.78,
      1288.24,
      1496.3700000000001,
      1248.83,
      1390.68,
      1512.38,
      1478.05,
      1524.23,
      1407.82,
      1485.25,
      1297.1,
      1475.4,
      1374.35,
      1539.29,
      1460.15,
      1268.75,
      1310.27,
      1078.47,
      1339.15,
      1124.07,
      982.71,
      1191.19,
      955.65,
      1098.82,
      1230.3700000000001,
      806.4,
      1075.61,
      1232.6,
      1062.06,
      1290.41,
      1289.99,
      1419.45,
      1391.08,
      1221.84,
      1420.97,
      1467.26,
      1357.54,
      1293.09,
      901.4,
      1395.17,
      1381.64,
      1561.53,
      1438.1200000000001,
      1115.34,
      1070.71,
      1640.44,
      1599.1,
      1272.67,
      1089.31,
      1379.63,
      1194.02,
      1252.78,
      1407.83,
      1428.2,
      1081.97,
      1237.91,
      768.93,
      963.69,
      844.29,
      905.35,
      1185.34,
      933.05,
      1021.6,
      911.0600000000001,
      1069.64,
      1117.8,
      879.15,
      1025.93,
      1168.11,
      766.51,
      1227.08,
      801.38,
      1050.65,
      773.56,
      941.22,
      667.89,
      802.03,
      723.49,
      900.46,
      600.8,
      890.71,
      408.90000000000003,
      804.96,
      1149.38,
      925.07,
      1073.66,
      1241.16,
      1180.57,
      807.71,
      852.62,
      1039.63,
      845.64,
      750.76,
      799.45,
      1006.51,
      878.89,
      1053.31,
      1033.37,
      1079.99,
      1138.19,
      1317.14,
      1141.57,
      996.21,
      754.96,
      1023.34,
      635.33,
      1274.31,
      1323.11,
      1033.81,
      925.13,
      1093.91,
      828.79,
      715.41,
      830.15,
      1115.15,
      755.95,
      663.85,
      714.9,
      548.63,
      976.49,
      622.8299999999999,
      541.7,
      1213.53,
      643.08,
      592.99,
      972.57,
      989.1,
      1160.24,
      751.62,
      760.62,
      1015.49,
      624.6,
      1038.48,
      765.19,
      1010.16,
      936.6800000000001,
      1132.31,
      865.4,
      652.79,
      476.67,
      1033.97,
      872.1800000000001,
      672.1800000000001,
      620.74,
      542.59,
      898.03,
      760.73,
      997.9,
      771.47,
      313.53,
      350.17,
      773.73,
      815.58,
      548.49,
      455.6,
      381.15000000000003,
      467.27,
      487.5,
      282.7,
      799.4,
      543.98,
      406.91,
      362.38,
      175.0,
      373.5,
      408.04,
      474.35,
      128.2,
      739.1800000000001,
      611.74,
      394.66,
      278.51,
      559.4,
      906.48,
      647.94,
      474.58,
      599.35,
      292.1,
      562.02,
      420.07,
      622.1,
      709.46,
      450.93,
      535.6500000000001,
      362.55,
      156.85000000000002,
      302.97,
      376.06,
      665.8,
      535.31,
      297.32,
      18.6,
      161.41000000000003,
      187.55,
      436.74,
      198.5,
      59.94,
      348.1,
      291.65,
      102.83,
      117.1,
      231.32,
      302.44,
      63.7,
      147.0,
      388.31,
      229.06,
      243.03,
      238.42,
      93.15,
      133.6,
      68.26,
      195.88
    ],
    "stopping_reason": "time_limit",
    "operations": {
      "candidate_generation": 255119,
      "feasibility_check": 218,
      "weight_evaluation": 218
    }
  }
}