{
  "graph": "graph_n18_d12.5_adj_matrix",
  "algorithm": "greedy",
  "result": {
    "graph_name": "graph_n18_d12.5_adj_matrix",
    "algorithm": "greedy",
    "best_weight": 2215.7400000000002,
    "best_matching": [
      2,
      4,
      6,
      8,
      12,
      14,
      17
    ],
    "runtime": 2.0000161650004884,
    "candidates": 11,
    "improvements": 1,
    "duplicates": 205411,
    "infeasible": 0,
    "size_history": {
      "7": 2,
      "6": 6,
      "5": 3
    },
    "weight_history": [
      2215.7400000000002,
      1950.85,
      1956.1100000000001,
      2151.56,
      1760.64,
      1501.01,
      1696.46,
      2013.54,
      1495.75,
      1675.1,
      1939.99
    ],
    "stopping_reason": "time_limit",
    "operations": {
      "candidate_generation": 205422,
      "feasibility_check": 11,
      "weight_evaluation": 11
    }
  }
}