{
  "graph": "graph_n19_d50_adj_matrix",
  "algorithm": "greedy",
  "result": {
    "graph_name": "graph_n19_d50_adj_matrix",
    "algorithm": "greedy",
    "best_weight": 2839.2400000000002,
    "best_matching": [
      6,
      19,
      23,
      36,
      45,
      46,
      61,
      70,
      79
    ],
    "runtime": 0.03238654300002963,
    "candidates": 400,
    "improvements": 7,
    "duplicates": 854,
    "infeasible": 0,
    "size_history": {
      "9": 139,
      "8": 99,
      "7": 47,
      "6": 14,
      "5": 31,
      "3": 22,
      "4": 37,
      "2": 11
    },
    "weight_history": [
      2698.5,
      2687.38,
      2681.03,
      2757.28,
      2538.09,
      2638.78,
      2738.93,
      2501.52,
      2729.4,
      2551.88,
      2680.07,
      2540.01,
      2627.75,
      2623.13,
      2490.3,
      2577.25,
      2584.62,
      2532.14,
      2588.45,
      2561.5,
      2613.46,
      2758.21,
      2622.11,
      2625.02,
      2603.46,
      2655.38,
      2625.54,
      2558.98,
      2613.9,
      2463.95,
      2769.61,
      2688.4700000000003,
      2757.88,
      2681.99,
      2574.67,
      2568.6,
      2667.7400000000002,
      2408.62,
      2568.08,
      2518.62,
      2654.39,
      2541.41,
      2389.39,
      2578.58,
      2406.38,
      2532.32,
      2428.69,
      2490.87,
      2458.3,
      2564.89,
      2467.17,
      2501.35,
      2379.45,
      2472.79,
      2459.33,
      2556.96,
      2477.06,
      2612.06,
      2494.94,
      2682.66,
      2623.42,
      2612.37,
      2632.32,
      2506.03,
      2682.9,
      2557.56,
      2618.96,
      2444.36,
      2536.27,
      2686.44,
      2711.96,
      2623.5499999999997,
      2757.67,
      2605.54,
      2632.7599999999998,
      2739.84,
      2647.79,
      2666.81,
      2504.17,
      2552.74,
      2706.12,
      2711.17,
      2502.04,
      2651.93,
      2545.79,
      2642.91,
      2711.71,
      2597.71,
      2415.0,
      2513.85,
      2374.62,
      2355.31,
      2446.01,
      2366.09,
      2549.73,
      2341.57,
      2402.18,
      2528.12,
      2112.8199999999997,
      2683.2,
      2563.77,
      2520.02,
      2580.94,
      2630.76,
      2580.8,
      2602.73,
      2638.9,
      2532.66,
      2530.5299999999997,
      2477.0099999999998,
      2556.39,
      2479.52,
      2634.3,
      2560.59,
      2401.74,
      2497.15,
      2386.65,
      2368.15,
      2426.73,
      2488.13,
      2430.92,
      2589.89,
      2475.32,
      2564.14,
      2598.33,
      2611.6,
      2642.64,
      2603.62,
      2607.9700000000003,
      2540.92,
      2532.68,
      2581.78,
      2674.86,
      2585.7,
      2716.19,
      2655.23,
      2517.94,
      2675.83,
      2794.71,
      2674.92,
      2641.18,
      2591.52,
      2697.24,
      2758.42,
      2575.56,
      2697.64,
      2692.2,
      2673.9,
      2601.37,
      2656.79,
      2633.5299999999997,
      2723.0299999999997,
      2785.05,
      2701.5,
      2622.63,
      2740.52,
      2701.74,
      2728.7,
      2618.44,
      2709.67,
      2520.89,
      2471.57,
      2646.83,
      2660.65,
      2698.95,
      2552.46,
      2640.3,
      2418.74,
      2616.06,
      2572.0,
      2614.92,
      2557.27,
      2677.61,
      2514.5299999999997,
      2569.03,
      2458.67,
      2693.83,
      2832.79,
      2716.19,
      2634.52,
      2731.5,
      2768.11,
      2776.03,
      2604.37,
      2553.26,
      2729.61,
      2739.89,
      2566.44,
      2612.12,
      2597.86,
      2750.34,
      2802.2,
      2698.69,
      2558.46,
      2654.65,
      2795.7400000000002,
      2552.4,
      2562.58,
      2768.65,
      2703.09,
      2698.64,
      2609.4,
      2763.86,
      2702.46,
      2748.88,
      2747.33,
      2608.69,
      2669.25,
      2626.13,
      2682.8,
      2692.58,
      2705.2799999999997,
      2699.16,
      2753.26,
      2721.1,
      2530.2200000000003,
      2591.28,
      2603.33,
      2596.95,
      2669.84,
      2740.8,
      2499.06,
      2660.59,
      2691.24,
      2671.42,
      2597.85,
      2502.77,
      2656.93,
      2707.9900000000002,
      2574.95,
      2655.27,
      2636.6,
      2572.9,
      2517.88,
      2756.27,
      2718.66,
      2598.66,
      2588.89,
      2611.13,
      2659.63,
      2751.2999999999997,
      2577.94,
      2638.82,
      2640.8,
      2694.0699999999997,
      2710.43,
      2521.09,
      2619.55,
      2735.9700000000003,
      2713.36,
      2532.26,
      2530.7400000000002,
      2740.69,
      2753.02,
      2589.08,
      2789.16,
      2671.59,
      2839.2400000000002,
      2678.63,
      2548.54,
      2549.32,
      2796.22,
      2603.69,
      2616.94,
      2562.02,
      2443.2999999999997,
      2450.2,
      2522.77,
      2672.32,
      2569.34,
      2445.83,
      2574.97,
      2581.02,
      2638.04,
      2495.46,
      2463.33,
      2455.93,
      2430.67,
      2441.7,
      2500.56,
      2233.29,
      2420.49,
      2489.5299999999997,
      2387.4,
      2508.04,
      2354.47,
      2353.29,
      2241.9,
      2382.1,
      2410.11,
      2351.25,
      2253.11,
      2271.18,
      2222.26,
      2392.97,
      2381.56,
      2250.92,
      2005.17,
      1981.42,
      2041.54,
      2114.64,
      2067.01,
      2009.97,
      1985.65,
      1931.05,
      2075.61,
      1996.21,
      2036.23,
      1298.46,
      1638.3,
      1676.56,
      1693.13,
      1667.66,
      1668.83,
      1636.09,
      1309.18,
      1648.99,
      1692.4,
      1589.69,
      2062.77,
      2051.78,
      1938.02,
      1716.46,
      1992.1100000000001,
      2017.01,
      1929.01,
      1968.28,
      2043.24,
      1949.05,
      2260.4,
      1701.73,
      1722.0900000000001,
      1714.5,
      1688.8899999999999,
      1696.64,
      1582.93,
      1666.87,
      1612.62,
      1601.67,
      1593.93,
      1635.6399999999999,
      1257.47,
      1267.52,
      1674.46,
      1323.91,
      1284.88,
      1275.1100000000001,
      1300.58,
      1296.5,
      1263.65,
      1613.99,
      1294.95,
      911.0,
      876.9300000000001,
      857.11,
      831.4000000000001,
      905.9100000000001,
      858.49,
      863.5799999999999,
      902.4,
      851.48,
      891.1800000000001,
      849.52,
      1279.49,
      1301.59,
      1290.71,
      1292.99,
      1231.3,
      1303.55,
      1276.49,
      1294.22,
      1261.76,
      1230.99,
      1238.74,
      1664.59,
      1677.43,
      1683.06,
      1621.11,
      1972.03,
      1641.4,
      1643.68,
      1619.3,
      1674.67,
      1621.73,
      1643.3600000000001,
      1615.13,
      1996.68,
      1981.96,
      1909.45,
      1962.01,
      1959.32,
      1920.01,
      2313.3,
      1987.87,
      1954.27,
      1922.1799999999998,
      1627.04,
      1638.05,
      1645.06,
      1977.97
    ],
    "stopping_reason": "max_candidates",
    "operations": {
      "candidate_generation": 1254,
      "feasibility_check": 400,
      "weight_evaluation": 400
    }
  }
}