{
  "graph": "graph_n20_d50_adj_matrix",
  "algorithm": "random",
  "result": {
    "graph_name": "graph_n20_d50_adj_matrix",
    "algorithm": "random",
    "best_weight": 2912.53,
    "best_matching": [
      6,
      29,
      42,
      43,
      53,
      58,
      66,
      75,
      76
    ],
    "runtime": 0.016034561000196845,
    "candidates": 400,
    "improvements": 10,
    "duplicates": 276,
    "infeasible": 0,
    "size_history": {
      "9": 123,
      "10": 15,
      "8": 36,
      "7": 14,
      "6": 10,
      "5": 13,
      "4": 21,
      "3": 33,
      "2": 41,
      "1": 94
    },
    "weight_history": [
      1790.85,
      2365.98,
      2366.54,
      2117.21,
      2329.61,
      2080.38,
      2361.58,
      2183.68,
      1764.14,
      2557.71,
      2314.06,
      2408.49,
      2142.2,
      2045.2,
      2495.51,
      2113.2400000000002,
      2166.34,
      1963.95,
      2239.27,
      1890.52,
      2506.29,
      2161.96,
      2052.48,
      1847.03,
      2215.66,
      2714.36,
      2479.86,
      2745.61,
      1696.9099999999999,
      2123.92,
      2205.86,
      2363.08,
      2167.9700000000003,
      2622.07,
      2601.77,
      2161.85,
      2405.45,
      2600.93,
      2180.62,
      2300.5299999999997,
      2311.24,
      2589.78,
      2003.94,
      2281.63,
      2599.22,
      2317.83,
      2363.02,
      2401.1,
      1865.47,
      1771.51,
      2004.3500000000001,
      2478.39,
      2653.56,
      1998.76,
      2171.55,
      2093.14,
      1956.81,
      2239.76,
      1924.6399999999999,
      1650.61,
      1599.09,
      1755.77,
      1964.28,
      2371.32,
      2400.85,
      1674.75,
      2657.71,
      1892.3700000000001,
      2011.33,
      2155.7799999999997,
      1974.23,
      2302.26,
      2782.83,
      1998.75,
      2243.39,
      2106.43,
      2576.91,
      2625.89,
      2355.99,
      2496.17,
      2272.41,
      2170.37,
      2845.21,
      1692.6,
      2197.37,
      2375.82,
      1851.83,
      2130.42,
      2068.28,
      1825.4099999999999,
      1949.18,
      1193.98,
      1688.93,
      2129.88,
      1882.69,
      2195.01,
      1433.63,
      1837.23,
      1891.9099999999999,
      1753.44,
      2641.59,
      2132.25,
      2404.84,
      2419.99,
      2207.16,
      2329.17,
      1637.67,
      2012.11,
      2560.52,
      1919.77,
      2534.1,
      2191.44,
      2242.37,
      2203.32,
      2268.94,
      2731.3,
      1880.73,
      1860.07,
      2821.29,
      2274.39,
      2018.3500000000001,
      2522.72,
      2186.71,
      2157.37,
      2122.8,
      2547.34,
      2234.43,
      2509.71,
      1737.25,
      2016.4099999999999,
      2191.54,
      2269.95,
      2047.05,
      2329.31,
      1995.25,
      2533.44,
      2055.56,
      2297.81,
      2743.2,
      2369.95,
      1964.15,
      2799.4,
      1917.86,
      1625.52,
      1943.84,
      1889.03,
      2169.0099999999998,
      2031.21,
      2090.07,
      2450.92,
      2222.68,
      2105.05,
      2465.4900000000002,
      2065.59,
      2886.98,
      2450.62,
      2304.3,
      2700.91,
      2912.53,
      2330.05,
      2185.16,
      1744.08,
      1754.93,
      2053.4900000000002,
      2647.15,
      1826.47,
      2240.9,
      2425.57,
      2613.87,
      1724.52,
      1489.18,
      2044.78,
      1968.7,
      1833.19,
      2085.88,
      2124.85,
      1836.4299999999998,
      1514.04,
      1316.08,
      1687.48,
      1665.09,
      1893.03,
      1392.02,
      1860.38,
      1690.04,
      1967.45,
      1825.6299999999999,
      1181.92,
      1884.55,
      1790.3,
      1549.66,
      1058.29,
      1243.25,
      1629.69,
      1259.67,
      1481.46,
      1438.24,
      1728.07,
      1483.22,
      1198.53,
      1177.38,
      1463.42,
      1148.19,
      995.62,
      1138.13,
      1117.9,
      1014.67,
      1384.44,
      1370.29,
      1023.8000000000001,
      1478.12,
      945.61,
      1214.74,
      1241.3700000000001,
      574.86,
      942.4399999999999,
      949.14,
      1006.91,
      1113.28,
      1046.54,
      819.04,
      841.48,
      1020.42,
      851.03,
      633.2,
      646.94,
      533.94,
      759.06,
      667.9300000000001,
      993.99,
      683.78,
      584.42,
      1392.92,
      1135.49,
      1015.95,
      1357.78,
      775.34,
      1053.47,
      621.29,
      909.16,
      904.44,
      1165.27,
      592.93,
      825.27,
      841.24,
      968.47,
      725.39,
      1072.28,
      647.7,
      764.21,
      736.27,
      652.83,
      435.1,
      322.03999999999996,
      544.3,
      377.98,
      444.27,
      428.39,
      913.87,
      614.03,
      512.38,
      602.2,
      219.49,
      528.94,
      311.21,
      96.69,
      220.24,
      175.73,
      117.35,
      429.96,
      65.22,
      229.58,
      140.77,
      138.71,
      463.34,
      405.24,
      125.4,
      149.62,
      117.18,
      369.04,
      425.07,
      265.05,
      363.72,
      163.38,
      129.81,
      338.79,
      314.99,
      243.19,
      262.09,
      352.09,
      226.9,
      131.03,
      317.4,
      126.59,
      211.99,
      284.04,
      146.51,
      261.84,
      250.23,
      285.24,
      202.25,
      229.69,
      144.59,
      237.41,
      429.96,
      215.65,
      256.81,
      314.2,
      259.68,
      298.0,
      133.06,
      296.12,
      103.32,
      278.35,
      122.8,
      306.8,
      259.77,
      209.88,
      197.23,
      187.76,
      326.66,
      365.92,
      32.98,
      353.99,
      315.6,
      229.16,
      179.51,
      141.99,
      360.09,
      552.97,
      345.46000000000004,
      634.68,
      618.01,
      389.72,
      424.86,
      618.45,
      265.3,
      617.23,
      679.88,
      670.29,
      270.26,
      686.2,
      860.7,
      453.2,
      865.0,
      860.5899999999999,
      918.1600000000001,
      1045.38,
      774.5999999999999,
      698.5999999999999,
      990.26,
      664.78,
      395.31,
      423.71000000000004,
      527.16,
      745.6800000000001,
      514.63,
      671.75,
      522.0999999999999,
      487.57,
      690.4000000000001,
      367.94,
      560.4300000000001,
      68.01,
      588.26,
      155.19,
      161.97,
      220.32,
      317.92,
      250.59,
      370.39,
      447.22,
      75.96,
      430.69,
      406.0,
      210.24,
      215.26,
      168.93,
      45.4,
      279.79,
      179.48,
      197.44,
      488.8,
      226.38,
      381.88,
      526.47,
      158.66,
      456.28,
      334.34,
      139.22,
      383.6,
      220.74,
      685.99,
      168.08,
      361.9,
      101.4,
      743.13,
      399.39,
      775.63,
      707.6
    ],
    "stopping_reason": "max_candidates",
    "operations": {
      "candidate_generation": 676,
      "feasibility_check": 400,
      "weight_evaluation": 400
    }
  }
}