{
  "graph": "graph_n11_d50_adj_matrix",
  "algorithm": "greedy",
  "result": {
    "graph_name": "graph_n11_d50_adj_matrix",
    "algorithm": "greedy",
    "best_weight": 1606.93,
    "best_matching": [
      0,
      7,
      16,
      19,
      26
    ],
    "runtime": 2.0000145279991557,
    "candidates": 25,
    "improvements": 4,
    "duplicates": 175374,
    "infeasible": 0,
    "size_history": {
      "4": 11,
      "5": 14
    },
    "weight_history": [
      1496.1,
      1465.12,
      1519.52,
      1462.25,
      1436.62,
      1497.9,
      1368.58,
      1602.76,
      1589.98,
      1349.71,
      1597.22,
      1440.3,
      1595.75,
      1544.75,
      1566.24,
      1570.3799999999999,
      1518.21,
      1433.0,
      1433.21,
      1599.02,
      1513.67,
      1549.66,
      1583.51,
      1606.93,
      1578.43
    ],
    "stopping_reason": "time_limit",
    "operations": {
      "candidate_generation": 175399,
      "feasibility_check": 25,
      "weight_evaluation": 25
    }
  }
}