{
  "graph": "graph_n14_d75_adj_matrix",
  "algorithm": "local",
  "result": {
    "graph_name": "graph_n14_d75_adj_matrix",
    "algorithm": "local",
    "best_weight": 2503.75,
    "best_matching": [
      6,
      14,
      20,
      26,
      32,
      53,
      58
    ],
    "runtime": 2.000452172000223,
    "candidates": 82,
    "improvements": 4,
    "duplicates": 637,
    "infeasible": 0,
    "size_history": {
      "7": 61,
      "6": 19,
      "5": 2
    },
    "weight_history": [
      2342.2400000000002,
      2423.49,
      2412.74,
      2365.6,
      2469.96,
      2332.48,
      2458.78,
      2445.86,
      2363.79,
      2432.56,
      2269.96,
      2370.23,
      2450.89,
      2298.65,
      2279.91,
      2298.56,
      2264.51,
      2212.36,
      2370.92,
      2339.49,
      2321.28,
      2230.96,
      2503.75,
      2283.53,
      2435.78,
      2309.23,
      2267.27,
      2490.18,
      2220.53,
      2239.52,
      2272.23,
      2336.9700000000003,
      2403.94,
      2178.02,
      2286.75,
      1945.21,
      2222.14,
      2201.81,
      2206.4900000000002,
      2290.17,
      2199.16,
      2270.8,
      2057.2200000000003,
      2129.07,
      2306.89,
      2461.24,
      2362.18,
      2350.2200000000003,
      2322.88,
      2277.38,
      2364.39,
      2169.42,
      2350.97,
      2305.98,
      2208.24,
      2142.9,
      2376.42,
      2356.5299999999997,
      2256.38,
      2347.53,
      2301.05,
      2309.57,
      2247.22,
      2406.57,
      2466.74,
      2209.23,
      2326.78,
      2288.35,
      2283.63,
      2172.36,
      2248.9,
      2323.6800000000003,
      2334.83,
      2367.61,
      2364.4,
      2199.09,
      2236.59,
      2184.44,
      2171.54,
      2307.67,
      2272.25,
      2360.68
    ],
    "stopping_reason": "time_limit",
    "operations": {
      "candidate_generation": 719,
      "feasibility_check": 82,
      "weight_evaluation": 82
    }
  }
}