{
  "graph": "graph_n14_d25_adj_matrix",
  "algorithm": "random",
  "result": {
    "graph_name": "graph_n14_d25_adj_matrix",
    "algorithm": "random",
    "best_weight": 2049.7799999999997,
    "best_matching": [
      0,
      5,
      6,
      11,
      12,
      20
    ],
    "runtime": 0.012252974998773425,
    "candidates": 400,
    "improvements": 5,
    "duplicates": 812,
    "infeasible": 0,
    "size_history": {
      "6": 72,
      "5": 229,
      "4": 73,
      "3": 24,
      "2": 2
    },
    "weight_history": [
      1240.97,
      1401.82,
      1619.6999999999998,
      1347.23,
      1224.41,
      1655.34,
      1566.9099999999999,
      1374.3,
      1302.07,
      1634.27,
      1255.83,
      2049.7799999999997,
      1222.82,
      1235.59,
      1245.35,
      1572.62,
      1215.92,
      861.06,
      1443.3,
      1579.1,
      1227.71,
      1416.6799999999998,
      1895.12,
      1330.42,
      998.03,
      1707.65,
      1566.6699999999998,
      1058.02,
      1511.1100000000001,
      1183.1200000000001,
      2011.07,
      1548.1899999999998,
      1552.1,
      1448.37,
      1272.64,
      1198.17,
      1814.15,
      1274.76,
      1568.27,
      1344.81,
      1151.31,
      1224.26,
      933.77,
      1294.11,
      1481.78,
      1833.59,
      1475.24,
      1239.61,
      1286.6399999999999,
      1642.62,
      1677.22,
      1341.37,
      1608.53,
      1369.02,
      1383.52,
      1455.15,
      1043.23,
      1510.3899999999999,
      1315.74,
      1133.09,
      1431.25,
      1610.69,
      1338.1,
      1300.99,
      1502.6499999999999,
      1453.73,
      1340.01,
      1662.49,
      1427.85,
      1585.42,
      1171.8,
      1538.8400000000001,
      1301.3,
      1549.31,
      1391.5,
      1549.8200000000002,
      1795.22,
      1581.04,
      1499.74,
      1185.49,
      1546.3,
      1758.52,
      1164.08,
      1513.3899999999999,
      1354.1599999999999,
      1313.6799999999998,
      1647.6899999999998,
      1123.1,
      1360.0,
      1229.13,
      1358.02,
      1369.71,
      1862.32,
      1196.19,
      1238.68,
      1506.04,
      1070.74,
      1165.76,
      1906.1,
      1243.75,
      1355.73,
      1163.39,
      2026.47,
      1783.1399999999999,
      1168.26,
      1778.07,
      1241.9,
      1423.34,
      1582.6200000000001,
      1696.29,
      899.77,
      1424.3,
      1154.46,
      1398.71,
      1481.1299999999999,
      1395.05,
      1621.73,
      1249.6699999999998,
      1422.09,
      1632.03,
      1429.6499999999999,
      1172.07,
      1065.23,
      1118.58,
      1095.72,
      1275.3600000000001,
      1035.6599999999999,
      1003.51,
      876.3,
      1070.02,
      1263.12,
      1246.42,
      605.03,
      949.73,
      939.28,
      720.98,
      844.98,
      358.51,
      1191.18,
      911.65,
      676.11,
      585.17,
      706.54,
      1278.4299999999998,
      956.1099999999999,
      1341.53,
      919.1999999999999,
      937.79,
      1121.61,
      1228.12,
      758.2,
      977.24,
      887.56,
      1367.67,
      1489.76,
      1191.9099999999999,
      1535.18,
      1409.81,
      1463.23,
      1053.41,
      1458.73,
      1501.63,
      1316.75,
      1265.02,
      1252.25,
      1703.27,
      1533.54,
      1686.3999999999999,
      1585.4099999999999,
      1674.85,
      1371.3899999999999,
      844.13,
      1466.61,
      1279.1399999999999,
      1333.7,
      1670.47,
      1115.4,
      1402.24,
      1584.06,
      1641.7399999999998,
      1211.54,
      1641.05,
      1612.05,
      999.45,
      1185.33,
      1408.42,
      1498.1299999999999,
      1523.19,
      1282.46,
      1469.37,
      1666.8700000000001,
      1022.08,
      1496.47,
      1538.73,
      1468.36,
      1239.8400000000001,
      1041.81,
      1551.6100000000001,
      1511.87,
      1471.6799999999998,
      1344.69,
      1323.73,
      1172.56,
      1313.38,
      1987.76,
      1470.6499999999999,
      1821.85,
      962.0,
      1771.53,
      1300.71,
      1307.07,
      977.64,
      1633.44,
      1649.72,
      1441.73,
      1503.68,
      1190.02,
      1867.3899999999999,
      1737.08,
      1689.98,
      1429.8899999999999,
      1938.9,
      1441.22,
      1399.51,
      1872.3,
      1202.79,
      957.0799999999999,
      1347.85,
      1243.99,
      1487.08,
      1317.42,
      1473.1599999999999,
      1346.47,
      1043.45,
      1016.6,
      1672.98,
      1268.19,
      906.36,
      1094.05,
      1114.52,
      1527.27,
      1004.74,
      1387.25,
      1355.65,
      1435.42,
      1982.69,
      1336.99,
      1225.62,
      1790.84,
      1294.99,
      1335.59,
      1653.9099999999999,
      1579.6799999999998,
      1202.5,
      1463.9399999999998,
      884.91,
      1512.7,
      1657.58,
      1137.83,
      1815.31,
      1555.99,
      1322.42,
      1474.82,
      1314.07,
      1436.11,
      1455.51,
      1462.05,
      1173.74,
      1500.02,
      1300.4199999999998,
      1924.55,
      1691.87,
      1201.13,
      1505.53,
      1251.45,
      1250.8899999999999,
      1141.71,
      1666.67,
      1610.1299999999999,
      972.48,
      1263.6599999999999,
      1313.84,
      1516.32,
      1651.27,
      1693.5,
      1375.61,
      1356.34,
      1818.53,
      1393.56,
      1654.79,
      986.17,
      932.57,
      1326.8,
      1459.4199999999998,
      1680.4499999999998,
      1127.48,
      1968.33,
      1154.1100000000001,
      1012.22,
      1257.21,
      1229.48,
      1431.46,
      1530.59,
      1292.85,
      1214.34,
      1270.06,
      1415.01,
      1525.56,
      2006.0,
      1503.96,
      1661.1399999999999,
      1504.44,
      1518.81,
      1469.29,
      1735.2099999999998,
      1732.7,
      995.79,
      1486.8899999999999,
      1318.06,
      1178.74,
      1307.76,
      1300.9099999999999,
      1543.77,
      1465.04,
      1465.73,
      942.39,
      1388.45,
      1216.34,
      1352.78,
      942.53,
      1231.98,
      1507.59,
      1078.58,
      1377.28,
      1202.55,
      1019.93,
      1649.1299999999999,
      1354.45,
      1401.0,
      1508.08,
      1847.19,
      1381.88,
      1450.77,
      1177.3799999999999,
      805.42,
      1627.96,
      1230.62,
      1499.33,
      1417.8799999999999,
      1442.4199999999998,
      1149.69,
      1263.42,
      1457.28,
      1707.27,
      1305.62,
      1115.6399999999999,
      1794.84,
      1126.9299999999998,
      1383.67,
      1367.21,
      1504.68,
      1366.52,
      1510.97,
      863.2099999999999,
      1036.83,
      1269.92,
      1119.51,
      1433.8799999999999,
      1050.01,
      1089.06,
      1109.57,
      850.44,
      1519.4199999999998,
      1229.4299999999998,
      770.75,
      864.56,
      730.6,
      738.0,
      903.12,
      1125.06,
      814.53,
      928.1,
      800.39,
      682.9,
      1062.83,
      777.3299999999999,
      870.91,
      1377.8799999999999,
      1229.6000000000001,
      1342.09,
      1267.49,
      1039.31,
      1034.71,
      1460.6799999999998,
      1091.44,
      1054.95,
      1505.9699999999998,
      1559.06,
      1043.6,
      1288.94
    ],
    "stopping_reason": "max_candidates",
    "operations": {
      "candidate_generation": 1212,
      "feasibility_check": 400,
      "weight_evaluation": 400
    }
  }
}