{
  "graph": "graph_n16_d50_adj_matrix",
  "algorithm": "greedy",
  "result": {
    "graph_name": "graph_n16_d50_adj_matrix",
    "algorithm": "greedy",
    "best_weight": 2924.71,
    "best_matching": [
      3,
      12,
      18,
      21,
      29,
      45,
      54,
      59
    ],
    "runtime": 0.8434057829999801,
    "candidates": 400,
    "improvements": 6,
    "duplicates": 43448,
    "infeasible": 0,
    "size_history": {
      "8": 127,
      "7": 187,
      "6": 47,
      "5": 26,
      "4": 12,
      "3": 1
    },
    "weight_history": [
      2518.39,
      2553.47,
      2637.46,
      2608.39,
      2754.9,
      2797.9700000000003,
      2499.9900000000002,
      2701.98,
      2606.43,
      2400.07,
      2589.75,
      2924.71,
      2739.3,
      2635.12,
      2526.94,
      2697.3,
      2630.2400000000002,
      2662.48,
      2624.13,
      2856.04,
      2757.52,
      2525.33,
      2542.96,
      2436.96,
      2490.0,
      2678.68,
      2745.8,
      2594.48,
      2720.0,
      2583.65,
      2830.44,
      2749.34,
      2899.11,
      2712.66,
      2632.03,
      2420.33,
      2747.11,
      2733.36,
      2661.29,
      2472.6,
      2800.0,
      2766.97,
      2464.34,
      2564.24,
      2647.7400000000002,
      2602.48,
      2511.89,
      2628.08,
      2579.07,
      2697.85,
      2561.26,
      2370.96,
      2683.01,
      2614.52,
      2604.64,
      2523.77,
      2681.41,
      2358.61,
      2728.15,
      2725.96,
      2483.57,
      2481.2,
      2763.07,
      2683.19,
      2516.15,
      2395.5,
      2692.02,
      2836.13,
      2664.56,
      2621.0,
      2868.67,
      2757.38,
      2771.19,
      2630.93,
      2745.78,
      2709.33,
      2720.2000000000003,
      2395.55,
      2904.8,
      2788.67,
      2839.86,
      2860.58,
      2712.17,
      2694.4,
      2770.7200000000003,
      2493.9300000000003,
      2646.11,
      2689.67,
      2491.65,
      2451.95,
      2700.36,
      2682.48,
      2732.44,
      2470.85,
      2486.65,
      2465.03,
      2598.37,
      2731.92,
      2750.9,
      2602.3,
      2591.62,
      2725.3,
      2477.35,
      2574.92,
      2456.91,
      2714.81,
      2622.14,
      2504.1,
      2510.1,
      2582.05,
      2764.2400000000002,
      2563.95,
      2427.45,
      2776.21,
      2613.45,
      2538.63,
      2467.68,
      2458.4700000000003,
      2572.77,
      2635.37,
      2717.54,
      2583.01,
      2645.8,
      2729.48,
      2668.53,
      2518.07,
      2729.3,
      2756.86,
      2670.71,
      2647.71,
      2704.33,
      2498.13,
      2554.89,
      2402.12,
      2599.56,
      2469.34,
      2363.42,
      2482.4700000000003,
      2772.05,
      2627.85,
      2745.46,
      2557.27,
      2611.07,
      2607.36,
      2732.59,
      2523.85,
      2618.18,
      2823.57,
      2563.79,
      2741.54,
      2738.64,
      2713.7,
      2483.28,
      2637.96,
      2782.46,
      2608.77,
      2626.52,
      2724.54,
      2385.93,
      2399.19,
      2454.6,
      2657.85,
      2695.65,
      2450.35,
      2546.88,
      2546.59,
      2451.21,
      2623.31,
      2665.83,
      2566.11,
      2680.52,
      2470.14,
      2684.05,
      2443.7,
      2491.8,
      2617.13,
      2597.71,
      2652.36,
      2421.48,
      2507.18,
      2641.6800000000003,
      2662.7,
      2502.5,
      2662.62,
      2407.46,
      2400.98,
      2530.33,
      2613.1800000000003,
      2597.32,
      2648.2,
      2480.15,
      2486.2200000000003,
      2677.9,
      2422.1,
      2509.35,
      2626.76,
      2585.92,
      2837.94,
      2439.4300000000003,
      2610.25,
      2503.81,
      2636.12,
      2626.29,
      2769.27,
      2437.28,
      2468.33,
      2522.06,
      2456.21,
      2647.9500000000003,
      2796.09,
      2581.34,
      2462.78,
      2421.28,
      2662.42,
      2676.04,
      2522.78,
      2505.58,
      2458.55,
      2773.0,
      2495.08,
      2681.67,
      2533.46,
      2555.02,
      2636.01,
      2759.84,
      2394.11,
      2476.77,
      2810.21,
      2541.71,
      2472.73,
      2418.65,
      2499.45,
      2488.42,
      2597.11,
      2342.45,
      2649.08,
      2549.67,
      2713.5,
      2463.85,
      2784.01,
      2617.46,
      2667.16,
      2427.06,
      2494.12,
      2436.53,
      2408.4700000000003,
      2612.95,
      2616.08,
      2522.02,
      2839.07,
      2405.06,
      2502.29,
      2707.54,
      2488.79,
      2323.62,
      2423.7,
      2470.55,
      2331.8,
      2510.76,
      2658.42,
      2577.46,
      2586.22,
      2617.1800000000003,
      2457.08,
      2564.15,
      2622.52,
      2335.27,
      2633.2,
      2603.84,
      2644.66,
      2561.77,
      2658.14,
      2495.2400000000002,
      2364.9900000000002,
      2453.4,
      2520.15,
      2365.37,
      2374.87,
      2500.33,
      2306.71,
      2536.32,
      2357.21,
      2368.2200000000003,
      2364.01,
      2382.38,
      2365.61,
      2211.82,
      1724.53,
      2033.38,
      2206.04,
      2086.34,
      2209.21,
      2069.19,
      2203.43,
      1858.75,
      2185.06,
      2062.19,
      2324.03,
      2509.46,
      2357.41,
      2395.08,
      2525.93,
      2355.0,
      2419.23,
      2501.78,
      2339.39,
      2334.09,
      2506.85,
      2619.06,
      2607.16,
      2553.8,
      2672.51,
      2571.8,
      2544.97,
      2622.05,
      2336.0,
      2469.64,
      2628.34,
      2501.34,
      2708.9900000000002,
      2669.4900000000002,
      2854.55,
      2435.86,
      2380.21,
      2492.34,
      2640.08,
      2571.41,
      2698.83,
      2445.84,
      2597.9,
      2500.68,
      2632.22,
      2645.9700000000003,
      2606.45,
      2615.53,
      2501.42,
      2335.18,
      2474.39,
      2546.57,
      2448.9,
      2587.48,
      2379.77,
      2410.0,
      2071.8,
      2360.49,
      2389.76,
      2298.93,
      2345.95,
      2331.61,
      2476.18,
      2189.0299999999997,
      2412.71,
      2451.8,
      2621.86,
      2609.05,
      2505.76,
      2509.11,
      2367.88,
      2540.3,
      2639.6800000000003,
      2685.8,
      2539.59,
      2452.05,
      2388.16,
      1962.8000000000002,
      2324.5,
      2361.4,
      2385.55,
      2341.94,
      2308.95,
      2403.25,
      2505.75,
      2305.8,
      2396.3,
      2088.95,
      2156.57,
      2181.25,
      2043.1,
      2061.57,
      2044.42,
      2054.81,
      2044.06,
      2162.35,
      2187.67,
      2157.1,
      1727.7,
      1747.46,
      1864.53,
      1682.3,
      1721.8,
      1744.85,
      1797.81,
      1335.82,
      1730.45,
      1765.71,
      1724.41,
      2053.79,
      2093.28,
      2063.41,
      2304.84
    ],
    "stopping_reason": "max_candidates",
    "operations": {
      "candidate_generation": 43848,
      "feasibility_check": 400,
      "weight_evaluation": 400
    }
  }
}