{
  "graph": "graph_n13_d75_adj_matrix",
  "algorithm": "random",
  "result": {
    "graph_name": "graph_n13_d75_adj_matrix",
    "algorithm": "random",
    "best_weight": 2136.31,
    "best_matching": [
      5,
      10,
      16,
      23,
      34,
      51
    ],
    "runtime": 0.006979641000725678,
    "candidates": 400,
    "improvements": 3,
    "duplicates": 2,
    "infeasible": 0,
    "size_history": {
      "6": 100,
      "5": 65,
      "4": 83,
      "3": 93,
      "2": 57,
      "1": 2
    },
    "weight_history": [
      1972.87,
      1501.7,
      1427.15,
      1838.6,
      2077.21,
      1638.3799999999999,
      1713.3700000000001,
      1430.52,
      1863.3799999999999,
      1466.04,
      1367.92,
      1332.1399999999999,
      1214.96,
      1331.83,
      1092.41,
      1537.76,
      1457.76,
      1303.9,
      1313.49,
      1448.9,
      1128.29,
      1851.44,
      1645.6399999999999,
      1446.8500000000001,
      1587.89,
      1413.85,
      1426.41,
      1583.73,
      1080.6100000000001,
      1792.8,
      1588.6,
      1821.6599999999999,
      1717.15,
      1316.08,
      1921.56,
      1094.2,
      1932.46,
      1826.38,
      1963.19,
      1140.45,
      1771.96,
      1380.53,
      1586.76,
      1278.81,
      1726.95,
      1582.37,
      1331.57,
      1891.2,
      1575.45,
      1726.54,
      1807.04,
      1775.66,
      1653.1299999999999,
      1911.62,
      1119.77,
      1480.34,
      1738.6899999999998,
      1617.96,
      1842.23,
      1667.68,
      1068.35,
      1469.51,
      1596.52,
      1774.88,
      1424.08,
      1852.45,
      1182.14,
      1850.86,
      1586.06,
      1639.23,
      1649.51,
      1676.01,
      1697.63,
      1687.1,
      1614.33,
      1580.27,
      1576.39,
      2136.31,
      1284.51,
      1891.07,
      1654.75,
      1784.9099999999999,
      1982.3500000000001,
      1613.8799999999999,
      1736.3500000000001,
      1678.27,
      1285.07,
      1337.06,
      1429.26,
      1037.35,
      1208.32,
      1264.39,
      1396.24,
      1318.9,
      1520.41,
      1299.51,
      1414.1100000000001,
      1458.82,
      1551.81,
      1534.95,
      1863.0900000000001,
      1297.42,
      1366.66,
      1622.82,
      2038.35,
      1442.75,
      1669.71,
      1646.55,
      1938.65,
      1916.94,
      1348.09,
      1750.99,
      1201.76,
      848.0,
      1690.35,
      1476.79,
      1517.4499999999998,
      1117.0,
      1481.05,
      1331.7,
      1272.58,
      1548.59,
      1518.13,
      1683.23,
      1520.9,
      1820.51,
      1503.79,
      963.09,
      1501.91,
      1497.67,
      1704.64,
      1447.2,
      1142.52,
      1337.6100000000001,
      1441.5,
      1415.61,
      1399.22,
      1292.15,
      1316.25,
      1759.75,
      1125.93,
      1262.5,
      1188.3999999999999,
      857.83,
      1079.44,
      765.38,
      800.76,
      1062.22,
      1173.94,
      944.34,
      935.07,
      1297.64,
      1093.3500000000001,
      1142.15,
      1484.22,
      1107.29,
      810.8900000000001,
      413.11,
      1041.11,
      574.3,
      771.13,
      553.6700000000001,
      867.1099999999999,
      592.11,
      728.36,
      392.72,
      659.1,
      312.13,
      1132.34,
      793.99,
      411.09000000000003,
      352.81,
      657.87,
      315.28999999999996,
      690.03,
      519.98,
      469.95000000000005,
      986.06,
      795.1400000000001,
      952.13,
      770.94,
      891.78,
      1081.84,
      890.98,
      914.27,
      594.72,
      762.78,
      245.93,
      401.38,
      366.74,
      559.52,
      591.6700000000001,
      632.5,
      770.1099999999999,
      266.74,
      574.54,
      351.5,
      462.69,
      799.65,
      947.62,
      802.9,
      1069.81,
      852.83,
      571.96,
      769.29,
      712.81,
      795.31,
      763.07,
      773.6600000000001,
      850.88,
      820.21,
      1077.24,
      495.34,
      809.74,
      735.3,
      1095.67,
      759.38,
      492.14,
      1223.13,
      1355.66,
      987.12,
      665.64,
      623.43,
      807.26,
      1360.77,
      753.05,
      782.71,
      823.23,
      1025.71,
      501.83000000000004,
      874.32,
      475.64,
      687.46,
      1011.1899999999999,
      1102.63,
      910.54,
      802.6800000000001,
      1038.8899999999999,
      780.85,
      1302.81,
      1110.38,
      881.8199999999999,
      697.79,
      943.04,
      615.24,
      997.1800000000001,
      904.78,
      786.48,
      736.76,
      634.75,
      944.8499999999999,
      784.49,
      916.63,
      409.12,
      474.51,
      443.83000000000004,
      768.5799999999999,
      269.56,
      459.66,
      651.0,
      652.6,
      479.86,
      732.21,
      873.97,
      1104.27,
      766.4300000000001,
      492.26,
      783.4,
      393.58,
      686.25,
      594.85,
      688.29,
      677.12,
      1079.74,
      699.75,
      432.28000000000003,
      519.88,
      402.97,
      401.62,
      520.27,
      380.8,
      592.5799999999999,
      717.04,
      523.87,
      409.93,
      584.87,
      817.76,
      532.44,
      923.3,
      868.65,
      494.97,
      711.11,
      723.69,
      834.4100000000001,
      1146.68,
      1054.47,
      749.68,
      483.94,
      442.03,
      438.64,
      569.76,
      604.11,
      698.5699999999999,
      573.5699999999999,
      637.77,
      560.15,
      501.16999999999996,
      481.93999999999994,
      343.21000000000004,
      738.3599999999999,
      1112.58,
      611.73,
      917.1800000000001,
      677.0600000000001,
      802.63,
      451.38,
      982.0,
      767.5699999999999,
      650.4,
      1366.75,
      973.3900000000001,
      977.56,
      1519.29,
      866.45,
      772.98,
      1274.08,
      1251.08,
      1206.6100000000001,
      1340.82,
      1267.55,
      652.28,
      382.88,
      1236.11,
      495.13,
      937.59,
      613.89,
      714.12,
      832.98,
      760.6,
      749.6800000000001,
      465.16999999999996,
      1026.38,
      1239.19,
      1242.88,
      908.24,
      1345.6,
      987.39,
      892.4000000000001,
      1043.56,
      1415.6,
      1078.99,
      844.05,
      1372.03,
      1270.3,
      1274.82,
      1158.67,
      740.24,
      1438.62,
      1385.37,
      1126.94,
      1395.01,
      1437.11,
      1299.79,
      1235.57,
      1345.07,
      1075.01,
      1219.62,
      1223.14,
      980.6,
      818.2,
      939.84,
      883.12,
      1031.63,
      1104.56,
      1484.49,
      1211.26,
      1128.93,
      1679.5700000000002,
      1740.58,
      1811.73,
      1054.13,
      1162.13,
      1239.5,
      1703.12,
      1157.81,
      714.85,
      1199.9,
      817.62,
      1428.47,
      1255.97,
      1407.04,
      1340.94,
      1040.76,
      649.63,
      1146.15,
      1222.3,
      628.68,
      564.79,
      888.8199999999999,
      968.04
    ],
    "stopping_reason": "max_candidates",
    "operations": {
      "candidate_generation": 402,
      "feasibility_check": 400,
      "weight_evaluation": 400
    }
  }
}