{
  "graph": "graph_n12_d50_adj_matrix",
  "algorithm": "greedy",
  "result": {
    "graph_name": "graph_n12_d50_adj_matrix",
    "algorithm": "greedy",
    "best_weight": 1826.78,
    "best_matching": [
      3,
      7,
      17,
      30,
      32
    ],
    "runtime": 2.0000246440013143,
    "candidates": 47,
    "improvements": 5,
    "duplicates": 159465,
    "infeasible": 0,
    "size_history": {
      "5": 32,
      "4": 13,
      "6": 1,
      "3": 1
    },
    "weight_history": [
      1507.9099999999999,
      1417.3899999999999,
      1690.97,
      1793.22,
      1777.1200000000001,
      1700.21,
      1610.16,
      1534.44,
      1546.27,
      1429.22,
      1530.57,
      1700.7,
      1801.56,
      1517.15,
      1675.27,
      1688.8700000000001,
      1518.74,
      1594.06,
      1673.17,
      1708.19,
      1696.3600000000001,
      1736.92,
      1689.91,
      1506.85,
      1620.72,
      1729.43,
      1492.21,
      1697.89,
      1401.29,
      1713.73,
      1685.0,
      1686.06,
      1691.26,
      1407.09,
      1563.62,
      1273.94,
      1418.92,
      1649.77,
      1556.76,
      1466.71,
      1380.56,
      1364.94,
      1457.95,
      1354.64,
      1618.97,
      1675.16,
      1826.78
    ],
    "stopping_reason": "time_limit",
    "operations": {
      "candidate_generation": 159512,
      "feasibility_check": 47,
      "weight_evaluation": 47
    }
  }
}