{
  "graph": "graph_n17_d50_adj_matrix",
  "algorithm": "local",
  "result": {
    "graph_name": "graph_n17_d50_adj_matrix",
    "algorithm": "local",
    "best_weight": 2733.07,
    "best_matching": [
      7,
      9,
      22,
      26,
      36,
      38,
      42,
      60
    ],
    "runtime": 2.000025593999453,
    "candidates": 135,
    "improvements": 2,
    "duplicates": 556,
    "infeasible": 0,
    "size_history": {
      "8": 50,
      "7": 40,
      "6": 32,
      "5": 12,
      "4": 1
    },
    "weight_history": [
      2596.17,
      2733.07,
      2636.64,
      2574.88,
      2603.7599999999998,
      2648.03,
      2422.59,
      2455.22,
      2480.58,
      2536.09,
      2629.16,
      2423.48,
      2450.99,
      2443.5099999999998,
      2237.83,
      2547.42,
      2418.11,
      2421.05,
      2473.89,
      2450.44,
      2451.7799999999997,
      2266.83,
      2641.21,
      2687.14,
      2599.1,
      2595.2799999999997,
      2538.08,
      2543.68,
      2482.63,
      2515.54,
      2673.67,
      2648.62,
      2567.4,
      2417.22,
      2448.88,
      2642.52,
      2462.97,
      2352.97,
      2432.91,
      2415.89,
      2418.82,
      2410.52,
      2235.4,
      2293.42,
      2155.33,
      2247.2599999999998,
      2229.35,
      2263.23,
      2239.7799999999997,
      1959.19,
      2238.2,
      2236.94,
      2154.19,
      2132.38,
      2227.92,
      2389.85,
      2544.71,
      2503.66,
      2415.0,
      2492.5,
      2383.51,
      2413.45,
      2378.29,
      2449.18,
      2387.28,
      2409.63,
      2246.89,
      2230.24,
      2214.38,
      2209.72,
      1982.6399999999999,
      2206.79,
      2162.81,
      2197.86,
      2201.55,
      2204.2,
      2098.07,
      1962.7,
      1954.81,
      1966.3,
      1937.3,
      1966.67,
      1949.65,
      1912.42,
      1682.1100000000001,
      1937.67,
      1936.41,
      1948.76,
      2205.9,
      2142.98,
      2213.49,
      2413.57,
      2201.63,
      2122.73,
      2150.95,
      2171.13,
      2196.61,
      2162.44,
      2465.2799999999997,
      2439.08,
      2326.46,
      2382.2599999999998,
      2368.81,
      2322.3,
      2400.0299999999997,
      2529.38,
      2494.2,
      2413.31,
      2459.76,
      2427.66,
      2482.7599999999998,
      2496.1,
      2542.47,
      2471.96,
      2462.67,
      2664.66,
      2556.7,
      2566.5,
      2618.17,
      2633.8,
      2541.11,
      2629.12,
      2435.18,
      2554.41,
      2672.7799999999997,
      2602.87,
      2712.17,
      2442.14,
      2471.47,
      2593.58,
      2448.35,
      2467.59,
      2617.04,
      2555.2799999999997,
      2653.0
    ],
    "stopping_reason": "time_limit",
    "operations": {
      "candidate_generation": 691,
      "feasibility_check": 135,
      "weight_evaluation": 135
    }
  }
}