{
  "graph": "graph_n15_d12.5_adj_matrix",
  "algorithm": "random",
  "result": {
    "graph_name": "graph_n15_d12.5_adj_matrix",
    "algorithm": "random",
    "best_weight": 1363.97,
    "best_matching": [
      1,
      3,
      6,
      9
    ],
    "runtime": 2.0000213290004467,
    "candidates": 47,
    "improvements": 2,
    "duplicates": 356916,
    "infeasible": 0,
    "size_history": {
      "4": 12,
      "3": 11,
      "2": 11,
      "1": 13
    },
    "weight_history": [
      1318.19,
      786.02,
      997.26,
      973.88,
      1363.97,
      1176.97,
      1057.83,
      1322.25,
      825.27,
      1250.27,
      1095.72,
      607.58,
      633.25,
      1114.0900000000001,
      988.78,
      837.22,
      444.76,
      545.97,
      772.5,
      627.9300000000001,
      987.8199999999999,
      1353.1,
      339.61,
      537.5699999999999,
      548.79,
      368.57,
      588.74,
      567.0699999999999,
      760.0,
      198.11,
      439.11,
      570.37,
      379.56,
      57.56,
      239.01,
      374.75,
      70.01,
      462.47,
      286.34,
      334.43,
      298.56,
      140.55,
      368.01,
      349.73,
      107.9,
      317.19,
      199.06
    ],
    "stopping_reason": "time_limit",
    "operations": {
      "candidate_generation": 356963,
      "feasibility_check": 47,
      "weight_evaluation": 47
    }
  }
}