{
  "random": {
    "mean_weight": 2074.9,
    "std_weight": 0.0,
    "min_weight": 2074.9,
    "max_weight": 2074.9,
    "absolute_gap": 0.0,
    "relative_gap": 0.0,
    "approximation_ratio": 1.0
  },
  "greedy": {
    "mean_weight": 1962.68,
    "std_weight": 0.0,
    "min_weight": 1962.68,
    "max_weight": 1962.68,
    "absolute_gap": 112.22000000000003,
    "relative_gap": 0.05408453419441902,
    "approximation_ratio": 0.945915465805581
  },
  "local": {
    "mean_weight": 2037.4933333333333,
    "std_weight": 52.90101532316959,
    "min_weight": 1962.68,
    "max_weight": 2074.9,
    "absolute_gap": 37.40666666666675,
    "relative_gap": 0.018028178064806378,
    "approximation_ratio": 0.9819718219351936
  }
}