{
  "graph": "graph_n20_d50_adj_matrix",
  "algorithm": "local",
  "result": {
    "graph_name": "graph_n20_d50_adj_matrix",
    "algorithm": "local",
    "best_weight": 3325.86,
    "best_matching": [
      3,
      17,
      25,
      42,
      43,
      54,
      57,
      76,
      89
    ],
    "runtime": 2.001200701999551,
    "candidates": 248,
    "improvements": 4,
    "duplicates": 525,
    "infeasible": 0,
    "size_history": {
      "10": 10,
      "9": 23,
      "8": 11,
      "7": 11,
      "6": 53,
      "5": 63,
      "4": 35,
      "3": 26,
      "2": 11,
      "1": 5
    },
    "weight_history": [
      3264.02,
      3227.91,
      3317.07,
      3316.13,
      3317.83,
      3181.51,
      3190.48,
      2980.6,
      3325.86,
      3206.25,
      3017.05,
      3271.94,
      3323.86,
      3190.74,
      3003.57,
      3185.2,
      3122.52,
      3249.8,
      3107.19,
      3208.32,
      3309.04,
      3182.45,
      3122.83,
      3189.54,
      3255.5,
      3124.58,
      3050.17,
      3146.33,
      3270.62,
      3206.29,
      3006.58,
      3101.32,
      3050.57,
      2970.24,
      2979.66,
      3085.8399999999997,
      3016.55,
      2928.61,
      2913.7599999999998,
      3065.02,
      3115.98,
      3040.75,
      2900.02,
      2996.37,
      2718.76,
      2768.01,
      2770.72,
      2760.36,
      2776.13,
      2451.72,
      2685.13,
      2684.13,
      2553.25,
      2854.14,
      2696.97,
      2357.39,
      2480.41,
      2445.5299999999997,
      2394.74,
      2498.52,
      2374.79,
      2483.75,
      2422.11,
      2111.37,
      2485.1,
      2472.26,
      2096.81,
      1992.48,
      2055.79,
      2100.15,
      2062.5,
      2088.66,
      2107.69,
      2045.69,
      2128.13,
      2074.31,
      2129.48,
      2025.0,
      2463.31,
      2428.51,
      2392.19,
      2427.42,
      2414.02,
      2404.34,
      2031.32,
      2403.65,
      2432.62,
      2446.81,
      2041.79,
      2101.5,
      2096.1,
      1726.42,
      2050.74,
      2082.41,
      2033.26,
      2044.3899999999999,
      2023.4899999999998,
      2110.02,
      2416.0,
      2457.05,
      2464.92,
      2370.3,
      2428.3,
      2395.91,
      2413.29,
      2452.8,
      2415.14,
      2423.29,
      2435.35,
      2431.0099999999998,
      2068.21,
      2030.9099999999999,
      2101.87,
      2077.99,
      2079.7,
      2076.49,
      2074.09,
      2070.92,
      2116.64,
      1732.83,
      2076.42,
      2337.99,
      2306.35,
      2387.48,
      2449.91,
      2448.56,
      2651.7400000000002,
      2381.5,
      2329.04,
      2359.7,
      2450.09,
      2417.55,
      2094.5299999999997,
      1677.99,
      2079.52,
      2103.22,
      2060.62,
      2063.58,
      2046.1,
      2095.88,
      1759.09,
      2055.9700000000003,
      2059.3,
      1737.3,
      1692.11,
      1747.6,
      1740.98,
      1316.9299999999998,
      1714.22,
      1681.6999999999998,
      1731.11,
      1746.25,
      1684.24,
      1681.6999999999998,
      1727.77,
      2046.1399999999999,
      2081.33,
      2069.2,
      2049.66,
      2064.74,
      2040.23,
      2470.54,
      2045.47,
      2046.96,
      2088.01,
      2360.34,
      2414.51,
      2423.07,
      2066.31,
      2397.56,
      2410.3,
      2373.98,
      2429.29,
      2416.49,
      2429.86,
      2437.07,
      2079.71,
      2064.96,
      2062.23,
      2044.12,
      2023.0700000000002,
      2048.38,
      2053.06,
      2114.71,
      2054.63,
      2032.71,
      2014.9099999999999,
      1698.81,
      1694.17,
      1377.21,
      1671.03,
      1680.35,
      1684.4299999999998,
      1725.49,
      1717.62,
      1725.71,
      1357.38,
      1719.62,
      1310.23,
      1343.61,
      1311.31,
      1310.23,
      1343.83,
      952.14,
      1311.31,
      1322.53,
      1349.23,
      1287.58,
      1335.74,
      1675.87,
      1712.65,
      1672.75,
      1687.32,
      1709.32,
      1700.53,
      1695.6999999999998,
      1697.73,
      1282.91,
      1714.0,
      1697.6399999999999,
      1319.87,
      1302.3600000000001,
      1312.23,
      1334.02,
      1707.6,
      1315.85,
      1280.6599999999999,
      1314.04,
      1291.48,
      1269.49,
      1290.4,
      1265.19,
      918.76,
      918.54,
      913.87,
      886.24,
      885.16,
      886.97,
      1267.52,
      894.03,
      880.27,
      881.3499999999999,
      488.8,
      463.34,
      456.28,
      888.41,
      455.2,
      430.69
    ],
    "stopping_reason": "time_limit",
    "operations": {
      "candidate_generation": 773,
      "feasibility_check": 248,
      "weight_evaluation": 248
    }
  }
}