{
  "graph": "graph_n20_d12.5_adj_matrix",
  "algorithm": "random",
  "result": {
    "graph_name": "graph_n20_d12.5_adj_matrix",
    "algorithm": "random",
    "best_weight": 1578.31,
    "best_matching": [
      0,
      4,
      15,
      17,
      21,
      22
    ],
    "runtime": 2.0000740099985705,
    "candidates": 167,
    "improvements": 2,
    "duplicates": 270564,
    "infeasible": 0,
    "size_history": {
      "6": 18,
      "5": 32,
      "4": 36,
      "3": 24,
      "2": 34,
      "1": 23
    },
    "weight_history": [
      1559.66,
      819.03,
      1578.31,
      1529.8600000000001,
      1200.01,
      1021.77,
      1475.09,
      1271.62,
      1177.97,
      1398.23,
      1418.77,
      1353.07,
      1360.58,
      943.27,
      430.78000000000003,
      878.4100000000001,
      929.16,
      866.3199999999999,
      1029.01,
      1187.2,
      1077.21,
      1151.15,
      690.57,
      1060.76,
      754.65,
      834.58,
      579.27,
      783.42,
      1107.09,
      810.11,
      932.53,
      946.8000000000001,
      871.14,
      945.8100000000001,
      998.86,
      980.46,
      1036.38,
      1076.8700000000001,
      1241.06,
      1080.88,
      1350.45,
      1218.33,
      774.34,
      993.46,
      985.71,
      1085.77,
      911.2,
      1349.07,
      1136.23,
      1508.27,
      1348.65,
      1076.97,
      1387.45,
      1208.43,
      1105.98,
      1043.82,
      971.6,
      1393.83,
      881.3000000000001,
      708.69,
      878.12,
      893.5500000000001,
      905.6,
      1104.49,
      1192.54,
      1039.33,
      895.9300000000001,
      913.6800000000001,
      815.49,
      716.3000000000001,
      743.3100000000001,
      1112.99,
      961.58,
      854.64,
      938.4,
      657.25,
      816.82,
      487.78000000000003,
      586.58,
      888.58,
      367.28,
      608.32,
      443.39,
      555.61,
      580.97,
      705.5500000000001,
      551.61,
      853.4200000000001,
      896.8000000000001,
      1071.71,
      932.48,
      726.4200000000001,
      898.37,
      801.3000000000001,
      800.25,
      725.98,
      1145.48,
      742.68,
      862.96,
      793.05,
      650.02,
      712.48,
      760.89,
      763.55,
      399.27000000000004,
      469.61,
      671.39,
      734.51,
      813.3199999999999,
      738.22,
      623.85,
      521.0600000000001,
      600.9300000000001,
      475.18000000000006,
      422.5,
      505.77000000000004,
      395.18,
      631.95,
      299.90999999999997,
      384.12,
      455.52,
      112.15,
      161.45,
      45.4,
      323.79,
      277.91,
      332.92,
      75.96,
      168.93,
      129.87,
      187.76,
      314.2,
      439.36,
      341.73,
      574.38,
      534.72,
      562.2,
      454.08000000000004,
      479.28999999999996,
      330.38,
      531.61,
      239.95,
      308.58000000000004,
      308.16,
      291.53,
      144.59,
      197.27,
      250.59,
      227.86,
      334.34,
      285.24,
      315.69,
      256.81,
      317.4,
      590.66,
      390.15999999999997,
      412.03999999999996,
      362.74,
      478.92999999999995,
      478.19,
      351.75,
      512.0799999999999,
      495.78999999999996,
      291.32,
      399.75,
      163.99,
      229.58
    ],
    "stopping_reason": "time_limit",
    "operations": {
      "candidate_generation": 270731,
      "feasibility_check": 167,
      "weight_evaluation": 167
    }
  }
}