{
  "graph": "graph_n8_d75_adj_matrix",
  "algorithm": "random",
  "result": {
    "graph_name": "graph_n8_d75_adj_matrix",
    "algorithm": "random",
    "best_weight": 1362.46,
    "best_matching": [
      3,
      10,
      11,
      15
    ],
    "runtime": 2.000025559998903,
    "candidates": 54,
    "improvements": 2,
    "duplicates": 250167,
    "infeasible": 0,
    "size_history": {
      "4": 9,
      "3": 13,
      "2": 11,
      "1": 21
    },
    "weight_history": [
      1189.81,
      970.2,
      1156.45,
      999.07,
      602.27,
      471.28,
      890.96,
      1362.46,
      675.75,
      604.5799999999999,
      1180.29,
      1158.33,
      361.96,
      1121.65,
      699.68,
      552.6999999999999,
      798.92,
      404.03,
      444.89,
      829.0,
      1273.01,
      941.69,
      511.54999999999995,
      570.63,
      463.34,
      582.4,
      930.35,
      233.65999999999997,
      251.35,
      299.73,
      176.68,
      678.26,
      269.12,
      135.53,
      204.04,
      69.46,
      637.11,
      485.21,
      307.51,
      568.51,
      227.97,
      28.6,
      698.16,
      92.44,
      370.9,
      41.15,
      124.08,
      142.95,
      483.54,
      446.81,
      446.87,
      164.2,
      342.66,
      370.74
    ],
    "stopping_reason": "time_limit",
    "operations": {
      "candidate_generation": 250221,
      "feasibility_check": 54,
      "weight_evaluation": 54
    }
  }
}