{
  "graph": "graph_n20_d12.5_adj_matrix",
  "algorithm": "greedy",
  "result": {
    "graph_name": "graph_n20_d12.5_adj_matrix",
    "algorithm": "greedy",
    "best_weight": 1788.69,
    "best_matching": [
      0,
      5,
      10,
      17,
      20,
      22
    ],
    "runtime": 2.0000251390010817,
    "candidates": 40,
    "improvements": 5,
    "duplicates": 241164,
    "infeasible": 0,
    "size_history": {
      "5": 22,
      "4": 11,
      "3": 1,
      "6": 6
    },
    "weight_history": [
      1536.97,
      1560.83,
      1559.34,
      1567.22,
      1529.09,
      1565.73,
      1530.58,
      1275.59,
      1535.48,
      1522.92,
      1488.27,
      1259.06,
      1281.98,
      1274.1,
      1252.67,
      1251.73,
      1251.53,
      1280.49,
      1257.57,
      1245.34,
      1237.68,
      972.3299999999999,
      1524.41,
      1489.76,
      1492.67,
      1494.16,
      1501.95,
      1478.0900000000001,
      1787.2,
      1788.69,
      1727.18,
      1696.93,
      1699.47,
      1508.3400000000001,
      1466.84,
      1656.66,
      1465.35,
      1465.53,
      1435.28,
      1471.7
    ],
    "stopping_reason": "time_limit",
    "operations": {
      "candidate_generation": 241204,
      "feasibility_check": 40,
      "weight_evaluation": 40
    }
  }
}