{
  "random": {
    "mean_weight": 1663.9299999999998,
    "std_weight": 134.67555754478977,
    "min_weight": 1473.47,
    "max_weight": 1759.1599999999999,
    "absolute_gap": 95.23000000000002,
    "relative_gap": 0.05413379112758363,
    "approximation_ratio": 0.9458662088724163
  },
  "greedy": {
    "mean_weight": 1589.43,
    "std_weight": 0.0,
    "min_weight": 1589.43,
    "max_weight": 1589.43,
    "absolute_gap": 169.7299999999998,
    "relative_gap": 0.0964835489665521,
    "approximation_ratio": 0.9035164510334479
  },
  "local": {
    "mean_weight": 1646.0066666666667,
    "std_weight": 80.0114893138617,
    "min_weight": 1589.43,
    "max_weight": 1759.1599999999999,
    "absolute_gap": 113.1533333333332,
    "relative_gap": 0.0643223659777014,
    "approximation_ratio": 0.9356776340222986
  }
}