{
  "graph": "graph_n18_d50_adj_matrix",
  "algorithm": "random",
  "result": {
    "graph_name": "graph_n18_d50_adj_matrix",
    "algorithm": "random",
    "best_weight": 3194.2200000000003,
    "best_matching": [
      2,
      6,
      15,
      21,
      39,
      44,
      63,
      73,
      74
    ],
    "runtime": 0.009394492999490467,
    "candidates": 400,
    "improvements": 5,
    "duplicates": 0,
    "infeasible": 0,
    "size_history": {
      "9": 104,
      "8": 268,
      "7": 28
    },
    "weight_history": [
      2534.5,
      2910.86,
      2717.9,
      2501.63,
      2217.16,
      2269.24,
      2563.1,
      2908.16,
      2673.9,
      2350.2599999999998,
      2011.84,
      2829.91,
      2237.27,
      2797.29,
      2433.2000000000003,
      1857.1299999999999,
      2415.7,
      2317.59,
      2121.19,
      2619.75,
      1848.25,
      2972.7200000000003,
      2426.81,
      2040.19,
      2154.12,
      2455.49,
      2685.9900000000002,
      2374.0,
      2357.4,
      2372.66,
      2159.55,
      2986.61,
      2191.33,
      2245.58,
      2380.97,
      2558.57,
      1637.82,
      1659.75,
      2080.91,
      1926.03,
      1410.05,
      1905.99,
      2470.75,
      2233.7,
      1562.84,
      2425.76,
      2298.04,
      2304.28,
      2695.9,
      2214.06,
      2209.54,
      2253.36,
      2065.0099999999998,
      2455.85,
      1983.88,
      2407.88,
      2549.7799999999997,
      1981.43,
      2468.73,
      3194.2200000000003,
      2735.16,
      2324.7599999999998,
      2870.39,
      2004.06,
      2366.37,
      2200.04,
      1907.31,
      2657.2999999999997,
      2315.91,
      2675.42,
      2252.04,
      1724.1000000000001,
      2278.79,
      2794.48,
      2055.31,
      2095.44,
      2919.03,
      2511.1,
      1984.72,
      1717.0900000000001,
      2161.38,
      2649.19,
      2544.91,
      3086.19,
      2694.66,
      2518.44,
      1536.21,
      2314.42,
      2520.21,
      1910.84,
      1994.2,
      2134.4,
      2632.29,
      1909.66,
      2697.97,
      2404.4,
      2776.31,
      2278.73,
      2485.53,
      2904.63,
      2562.01,
      2893.88,
      2893.26,
      2499.86,
      2197.91,
      2661.18,
      2028.0,
      2666.7599999999998,
      2444.75,
      1820.92,
      2764.21,
      1514.06,
      2518.34,
      2390.56,
      2110.91,
      2449.61,
      1997.72,
      2614.52,
      2647.33,
      1868.54,
      2629.0099999999998,
      2247.18,
      2763.1,
      2393.04,
      2683.8,
      2478.84,
      1958.4,
      2591.31,
      2695.54,
      2096.24,
      2826.5099999999998,
      2253.14,
      2123.13,
      2446.82,
      2789.45,
      2496.2,
      2228.73,
      2552.64,
      2090.88,
      2416.55,
      2332.37,
      2082.09,
      2323.45,
      1929.6200000000001,
      1954.7,
      2051.03,
      2226.39,
      2140.1,
      1989.45,
      2053.71,
      2550.84,
      2475.85,
      2299.08,
      2037.56,
      2775.49,
      2267.21,
      2742.48,
      1575.8899999999999,
      2452.23,
      2464.55,
      2663.44,
      2344.66,
      2014.69,
      2640.43,
      2483.1,
      2337.56,
      2341.2,
      2165.5,
      1740.33,
      1587.97,
      2960.74,
      3105.14,
      2124.68,
      1965.48,
      1616.18,
      2382.6,
      2810.16,
      2492.52,
      2474.56,
      2766.05,
      1963.22,
      2897.83,
      1986.23,
      2467.04,
      2434.5,
      2118.1,
      2530.21,
      2525.7599999999998,
      1931.05,
      2259.07,
      2566.33,
      1924.72,
      2301.88,
      1968.8700000000001,
      2500.21,
      2851.25,
      2376.5,
      2580.25,
      2008.03,
      1951.3400000000001,
      1545.64,
      2422.92,
      2378.32,
      2497.81,
      2796.97,
      2102.79,
      2837.74,
      2552.29,
      2615.82,
      2340.56,
      2582.82,
      2784.94,
      2036.21,
      2569.06,
      2209.71,
      2157.77,
      2026.52,
      2526.76,
      2063.53,
      2155.03,
      1917.17,
      2383.34,
      2291.91,
      2714.35,
      2428.68,
      2692.8,
      2019.98,
      2175.06,
      1809.96,
      1999.86,
      2732.65,
      2402.29,
      1834.02,
      2436.38,
      2073.13,
      3092.19,
      2223.08,
      2841.7,
      2244.28,
      2418.7000000000003,
      2462.81,
      2542.18,
      2909.58,
      1770.6100000000001,
      2163.84,
      2163.15,
      2366.83,
      1994.02,
      2632.77,
      2171.84,
      2440.3,
      2729.82,
      2477.71,
      2961.27,
      2540.73,
      2408.39,
      2350.45,
      2342.58,
      2281.8,
      2957.7200000000003,
      2101.35,
      2487.0,
      1517.74,
      2697.68,
      2420.96,
      2145.5099999999998,
      2530.95,
      2810.48,
      2017.92,
      1955.3,
      2270.7,
      2257.65,
      2358.63,
      2872.29,
      2687.0,
      2723.56,
      2856.85,
      2028.95,
      2743.69,
      2054.56,
      2010.03,
      2404.0,
      2436.29,
      2779.09,
      1894.29,
      2674.79,
      2058.59,
      2125.57,
      1949.25,
      1855.24,
      2217.83,
      2211.92,
      1767.3,
      2497.42,
      2378.68,
      1897.79,
      1803.1499999999999,
      2258.59,
      2856.45,
      2398.92,
      1977.43,
      2425.44,
      2396.59,
      2748.41,
      2401.3,
      1890.06,
      1939.9,
      1959.6799999999998,
      3168.87,
      2059.57,
      2462.13,
      2258.1,
      2888.06,
      2574.74,
      2283.21,
      2519.77,
      2188.08,
      2927.88,
      2790.71,
      2513.49,
      1524.32,
      1784.04,
      2422.12,
      1581.8,
      2602.23,
      2742.89,
      1914.59,
      1863.03,
      1710.54,
      1972.34,
      2512.15,
      2314.29,
      1918.34,
      2322.36,
      2538.2200000000003,
      2591.0299999999997,
      2344.43,
      1819.3799999999999,
      2807.09,
      2520.4,
      2062.31,
      2019.56,
      2971.77,
      2244.66,
      1994.43,
      2520.53,
      2561.21,
      2181.06,
      2357.08,
      2385.34,
      2179.11,
      2057.78,
      2228.95,
      2745.42,
      2067.9700000000003,
      2719.16,
      2652.72,
      2146.5,
      2975.04,
      2383.13,
      2633.99,
      2976.3,
      2200.45,
      2590.71,
      2638.71,
      2852.75,
      2573.72,
      2584.06,
      2537.29,
      2025.3,
      2333.49,
      1986.53,
      2366.24,
      2194.62,
      2589.35,
      2426.04,
      2786.68,
      2445.14,
      1532.02,
      2627.41,
      2789.0,
      2225.06,
      2328.25,
      2389.5,
      2561.2,
      2403.87,
      2367.88,
      2247.12,
      3155.44,
      2243.68,
      2697.2,
      2664.7200000000003,
      2987.52,
      2295.72,
      2265.23,
      2139.93,
      2475.48,
      2203.0,
      1429.09,
      2660.6099999999997
    ],
    "stopping_reason": "max_candidates",
    "operations": {
      "candidate_generation": 400,
      "feasibility_check": 400,
      "weight_evaluation": 400
    }
  }
}