{
  "graph": "graph_n12_d75_adj_matrix",
  "algorithm": "local",
  "result": {
    "graph_name": "graph_n12_d75_adj_matrix",
    "algorithm": "local",
    "best_weight": 2005.75,
    "best_matching": [
      3,
      8,
      20,
      27,
      35,
      45
    ],
    "runtime": 2.000733423999918,
    "candidates": 217,
    "improvements": 3,
    "duplicates": 637,
    "infeasible": 0,
    "size_history": {
      "6": 100,
      "5": 74,
      "4": 32,
      "3": 11
    },
    "weight_history": [
      1963.6,
      1836.25,
      1886.25,
      1993.92,
      1856.21,
      1991.93,
      1847.44,
      1832.16,
      1749.73,
      2005.75,
      1781.68,
      1736.97,
      1835.39,
      1693.97,
      1804.88,
      1833.97,
      1741.69,
      1788.38,
      1737.48,
      1696.24,
      1852.75,
      1618.37,
      1541.47,
      1663.96,
      1602.08,
      1675.79,
      1573.35,
      1555.18,
      1352.68,
      1560.01,
      1539.19,
      1548.18,
      1647.46,
      1307.45,
      1336.18,
      1601.87,
      1325.78,
      1317.99,
      1314.5,
      1285.28,
      1309.28,
      1273.94,
      1581.69,
      1306.16,
      1524.97,
      1561.52,
      1597.82,
      1552.91,
      1526.85,
      1711.6,
      1530.78,
      1608.75,
      1547.81,
      1593.47,
      1573.1399999999999,
      1862.3,
      1701.53,
      1720.22,
      1864.58,
      1801.39,
      1768.2,
      1850.47,
      1741.27,
      1855.0,
      1774.81,
      1863.51,
      1883.33,
      1987.69,
      1817.0,
      1977.42,
      1914.1,
      1846.03,
      1879.92,
      1898.78,
      1878.7,
      1893.8600000000001,
      1882.28,
      1864.32,
      1842.06,
      1782.26,
      1770.48,
      1759.65,
      1801.18,
      1713.88,
      1969.74,
      1740.48,
      1792.78,
      1819.24,
      1817.08,
      1813.38,
      1882.04,
      1728.56,
      1980.1,
      1904.46,
      1891.44,
      1878.1399999999999,
      1818.35,
      1985.51,
      1970.23,
      1898.08,
      1902.27,
      1891.75,
      1816.59,
      1889.97,
      1834.31,
      1911.65,
      1878.58,
      1962.74,
      1803.14,
      1875.09,
      1897.87,
      1830.02,
      1968.52,
      1821.03,
      1826.44,
      1890.3700000000001,
      1875.08,
      1783.7,
      1882.49,
      1818.75,
      1798.45,
      1723.42,
      1693.68,
      1703.05,
      1697.38,
      1781.19,
      1987.9,
      1734.69,
      1741.7,
      1790.91,
      1748.8,
      1717.32,
      1525.09,
      1280.55,
      1539.8600000000001,
      1535.49,
      1550.97,
      1570.92,
      1524.48,
      1551.69,
      1730.02,
      1530.24,
      1543.35,
      1714.45,
      1726.37,
      1699.3700000000001,
      1769.62,
      1990.86,
      1745.72,
      1713.3600000000001,
      1709.87,
      1752.2,
      1716.73,
      1705.08,
      1839.35,
      1770.74,
      1775.66,
      1773.89,
      1789.56,
      1892.8,
      1816.97,
      1879.05,
      1865.54,
      1981.57,
      1793.27,
      1719.03,
      1779.73,
      1826.78,
      1897.83,
      1747.18,
      1706.17,
      1775.6100000000001,
      1722.0,
      1748.03,
      1729.8600000000001,
      1787.44,
      1835.14,
      1864.68,
      1783.69,
      1878.19,
      1980.5,
      1777.84,
      1746.52,
      1967.66,
      1896.97,
      1787.77,
      1810.96,
      1776.47,
      1820.25,
      1976.07,
      1882.26,
      1811.16,
      1758.0900000000001,
      1845.54,
      1754.6,
      1789.76,
      1776.51,
      1809.45,
      1744.33,
      1821.48,
      1876.15,
      1844.67,
      1866.57,
      1721.46,
      1885.77,
      1840.6399999999999,
      1759.46,
      1796.67,
      1829.8899999999999,
      1726.28,
      1753.53,
      1807.41,
      1788.5900000000001,
      1770.23,
      1703.44,
      1729.43,
      1724.28
    ],
    "stopping_reason": "time_limit",
    "operations": {
      "candidate_generation": 854,
      "feasibility_check": 217,
      "weight_evaluation": 217
    }
  }
}