{
  "graph": "graph_n17_d75_adj_matrix",
  "algorithm": "random",
  "result": {
    "graph_name": "graph_n17_d75_adj_matrix",
    "algorithm": "random",
    "best_weight": 2104.08,
    "best_matching": [
      0,
      12,
      61,
      73,
      75,
      95,
      101
    ],
    "runtime": 2.0000498709996464,
    "candidates": 237,
    "improvements": 4,
    "duplicates": 86826,
    "infeasible": 0,
    "size_history": {
      "7": 10,
      "6": 22,
      "5": 24,
      "4": 11,
      "3": 21,
      "2": 47,
      "1": 102
    },
    "weight_history": [
      1526.18,
      1968.79,
      1816.22,
      1097.8,
      2026.68,
      1652.18,
      1546.32,
      1435.5,
      1974.55,
      2104.08,
      1378.97,
      1757.75,
      1195.34,
      1489.9099999999999,
      1179.89,
      1374.9099999999999,
      1502.92,
      1365.52,
      1510.32,
      1818.19,
      1483.3899999999999,
      1948.45,
      875.89,
      1083.25,
      1212.38,
      1545.08,
      1003.6700000000001,
      880.74,
      942.93,
      1148.22,
      1407.6599999999999,
      1517.01,
      1518.46,
      1665.3799999999999,
      1855.61,
      1225.36,
      1494.41,
      1892.27,
      1241.17,
      1253.67,
      1726.77,
      1177.34,
      1540.6399999999999,
      1033.6,
      1376.5,
      1361.82,
      1499.22,
      1587.67,
      914.29,
      1426.44,
      1096.64,
      1337.61,
      1437.97,
      1483.92,
      1245.97,
      980.12,
      1271.53,
      1029.22,
      828.61,
      817.4200000000001,
      641.17,
      1017.86,
      510.45,
      1109.05,
      742.88,
      510.42,
      859.38,
      507.57,
      844.95,
      643.22,
      309.75,
      566.8100000000001,
      730.32,
      555.79,
      292.63,
      522.1700000000001,
      651.3199999999999,
      532.95,
      586.53,
      423.54,
      651.6,
      325.39,
      483.65999999999997,
      580.5699999999999,
      731.27,
      770.89,
      480.82,
      604.9300000000001,
      360.9,
      44.72,
      354.54,
      115.41,
      311.75,
      218.25,
      280.59,
      382.43,
      132.85,
      300.53,
      177.12,
      631.05,
      358.96000000000004,
      398.28999999999996,
      307.7,
      423.96000000000004,
      635.63,
      522.46,
      323.46999999999997,
      538.59,
      372.95,
      577.9399999999999,
      350.04,
      160.12,
      226.11,
      273.06,
      53.94,
      133.0,
      329.8,
      250.53,
      230.73,
      70.66,
      249.4,
      458.63,
      203.73,
      369.93,
      150.22,
      85.96,
      199.46,
      240.6,
      113.22,
      414.03,
      172.59,
      175.35,
      108.63,
      726.22,
      155.46,
      385.65,
      399.53,
      396.71,
      159.53,
      355.65,
      390.72,
      211.29,
      299.41,
      818.3,
      617.05,
      403.12,
      167.16,
      240.8,
      588.1800000000001,
      689.36,
      326.09,
      410.45000000000005,
      489.65999999999997,
      485.15000000000003,
      229.16,
      822.35,
      1001.64,
      678.62,
      609.01,
      699.99,
      721.36,
      1120.52,
      1084.06,
      781.03,
      687.79,
      391.5,
      521.1899999999999,
      404.03999999999996,
      784.95,
      528.23,
      414.65,
      269.24,
      398.06,
      754.62,
      511.32000000000005,
      746.91,
      128.76,
      194.62,
      405.71,
      505.02,
      346.55,
      206.32,
      139.74,
      145.79,
      307.03,
      257.87,
      217.04,
      158.9,
      130.61,
      288.18,
      372.19,
      63.07,
      235.59,
      67.12,
      238.6,
      156.78,
      241.9,
      324.91,
      47.42,
      198.96,
      269.53,
      233.19,
      144.01,
      272.15,
      463.76,
      170.85,
      166.09,
      383.13,
      286.23,
      174.86,
      805.55,
      355.42,
      300.88,
      173.53,
      275.63,
      282.87,
      65.92,
      143.41,
      185.65,
      153.83,
      76.97,
      102.59,
      270.5,
      127.77,
      331.09,
      177.23,
      248.68,
      513.02,
      413.0,
      290.99,
      323.01,
      448.35,
      329.3,
      148.66,
      221.2,
      166.88,
      358.79
    ],
    "stopping_reason": "time_limit",
    "operations": {
      "candidate_generation": 87063,
      "feasibility_check": 237,
      "weight_evaluation": 237
    }
  }
}