{
  "graph": "graph_n12_d25_adj_matrix",
  "algorithm": "random",
  "result": {
    "graph_name": "graph_n12_d25_adj_matrix",
    "algorithm": "random",
    "best_weight": 1597.49,
    "best_matching": [
      1,
      5,
      7,
      8,
      10
    ],
    "runtime": 2.0000264490008703,
    "candidates": 125,
    "improvements": 6,
    "duplicates": 269556,
    "infeasible": 0,
    "size_history": {
      "5": 11,
      "4": 32,
      "3": 33,
      "2": 33,
      "1": 16
    },
    "weight_history": [
      1381.13,
      1386.95,
      1093.13,
      1272.4,
      1357.71,
      1222.8,
      1134.21,
      1434.73,
      1325.16,
      1162.73,
      1435.06,
      1174.3,
      1064.6100000000001,
      1582.24,
      1406.21,
      1147.57,
      1296.64,
      1179.8,
      1495.27,
      1114.07,
      1597.49,
      804.69,
      1065.24,
      1079.84,
      1056.8600000000001,
      907.79,
      1142.59,
      1088.17,
      1122.51,
      1289.26,
      1021.51,
      903.83,
      979.35,
      783.95,
      895.5899999999999,
      453.69,
      762.87,
      523.09,
      717.75,
      870.62,
      794.59,
      480.42,
      980.08,
      632.76,
      485.91999999999996,
      277.03,
      808.48,
      693.88,
      355.6,
      154.77,
      546.76,
      267.78,
      539.01,
      502.64,
      846.29,
      152.21,
      428.63,
      134.63,
      384.7,
      309.18,
      461.59,
      124.82,
      384.24,
      59.14,
      394.55,
      237.19,
      463.32,
      693.4200000000001,
      438.02,
      461.39,
      24.33,
      639.82,
      595.38,
      606.6800000000001,
      698.78,
      509.52,
      753.73,
      502.95,
      867.62,
      637.27,
      943.11,
      563.26,
      681.0,
      958.36,
      285.36,
      924.91,
      419.99,
      776.2,
      1004.32,
      919.4100000000001,
      1213.25,
      652.48,
      1240.64,
      1472.67,
      963.02,
      1419.9099999999999,
      970.91,
      872.44,
      672.62,
      716.02,
      980.92,
      468.61,
      729.37,
      828.05,
      534.34,
      887.65,
      1070.73,
      882.83,
      905.4,
      958.3199999999999,
      518.87,
      527.7,
      915.86,
      510.01,
      409.03,
      434.0,
      368.32,
      494.31,
      504.12,
      517.39,
      193.76999999999998,
      200.83,
      133.15,
      438.99,
      369.49
    ],
    "stopping_reason": "time_limit",
    "operations": {
      "candidate_generation": 269681,
      "feasibility_check": 125,
      "weight_evaluation": 125
    }
  }
}