{
  "graph": "graph_n10_d75_adj_matrix",
  "algorithm": "greedy",
  "result": {
    "graph_name": "graph_n10_d75_adj_matrix",
    "algorithm": "greedy",
    "best_weight": 1796.44,
    "best_matching": [
      0,
      14,
      16,
      22,
      29
    ],
    "runtime": 2.0000213749990507,
    "candidates": 23,
    "improvements": 5,
    "duplicates": 167604,
    "infeasible": 0,
    "size_history": {
      "5": 16,
      "4": 7
    },
    "weight_history": [
      1733.79,
      1754.31,
      1776.56,
      1749.47,
      1730.08,
      1775.43,
      1791.6,
      1558.9,
      1796.44,
      1425.29,
      1691.87,
      1481.45,
      1485.1599999999999,
      1637.1,
      1394.8600000000001,
      1421.58,
      1764.48,
      1679.23,
      1659.35,
      1650.23,
      1722.84,
      1368.9,
      1529.51
    ],
    "stopping_reason": "time_limit",
    "operations": {
      "candidate_generation": 167627,
      "feasibility_check": 23,
      "weight_evaluation": 23
    }
  }
}