{
  "graph": "graph_n18_d25_adj_matrix",
  "algorithm": "local",
  "result": {
    "graph_name": "graph_n18_d25_adj_matrix",
    "algorithm": "local",
    "best_weight": 2795.34,
    "best_matching": [
      4,
      8,
      12,
      16,
      19,
      20,
      26,
      28,
      31
    ],
    "runtime": 2.00198453899975,
    "candidates": 73,
    "improvements": 3,
    "duplicates": 687,
    "infeasible": 0,
    "size_history": {
      "8": 28,
      "7": 11,
      "9": 3,
      "6": 12,
      "5": 11,
      "4": 7,
      "3": 1
    },
    "weight_history": [
      2649.82,
      2684.68,
      2676.25,
      2660.92,
      2658.25,
      2648.5,
      2642.26,
      2512.05,
      2524.71,
      2524.4700000000003,
      2634.4900000000002,
      2572.86,
      2399.14,
      2795.34,
      2704.62,
      2672.16,
      2775.15,
      2569.56,
      2668.69,
      2579.36,
      2469.87,
      2617.95,
      2532.1400000000003,
      2567.54,
      2634.19,
      2550.9,
      2622.71,
      2540.04,
      2518.02,
      2593.97,
      2410.26,
      2567.8,
      2549.1,
      2485.62,
      2469.63,
      2195.91,
      2496.06,
      2473.3,
      2499.73,
      2503.62,
      2456.8,
      2460.78,
      2318.67,
      2488.29,
      2300.67,
      2327.1,
      2292.2400000000002,
      2292.6,
      2284.92,
      2064.7200000000003,
      2261.16,
      2273.58,
      2276.91,
      2247.15,
      2210.2200000000003,
      2072.57,
      2073.15,
      2048.81,
      2049.39,
      2005.43,
      2064.14,
      2030.97,
      2019.63,
      1777.18,
      2030.39,
      2031.71,
      1723.66,
      1768.75,
      1750.9,
      1753.42,
      1401.46,
      1735.5700000000002,
      1735.0
    ],
    "stopping_reason": "time_limit",
    "operations": {
      "candidate_generation": 760,
      "feasibility_check": 73,
      "weight_evaluation": 73
    }
  }
}