{
  "graph": "graph_n6_d75_adj_matrix",
  "algorithm": "random",
  "result": {
    "graph_name": "graph_n6_d75_adj_matrix",
    "algorithm": "random",
    "best_weight": 801.03,
    "best_matching": [
      0,
      10
    ],
    "runtime": 2.000025411000024,
    "candidates": 33,
    "improvements": 3,
    "duplicates": 324603,
    "infeasible": 0,
    "size_history": {
      "2": 22,
      "1": 11
    },
    "weight_history": [
      394.91999999999996,
      786.38,
      801.03,
      557.74,
      770.87,
      493.81,
      573.63,
      378.11,
      337.86,
      722.3299999999999,
      409.89,
      236.69,
      392.76,
      230.26,
      417.56,
      180.87,
      158.23,
      263.55,
      408.27,
      314.06,
      247.42,
      179.63,
      550.75,
      544.3199999999999,
      625.53,
      671.8199999999999,
      561.48,
      536.34,
      360.5,
      623.02,
      421.78,
      644.96,
      493.69
    ],
    "stopping_reason": "time_limit",
    "operations": {
      "candidate_generation": 324636,
      "feasibility_check": 33,
      "weight_evaluation": 33
    }
  }
}