{
  "graph": "graph_n16_d75_adj_matrix",
  "algorithm": "local",
  "result": {
    "graph_name": "graph_n16_d75_adj_matrix",
    "algorithm": "local",
    "best_weight": 3222.88,
    "best_matching": [
      5,
      21,
      29,
      35,
      42,
      65,
      86,
      87
    ],
    "runtime": 2.0017365260009683,
    "candidates": 75,
    "improvements": 4,
    "duplicates": 588,
    "infeasible": 0,
    "size_history": {
      "8": 66,
      "7": 9
    },
    "weight_history": [
      3153.85,
      3081.29,
      3127.4900000000002,
      3140.5,
      3100.53,
      3011.54,
      3128.21,
      3038.65,
      3061.41,
      3054.18,
      3203.35,
      2961.69,
      2927.92,
      3016.2,
      2999.39,
      3213.06,
      3077.29,
      2967.88,
      3016.18,
      3029.61,
      3163.13,
      3143.7,
      2960.23,
      3073.28,
      3206.85,
      3119.48,
      3037.7000000000003,
      3206.58,
      3087.52,
      3110.26,
      3094.28,
      3209.83,
      3155.03,
      3131.84,
      3209.87,
      3058.41,
      3155.54,
      3200.05,
      3177.73,
      2930.17,
      3092.95,
      3116.99,
      2971.69,
      3079.89,
      3179.16,
      3222.88,
      3132.4900000000002,
      3096.78,
      3091.19,
      3039.36,
      3144.4700000000003,
      3022.1,
      3129.41,
      3116.62,
      2911.91,
      2997.18,
      3171.04,
      3020.62,
      3096.13,
      3092.52,
      3081.36,
      3138.05,
      3122.43,
      2989.38,
      3039.77,
      3163.38,
      3154.59,
      2960.85,
      3119.45,
      3176.2,
      3147.67,
      3197.26,
      3038.88,
      3083.47,
      2963.89
    ],
    "stopping_reason": "time_limit",
    "operations": {
      "candidate_generation": 663,
      "feasibility_check": 75,
      "weight_evaluation": 75
    }
  }
}