{
  "graph": "graph_n15_d75_adj_matrix",
  "algorithm": "random",
  "result": {
    "graph_name": "graph_n15_d75_adj_matrix",
    "algorithm": "random",
    "best_weight": 2700.42,
    "best_matching": [
      2,
      18,
      27,
      54,
      58,
      64,
      72
    ],
    "runtime": 0.009723088000100688,
    "candidates": 400,
    "improvements": 5,
    "duplicates": 35,
    "infeasible": 0,
    "size_history": {
      "7": 108,
      "6": 33,
      "5": 14,
      "4": 26,
      "3": 75,
      "2": 101,
      "1": 43
    },
    "weight_history": [
      2249.55,
      1788.78,
      2277.78,
      1866.3899999999999,
      2472.7400000000002,
      1971.66,
      2253.2400000000002,
      1930.95,
      2260.4,
      2579.99,
      2700.42,
      2169.62,
      2366.48,
      1831.54,
      2163.24,
      2294.7400000000002,
      2363.9,
      2408.38,
      2221.67,
      2179.6,
      1816.38,
      1216.97,
      1420.63,
      1245.44,
      1944.26,
      1612.73,
      1363.78,
      2108.31,
      1305.18,
      1103.81,
      1566.76,
      1736.05,
      1988.3899999999999,
      2230.83,
      2050.39,
      1884.5900000000001,
      1495.85,
      1890.25,
      1576.19,
      1826.8799999999999,
      2351.6800000000003,
      2448.61,
      2011.32,
      2272.86,
      2598.2000000000003,
      2143.91,
      1719.14,
      2492.91,
      1929.87,
      2209.1,
      1740.28,
      1562.35,
      2079.41,
      1913.72,
      2290.36,
      2520.35,
      2115.06,
      1909.04,
      2108.97,
      1708.3799999999999,
      2051.45,
      2318.54,
      2159.45,
      1969.53,
      1718.18,
      2259.91,
      2443.55,
      2383.74,
      2237.9700000000003,
      2120.78,
      2106.49,
      1859.8799999999999,
      1775.6,
      2171.93,
      2007.65,
      1990.94,
      2260.09,
      1818.66,
      2385.96,
      1905.43,
      2120.05,
      1338.28,
      2276.01,
      1919.25,
      1751.93,
      2470.31,
      2367.79,
      2029.48,
      2330.38,
      2045.52,
      2168.97,
      1979.13,
      1870.1,
      1827.18,
      1730.3400000000001,
      1774.67,
      2242.28,
      1858.7,
      1895.15,
      2453.45,
      2063.55,
      2139.82,
      2056.02,
      2257.54,
      1808.84,
      2297.14,
      2006.42,
      2472.4900000000002,
      1582.83,
      2259.04,
      2030.02,
      1683.48,
      2162.39,
      1906.28,
      1779.28,
      2005.75,
      2067.11,
      1831.6,
      1772.84,
      1348.7,
      1548.2,
      1963.43,
      1795.46,
      1691.71,
      2398.96,
      1972.06,
      1799.8,
      1981.53,
      1382.96,
      1227.03,
      2344.93,
      2110.8,
      1877.78,
      1873.58,
      1966.62,
      1475.68,
      1486.83,
      1843.83,
      1680.16,
      1563.4,
      1418.77,
      2173.2,
      1744.8400000000001,
      1340.81,
      1225.33,
      1218.18,
      1187.95,
      1682.27,
      1592.01,
      1128.27,
      900.6600000000001,
      1818.99,
      1663.31,
      1352.4099999999999,
      1690.02,
      954.9,
      721.2,
      1281.16,
      1312.27,
      1328.75,
      859.71,
      1277.3700000000001,
      1057.26,
      1166.9099999999999,
      1332.1,
      1149.09,
      925.9200000000001,
      916.66,
      623.36,
      810.38,
      1029.8,
      1057.7,
      1115.25,
      1255.29,
      359.27,
      1135.27,
      892.4300000000001,
      871.8,
      462.90999999999997,
      223.39000000000001,
      662.69,
      279.25,
      986.3299999999999,
      595.21,
      624.49,
      491.16999999999996,
      710.6,
      230.05,
      522.04,
      140.55,
      152.07,
      411.14,
      314.16,
      351.57,
      113.15,
      322.69,
      245.73,
      330.68,
      628.14,
      592.0,
      593.8100000000001,
      337.71,
      607.77,
      528.4100000000001,
      673.11,
      539.98,
      678.04,
      759.6800000000001,
      841.23,
      511.57,
      377.72,
      559.73,
      265.0,
      436.74,
      263.05,
      418.04,
      216.09,
      593.81,
      381.27,
      302.04,
      546.49,
      476.78,
      759.8299999999999,
      439.85,
      1161.47,
      410.15000000000003,
      563.4300000000001,
      442.69,
      595.27,
      480.8,
      710.94,
      670.65,
      1006.1199999999999,
      1124.74,
      1111.38,
      1068.67,
      872.8299999999999,
      890.05,
      233.06,
      880.12,
      696.35,
      1275.82,
      471.19,
      697.0799999999999,
      824.5699999999999,
      701.42,
      410.10999999999996,
      335.70000000000005,
      790.6300000000001,
      855.23,
      291.90999999999997,
      659.96,
      320.23,
      982.59,
      1004.8100000000001,
      664.3399999999999,
      1154.95,
      541.9300000000001,
      1141.47,
      714.76,
      934.25,
      795.4499999999999,
      794.24,
      637.83,
      790.72,
      820.04,
      694.8,
      771.26,
      493.18,
      678.51,
      374.99,
      494.3,
      832.61,
      232.73,
      563.76,
      476.47,
      500.25,
      482.42,
      194.55,
      228.18,
      625.8,
      234.18,
      300.67,
      66.12,
      239.01,
      127.02,
      675.42,
      850.51,
      728.52,
      998.51,
      786.52,
      615.45,
      446.88,
      635.9,
      791.5799999999999,
      678.04,
      570.38,
      733.97,
      1222.45,
      958.72,
      368.57000000000005,
      794.9000000000001,
      525.02,
      560.21,
      566.85,
      1120.27,
      887.78,
      696.63,
      1166.56,
      751.3,
      232.48,
      611.12,
      917.15,
      521.0,
      338.8,
      141.15,
      757.73,
      405.96,
      543.95,
      903.3199999999999,
      1233.3200000000002,
      802.49,
      1310.06,
      589.3,
      1048.0900000000001,
      872.72,
      601.25,
      715.99,
      901.84,
      1479.24,
      1292.87,
      1613.01,
      1157.27,
      959.5,
      862.61,
      1335.23,
      1061.6100000000001,
      1396.4099999999999,
      991.47,
      744.01,
      1347.19,
      1051.97,
      869.6800000000001,
      1232.8600000000001,
      1051.66,
      1167.13,
      1004.78,
      411.24,
      814.5699999999999,
      916.66,
      786.47,
      965.1700000000001,
      532.77,
      535.92,
      417.40999999999997,
      725.3,
      394.85,
      1012.3499999999999,
      948.31,
      746.6,
      958.78,
      738.49,
      565.0,
      60.54,
      654.81,
      403.45,
      178.76,
      445.38,
      110.37,
      484.48,
      57.56,
      643.47,
      339.73,
      286.34,
      436.79,
      653.23,
      747.53,
      477.21000000000004,
      352.77,
      623.45,
      689.46,
      841.3800000000001,
      874.81,
      607.1500000000001,
      746.97,
      1530.66,
      682.61,
      572.7,
      1140.13,
      1082.83,
      732.98,
      869.6800000000001,
      950.1700000000001,
      1233.99,
      765.6800000000001,
      631.21,
      523.01,
      330.83,
      593.21,
      959.98
    ],
    "stopping_reason": "max_candidates",
    "operations": {
      "candidate_generation": 435,
      "feasibility_check": 400,
      "weight_evaluation": 400
    }
  }
}