{
  "random": {
    "mean_weight": 2402.396666666667,
    "std_weight": 52.21428242242633,
    "min_weight": 2336.69,
    "max_weight": 2464.4300000000003,
    "absolute_gap": 75.52333333333308,
    "relative_gap": 0.03047851961860475,
    "approximation_ratio": 0.9695214803813953
  },
  "greedy": {
    "mean_weight": 2434.4333333333334,
    "std_weight": 61.49943378239801,
    "min_weight": 2347.46,
    "max_weight": 2477.92,
    "absolute_gap": 43.48666666666668,
    "relative_gap": 0.01754966531069069,
    "approximation_ratio": 0.9824503346893093
  },
  "local": {
    "mean_weight": 2477.92,
    "std_weight": 0.0,
    "min_weight": 2477.92,
    "max_weight": 2477.92,
    "absolute_gap": 0.0,
    "relative_gap": 0.0,
    "approximation_ratio": 1.0
  }
}