{
  "graph": "graph_n13_d12.5_adj_matrix",
  "algorithm": "random",
  "result": {
    "graph_name": "graph_n13_d12.5_adj_matrix",
    "algorithm": "random",
    "best_weight": 1419.29,
    "best_matching": [
      1,
      2,
      3,
      6
    ],
    "runtime": 2.0000198439993255,
    "candidates": 15,
    "improvements": 2,
    "duplicates": 288914,
    "infeasible": 0,
    "size_history": {
      "5": 1,
      "4": 11,
      "3": 3
    },
    "weight_history": [
      1138.67,
      1091.03,
      1419.29,
      1222.99,
      732.85,
      1013.47,
      1110.3899999999999,
      865.89,
      1286.31,
      1090.01,
      894.17,
      1306.69,
      894.73,
      817.17,
      889.8199999999999
    ],
    "stopping_reason": "time_limit",
    "operations": {
      "candidate_generation": 288929,
      "feasibility_check": 15,
      "weight_evaluation": 15
    }
  }
}