{
  "graph": "graph_n15_d50_adj_matrix",
  "algorithm": "random",
  "result": {
    "graph_name": "graph_n15_d50_adj_matrix",
    "algorithm": "random",
    "best_weight": 2851.78,
    "best_matching": [
      0,
      15,
      19,
      32,
      34,
      40,
      51
    ],
    "runtime": 0.007799375000104192,
    "candidates": 400,
    "improvements": 6,
    "duplicates": 76,
    "infeasible": 0,
    "size_history": {
      "7": 39,
      "6": 104,
      "5": 78,
      "4": 63,
      "3": 46,
      "2": 23,
      "1": 47
    },
    "weight_history": [
      1972.5,
      1663.0,
      2232.88,
      1513.74,
      1837.02,
      1475.89,
      1946.83,
      1477.91,
      1938.08,
      1611.2,
      2213.1,
      1730.31,
      1826.06,
      1629.18,
      1930.14,
      1852.62,
      1141.65,
      1799.84,
      1430.55,
      2039.3,
      1758.63,
      924.21,
      1356.21,
      2131.16,
      1635.57,
      1613.35,
      2248.01,
      1903.24,
      1522.59,
      1829.37,
      1502.8600000000001,
      1654.6000000000001,
      1581.69,
      1947.85,
      1569.13,
      1361.38,
      1371.1,
      1365.26,
      1736.55,
      1332.37,
      1608.59,
      1215.42,
      1637.18,
      1285.26,
      1186.88,
      1375.36,
      1696.51,
      1899.21,
      1995.75,
      1027.05,
      2070.97,
      1469.31,
      1604.57,
      1879.26,
      1670.32,
      1329.35,
      1016.6700000000001,
      1424.47,
      1200.96,
      1314.05,
      1761.57,
      1191.42,
      1513.93,
      2016.41,
      1702.16,
      1508.18,
      1315.03,
      1709.46,
      1385.22,
      1199.5900000000001,
      566.12,
      1330.03,
      1154.76,
      1139.32,
      1258.57,
      1245.95,
      1167.17,
      1994.2,
      1605.39,
      1572.02,
      1374.45,
      1605.1100000000001,
      1538.92,
      1869.55,
      1743.59,
      1350.31,
      1690.13,
      1608.51,
      1533.2,
      1584.68,
      1354.67,
      1608.88,
      1573.75,
      849.78,
      1326.01,
      1462.58,
      929.18,
      1629.19,
      700.01,
      1395.35,
      1624.05,
      2149.25,
      1617.38,
      1741.29,
      1356.18,
      1562.58,
      1581.0,
      1558.08,
      1613.8,
      1962.81,
      1791.67,
      1543.45,
      2332.64,
      2541.6,
      2252.94,
      2039.94,
      1825.1799999999998,
      2134.7799999999997,
      2199.66,
      1946.81,
      2183.42,
      2851.78,
      2147.63,
      1881.2,
      1806.32,
      1985.81,
      1931.42,
      2540.6,
      2517.06,
      2174.04,
      1891.01,
      2417.85,
      1878.04,
      1995.46,
      1800.53,
      1836.94,
      2318.22,
      2048.97,
      1902.25,
      1869.25,
      1297.3,
      1869.71,
      1621.33,
      2133.48,
      1963.12,
      2321.0299999999997,
      1677.3899999999999,
      2426.38,
      2342.36,
      1751.95,
      2053.34,
      2436.14,
      2517.46,
      1955.08,
      1547.83,
      2009.1599999999999,
      1309.57,
      1434.52,
      1698.47,
      1421.25,
      1978.47,
      1567.04,
      1750.79,
      1765.0900000000001,
      1636.24,
      1484.8700000000001,
      2580.4,
      1504.67,
      2215.96,
      2128.68,
      2152.29,
      2487.12,
      2183.05,
      1781.0500000000002,
      2645.23,
      2574.74,
      1748.48,
      1919.31,
      1539.72,
      1631.04,
      1984.69,
      2176.98,
      1956.95,
      873.99,
      1529.1499999999999,
      1599.82,
      1566.57,
      2181.26,
      1748.27,
      1368.7,
      2293.0099999999998,
      1757.47,
      1707.35,
      1992.47,
      2588.12,
      2065.0099999999998,
      1501.55,
      2082.38,
      1715.69,
      2195.34,
      1935.3400000000001,
      2161.81,
      1805.75,
      1773.73,
      1463.16,
      1756.77,
      2174.9700000000003,
      1997.38,
      1888.02,
      1878.3,
      1728.46,
      1340.76,
      2008.1,
      1331.93,
      926.48,
      1781.0900000000001,
      1822.51,
      1684.6,
      1410.97,
      1151.86,
      2031.18,
      1500.45,
      2106.24,
      2011.41,
      2404.4,
      1861.7,
      2095.89,
      1473.38,
      1862.47,
      1847.99,
      2166.8199999999997,
      1535.01,
      1628.01,
      1634.2,
      1590.1399999999999,
      1731.65,
      1920.86,
      1210.99,
      968.24,
      1466.97,
      1627.8899999999999,
      1470.76,
      1264.06,
      1403.74,
      1044.45,
      1255.32,
      1126.82,
      1184.58,
      1318.2,
      1335.5,
      1245.58,
      1217.08,
      1083.71,
      677.5799999999999,
      841.0,
      884.3199999999999,
      771.77,
      1295.6399999999999,
      1064.19,
      1139.22,
      657.35,
      1036.17,
      783.33,
      913.53,
      1092.49,
      929.6,
      1743.34,
      1072.04,
      920.2,
      1472.19,
      927.8100000000001,
      928.5699999999999,
      1455.1,
      1146.05,
      1123.58,
      649.6600000000001,
      1061.3899999999999,
      770.4,
      1060.51,
      925.01,
      481.09000000000003,
      855.3,
      1025.78,
      558.01,
      1149.43,
      376.53000000000003,
      1569.88,
      836.84,
      1147.66,
      1358.1,
      1097.05,
      796.9300000000001,
      1592.49,
      1242.06,
      1536.63,
      1233.92,
      1365.1,
      607.85,
      584.74,
      928.96,
      598.53,
      936.44,
      1032.81,
      878.62,
      1097.22,
      1108.3600000000001,
      1012.99,
      921.71,
      1583.4,
      1111.76,
      1256.42,
      1166.55,
      1045.28,
      1190.95,
      1532.26,
      613.13,
      1134.92,
      970.9,
      1037.75,
      1016.13,
      1013.22,
      1265.77,
      1156.85,
      969.1800000000001,
      894.05,
      687.84,
      635.95,
      1219.52,
      1061.69,
      694.87,
      605.71,
      695.24,
      874.81,
      580.3299999999999,
      295.28999999999996,
      902.1199999999999,
      445.13,
      267.42,
      984.51,
      464.23,
      577.5600000000001,
      265.0,
      263.05,
      437.14,
      436.74,
      220.06,
      230.05,
      482.42,
      462.47,
      378.76,
      78.34,
      140.55,
      866.72,
      286.96,
      715.7,
      478.15,
      448.77,
      912.74,
      960.74,
      513.62,
      901.97,
      563.27,
      809.0,
      466.46,
      403.75,
      57.56,
      381.27,
      352.77,
      70.01,
      557.29,
      418.04,
      330.68,
      399.96,
      351.67,
      279.09,
      159.52,
      187.67,
      199.06,
      216.09,
      445.38,
      113.15,
      117.18,
      391.62,
      344.68,
      451.24,
      411.14,
      559.73,
      403.45,
      322.69,
      216.95,
      152.07,
      368.01,
      344.83,
      440.99,
      302.04,
      286.34,
      334.43,
      107.9,
      215.06,
      838.8199999999999
    ],
    "stopping_reason": "max_candidates",
    "operations": {
      "candidate_generation": 476,
      "feasibility_check": 400,
      "weight_evaluation": 400
    }
  }
}