{
  "graph": "graph_n11_d75_adj_matrix",
  "algorithm": "random",
  "result": {
    "graph_name": "graph_n11_d75_adj_matrix",
    "algorithm": "random",
    "best_weight": 1564.4,
    "best_matching": [
      5,
      7,
      14,
      22,
      33
    ],
    "runtime": 2.000036323999666,
    "candidates": 229,
    "improvements": 3,
    "duplicates": 188959,
    "infeasible": 0,
    "size_history": {
      "5": 65,
      "4": 55,
      "3": 44,
      "2": 24,
      "1": 41
    },
    "weight_history": [
      1297.33,
      1264.43,
      1199.03,
      1213.39,
      1068.25,
      1563.92,
      1470.37,
      1047.99,
      1401.82,
      1564.4,
      1305.76,
      1229.81,
      1385.72,
      739.24,
      1025.82,
      1244.17,
      1424.63,
      1267.81,
      1487.08,
      860.42,
      1213.15,
      1195.74,
      810.89,
      1273.8,
      1522.82,
      1159.65,
      1128.4,
      1336.98,
      1098.02,
      1179.98,
      1311.3999999999999,
      1270.65,
      897.91,
      1259.0,
      786.52,
      984.11,
      1174.66,
      1079.96,
      1106.79,
      1230.32,
      675.21,
      1107.25,
      679.9399999999999,
      1009.0699999999999,
      759.47,
      582.8000000000001,
      817.63,
      932.09,
      719.16,
      614.66,
      507.63,
      879.19,
      904.64,
      927.5699999999999,
      908.52,
      700.43,
      1182.85,
      1090.31,
      1250.7,
      907.85,
      873.85,
      992.29,
      1233.3,
      608.59,
      1168.09,
      1416.97,
      883.5699999999999,
      1427.8899999999999,
      1502.18,
      1446.93,
      1291.27,
      1399.02,
      1318.76,
      967.6899999999999,
      1213.3,
      1190.46,
      1453.36,
      1527.53,
      1366.65,
      979.77,
      1429.82,
      1166.44,
      1498.54,
      1323.14,
      961.89,
      1543.54,
      1519.06,
      1443.94,
      1060.69,
      1407.84,
      1509.36,
      531.29,
      1494.83,
      1449.71,
      1504.77,
      1191.77,
      1394.09,
      892.66,
      1426.92,
      1272.43,
      1136.94,
      741.48,
      1012.28,
      1088.97,
      1028.91,
      978.06,
      940.84,
      651.81,
      1459.5,
      1177.72,
      794.86,
      958.63,
      848.91,
      923.95,
      964.62,
      612.24,
      361.08,
      860.1,
      1026.18,
      805.01,
      414.89,
      949.15,
      1053.31,
      1270.95,
      1147.61,
      1125.1100000000001,
      1115.45,
      1397.08,
      1083.97,
      928.74,
      969.94,
      998.59,
      439.32,
      752.53,
      953.1700000000001,
      565.1,
      464.28999999999996,
      1075.29,
      1073.52,
      959.73,
      719.99,
      440.08,
      771.8,
      1224.6299999999999,
      856.61,
      1358.66,
      1216.08,
      987.19,
      1120.78,
      1174.02,
      1225.42,
      1092.3500000000001,
      1006.2,
      1093.53,
      806.64,
      448.39,
      914.15,
      823.38,
      831.06,
      974.84,
      855.69,
      893.7,
      741.75,
      965.47,
      750.3000000000001,
      481.33,
      172.31,
      268.76,
      238.85,
      424.45,
      378.81,
      658.17,
      303.73,
      262.88,
      164.64,
      126.7,
      240.8,
      419.32,
      190.16,
      27.89,
      96.8,
      205.3,
      888.1700000000001,
      220.05,
      292.5,
      236.24,
      195.53,
      137.64,
      336.81,
      460.44,
      415.02,
      429.91,
      175.79,
      220.05,
      385.77,
      191.38,
      396.56,
      106.51,
      98.84,
      166.09,
      390.37,
      224.29,
      419.64,
      264.93,
      70.46,
      87.09,
      422.9,
      203.53,
      65.8,
      712.14,
      406.89,
      165.52999999999997,
      614.5699999999999,
      605.18,
      699.29,
      563.6,
      390.78,
      493.53000000000003,
      325.94,
      531.35,
      311.27,
      364.3,
      138.01,
      261.28,
      376.49,
      169.92,
      497.8,
      195.25,
      427.73
    ],
    "stopping_reason": "time_limit",
    "operations": {
      "candidate_generation": 189188,
      "feasibility_check": 229,
      "weight_evaluation": 229
    }
  }
}