{
  "graph": "graph_n14_d25_adj_matrix",
  "algorithm": "local",
  "result": {
    "graph_name": "graph_n14_d25_adj_matrix",
    "algorithm": "local",
    "best_weight": 2049.7799999999997,
    "best_matching": [
      0,
      5,
      6,
      11,
      12,
      20
    ],
    "runtime": 2.0023852630001784,
    "candidates": 10,
    "improvements": 1,
    "duplicates": 791,
    "infeasible": 0,
    "size_history": {
      "6": 8,
      "5": 2
    },
    "weight_history": [
      2049.7799999999997,
      2026.47,
      1968.33,
      1987.76,
      2006.0,
      2011.07,
      1982.69,
      1838.62,
      1924.55,
      1758.52
    ],
    "stopping_reason": "time_limit",
    "operations": {
      "candidate_generation": 801,
      "feasibility_check": 10,
      "weight_evaluation": 10
    }
  }
}