{
  "graph": "graph_n14_d50_adj_matrix",
  "algorithm": "greedy",
  "result": {
    "graph_name": "graph_n14_d50_adj_matrix",
    "algorithm": "greedy",
    "best_weight": 2474.65,
    "best_matching": [
      4,
      10,
      12,
      24,
      29,
      32,
      43
    ],
    "runtime": 2.000056130000303,
    "candidates": 182,
    "improvements": 7,
    "duplicates": 108840,
    "infeasible": 0,
    "size_history": {
      "6": 117,
      "5": 44,
      "4": 4,
      "7": 17
    },
    "weight_history": [
      2113.34,
      2127.75,
      2199.5,
      2070.64,
      2121.19,
      2319.45,
      2138.02,
      1976.26,
      1960.1000000000001,
      2245.11,
      2069.12,
      1982.82,
      1933.8700000000001,
      1838.94,
      1789.42,
      1885.06,
      1890.38,
      1911.6399999999999,
      2150.73,
      2078.34,
      1844.26,
      1723.6100000000001,
      2002.88,
      2101.12,
      2005.71,
      2073.09,
      2048.8,
      2232.6,
      2126.05,
      1976.17,
      2051.83,
      2197.47,
      2324.2200000000003,
      2117.95,
      2071.9,
      2215.57,
      2078.8,
      2084.82,
      2006.22,
      2312.49,
      2039.15,
      1986.73,
      1903.87,
      2032.8500000000001,
      2130.82,
      1858.26,
      1923.3700000000001,
      1911.33,
      1910.45,
      1951.57,
      1868.54,
      1951.18,
      1924.19,
      1956.19,
      1956.35,
      2312.89,
      2278.55,
      2002.6200000000001,
      1989.19,
      2051.99,
      2203.06,
      2151.35,
      2245.88,
      2203.06,
      2058.13,
      2201.08,
      1871.4,
      1895.99,
      1825.28,
      1822.42,
      2035.31,
      1798.65,
      2065.83,
      2084.12,
      1894.81,
      1836.1100000000001,
      2084.92,
      2111.78,
      2042.49,
      2051.66,
      2226.13,
      2040.92,
      2069.0,
      2205.02,
      2149.75,
      2036.29,
      2185.42,
      2240.5,
      1983.9,
      2068.3,
      2135.5,
      2175.48,
      2248.4700000000003,
      2294.68,
      2189.22,
      2167.13,
      2138.41,
      2026.29,
      2240.96,
      2055.38,
      2096.03,
      2287.81,
      2052.17,
      2086.7,
      2031.1,
      1890.54,
      2202.2400000000002,
      2215.57,
      2038.3300000000002,
      2212.8,
      2032.73,
      1841.43,
      1719.5500000000002,
      1907.24,
      2060.24,
      1795.8200000000002,
      1857.69,
      2065.01,
      1864.8400000000001,
      1757.35,
      1872.38,
      2059.32,
      1986.3600000000001,
      2104.08,
      2134.47,
      2248.27,
      2208.03,
      2194.89,
      2247.08,
      2184.79,
      2014.58,
      2086.71,
      2025.03,
      2007.43,
      2035.47,
      2249.01,
      2039.15,
      2012.52,
      2213.62,
      2199.78,
      2176.4,
      2022.29,
      2388.29,
      1944.76,
      2041.1,
      1992.82,
      2118.11,
      2377.73,
      2181.17,
      2292.58,
      1957.27,
      2474.65,
      1990.1100000000001,
      2022.63,
      2003.49,
      2154.11,
      1994.08,
      2161.91,
      1981.75,
      1973.34,
      2053.18,
      2260.82,
      2232.62,
      2363.24,
      1990.88,
      1957.53,
      1975.99,
      2010.95,
      2273.94,
      2186.43,
      2146.06,
      2186.9900000000002,
      2005.81,
      2130.28,
      2411.17,
      1987.3400000000001,
      2092.29,
      2187.25,
      2014.91,
      2249.01,
      2022.46,
      2118.81
    ],
    "stopping_reason": "time_limit",
    "operations": {
      "candidate_generation": 109022,
      "feasibility_check": 182,
      "weight_evaluation": 182
    }
  }
}