{
  "graph": "graph_n17_d25_adj_matrix",
  "algorithm": "greedy",
  "result": {
    "graph_name": "graph_n17_d25_adj_matrix",
    "algorithm": "greedy",
    "best_weight": 2327.69,
    "best_matching": [
      0,
      7,
      10,
      11,
      18,
      22,
      25,
      29
    ],
    "runtime": 2.0000311069998133,
    "candidates": 52,
    "improvements": 8,
    "duplicates": 152571,
    "infeasible": 0,
    "size_history": {
      "7": 20,
      "6": 11,
      "5": 1,
      "8": 20
    },
    "weight_history": [
      2160.66,
      2197.89,
      2173.25,
      2263.36,
      2210.48,
      2236.52,
      2222.31,
      2143.95,
      2266.82,
      2273.75,
      2158.5099999999998,
      2088.5,
      2110.18,
      2065.67,
      2147.41,
      2106.72,
      2102.9,
      2091.96,
      2076.87,
      2080.33,
      2043.1,
      1859.35,
      2164.12,
      2195.74,
      2192.2799999999997,
      2201.35,
      2196.2799999999997,
      2155.05,
      2264.42,
      2206.67,
      2169.44,
      2245.79,
      2218.3,
      2290.46,
      2317.3,
      2227.19,
      2327.69,
      2221.58,
      2258.81,
      2320.7599999999998,
      2315.15,
      2272.24,
      2276.25,
      2299.73,
      2311.69,
      2284.85,
      2322.08,
      2270.64,
      2266.63,
      2294.12,
      2239.79,
      2245.4
    ],
    "stopping_reason": "time_limit",
    "operations": {
      "candidate_generation": 152623,
      "feasibility_check": 52,
      "weight_evaluation": 52
    }
  }
}