{
  "graph": "graph_n9_d75_adj_matrix",
  "algorithm": "random",
  "result": {
    "graph_name": "graph_n9_d75_adj_matrix",
    "algorithm": "random",
    "best_weight": 1193.19,
    "best_matching": [
      7,
      14,
      19,
      24
    ],
    "runtime": 2.00004115900083,
    "candidates": 226,
    "improvements": 4,
    "duplicates": 216427,
    "infeasible": 0,
    "size_history": {
      "4": 116,
      "3": 47,
      "2": 36,
      "1": 27
    },
    "weight_history": [
      1000.39,
      1124.08,
      939.35,
      962.74,
      838.04,
      1010.8399999999999,
      1005.72,
      908.71,
      865.68,
      863.9,
      667.9399999999999,
      570.05,
      623.73,
      862.66,
      1011.02,
      884.0600000000001,
      844.43,
      1063.47,
      834.23,
      925.91,
      876.95,
      792.27,
      1029.56,
      825.39,
      611.11,
      996.31,
      971.5,
      895.85,
      862.97,
      1043.67,
      776.04,
      949.18,
      810.49,
      747.09,
      772.0,
      755.67,
      950.18,
      1069.66,
      809.58,
      1033.86,
      974.46,
      868.84,
      934.37,
      721.71,
      974.15,
      559.52,
      970.8699999999999,
      1134.29,
      683.39,
      1193.19,
      642.4300000000001,
      785.77,
      593.37,
      712.85,
      875.99,
      791.69,
      859.89,
      1034.68,
      840.28,
      860.26,
      999.77,
      1061.83,
      1016.58,
      1011.27,
      917.31,
      985.99,
      1075.23,
      783.6099999999999,
      792.19,
      988.15,
      998.26,
      852.5,
      774.77,
      789.42,
      746.86,
      1068.08,
      998.64,
      597.33,
      678.62,
      803.51,
      801.11,
      803.84,
      593.91,
      539.66,
      404.01,
      469.66,
      596.6800000000001,
      435.57,
      692.9100000000001,
      493.67,
      317.78999999999996,
      799.98,
      546.45,
      434.9,
      335.67,
      376.65999999999997,
      487.40999999999997,
      385.6,
      561.23,
      872.47,
      538.31,
      690.8599999999999,
      515.41,
      459.04,
      747.3199999999999,
      1063.27,
      718.54,
      653.98,
      805.94,
      807.9,
      694.21,
      1068.54,
      841.24,
      910.58,
      915.87,
      933.14,
      941.22,
      941.72,
      905.4599999999999,
      470.70000000000005,
      1063.84,
      787.92,
      653.02,
      662.8,
      821.34,
      819.7,
      678.51,
      376.61,
      440.33,
      888.86,
      883.74,
      668.22,
      924.09,
      750.76,
      1059.5,
      637.97,
      1087.06,
      886.14,
      944.4300000000001,
      965.21,
      987.15,
      883.95,
      1136.08,
      1006.25,
      650.28,
      997.27,
      1014.53,
      1136.7,
      846.47,
      1119.42,
      952.71,
      942.6700000000001,
      778.02,
      1019.9599999999999,
      1050.25,
      1060.46,
      1125.02,
      1125.1100000000001,
      1062.35,
      1027.03,
      897.05,
      870.76,
      557.72,
      741.8,
      1060.43,
      877.34,
      531.33,
      564.8199999999999,
      1020.0,
      606.98,
      920.86,
      669.13,
      382.47,
      585.99,
      663.96,
      408.44,
      248.48999999999998,
      549.12,
      535.88,
      519.83,
      398.02,
      459.27,
      58.82,
      565.59,
      454.45,
      370.29999999999995,
      534.9100000000001,
      207.24,
      479.94,
      76.92,
      326.02,
      119.1,
      279.16,
      128.43,
      332.0,
      73.44,
      53.6,
      406.48,
      508.76,
      541.86,
      410.03,
      551.74,
      460.98,
      399.46,
      673.88,
      461.63,
      307.26,
      259.02,
      621.04,
      178.09,
      490.65999999999997,
      286.43,
      336.59,
      246.74,
      129.63,
      280.01,
      240.67,
      449.39,
      341.88,
      209.86,
      198.66,
      129.39,
      431.84,
      198.57,
      117.39,
      188.16
    ],
    "stopping_reason": "time_limit",
    "operations": {
      "candidate_generation": 216653,
      "feasibility_check": 226,
      "weight_evaluation": 226
    }
  }
}