{
  "graph": "graph_n19_d12.5_adj_matrix",
  "algorithm": "random",
  "result": {
    "graph_name": "graph_n19_d12.5_adj_matrix",
    "algorithm": "random",
    "best_weight": 1687.59,
    "best_matching": [
      1,
      4,
      5,
      6,
      8,
      15,
      20
    ],
    "runtime": 2.0000537399992027,
    "candidates": 387,
    "improvements": 7,
    "duplicates": 245782,
    "infeasible": 0,
    "size_history": {
      "7": 172,
      "6": 80,
      "5": 13,
      "4": 13,
      "3": 32,
      "2": 56,
      "1": 21
    },
    "weight_history": [
      1288.24,
      1221.84,
      1404.84,
      1517.43,
      1371.51,
      1598.95,
      1628.99,
      1157.44,
      1580.78,
      1557.48,
      1286.06,
      1424.01,
      1164.79,
      1227.57,
      897.04,
      883.78,
      1242.22,
      1364.18,
      1410.34,
      1075.79,
      1102.5,
      986.28,
      1447.04,
      1391.08,
      1031.32,
      1227.69,
      1335.54,
      1557.6100000000001,
      1432.95,
      1412.16,
      1268.75,
      1424.15,
      1330.17,
      1067.6499999999999,
      1437.59,
      1569.33,
      1371.72,
      1411.65,
      1342.75,
      1057.5,
      1254.66,
      1411.98,
      1573.3799999999999,
      1148.38,
      1134.41,
      1313.65,
      1187.38,
      1540.56,
      1424.01,
      1267.74,
      1425.74,
      1510.46,
      1131.23,
      1551.8,
      1437.77,
      1390.68,
      1304.38,
      1376.1,
      1245.94,
      1496.3700000000001,
      1023.91,
      1405.08,
      1386.52,
      1585.34,
      1100.83,
      1197.3600000000001,
      1194.07,
      1317.22,
      1479.11,
      1425.92,
      1225.01,
      1290.41,
      1079.99,
      1315.9,
      1380.06,
      1122.58,
      1043.17,
      1451.92,
      1255.17,
      1301.93,
      1494.19,
      1152.16,
      907.51,
      1075.43,
      1357.54,
      1470.28,
      1166.7,
      1482.6100000000001,
      1483.81,
      1332.91,
      1535.68,
      1321.06,
      1625.28,
      1309.36,
      1061.34,
      1537.71,
      1113.17,
      1472.89,
      1599.1,
      1460.15,
      1276.02,
      1379.63,
      1140.11,
      1353.83,
      1250.61,
      1271.79,
      1207.26,
      1236.49,
      1446.18,
      1271.34,
      1272.3,
      1338.19,
      1357.3899999999999,
      1051.68,
      1409.64,
      879.25,
      1528.5,
      1362.5,
      1115.34,
      1269.11,
      1028.52,
      1170.4099999999999,
      1522.88,
      1359.98,
      1461.64,
      1240.8,
      1405.05,
      912.0699999999999,
      1349.48,
      926.04,
      1168.99,
      1224.6399999999999,
      1297.1,
      1191.14,
      1156.44,
      1480.69,
      1561.53,
      1540.35,
      1376.88,
      1577.98,
      1177.74,
      1347.9,
      1078.47,
      1308.95,
      1666.62,
      1442.68,
      1341.42,
      1475.4,
      1302.44,
      1157.24,
      1390.57,
      1238.98,
      1201.81,
      1372.77,
      1250.82,
      1283.6399999999999,
      1180.54,
      1496.46,
      1499.01,
      1582.83,
      1478.05,
      1297.88,
      1263.16,
      1164.07,
      1339.25,
      1230.18,
      1101.34,
      1297.91,
      987.41,
      1096.78,
      1428.79,
      1485.25,
      1279.59,
      1350.7,
      1496.7,
      1164.43,
      901.4,
      1071.57,
      1524.23,
      1374.35,
      1152.73,
      1080.35,
      1291.42,
      1457.08,
      1047.73,
      1456.44,
      1487.16,
      1627.93,
      1000.25,
      1357.75,
      1068.01,
      1215.78,
      1562.04,
      1381.64,
      1070.24,
      1514.3799999999999,
      1108.6100000000001,
      1244.27,
      1138.97,
      1516.74,
      1169.09,
      1438.1200000000001,
      1062.06,
      874.3299999999999,
      1266.75,
      1442.47,
      1110.75,
      1526.23,
      1129.07,
      1368.21,
      829.23,
      1606.96,
      1423.5,
      1468.84,
      1356.51,
      1435.59,
      1687.59,
      1326.3,
      1512.38,
      1573.89,
      1243.14,
      1311.85,
      1611.52,
      1423.74,
      1492.14,
      1518.32,
      1197.25,
      1407.6,
      1205.94,
      1640.44,
      1065.65,
      1022.8399999999999,
      1205.51,
      1115.31,
      1089.89,
      1400.49,
      1397.85,
      921.48,
      1089.31,
      1325.62,
      1234.74,
      1346.58,
      983.42,
      1271.24,
      1100.97,
      1019.01,
      963.75,
      1245.39,
      1378.72,
      1196.57,
      934.05,
      1402.08,
      1136.85,
      786.15,
      985.37,
      1165.69,
      1161.46,
      1195.48,
      872.56,
      1419.41,
      1031.38,
      676.5,
      803.95,
      851.0600000000001,
      1028.51,
      578.17,
      921.99,
      684.41,
      534.91,
      874.88,
      743.9,
      802.4300000000001,
      571.92,
      1087.6,
      448.95,
      560.88,
      665.98,
      609.73,
      353.15000000000003,
      439.76,
      640.2,
      261.8,
      1012.6,
      743.8299999999999,
      733.02,
      493.73,
      302.97,
      498.32,
      579.4200000000001,
      632.62,
      261.63,
      467.48,
      418.03,
      449.44,
      245.3,
      334.15,
      425.97,
      509.74,
      647.94,
      388.17,
      430.81,
      499.75,
      729.5,
      355.35,
      350.17,
      336.41,
      487.14,
      584.29,
      411.8,
      210.7,
      171.09,
      405.27,
      255.82,
      406.91,
      217.1,
      388.31,
      533.76,
      591.13,
      546.6,
      445.99,
      430.92,
      313.53,
      976.66,
      454.31,
      734.0600000000001,
      565.2,
      414.3,
      669.0,
      684.23,
      1117.15,
      521.91,
      539.57,
      206.94,
      611.74,
      291.26,
      481.46000000000004,
      302.44,
      166.53,
      366.70000000000005,
      505.40999999999997,
      570.34,
      229.06,
      195.88,
      346.15999999999997,
      243.03,
      59.94,
      348.1,
      198.5,
      133.6,
      238.42,
      257.02,
      68.26,
      362.38,
      441.53,
      215.26,
      243.26,
      577.1600000000001,
      881.86,
      370.88,
      373.5,
      331.57,
      348.41999999999996,
      264.1,
      93.15,
      128.2,
      231.32,
      18.6,
      147.0,
      102.83,
      175.0,
      63.7,
      306.73,
      117.1,
      436.74,
      529.89,
      535.6500000000001,
      436.91999999999996,
      295.02,
      197.3,
      427.2,
      161.41000000000003,
      268.15,
      185.36,
      631.34,
      635.24,
      262.2,
      187.55
    ],
    "stopping_reason": "time_limit",
    "operations": {
      "candidate_generation": 246169,
      "feasibility_check": 387,
      "weight_evaluation": 387
    }
  }
}