{
  "graph": "graph_n7_d50_adj_matrix",
  "algorithm": "random",
  "result": {
    "graph_name": "graph_n7_d50_adj_matrix",
    "algorithm": "random",
    "best_weight": 1038.24,
    "best_matching": [
      0,
      6,
      7
    ],
    "runtime": 2.000020619998395,
    "candidates": 24,
    "improvements": 3,
    "duplicates": 292833,
    "infeasible": 0,
    "size_history": {
      "3": 9,
      "2": 14,
      "1": 1
    },
    "weight_history": [
      861.99,
      725.02,
      1011.53,
      631.34,
      859.95,
      445.11,
      709.45,
      447.06000000000006,
      1038.24,
      618.1600000000001,
      887.66,
      494.37,
      350.09000000000003,
      502.62,
      675.76,
      574.44,
      523.14,
      525.1800000000001,
      701.4300000000001,
      294.53,
      471.82,
      310.1,
      838.39,
      686.9
    ],
    "stopping_reason": "time_limit",
    "operations": {
      "candidate_generation": 292857,
      "feasibility_check": 24,
      "weight_evaluation": 24
    }
  }
}