{
  "graph": "graph_n20_d12.5_adj_matrix",
  "algorithm": "random",
  "result": {
    "graph_name": "graph_n20_d12.5_adj_matrix",
    "algorithm": "random",
    "best_weight": 1948.65,
    "best_matching": [
      0,
      5,
      6,
      11,
      17,
      20,
      22
    ],
    "runtime": 0.013302974000907852,
    "candidates": 400,
    "improvements": 3,
    "duplicates": 897,
    "infeasible": 0,
    "size_history": {
      "6": 271,
      "5": 67,
      "7": 62
    },
    "weight_history": [
      1788.69,
      1550.7,
      1508.27,
      1476.02,
      1626.3600000000001,
      1044.49,
      1504.2,
      1219.24,
      1105.43,
      1442.96,
      1385.8500000000001,
      1065.8600000000001,
      1111.22,
      1435.21,
      954.37,
      1244.14,
      1115.16,
      1478.02,
      1256.27,
      1530.8600000000001,
      1348.6399999999999,
      1245.07,
      1475.09,
      1451.64,
      1387.45,
      1418.77,
      1934.96,
      1323.56,
      1265.45,
      1389.99,
      1070.48,
      1409.29,
      1758.44,
      1606.02,
      985.71,
      1315.92,
      1420.2,
      1704.94,
      1322.8400000000001,
      1310.86,
      1141.9,
      969.3100000000001,
      1416.83,
      1326.45,
      1325.3300000000002,
      1192.3,
      846.1700000000001,
      1948.65,
      1479.0900000000001,
      1390.05,
      1653.68,
      1861.01,
      1022.69,
      1725.67,
      1359.44,
      1269.81,
      1478.78,
      1446.81,
      1382.59,
      1062.26,
      1252.9,
      1473.47,
      1136.23,
      1558.6,
      1139.36,
      1571.95,
      1891.26,
      1487.05,
      1545.05,
      1514.05,
      1278.56,
      1402.14,
      1032.48,
      1236.89,
      1284.88,
      1314.6200000000001,
      1183.51,
      1316.92,
      1813.64,
      1184.21,
      1205.0900000000001,
      1463.47,
      1195.51,
      1567.22,
      1716.05,
      1484.23,
      1349.07,
      1175.81,
      1286.66,
      1278.9,
      1361.25,
      801.11,
      1656.66,
      1864.9,
      1449.3500000000001,
      1306.27,
      1358.8400000000001,
      1343.42,
      806.13,
      1786.32,
      1839.03,
      1366.93,
      922.85,
      1863.55,
      1509.16,
      1277.77,
      1077.8700000000001,
      1426.8400000000001,
      1285.67,
      1144.23,
      1373.26,
      1307.27,
      1235.42,
      1565.71,
      1315.13,
      1596.1,
      1885.66,
      1920.94,
      1639.21,
      1256.18,
      1523.7,
      1105.84,
      1448.17,
      1423.93,
      1139.67,
      1458.18,
      1441.89,
      1126.51,
      1420.3,
      1509.03,
      1309.17,
      1445.63,
      1349.44,
      1779.04,
      1085.83,
      1275.23,
      1168.47,
      1311.71,
      1410.55,
      735.32,
      1455.64,
      1775.0,
      1078.27,
      1241.6,
      1696.93,
      671.5400000000001,
      1200.01,
      1378.04,
      1278.59,
      1351.18,
      1079.88,
      1265.8,
      1444.4,
      1828.27,
      1542.8700000000001,
      1108.52,
      1087.5800000000002,
      1082.28,
      1370.19,
      1023.4200000000001,
      1448.51,
      1161.92,
      1503.3400000000001,
      1728.21,
      1257.19,
      1554.1100000000001,
      1324.27,
      1604.82,
      1501.88,
      1581.82,
      1338.15,
      1247.22,
      1405.03,
      817.71,
      1447.38,
      1210.95,
      951.83,
      1558.19,
      1765.35,
      1383.32,
      1148.21,
      1822.21,
      1076.97,
      1419.49,
      1190.73,
      920.99,
      1451.77,
      1748.79,
      1012.48,
      979.0,
      911.2,
      1256.16,
      1134.91,
      1309.54,
      1132.13,
      1327.2,
      998.86,
      1345.94,
      1449.0,
      1092.94,
      1513.03,
      1374.63,
      1112.03,
      1062.73,
      1254.39,
      1032.01,
      1105.98,
      1620.49,
      1536.97,
      1084.3200000000002,
      1395.54,
      1683.66,
      1877.57,
      1669.42,
      1589.91,
      1391.12,
      1547.43,
      1344.24,
      1416.23,
      1427.58,
      862.1999999999999,
      1117.7,
      1001.43,
      1255.44,
      1679.07,
      1458.16,
      948.7,
      1647.63,
      1020.88,
      1546.97,
      1315.26,
      1361.38,
      981.0400000000001,
      1751.33,
      970.0600000000001,
      1081.64,
      1081.78,
      1397.51,
      1019.23,
      1074.53,
      975.74,
      1481.32,
      1072.28,
      1334.5900000000001,
      1536.48,
      1557.93,
      1543.28,
      1475.88,
      866.78,
      1305.48,
      1318.94,
      1331.53,
      1313.55,
      978.6,
      1515.57,
      1317.8,
      1516.59,
      1918.4,
      1616.71,
      1781.64,
      1096.19,
      1421.39,
      1671.49,
      1246.6200000000001,
      1695.29,
      1629.34,
      1508.63,
      1642.08,
      1626.27,
      1262.91,
      1153.5900000000001,
      1670.82,
      1462.0,
      1363.8,
      1507.46,
      1123.33,
      1021.77,
      1559.66,
      1160.3400000000001,
      1551.44,
      1727.18,
      1590.24,
      1339.42,
      1237.3600000000001,
      1276.02,
      1320.65,
      1348.65,
      1604.36,
      1425.79,
      1274.14,
      1699.47,
      1398.23,
      1418.13,
      1756.25,
      1156.38,
      1530.35,
      1295.73,
      1459.53,
      1560.73,
      1529.8600000000001,
      1208.43,
      988.3900000000001,
      1390.78,
      1564.85,
      1197.3200000000002,
      828.82,
      1290.48,
      1145.67,
      1380.95,
      1587.74,
      1527.32,
      918.45,
      1512.77,
      1088.28,
      743.72,
      1580.16,
      1556.06,
      1157.59,
      1318.82,
      1225.93,
      1323.44,
      1256.8700000000001,
      1669.79,
      1138.52,
      1366.8700000000001,
      1459.73,
      1498.0700000000002,
      1158.46,
      1016.1,
      1614.1,
      1677.88,
      1533.41,
      1289.92,
      1644.03,
      1432.21,
      1417.7,
      1285.29,
      1583.85,
      918.3100000000001,
      1439.35,
      1728.93,
      1208.41,
      1506.74,
      1551.57,
      1557.57,
      859.07,
      1416.84,
      1227.51,
      1320.3,
      1373.67,
      1600.74,
      1231.87,
      958.26,
      931.25,
      1083.29,
      1198.05,
      1476.88,
      908.66,
      1043.82,
      1093.79,
      1207.71,
      1388.24,
      1345.96,
      1347.64,
      1220.8700000000001,
      1211.3400000000001,
      1506.16,
      885.11,
      1096.3300000000002,
      988.64,
      1295.12,
      1434.75,
      985.85,
      1036.39,
      1668.28,
      1038.1,
      1249.16,
      1502.27,
      1494.16,
      1404.89,
      1484.51,
      1174.48,
      1454.9,
      1485.89,
      1522.77,
      1207.15,
      1368.4,
      641.2900000000001,
      1349.1100000000001,
      1187.82,
      1071.48,
      1299.35,
      1143.94,
      1469.6,
      1532.52,
      1150.69,
      1069.01,
      1339.55,
      1090.82,
      1111.08
    ],
    "stopping_reason": "max_candidates",
    "operations": {
      "candidate_generation": 1297,
      "feasibility_check": 400,
      "weight_evaluation": 400
    }
  }
}