{
  "graph": "graph_n10_d75_adj_matrix",
  "algorithm": "greedy",
  "result": {
    "graph_name": "graph_n10_d75_adj_matrix",
    "algorithm": "greedy",
    "best_weight": 1796.44,
    "best_matching": [
      0,
      14,
      16,
      22,
      29
    ],
    "runtime": 2.0000246620002144,
    "candidates": 21,
    "improvements": 5,
    "duplicates": 167968,
    "infeasible": 0,
    "size_history": {
      "5": 15,
      "4": 6
    },
    "weight_history": [
      1733.79,
      1754.31,
      1775.43,
      1749.47,
      1791.6,
      1776.56,
      1730.08,
      1796.44,
      1425.29,
      1691.87,
      1421.58,
      1485.1599999999999,
      1481.45,
      1637.1,
      1650.23,
      1659.35,
      1394.8600000000001,
      1679.23,
      1764.48,
      1368.9,
      1722.84
    ],
    "stopping_reason": "time_limit",
    "operations": {
      "candidate_generation": 167989,
      "feasibility_check": 21,
      "weight_evaluation": 21
    }
  }
}