{
  "graph": "graph_n14_d75_adj_matrix",
  "algorithm": "random",
  "result": {
    "graph_name": "graph_n14_d75_adj_matrix",
    "algorithm": "random",
    "best_weight": 2055.89,
    "best_matching": [
      6,
      14,
      20,
      26,
      40,
      53
    ],
    "runtime": 0.007792528000209131,
    "candidates": 400,
    "improvements": 4,
    "duplicates": 13,
    "infeasible": 0,
    "size_history": {
      "7": 22,
      "6": 67,
      "5": 82,
      "3": 68,
      "4": 74,
      "2": 55,
      "1": 32
    },
    "weight_history": [
      1224.25,
      1342.04,
      1983.6699999999998,
      1127.97,
      1105.84,
      1658.1299999999999,
      1631.11,
      1655.1499999999999,
      1515.98,
      1667.57,
      1546.77,
      1303.1599999999999,
      1366.03,
      1859.86,
      1745.68,
      1635.8999999999999,
      1512.24,
      1160.8,
      1758.3500000000001,
      1683.53,
      2055.89,
      1638.8400000000001,
      1850.81,
      1578.68,
      1441.05,
      1770.9299999999998,
      1414.83,
      1720.69,
      1260.34,
      1125.96,
      1525.6,
      1370.0,
      1540.01,
      1134.49,
      1977.87,
      1519.73,
      1421.26,
      1420.11,
      1120.24,
      1804.4,
      1650.15,
      1306.21,
      1921.19,
      1488.38,
      1927.91,
      1708.97,
      1687.24,
      1815.96,
      1312.52,
      1532.04,
      1543.8700000000001,
      1669.59,
      1410.26,
      1316.25,
      1743.6999999999998,
      1325.34,
      1140.71,
      1275.23,
      1908.1399999999999,
      1400.76,
      1798.98,
      1311.86,
      1352.6399999999999,
      1078.94,
      1454.0,
      1408.0,
      1603.73,
      1288.28,
      1351.77,
      1101.69,
      1110.36,
      1268.59,
      1674.5,
      1085.81,
      1172.62,
      1607.8,
      1018.5799999999999,
      616.22,
      1012.63,
      903.49,
      1323.33,
      1070.44,
      1089.35,
      1047.35,
      636.62,
      665.61,
      600.16,
      849.79,
      1185.3200000000002,
      1646.18,
      1849.61,
      1191.4,
      1289.17,
      1295.78,
      1083.8600000000001,
      1283.74,
      1230.6299999999999,
      1709.74,
      1402.57,
      820.71,
      1245.6399999999999,
      875.73,
      897.58,
      1235.36,
      1287.6200000000001,
      909.43,
      1137.25,
      1128.47,
      771.3100000000001,
      808.03,
      1489.35,
      1399.38,
      1598.6599999999999,
      1575.6200000000001,
      1192.17,
      1172.03,
      1348.72,
      1400.23,
      1283.68,
      996.2,
      1259.13,
      812.8000000000001,
      866.46,
      823.49,
      1453.51,
      1037.58,
      1263.8,
      921.38,
      1266.3899999999999,
      946.12,
      1040.11,
      637.73,
      1058.3,
      719.94,
      1349.72,
      1599.49,
      1170.4,
      1616.74,
      1119.54,
      1560.57,
      470.37,
      1577.1,
      951.01,
      1198.69,
      865.03,
      949.45,
      1041.72,
      1219.32,
      819.66,
      672.0,
      1439.61,
      780.35,
      887.9,
      869.04,
      719.41,
      265.73,
      393.28,
      764.77,
      693.36,
      531.26,
      247.17999999999998,
      347.97,
      648.2,
      966.12,
      303.34,
      664.8399999999999,
      608.42,
      352.35,
      263.21,
      480.97,
      632.77,
      629.2,
      618.03,
      575.34,
      734.96,
      642.8,
      876.01,
      758.19,
      934.74,
      927.11,
      811.77,
      787.43,
      854.1,
      918.37,
      671.96,
      878.58,
      845.0,
      504.01,
      650.08,
      146.18,
      620.21,
      645.19,
      543.98,
      199.14,
      611.6,
      331.01,
      847.39,
      566.24,
      653.56,
      597.93,
      937.0799999999999,
      568.6800000000001,
      684.7,
      1135.02,
      792.0999999999999,
      594.22,
      745.13,
      992.61,
      745.87,
      740.37,
      889.05,
      1270.22,
      1032.32,
      805.3,
      944.15,
      657.02,
      1028.8,
      554.85,
      791.6899999999999,
      1105.79,
      1024.05,
      1344.1200000000001,
      1249.1399999999999,
      1042.22,
      1191.45,
      1223.99,
      1287.16,
      1348.01,
      1013.89,
      1049.02,
      1406.34,
      784.31,
      764.39,
      1107.96,
      946.98,
      916.1399999999999,
      1145.0,
      891.46,
      1040.71,
      1073.42,
      788.9,
      885.21,
      464.68,
      732.01,
      697.45,
      434.93999999999994,
      942.62,
      835.6199999999999,
      525.65,
      859.1,
      649.95,
      1076.6100000000001,
      254.17000000000002,
      578.22,
      332.65,
      539.71,
      192.23000000000002,
      373.9,
      496.5,
      730.63,
      438.19,
      457.01,
      396.61,
      688.3499999999999,
      225.89,
      271.97,
      237.18,
      255.18,
      163.88,
      89.14,
      351.76,
      437.07,
      372.84,
      281.47,
      356.03,
      147.65,
      33.97,
      453.13,
      63.82,
      78.26,
      241.87,
      457.42,
      393.69,
      274.31,
      346.28,
      189.28,
      213.25,
      620.03,
      322.19,
      250.71,
      372.98,
      300.67,
      193.4,
      359.07,
      378.93,
      398.02,
      47.3,
      568.86,
      629.37,
      368.3,
      591.5799999999999,
      674.2,
      356.74,
      324.14,
      347.07,
      513.84,
      528.42,
      384.03,
      739.3,
      709.4,
      664.36,
      687.25,
      527.55,
      652.1500000000001,
      593.57,
      342.28999999999996,
      847.95,
      972.18,
      702.37,
      262.27,
      839.3299999999999,
      520.03,
      132.61,
      757.99,
      553.02,
      727.29,
      322.99,
      709.04,
      507.1,
      358.25,
      726.17,
      529.24,
      974.7,
      669.12,
      1019.43,
      878.12,
      850.62,
      606.1800000000001,
      534.4,
      525.74,
      1228.28,
      780.3,
      1124.47,
      1751.51,
      1002.01,
      729.3299999999999,
      907.25,
      927.27,
      1242.16,
      995.9499999999999,
      992.1899999999999,
      1212.42,
      1019.48,
      1004.6800000000001,
      764.99,
      1582.83,
      1358.21,
      1702.27,
      1557.34,
      779.48,
      981.95,
      1317.3,
      1337.4099999999999,
      1600.61,
      829.59,
      1182.97,
      1595.69,
      1294.32,
      1666.53,
      1520.76,
      1533.46,
      1501.4,
      1726.72,
      1339.4,
      1074.75,
      1707.83,
      782.3,
      1196.85,
      1360.33,
      1281.02,
      1035.97,
      943.96,
      1229.32,
      1716.48,
      1131.8,
      1157.1100000000001,
      1366.02,
      1134.21,
      1529.3600000000001,
      1525.76,
      1486.1999999999998,
      1268.08,
      1136.25,
      1731.57,
      1304.95,
      1644.98,
      1574.77,
      1371.1599999999999,
      1366.29,
      1550.3
    ],
    "stopping_reason": "max_candidates",
    "operations": {
      "candidate_generation": 413,
      "feasibility_check": 400,
      "weight_evaluation": 400
    }
  }
}