{
  "graph": "graph_n11_d25_adj_matrix",
  "algorithm": "random",
  "result": {
    "graph_name": "graph_n11_d25_adj_matrix",
    "algorithm": "random",
    "best_weight": 1413.28,
    "best_matching": [
      1,
      6,
      9,
      10
    ],
    "runtime": 2.0000204839998332,
    "candidates": 39,
    "improvements": 6,
    "duplicates": 262096,
    "infeasible": 0,
    "size_history": {
      "4": 16,
      "3": 22,
      "2": 1
    },
    "weight_history": [
      703.67,
      1112.97,
      1142.05,
      932.19,
      1152.0,
      859.68,
      961.26,
      920.4100000000001,
      681.0999999999999,
      903.94,
      736.84,
      1025.68,
      1377.22,
      1178.9,
      1137.05,
      998.12,
      831.67,
      1207.98,
      1413.28,
      759.93,
      1166.56,
      935.1600000000001,
      1153.68,
      932.1800000000001,
      1159.48,
      1196.44,
      610.17,
      875.9300000000001,
      751.4,
      650.88,
      941.86,
      1055.21,
      1152.18,
      1219.61,
      790.96,
      972.89,
      695.14,
      1317.84,
      1347.35
    ],
    "stopping_reason": "time_limit",
    "operations": {
      "candidate_generation": 262135,
      "feasibility_check": 39,
      "weight_evaluation": 39
    }
  }
}