{
  "graph": "graph_n17_d75_adj_matrix",
  "algorithm": "random",
  "result": {
    "graph_name": "graph_n17_d75_adj_matrix",
    "algorithm": "random",
    "best_weight": 2651.68,
    "best_matching": [
      6,
      12,
      21,
      62,
      73,
      77,
      81,
      101
    ],
    "runtime": 0.010431225000502309,
    "candidates": 400,
    "improvements": 6,
    "duplicates": 0,
    "infeasible": 0,
    "size_history": {
      "8": 128,
      "7": 58,
      "6": 59,
      "5": 94,
      "4": 56,
      "3": 5
    },
    "weight_history": [
      1706.21,
      1790.25,
      2155.44,
      2347.67,
      1679.8600000000001,
      2190.73,
      2049.39,
      2100.29,
      1937.77,
      1706.48,
      1840.77,
      1710.6399999999999,
      1965.1499999999999,
      2086.52,
      1562.09,
      1887.45,
      1996.66,
      1729.74,
      2314.66,
      2158.24,
      1822.3,
      1539.76,
      1533.57,
      1768.02,
      1552.12,
      2248.2,
      1725.05,
      2116.54,
      1820.63,
      1672.16,
      1762.8999999999999,
      1835.26,
      2274.71,
      1755.77,
      2308.27,
      1758.92,
      1923.56,
      1320.73,
      2045.9699999999998,
      1584.58,
      1814.29,
      1673.07,
      1890.93,
      2078.87,
      2081.0,
      1878.37,
      1950.68,
      2116.7,
      2298.58,
      2388.12,
      2095.24,
      1829.6,
      2113.4,
      1411.86,
      1997.88,
      1296.52,
      2043.41,
      1969.6599999999999,
      2175.9,
      1984.8,
      1950.42,
      1866.34,
      1854.93,
      1569.14,
      1645.12,
      1897.34,
      2225.38,
      2066.65,
      2020.26,
      1351.83,
      2180.67,
      1801.82,
      1625.6100000000001,
      2101.31,
      1514.12,
      2229.7599999999998,
      1514.2,
      2146.4,
      1776.4,
      1735.52,
      1639.42,
      1773.1,
      2243.34,
      2036.87,
      2174.55,
      2162.07,
      1564.49,
      2276.71,
      1698.76,
      2249.8,
      2076.67,
      2318.17,
      1631.1100000000001,
      2242.0299999999997,
      1155.4,
      1963.1399999999999,
      2070.91,
      1494.06,
      1533.36,
      2147.69,
      1595.68,
      1644.32,
      1882.3,
      1907.36,
      2250.42,
      2009.45,
      1418.44,
      2202.14,
      2070.49,
      2058.0299999999997,
      1591.81,
      1686.96,
      2651.68,
      1538.01,
      1969.17,
      2139.39,
      2456.93,
      2216.0099999999998,
      1752.73,
      1725.36,
      1807.85,
      1677.46,
      1437.3799999999999,
      1764.12,
      1790.12,
      1544.28,
      1929.17,
      1598.67,
      1581.14,
      1466.82,
      1508.18,
      1493.0,
      1496.35,
      2035.82,
      1437.62,
      1239.29,
      1555.67,
      1403.5,
      1303.34,
      1205.59,
      1090.14,
      1724.5,
      1297.56,
      1629.07,
      1835.47,
      1660.11,
      1737.12,
      1547.93,
      1773.79,
      1502.55,
      1465.86,
      1601.35,
      1583.75,
      1987.03,
      1600.07,
      1963.16,
      2218.98,
      1953.94,
      1339.42,
      2129.3,
      2101.26,
      1627.49,
      2275.24,
      1898.69,
      2042.03,
      1640.04,
      1869.8700000000001,
      1640.8799999999999,
      1720.96,
      1326.26,
      2115.37,
      1902.25,
      1556.35,
      1549.91,
      1527.6399999999999,
      1754.6299999999999,
      2341.0699999999997,
      1841.95,
      1887.55,
      1924.22,
      2354.46,
      2309.61,
      2244.5299999999997,
      1893.09,
      1916.71,
      2278.75,
      1946.78,
      1791.77,
      2147.9,
      1412.93,
      1777.29,
      1812.98,
      1680.51,
      1618.35,
      1602.98,
      2095.64,
      1778.58,
      1594.39,
      1729.8,
      1464.8500000000001,
      1380.72,
      1087.91,
      1354.31,
      1468.91,
      1391.99,
      1529.69,
      1177.64,
      1574.52,
      1247.97,
      850.77,
      969.67,
      1405.79,
      1152.76,
      1177.77,
      1228.57,
      940.1899999999999,
      997.61,
      921.11,
      1400.91,
      1243.96,
      1123.63,
      1323.09,
      1008.91,
      1093.98,
      1135.96,
      965.4300000000001,
      741.52,
      922.0999999999999,
      1244.56,
      799.71,
      1052.99,
      1022.23,
      815.42,
      1183.28,
      1240.75,
      1329.29,
      1197.95,
      613.92,
      1461.46,
      1005.13,
      1312.9,
      1573.21,
      538.94,
      692.72,
      877.6800000000001,
      661.04,
      836.09,
      808.47,
      594.51,
      1147.59,
      1209.97,
      916.97,
      1233.56,
      1436.69,
      1556.1899999999998,
      1224.21,
      877.89,
      1437.29,
      1243.24,
      1279.47,
      786.46,
      1434.08,
      1403.13,
      1311.98,
      1047.42,
      830.86,
      699.37,
      1198.27,
      802.5500000000001,
      1170.61,
      765.75,
      797.6800000000001,
      1424.13,
      1190.18,
      967.3,
      976.4,
      894.89,
      1439.29,
      1133.45,
      774.82,
      977.6400000000001,
      1436.74,
      984.06,
      1683.97,
      936.72,
      1199.3,
      1337.96,
      1205.53,
      1089.71,
      1238.66,
      1582.31,
      1554.36,
      978.63,
      1168.93,
      1434.33,
      1412.91,
      1549.35,
      1282.4099999999999,
      952.9699999999999,
      1018.01,
      1290.34,
      1402.97,
      1309.35,
      1097.1,
      1129.9099999999999,
      984.3499999999999,
      1058.74,
      1073.14,
      1654.18,
      1626.5,
      1799.81,
      1557.7,
      1204.84,
      1314.72,
      1471.53,
      1043.07,
      1421.27,
      1444.8999999999999,
      1241.76,
      1038.76,
      1077.46,
      1416.47,
      1116.3899999999999,
      1208.94,
      1142.3999999999999,
      845.65,
      1540.27,
      800.4200000000001,
      1244.84,
      1234.17,
      1162.93,
      1460.1200000000001,
      1512.68,
      1457.39,
      1501.24,
      1661.43,
      1544.92,
      1410.24,
      1339.19,
      1413.3899999999999,
      1721.49,
      1193.66,
      1148.16,
      945.02,
      1560.68,
      1144.52,
      1461.46,
      1190.72,
      1582.65,
      1310.94,
      1475.8799999999999,
      843.46,
      1028.05,
      1120.0,
      824.31,
      917.5699999999999,
      1272.02,
      919.03,
      867.3499999999999,
      742.25,
      990.21,
      917.31,
      976.21,
      1108.22,
      963.48,
      1696.34,
      979.75,
      1225.41,
      1090.6,
      1749.41,
      1135.6,
      1083.61,
      1273.35,
      1406.1200000000001,
      1045.3,
      1025.6,
      1351.38,
      1306.82,
      649.48,
      978.8,
      924.5600000000001,
      961.7,
      993.24,
      890.6,
      816.77,
      1380.72,
      999.6800000000001,
      818.75,
      1158.09,
      1331.29,
      1202.86,
      1163.96,
      1756.7,
      742.55,
      1034.29,
      891.29,
      1053.9,
      962.02,
      978.07,
      760.98
    ],
    "stopping_reason": "max_candidates",
    "operations": {
      "candidate_generation": 400,
      "feasibility_check": 400,
      "weight_evaluation": 400
    }
  }
}