{
  "graph": "graph_n13_d75_adj_matrix",
  "algorithm": "random",
  "result": {
    "graph_name": "graph_n13_d75_adj_matrix",
    "algorithm": "random",
    "best_weight": 2160.89,
    "best_matching": [
      5,
      7,
      29,
      36,
      48,
      51
    ],
    "runtime": 0.007079097000314505,
    "candidates": 400,
    "improvements": 8,
    "duplicates": 3,
    "infeasible": 0,
    "size_history": {
      "6": 170,
      "5": 65,
      "4": 64,
      "3": 57,
      "2": 33,
      "1": 11
    },
    "weight_history": [
      1612.56,
      1485.87,
      1692.28,
      1809.81,
      1353.14,
      1463.02,
      1916.0,
      1214.55,
      1909.47,
      1536.5,
      1764.44,
      1448.49,
      1719.37,
      1433.47,
      1804.94,
      814.95,
      1619.84,
      1633.33,
      1282.45,
      1282.79,
      1717.84,
      1295.76,
      1890.82,
      1473.6200000000001,
      1791.8400000000001,
      1551.02,
      1493.49,
      1411.6200000000001,
      1607.33,
      1814.67,
      1832.6,
      1749.97,
      1041.86,
      1024.05,
      1615.69,
      1975.77,
      1586.22,
      1707.3700000000001,
      1826.46,
      1156.69,
      1537.73,
      1284.89,
      1844.1,
      1556.76,
      827.74,
      1405.09,
      1455.6299999999999,
      1405.72,
      1518.1399999999999,
      1276.42,
      1349.59,
      1731.69,
      1199.1200000000001,
      1688.9299999999998,
      1636.8,
      1029.13,
      816.1,
      1165.85,
      1039.24,
      1139.31,
      1059.64,
      1297.01,
      1305.41,
      1197.48,
      550.54,
      778.74,
      1148.29,
      1109.72,
      675.39,
      613.26,
      519.98,
      992.75,
      1219.77,
      614.5699999999999,
      828.3900000000001,
      710.08,
      641.41,
      1417.5,
      1321.1100000000001,
      792.12,
      1031.94,
      1294.1399999999999,
      1205.91,
      1114.8899999999999,
      542.52,
      801.4200000000001,
      1068.9,
      1083.83,
      910.08,
      428.14,
      475.34000000000003,
      846.46,
      986.52,
      745.94,
      845.0,
      854.11,
      671.34,
      548.38,
      1057.81,
      495.95000000000005,
      777.48,
      669.62,
      367.18,
      345.1,
      461.92,
      307.56,
      459.72,
      396.33000000000004,
      349.33,
      736.14,
      661.72,
      515.59,
      629.05,
      489.31,
      497.7,
      752.72,
      742.07,
      1078.79,
      940.8100000000001,
      602.38,
      870.4300000000001,
      1133.4,
      952.46,
      1079.22,
      1141.3,
      1146.1100000000001,
      496.11,
      994.21,
      1233.8899999999999,
      898.0600000000001,
      1139.46,
      806.79,
      1732.35,
      1715.32,
      1142.24,
      1210.97,
      1280.13,
      1804.52,
      1440.2,
      970.3,
      1097.85,
      1783.04,
      1170.04,
      1851.1399999999999,
      1508.86,
      1689.23,
      1995.58,
      1184.1,
      1986.6100000000001,
      1485.42,
      1219.05,
      1377.47,
      1623.1799999999998,
      1855.66,
      1163.61,
      1259.21,
      1533.84,
      1232.12,
      1236.12,
      1255.1299999999999,
      710.18,
      1184.69,
      1347.3700000000001,
      1699.67,
      1428.22,
      1057.77,
      1394.59,
      1300.19,
      645.1700000000001,
      1089.55,
      1250.96,
      1101.28,
      1229.01,
      1285.69,
      1168.0900000000001,
      1466.99,
      1511.07,
      1024.16,
      1538.1999999999998,
      767.45,
      920.91,
      1473.1299999999999,
      1734.79,
      1330.12,
      1302.77,
      1280.13,
      1150.89,
      869.03,
      1282.56,
      1085.06,
      962.4300000000001,
      940.4499999999999,
      1557.25,
      1411.96,
      1175.09,
      1554.26,
      1004.58,
      1055.29,
      955.78,
      758.45,
      970.2800000000001,
      731.78,
      636.9200000000001,
      1037.87,
      640.74,
      927.47,
      584.5799999999999,
      527.65,
      880.64,
      314.8,
      697.84,
      614.8,
      702.05,
      862.94,
      477.83000000000004,
      525.89,
      653.71,
      820.7,
      255.96,
      467.03999999999996,
      199.06,
      369.4,
      212.81,
      326.83,
      323.29,
      105.55,
      218.19,
      207.8,
      164.35,
      239.41,
      289.7,
      257.75,
      645.36,
      829.47,
      628.12,
      506.28,
      673.3199999999999,
      573.64,
      226.11,
      568.89,
      500.57,
      972.76,
      660.72,
      724.41,
      380.11,
      463.45,
      759.68,
      669.39,
      724.37,
      998.51,
      519.02,
      507.58000000000004,
      918.2099999999999,
      730.16,
      670.73,
      926.4399999999999,
      1266.48,
      911.94,
      928.9300000000001,
      1513.53,
      859.0699999999999,
      1171.3600000000001,
      1055.6499999999999,
      1407.48,
      1026.11,
      1335.61,
      1590.21,
      1221.34,
      1611.65,
      1897.23,
      1360.92,
      1116.94,
      1430.62,
      1515.29,
      1481.25,
      1415.55,
      1282.3899999999999,
      1971.25,
      1401.44,
      1743.19,
      1564.62,
      1085.65,
      1497.3899999999999,
      1630.11,
      1740.21,
      1799.09,
      1861.93,
      1492.67,
      1762.01,
      1592.0,
      1490.07,
      1372.9,
      1383.08,
      1647.35,
      1631.6,
      1968.38,
      1759.05,
      1694.56,
      2055.35,
      1060.89,
      1485.5,
      1961.0900000000001,
      1650.79,
      1420.35,
      1013.72,
      1702.25,
      1721.36,
      1632.82,
      1646.3,
      1671.12,
      1476.21,
      1808.36,
      1704.82,
      1866.52,
      1720.99,
      1838.22,
      1805.37,
      1661.26,
      1296.98,
      1400.53,
      1741.18,
      1754.75,
      1573.74,
      1421.78,
      1777.07,
      1939.35,
      1765.44,
      1655.92,
      1960.25,
      1806.85,
      1700.5,
      1841.1,
      1276.58,
      1547.3500000000001,
      1968.15,
      1921.29,
      1740.96,
      1503.79,
      1634.74,
      1457.38,
      1044.85,
      1575.3600000000001,
      1147.03,
      1452.67,
      1541.4,
      1945.17,
      1490.01,
      2160.89,
      1616.33,
      1813.37,
      1657.49,
      1805.29,
      968.85,
      1676.16,
      1791.9,
      1505.52,
      1423.53,
      1673.43,
      1613.15,
      1788.8600000000001,
      1349.05,
      1578.25,
      1295.35,
      1949.45,
      1776.1,
      1616.66,
      1038.02,
      1602.61,
      1205.62,
      1213.17,
      1981.35,
      1383.03,
      1666.84,
      1429.42,
      1497.93,
      1743.1399999999999,
      1824.13,
      1698.96,
      1704.47,
      1817.0,
      1672.07,
      2150.37,
      1243.86,
      1388.2,
      1825.8899999999999,
      1550.36,
      1776.63,
      1448.07,
      1496.72,
      1899.88,
      1935.52,
      1691.09,
      759.3,
      1801.8,
      1828.99,
      1453.34,
      1643.71,
      1448.78,
      2034.86,
      1292.76
    ],
    "stopping_reason": "max_candidates",
    "operations": {
      "candidate_generation": 403,
      "feasibility_check": 400,
      "weight_evaluation": 400
    }
  }
}