{
  "random": {
    "mean_weight": 1643.8166666666666,
    "std_weight": 197.88147569245137,
    "min_weight": 1363.97,
    "max_weight": 1783.74,
    "absolute_gap": 139.9233333333334,
    "relative_gap": 0.0784437941254518,
    "approximation_ratio": 0.9215562058745482
  },
  "greedy": {
    "mean_weight": 1783.74,
    "std_weight": 0.0,
    "min_weight": 1783.74,
    "max_weight": 1783.74,
    "absolute_gap": 0.0,
    "relative_gap": 0.0,
    "approximation_ratio": 1.0
  },
  "local": {
    "mean_weight": 1783.74,
    "std_weight": 0.0,
    "min_weight": 1783.74,
    "max_weight": 1783.74,
    "absolute_gap": 0.0,
    "relative_gap": 0.0,
    "approximation_ratio": 1.0
  }
}