{
  "graph": "graph_n15_d25_adj_matrix",
  "algorithm": "random",
  "result": {
    "graph_name": "graph_n15_d25_adj_matrix",
    "algorithm": "random",
    "best_weight": 2670.74,
    "best_matching": [
      6,
      10,
      11,
      14,
      17,
      20,
      25
    ],
    "runtime": 0.0062722839993512025,
    "candidates": 400,
    "improvements": 6,
    "duplicates": 112,
    "infeasible": 0,
    "size_history": {
      "7": 80,
      "6": 206,
      "5": 59,
      "4": 23,
      "3": 21,
      "2": 10,
      "1": 1
    },
    "weight_history": [
      2159.53,
      2059.58,
      1846.98,
      1958.79,
      2020.11,
      2363.85,
      1569.39,
      1283.23,
      2071.59,
      1781.94,
      1924.08,
      1803.48,
      1909.66,
      1573.12,
      2045.97,
      2012.96,
      1624.68,
      1603.5,
      1973.29,
      1979.8600000000001,
      1771.67,
      2065.3,
      1750.84,
      1840.22,
      2346.34,
      1987.84,
      2182.46,
      1924.51,
      1839.79,
      2212.13,
      1471.7,
      2486.88,
      1838.3799999999999,
      1828.47,
      1974.03,
      2010.53,
      2215.71,
      1802.57,
      1933.55,
      1901.56,
      1362.32,
      1583.2,
      1241.52,
      1698.83,
      1480.8799999999999,
      1721.57,
      1872.42,
      1949.66,
      2138.52,
      1665.23,
      2538.95,
      2072.11,
      2142.41,
      1931.96,
      2216.15,
      1569.55,
      1390.54,
      2378.97,
      1854.45,
      1917.87,
      2490.9,
      2353.7200000000003,
      1488.44,
      1752.24,
      2438.94,
      1677.52,
      2175.3,
      1987.49,
      1960.03,
      2068.05,
      2052.08,
      1522.56,
      2219.29,
      1980.85,
      2420.62,
      2446.41,
      1756.51,
      2398.31,
      2065.32,
      2480.71,
      1964.05,
      2262.9,
      1723.74,
      1885.48,
      2277.59,
      1231.99,
      2374.21,
      1745.99,
      1725.07,
      2109.3,
      2202.2599999999998,
      1685.41,
      2296.19,
      2164.19,
      1733.64,
      1944.47,
      1574.72,
      1816.51,
      1685.23,
      1300.36,
      2158.9,
      2062.64,
      1834.9,
      1974.74,
      1831.74,
      1396.4,
      1431.28,
      2081.86,
      1384.17,
      1199.22,
      1395.72,
      1617.61,
      1442.23,
      1435.1599999999999,
      1746.67,
      1495.54,
      1802.68,
      1334.63,
      1665.7,
      1772.33,
      1986.95,
      991.11,
      1197.41,
      1067.48,
      1274.66,
      1265.04,
      1211.85,
      1247.32,
      946.33,
      962.37,
      1715.88,
      787.74,
      1242.99,
      712.03,
      1014.62,
      740.03,
      851.51,
      531.22,
      780.23,
      1118.22,
      772.4200000000001,
      1025.76,
      1026.37,
      187.56,
      727.94,
      626.41,
      507.42,
      388.21,
      616.91,
      692.48,
      561.63,
      699.79,
      457.7,
      602.78,
      1137.08,
      1041.33,
      1071.73,
      1331.25,
      973.0899999999999,
      1051.6,
      916.74,
      495.08,
      977.36,
      1148.59,
      872.39,
      1153.54,
      963.51,
      1358.74,
      1051.22,
      1245.17,
      1058.13,
      1351.06,
      904.55,
      1200.56,
      878.08,
      1162.2,
      1327.34,
      1549.9,
      1273.84,
      1758.3600000000001,
      1413.15,
      1478.77,
      1629.9,
      1527.59,
      1884.31,
      1013.24,
      1483.95,
      1483.56,
      1909.43,
      1656.6399999999999,
      2114.54,
      2307.15,
      1925.46,
      1796.5,
      1600.06,
      1535.33,
      1841.44,
      1812.28,
      1721.11,
      1538.0,
      1352.24,
      1212.61,
      1569.5,
      1263.4,
      1821.92,
      1460.85,
      1672.56,
      1518.65,
      2017.53,
      1798.21,
      1841.6399999999999,
      1543.53,
      2016.98,
      2133.31,
      2068.09,
      1759.57,
      1509.47,
      2041.46,
      2064.39,
      1756.75,
      2325.88,
      2081.92,
      1947.8999999999999,
      2283.88,
      1627.75,
      2332.72,
      1679.89,
      2156.4,
      2216.25,
      1652.8,
      1879.18,
      2031.55,
      2140.3,
      1627.8,
      1675.8,
      1614.78,
      1595.7,
      1275.58,
      2153.76,
      2375.96,
      2249.16,
      1589.08,
      1984.45,
      1700.9,
      1894.9,
      2348.92,
      1661.71,
      2092.25,
      1689.36,
      1582.1,
      2564.52,
      1862.79,
      1835.8200000000002,
      1539.78,
      2475.9700000000003,
      2006.8500000000001,
      2509.39,
      1709.1599999999999,
      1606.33,
      1777.06,
      1881.46,
      2009.29,
      2191.37,
      1433.43,
      1608.59,
      1977.05,
      1793.3400000000001,
      1443.71,
      2105.82,
      1761.28,
      2156.31,
      1587.69,
      2024.56,
      1469.1,
      1969.21,
      2251.8,
      1659.56,
      1745.38,
      1586.68,
      1766.7,
      2284.58,
      1841.81,
      2120.16,
      2411.9,
      2346.86,
      1888.32,
      1845.41,
      1518.25,
      1544.8,
      2423.9,
      1579.7,
      1491.73,
      1829.42,
      2115.06,
      1727.76,
      1884.92,
      1588.27,
      2019.95,
      2427.92,
      1968.69,
      1738.38,
      1614.0,
      1475.01,
      1818.48,
      1663.99,
      1646.22,
      2273.26,
      1586.46,
      1578.86,
      1448.04,
      1849.22,
      2098.34,
      1637.18,
      2160.1,
      1444.92,
      1435.51,
      1654.37,
      2247.9,
      2330.79,
      1682.1899999999998,
      1850.12,
      1853.29,
      1829.7,
      2006.51,
      2289.77,
      1752.75,
      2155.88,
      2180.1,
      1924.6000000000001,
      2103.38,
      1895.13,
      1511.6,
      1739.74,
      2026.71,
      1567.96,
      1819.49,
      1920.52,
      1905.37,
      1903.78,
      2283.36,
      1535.85,
      1317.29,
      1351.4,
      1766.18,
      1613.16,
      1768.6200000000001,
      1451.3200000000002,
      1695.67,
      1647.61,
      1800.1,
      1858.83,
      2455.84,
      1325.64,
      1597.45,
      1252.54,
      1480.54,
      1801.17,
      1421.12,
      1605.93,
      1869.77,
      2215.73,
      1695.75,
      2298.62,
      2190.35,
      2130.02,
      1833.52,
      1801.36,
      1461.37,
      2012.1,
      1620.37,
      1999.53,
      1692.31,
      2192.4,
      1901.3400000000001,
      1620.94,
      1888.36,
      2061.25,
      2090.58,
      1581.05,
      1502.19,
      1718.8,
      2123.18,
      2214.61,
      1781.42,
      1802.96,
      1744.72,
      1780.3,
      2200.49,
      2073.44,
      2248.91,
      2670.74,
      2206.71,
      1908.5,
      1761.23,
      2143.27,
      2005.99,
      1878.73,
      1644.66,
      1499.68,
      1686.72
    ],
    "stopping_reason": "max_candidates",
    "operations": {
      "candidate_generation": 512,
      "feasibility_check": 400,
      "weight_evaluation": 400
    }
  }
}