{
  "graph": "graph_n11_d50_adj_matrix",
  "algorithm": "random",
  "result": {
    "graph_name": "graph_n11_d50_adj_matrix",
    "algorithm": "random",
    "best_weight": 1534.33,
    "best_matching": [
      0,
      10,
      18,
      20,
      23
    ],
    "runtime": 2.00003210199975,
    "candidates": 127,
    "improvements": 1,
    "duplicates": 223420,
    "infeasible": 0,
    "size_history": {
      "5": 9,
      "4": 22,
      "3": 36,
      "2": 33,
      "1": 27
    },
    "weight_history": [
      1534.33,
      955.42,
      939.31,
      867.0799999999999,
      1279.46,
      943.1,
      1370.75,
      676.46,
      745.0899999999999,
      761.15,
      1503.39,
      1300.92,
      1228.94,
      827.47,
      637.5,
      510.25,
      913.21,
      879.22,
      992.65,
      1057.13,
      691.4399999999999,
      604.35,
      611.38,
      812.58,
      570.8499999999999,
      1002.26,
      837.5,
      896.9300000000001,
      799.3199999999999,
      1028.76,
      935.26,
      1000.3399999999999,
      747.99,
      1070.8,
      1205.48,
      950.22,
      1139.6399999999999,
      640.4,
      702.97,
      923.6999999999999,
      1039.79,
      892.04,
      608.26,
      693.87,
      559.03,
      334.46,
      715.88,
      878.84,
      904.65,
      490.8,
      671.9,
      754.25,
      660.72,
      487.77,
      757.8599999999999,
      400.55,
      512.44,
      581.02,
      506.73,
      808.38,
      352.52,
      193.60000000000002,
      605.8199999999999,
      864.0,
      560.25,
      483.76,
      106.51,
      429.91,
      385.77,
      217.15,
      595.11,
      415.02,
      30.36,
      169.92,
      205.3,
      460.44,
      396.56,
      797.92,
      605.8199999999999,
      524.74,
      556.86,
      311.98,
      365.45,
      422.45000000000005,
      1099.81,
      383.24,
      235.66000000000003,
      542.11,
      575.21,
      606.88,
      694.5,
      654.98,
      889.63,
      904.73,
      808.96,
      591.92,
      773.0799999999999,
      588.54,
      381.68,
      797.25,
      165.29,
      272.6,
      406.48,
      549.79,
      415.3,
      572.2,
      371.03999999999996,
      290.08,
      759.4200000000001,
      225.1,
      94.83,
      166.09,
      195.53,
      336.81,
      175.79,
      422.61,
      137.64,
      186.43,
      412.15,
      87.09,
      220.05,
      70.46,
      220.05,
      313.84,
      138.01,
      419.32,
      195.25
    ],
    "stopping_reason": "time_limit",
    "operations": {
      "candidate_generation": 223547,
      "feasibility_check": 127,
      "weight_evaluation": 127
    }
  }
}