{
  "random": {
    "mean_weight": 1413.28,
    "std_weight": 0.0,
    "min_weight": 1413.28,
    "max_weight": 1413.28,
    "absolute_gap": 0.0,
    "relative_gap": 0.0,
    "approximation_ratio": 1.0
  },
  "greedy": {
    "mean_weight": 1357.3066666666666,
    "std_weight": 14.080853036028172,
    "min_weight": 1347.35,
    "max_weight": 1377.22,
    "absolute_gap": 55.97333333333336,
    "relative_gap": 0.039605268123325425,
    "approximation_ratio": 0.9603947318766746
  },
  "local": {
    "mean_weight": 1413.28,
    "std_weight": 0.0,
    "min_weight": 1413.28,
    "max_weight": 1413.28,
    "absolute_gap": 0.0,
    "relative_gap": 0.0,
    "approximation_ratio": 1.0
  }
}