{
  "graph": "graph_n16_d50_adj_matrix",
  "algorithm": "greedy",
  "result": {
    "graph_name": "graph_n16_d50_adj_matrix",
    "algorithm": "greedy",
    "best_weight": 2924.71,
    "best_matching": [
      3,
      12,
      18,
      21,
      29,
      45,
      54,
      59
    ],
    "runtime": 2.0000392029996874,
    "candidates": 282,
    "improvements": 4,
    "duplicates": 99506,
    "infeasible": 0,
    "size_history": {
      "7": 152,
      "8": 130
    },
    "weight_history": [
      2717.54,
      2729.3,
      2637.46,
      2606.43,
      2585.92,
      2697.85,
      2823.57,
      2632.03,
      2474.39,
      2574.92,
      2645.9700000000003,
      2583.65,
      2745.8,
      2749.34,
      2678.68,
      2662.48,
      2427.45,
      2486.65,
      2604.64,
      2525.33,
      2924.71,
      2436.96,
      2856.04,
      2728.15,
      2697.3,
      2766.97,
      2511.89,
      2692.02,
      2464.34,
      2630.93,
      2630.2400000000002,
      2395.5,
      2800.0,
      2683.19,
      2830.44,
      2400.07,
      2542.96,
      2628.08,
      2510.1,
      2712.66,
      2469.34,
      2899.11,
      2407.46,
      2421.48,
      2621.0,
      2518.39,
      2683.01,
      2647.7400000000002,
      2720.2000000000003,
      2602.3,
      2553.47,
      2682.48,
      2579.07,
      2652.36,
      2757.52,
      2661.29,
      2498.13,
      2622.14,
      2759.84,
      2681.41,
      2720.0,
      2773.0,
      2477.35,
      2646.11,
      2788.67,
      2810.21,
      2662.7,
      2465.03,
      2614.52,
      2701.98,
      2694.4,
      2493.9300000000003,
      2836.13,
      2839.86,
      2370.96,
      2564.24,
      2771.19,
      2582.05,
      2714.81,
      2772.05,
      2472.6,
      2518.07,
      2700.36,
      2358.61,
      2647.71,
      2747.11,
      2636.01,
      2458.4700000000003,
      2491.65,
      2509.35,
      2868.67,
      2467.68,
      2491.8,
      2420.33,
      2624.13,
      2764.2400000000002,
      2763.07,
      2522.02,
      2657.85,
      2594.48,
      2483.57,
      2731.92,
      2725.3,
      2739.3,
      2670.71,
      2363.42,
      2598.37,
      2725.96,
      2729.48,
      2745.78,
      2684.05,
      2523.85,
      2613.45,
      2563.79,
      2561.26,
      2695.65,
      2490.0,
      2750.9,
      2677.9,
      2583.01,
      2523.77,
      2462.78,
      2612.95,
      2472.73,
      2602.48,
      2443.7,
      2689.67,
      2470.14,
      2732.44,
      2904.8,
      2482.4700000000003,
      2713.7,
      2769.27,
      2597.71,
      2608.77,
      2502.5,
      2627.85,
      2626.29,
      2645.8,
      2662.62,
      2635.12,
      2704.33,
      2591.62,
      2422.1,
      2486.2200000000003,
      2860.58,
      2505.58,
      2554.89,
      2611.07,
      2566.11,
      2664.56,
      2385.93,
      2468.33,
      2451.95,
      2770.7200000000003,
      2635.37,
      2709.33,
      2733.36,
      2489.9500000000003,
      2481.2,
      2738.64,
      2437.28,
      2555.02,
      2470.85,
      2668.53,
      2741.54,
      2423.7,
      2507.18,
      2516.15,
      2757.38,
      2546.88,
      2756.86,
      2456.91,
      2618.18,
      2439.4300000000003,
      2782.46,
      2732.59,
      2504.1,
      2405.06,
      2637.96,
      2784.01,
      2451.21,
      2394.11,
      2572.77,
      2557.27,
      2607.36,
      2641.6800000000003,
      2463.85,
      2421.28,
      2647.9500000000003,
      2499.45,
      2538.63,
      2450.35,
      2597.32,
      2623.31,
      2707.54,
      2495.08,
      2555.06,
      2400.98,
      2546.59,
      2663.75,
      2418.65,
      2488.42,
      2796.09,
      2454.6,
      2698.83,
      2613.1800000000003,
      2563.95,
      2408.4700000000003,
      2510.76,
      2460.29,
      2503.81,
      2617.46,
      2480.15,
      2590.73,
      2541.71,
      2712.17,
      2776.21,
      2641.85,
      2399.19,
      2662.42,
      2626.52,
      2476.77,
      2456.21,
      2676.04,
      2586.22,
      2854.55,
      2745.46,
      2411.64,
      2530.33,
      2680.52,
      2724.54,
      2708.9900000000002,
      2533.46,
      2342.45,
      2837.94,
      2623.94,
      2492.34,
      2599.56,
      2456.39,
      2345.2200000000003,
      2402.12,
      2649.08,
      2522.06,
      2729.5,
      2522.78,
      2417.1,
      2331.8,
      2839.07,
      2427.06,
      2626.76,
      2532.43,
      2610.25,
      2433.1,
      2667.16,
      2583.61,
      2481.85,
      2457.08,
      2552.67,
      2430.2400000000002,
      2494.12,
      2650.87,
      2406.78,
      2802.94,
      2502.29,
      2454.42,
      2754.44,
      2713.5,
      2605.43,
      2615.64,
      2636.12,
      2268.78,
      2539.04,
      2483.28,
      2681.67,
      2445.84,
      2379.57,
      2434.68,
      2734.2400000000002,
      2488.79,
      2597.11,
      2427.4
    ],
    "stopping_reason": "time_limit",
    "operations": {
      "candidate_generation": 99788,
      "feasibility_check": 282,
      "weight_evaluation": 282
    }
  }
}