{
  "graph": "graph_n20_d25_adj_matrix",
  "algorithm": "random",
  "result": {
    "graph_name": "graph_n20_d25_adj_matrix",
    "algorithm": "random",
    "best_weight": 2190.58,
    "best_matching": [
      4,
      15,
      19,
      23,
      36,
      40
    ],
    "runtime": 2.0000309260012727,
    "candidates": 159,
    "improvements": 5,
    "duplicates": 156457,
    "infeasible": 0,
    "size_history": {
      "7": 14,
      "6": 20,
      "5": 21,
      "4": 21,
      "3": 21,
      "2": 15,
      "1": 47
    },
    "weight_history": [
      1454.1,
      1692.68,
      1632.3500000000001,
      1629.97,
      1722.92,
      1547.83,
      2116.92,
      1245.8600000000001,
      1816.46,
      1426.61,
      2066.94,
      1155.15,
      2190.58,
      1617.53,
      1534.14,
      1434.27,
      1287.49,
      1411.8,
      1083.42,
      1761.03,
      1923.45,
      1750.76,
      1459.43,
      1021.2,
      1213.3600000000001,
      1269.5900000000001,
      1349.45,
      1323.0,
      1454.65,
      1367.28,
      949.7,
      1248.33,
      1441.86,
      1490.94,
      1613.58,
      1712.45,
      1709.41,
      1293.48,
      1807.44,
      1676.03,
      1437.01,
      1426.67,
      1751.51,
      1891.95,
      1690.38,
      1102.6100000000001,
      1544.91,
      891.0600000000001,
      1072.26,
      1366.6100000000001,
      1834.76,
      990.97,
      661.24,
      1480.64,
      1444.09,
      1163.94,
      1065.24,
      1392.95,
      1027.24,
      1105.54,
      866.0500000000001,
      1121.96,
      1052.54,
      976.53,
      1015.24,
      966.36,
      1111.24,
      867.94,
      916.9300000000001,
      670.4300000000001,
      376.2,
      536.58,
      851.42,
      819.03,
      667.4,
      1026.93,
      943.31,
      861.3800000000001,
      1326.98,
      869.49,
      707.1,
      1046.87,
      1054.23,
      1196.43,
      999.21,
      1381.25,
      856.44,
      825.08,
      1023.5899999999999,
      520.06,
      646.5,
      950.3000000000001,
      516.43,
      1069.4,
      751.84,
      481.67,
      730.48,
      824.04,
      389.62,
      753.31,
      477.93,
      698.8,
      376.05,
      396.18,
      521.45,
      478.83,
      406.23,
      416.26,
      707.99,
      328.44,
      187.76,
      261.84,
      663.9300000000001,
      359.98,
      259.68,
      488.8,
      123.94,
      257.5,
      323.79,
      229.16,
      282.29,
      360.09,
      463.34,
      215.26,
      299.67,
      257.93,
      344.22,
      436.96,
      101.4,
      250.23,
      229.58,
      177.23,
      296.12,
      252.11,
      203.21,
      265.05,
      278.35,
      151.21,
      209.88,
      406.0,
      854.72,
      227.86,
      285.24,
      112.15,
      352.09,
      75.96,
      129.87,
      164.75,
      210.24,
      491.47,
      155.19,
      158.66,
      45.4,
      330.8,
      206.94,
      42.19,
      353.99,
      365.92,
      154.99
    ],
    "stopping_reason": "time_limit",
    "operations": {
      "candidate_generation": 156616,
      "feasibility_check": 159,
      "weight_evaluation": 159
    }
  }
}