{
  "graph": "graph_n20_d50_adj_matrix",
  "algorithm": "random",
  "result": {
    "graph_name": "graph_n20_d50_adj_matrix",
    "algorithm": "random",
    "best_weight": 3030.59,
    "best_matching": [
      3,
      17,
      27,
      36,
      43,
      54,
      56,
      66,
      89,
      94
    ],
    "runtime": 0.009927803001119173,
    "candidates": 400,
    "improvements": 2,
    "duplicates": 0,
    "infeasible": 0,
    "size_history": {
      "10": 8,
      "9": 24,
      "8": 11,
      "7": 35,
      "6": 52,
      "5": 73,
      "4": 98,
      "3": 74,
      "2": 22,
      "1": 3
    },
    "weight_history": [
      2957.7,
      2392.51,
      1981.7,
      2443.5,
      2262.71,
      2183.8,
      2034.17,
      2495.29,
      2621.46,
      1847.26,
      2012.18,
      1975.25,
      1757.85,
      3030.59,
      1566.68,
      2419.75,
      1914.84,
      2471.01,
      2566.76,
      2058.75,
      2080.87,
      2097.36,
      2301.08,
      1884.09,
      2630.53,
      1947.3,
      1830.02,
      1991.56,
      2661.79,
      2589.64,
      2274.54,
      1914.6,
      2213.86,
      1993.46,
      1678.65,
      1586.68,
      1782.6100000000001,
      1881.47,
      1569.26,
      1378.05,
      1813.95,
      2177.85,
      2124.43,
      1717.21,
      1439.17,
      1756.68,
      1807.75,
      1597.17,
      1733.14,
      1301.45,
      1511.28,
      1619.87,
      1496.37,
      1500.51,
      1249.84,
      1459.17,
      1194.32,
      1178.8600000000001,
      1515.04,
      1257.62,
      1354.3400000000001,
      1468.45,
      1862.78,
      1365.25,
      1152.8700000000001,
      1569.74,
      1956.28,
      1627.18,
      1693.08,
      1368.65,
      1689.05,
      1473.24,
      1073.36,
      1542.73,
      1744.17,
      1655.02,
      1635.39,
      1714.26,
      1738.6,
      1338.59,
      1642.22,
      1461.34,
      1560.17,
      1425.1599999999999,
      1140.26,
      1071.92,
      1321.35,
      1425.51,
      1993.97,
      1546.55,
      1005.82,
      1273.26,
      1153.2,
      1448.3,
      1142.63,
      1238.55,
      1636.57,
      1358.6,
      1454.45,
      1217.2,
      754.65,
      1394.69,
      834.79,
      867.5,
      851.4200000000001,
      1062.6499999999999,
      1187.74,
      888.58,
      871.02,
      799.13,
      843.78,
      1069.32,
      1450.54,
      1013.99,
      996.1,
      1579.1100000000001,
      1155.13,
      1036.22,
      1063.34,
      1361.71,
      1225.25,
      1029.18,
      946.98,
      1221.06,
      833.75,
      1043.11,
      989.48,
      1283.17,
      536.87,
      680.63,
      740.9200000000001,
      779.25,
      642.16,
      677.26,
      591.5,
      883.26,
      1164.46,
      639.51,
      711.63,
      345.07,
      708.47,
      831.6500000000001,
      919.97,
      1124.96,
      562.92,
      1096.77,
      790.44,
      475.57,
      1032.65,
      1150.05,
      723.28,
      1320.06,
      864.25,
      1046.01,
      703.4,
      888.88,
      793.25,
      582.5600000000001,
      861.68,
      586.3,
      1013.0,
      586.24,
      876.53,
      387.43,
      691.3199999999999,
      309.28999999999996,
      659.12,
      328.3,
      68.01,
      566.66,
      214.04,
      477.23,
      379.21999999999997,
      435.27,
      386.62,
      740.55,
      1020.8199999999999,
      823.25,
      876.88,
      1055.77,
      889.1600000000001,
      357.29,
      595.59,
      718.92,
      1038.34,
      852.77,
      800.17,
      310.53999999999996,
      650.9300000000001,
      187.76,
      201.91,
      767.9,
      632.14,
      457.21,
      255.35,
      825.3199999999999,
      298.0,
      420.71999999999997,
      813.04,
      586.74,
      825.31,
      856.6800000000001,
      378.94,
      407.32,
      803.0699999999999,
      564.71,
      680.8499999999999,
      623.8100000000001,
      974.78,
      832.71,
      1099.53,
      1234.11,
      1105.25,
      1162.25,
      1448.67,
      1073.76,
      621.58,
      1329.61,
      584.86,
      925.14,
      775.23,
      540.38,
      885.92,
      781.6800000000001,
      523.1800000000001,
      1020.9499999999999,
      460.83,
      716.3399999999999,
      969.83,
      798.09,
      971.8599999999999,
      582.28,
      842.67,
      1196.96,
      1337.98,
      428.79,
      672.12,
      945.73,
      713.66,
      1274.79,
      915.62,
      758.79,
      1262.6000000000001,
      1579.07,
      1322.16,
      1156.56,
      1342.45,
      1440.73,
      1133.17,
      1064.12,
      1027.49,
      1261.99,
      1508.73,
      1222.92,
      1256.85,
      1436.84,
      1249.2,
      1162.18,
      1382.25,
      2042.58,
      1128.01,
      1776.6100000000001,
      1524.49,
      1122.22,
      1231.3400000000001,
      1626.25,
      881.6800000000001,
      986.78,
      904.49,
      1223.14,
      989.86,
      1591.74,
      954.97,
      856.27,
      1095.94,
      1050.33,
      852.61,
      764.03,
      950.13,
      532.54,
      994.3199999999999,
      1021.44,
      1302.18,
      906.8499999999999,
      1033.71,
      1172.83,
      683.98,
      614.38,
      467.89,
      564.03,
      1082.8899999999999,
      594.75,
      652.5799999999999,
      904.94,
      994.31,
      389.53999999999996,
      655.51,
      969.5899999999999,
      1147.09,
      1081.08,
      1089.01,
      1766.1399999999999,
      869.6,
      821.21,
      969.25,
      1144.54,
      799.64,
      548.56,
      1239.66,
      1382.39,
      1455.01,
      1430.03,
      1123.01,
      1039.6,
      1387.28,
      963.52,
      1420.1,
      1378.1,
      1230.48,
      1900.29,
      1488.72,
      1278.73,
      896.1899999999999,
      1406.24,
      1222.33,
      1633.36,
      1688.34,
      1489.58,
      1560.96,
      1297.73,
      1061.02,
      1545.14,
      1707.3799999999999,
      1185.06,
      1867.25,
      2109.8,
      1681.26,
      1538.37,
      1970.52,
      1874.02,
      1648.8899999999999,
      1216.3,
      1547.94,
      1054.94,
      1087.97,
      1533.28,
      1370.27,
      1665.34,
      1639.81,
      1625.9,
      1310.98,
      1737.57,
      1225.88,
      1353.92,
      1414.6799999999998,
      914.95,
      861.93,
      1458.34,
      1185.51,
      837.0,
      1119.5,
      1157.44,
      1331.55,
      1151.3,
      1111.43,
      956.07,
      1346.32,
      1086.01,
      1225.59,
      1081.05,
      1135.5,
      849.3,
      736.89,
      915.13,
      793.63,
      771.44,
      949.35,
      613.1700000000001,
      618.95,
      682.35,
      427.97,
      411.13,
      581.49,
      614.9100000000001,
      693.7,
      1021.85,
      753.88,
      681.23,
      1002.1800000000001,
      1192.51,
      730.06,
      1170.28,
      733.53,
      1229.18,
      1089.9,
      876.32,
      1206.29,
      699.69,
      1215.76,
      1211.02
    ],
    "stopping_reason": "max_candidates",
    "operations": {
      "candidate_generation": 400,
      "feasibility_check": 400,
      "weight_evaluation": 400
    }
  }
}