{
  "graph": "graph_n20_d50_adj_matrix",
  "algorithm": "greedy",
  "result": {
    "graph_name": "graph_n20_d50_adj_matrix",
    "algorithm": "greedy",
    "best_weight": 3347.9,
    "best_matching": [
      0,
      17,
      25,
      46,
      54,
      57,
      65,
      69,
      76,
      89
    ],
    "runtime": 0.08176030800132139,
    "candidates": 400,
    "improvements": 5,
    "duplicates": 2473,
    "infeasible": 0,
    "size_history": {
      "10": 55,
      "9": 190,
      "8": 112,
      "7": 31,
      "6": 11,
      "5": 1
    },
    "weight_history": [
      3266.73,
      3317.07,
      3316.13,
      3214.96,
      3127.29,
      3249.42,
      3112.37,
      3241.84,
      3264.02,
      3064.99,
      3133.17,
      3309.04,
      3289.71,
      3325.86,
      3197.27,
      3189.54,
      3190.48,
      3036.26,
      3178.6,
      3151.8,
      3206.25,
      2843.56,
      3080.19,
      3136.99,
      3136.09,
      3288.68,
      3212.43,
      3112.0099999999998,
      3088.39,
      3237.64,
      3019.66,
      3308.1,
      3228.85,
      3164.12,
      3155.42,
      3270.62,
      3250.23,
      3104.48,
      3251.17,
      3118.06,
      3227.91,
      3229.89,
      3275.63,
      3098.22,
      3314.73,
      3272.92,
      3323.86,
      3109.66,
      3205.31,
      3247.7999999999997,
      3248.48,
      3078.0099999999998,
      3175.94,
      3087.31,
      3185.2,
      3081.36,
      3131.02,
      3257.25,
      3255.5,
      3339.87,
      3011.6,
      3258.7,
      3250.63,
      3077.98,
      3249.22,
      3107.19,
      3115.25,
      3137.43,
      2968.79,
      3123.64,
      3115.98,
      2993.18,
      3122.83,
      3182.4,
      3149.04,
      3193.5,
      3182.02,
      2854.14,
      2978.25,
      2925.72,
      2892.38,
      2974.63,
      2914.7,
      2902.13,
      3051.95,
      2996.37,
      2927.5499999999997,
      2875.96,
      3187.72,
      3146.33,
      3182.45,
      2970.24,
      3125.23,
      3124.58,
      3053.2200000000003,
      3163.12,
      3015.46,
      3184.63,
      2980.6,
      2904.34,
      2913.7599999999998,
      2979.66,
      3000.6,
      2892.18,
      3040.75,
      2972.57,
      2912.95,
      2905.37,
      2947.43,
      2930.2599999999998,
      3157.31,
      3017.05,
      2980.6,
      3140.14,
      3050.17,
      3014.29,
      3081.16,
      3122.04,
      3044.64,
      2962.93,
      3014.31,
      2986.0099999999998,
      2977.89,
      2955.13,
      2954.24,
      2940.97,
      2616.34,
      2925.36,
      3053.23,
      2863.91,
      2980.38,
      3047.37,
      3037.79,
      2952.13,
      3136.4,
      3093.8,
      3006.58,
      3123.21,
      3044.41,
      3262.59,
      3085.8399999999997,
      3118.29,
      3190.39,
      2946.21,
      2894.79,
      2912.68,
      2876.14,
      2760.36,
      3060.74,
      2885.01,
      2980.96,
      2979.88,
      2868.76,
      2896.31,
      2883.07,
      3153.21,
      3082.59,
      3298.5,
      3032.41,
      3091.41,
      3056.23,
      2826.2799999999997,
      3147.96,
      3142.9,
      3101.32,
      3317.83,
      3243.14,
      3218.5099999999998,
      3069.98,
      3018.77,
      3011.2400000000002,
      3178.62,
      3233.81,
      2970.15,
      3070.74,
      2992.82,
      3044.58,
      3035.36,
      3102.2599999999998,
      3050.42,
      3138.83,
      3122.56,
      2829.1099999999997,
      3078.64,
      3138.58,
      3089.52,
      3033.25,
      2953.96,
      2902.7799999999997,
      3114.72,
      2979.52,
      2902.59,
      2961.8,
      2954.77,
      2805.58,
      3029.19,
      2742.25,
      2937.56,
      2986.2200000000003,
      3156.09,
      3139.06,
      3170.59,
      3242.6,
      2896.72,
      3102.67,
      3041.87,
      3113.16,
      3087.24,
      3003.57,
      2889.23,
      3027.7599999999998,
      2871.66,
      2943.33,
      3045.62,
      2906.67,
      3028.83,
      2941.7799999999997,
      2818.95,
      2888.87,
      3107.95,
      3162.18,
      3084.04,
      2930.27,
      3129.14,
      2896.04,
      2952.87,
      3097.22,
      3221.31,
      3112.66,
      3107.22,
      3029.59,
      2685.13,
      2868.1,
      2875.0099999999998,
      2843.2,
      2825.05,
      2912.0099999999998,
      2887.72,
      2803.02,
      2915.85,
      2935.88,
      2975.3199999999997,
      2980.54,
      3077.81,
      3118.66,
      3306.44,
      3075.9,
      3152.1,
      3075.15,
      3153.75,
      3161.0099999999998,
      3139.52,
      2752.99,
      2839.94,
      2971.63,
      2953.6,
      2908.18,
      2830.92,
      2874.16,
      2633.32,
      2818.14,
      2952.88,
      2894.01,
      2899.78,
      3032.63,
      3091.2,
      3266.11,
      3087.0,
      3041.3199999999997,
      3232.38,
      3229.61,
      3091.87,
      3179.89,
      3205.23,
      3006.28,
      2887.1,
      2809.1099999999997,
      2972.14,
      2865.18,
      2954.13,
      2898.06,
      2891.44,
      2895.0099999999998,
      2962.21,
      2963.29,
      2929.64,
      2778.91,
      2684.91,
      2785.5299999999997,
      2684.79,
      2705.97,
      2691.77,
      2770.72,
      2656.4,
      2694.46,
      2654.0299999999997,
      2768.01,
      2414.51,
      2498.52,
      2480.41,
      2450.09,
      2129.48,
      2423.29,
      2483.75,
      2407.05,
      2449.91,
      2472.26,
      2432.62,
      2624.22,
      2717.82,
      2715.48,
      2589.93,
      2675.13,
      2711.42,
      2743.72,
      2464.92,
      2692.71,
      2776.13,
      2695.56,
      2942.88,
      2917.41,
      2949.84,
      2690.14,
      2851.84,
      2866.02,
      2973.2599999999998,
      2886.28,
      2926.21,
      2950.77,
      2730.73,
      3039.2799999999997,
      3133.69,
      3116.55,
      2928.25,
      3144.29,
      3035.2,
      3220.13,
      3065.43,
      3093.29,
      2979.99,
      3097.14,
      3230.49,
      3292.69,
      3080.72,
      3283.9,
      3220.39,
      3282.96,
      3204.4,
      2992.0099999999998,
      3087.66,
      3079.16,
      3347.9,
      3284.94,
      3207.75,
      3303.39,
      3237.45,
      3143.35,
      3182.73,
      3029.71,
      3002.73,
      2981.14,
      3203.61,
      3204.06,
      3041.9,
      2972.52,
      3074.26,
      3113.64,
      3036.38,
      3210.48,
      3166.84,
      3109.05,
      3255.99,
      3118.0299999999997,
      3125.35,
      3179.19,
      3118.2999999999997,
      3272.67,
      3164.94,
      3249.8,
      3143.71,
      3206.29,
      3243.26,
      3164.97,
      3172.6,
      3286.37,
      3123.23,
      2944.84,
      3297.58,
      3086.2,
      3183.9,
      3235.64,
      3272.18,
      3234.94,
      3260.28,
      3295.36,
      3311.22,
      2966.5299999999997,
      3242.2,
      3046.99,
      3216.25
    ],
    "stopping_reason": "max_candidates",
    "operations": {
      "candidate_generation": 2873,
      "feasibility_check": 400,
      "weight_evaluation": 400
    }
  }
}