{
  "graph": "graph_n14_d75_adj_matrix",
  "algorithm": "local",
  "result": {
    "graph_name": "graph_n14_d75_adj_matrix",
    "algorithm": "local",
    "best_weight": 2445.86,
    "best_matching": [
      6,
      15,
      20,
      26,
      32,
      51,
      63
    ],
    "runtime": 2.001117699999668,
    "candidates": 86,
    "improvements": 2,
    "duplicates": 824,
    "infeasible": 0,
    "size_history": {
      "7": 10,
      "6": 22,
      "5": 22,
      "4": 11,
      "3": 11,
      "2": 9,
      "1": 1
    },
    "weight_history": [
      2342.2400000000002,
      2445.86,
      2230.96,
      2435.78,
      2370.23,
      2332.48,
      2283.53,
      2239.52,
      2423.49,
      2412.74,
      2432.56,
      2211.73,
      2244.17,
      2171.58,
      2250.82,
      2277.38,
      2222.14,
      2286.75,
      2220.53,
      2219.4900000000002,
      2290.17,
      2256.32,
      2073.17,
      1928.2,
      2006.95,
      2057.2200000000003,
      1967.6,
      1895.93,
      1958.0,
      1994.16,
      2005.4099999999999,
      1944.43,
      2060.38,
      2166.47,
      2206.4900000000002,
      2274.02,
      2270.8,
      2169.42,
      2088.14,
      2199.16,
      2186.37,
      2159.81,
      2060.44,
      2084.98,
      1978.85,
      2010.22,
      1948.97,
      1932.82,
      2023.01,
      1788.41,
      1998.15,
      1881.67,
      1841.54,
      1988.81,
      1983.66,
      1713.39,
      1695.63,
      1722.19,
      1711.69,
      1690.57,
      1738.25,
      1714.21,
      1679.07,
      1365.41,
      1704.05,
      1677.0,
      1331.07,
      1326.12,
      1317.73,
      1381.23,
      942.1700000000001,
      1315.01,
      1349.35,
      1300.4,
      1306.21,
      1335.28,
      1331.21,
      958.23,
      893.22,
      928.1,
      864.6,
      912.28,
      910.55,
      903.12,
      505.1,
      878.08
    ],
    "stopping_reason": "time_limit",
    "operations": {
      "candidate_generation": 910,
      "feasibility_check": 86,
      "weight_evaluation": 86
    }
  }
}