{
  "graph": "graph_n11_d75_adj_matrix",
  "algorithm": "random",
  "result": {
    "graph_name": "graph_n11_d75_adj_matrix",
    "algorithm": "random",
    "best_weight": 1732.1200000000001,
    "best_matching": [
      0,
      13,
      22,
      29,
      36
    ],
    "runtime": 0.006326549000732484,
    "candidates": 400,
    "improvements": 7,
    "duplicates": 33,
    "infeasible": 0,
    "size_history": {
      "5": 361,
      "4": 38,
      "3": 1
    },
    "weight_history": [
      1581.45,
      1046.33,
      861.03,
      1094.75,
      1089.94,
      1470.0,
      1469.96,
      1077.08,
      782.25,
      1356.25,
      1034.29,
      1264.85,
      767.29,
      1377.62,
      1179.54,
      1159.6299999999999,
      1253.06,
      796.14,
      1395.55,
      1521.18,
      918.98,
      1221.08,
      834.77,
      1213.7,
      1615.28,
      1059.54,
      1307.67,
      1551.29,
      1309.76,
      1280.59,
      1191.23,
      1128.18,
      1491.13,
      1200.95,
      1455.97,
      1171.33,
      1444.67,
      1391.93,
      1537.96,
      947.84,
      1451.17,
      1523.97,
      1193.01,
      1402.1200000000001,
      1109.07,
      1520.98,
      982.37,
      873.0600000000001,
      1506.81,
      1024.36,
      1284.0,
      1239.54,
      1569.87,
      798.96,
      1278.23,
      1284.83,
      1616.1100000000001,
      1478.44,
      945.48,
      1243.68,
      1260.42,
      1209.8400000000001,
      913.6,
      880.86,
      1485.08,
      1603.57,
      1561.78,
      1360.0,
      1654.91,
      1667.69,
      1269.1,
      848.03,
      1355.04,
      871.8000000000001,
      1302.78,
      1395.4,
      1217.58,
      1069.5,
      1342.35,
      585.07,
      1278.95,
      722.38,
      962.02,
      1258.92,
      1169.81,
      1274.12,
      959.26,
      1027.71,
      860.14,
      1141.08,
      1290.85,
      1192.28,
      1315.27,
      1190.49,
      1268.55,
      1202.7,
      933.28,
      1497.52,
      663.81,
      1275.25,
      1210.6,
      1366.17,
      1494.03,
      873.06,
      953.16,
      1231.47,
      1169.4,
      1308.52,
      1487.08,
      1390.97,
      739.24,
      1622.79,
      1203.67,
      1191.77,
      1408.27,
      823.48,
      683.22,
      1006.0,
      1385.72,
      1366.04,
      1313.93,
      1057.76,
      613.42,
      980.38,
      968.11,
      1488.67,
      1290.05,
      1189.38,
      661.95,
      1067.82,
      1236.18,
      1085.52,
      1260.96,
      1472.04,
      1161.79,
      1588.27,
      764.83,
      909.22,
      1372.4,
      1497.94,
      932.82,
      1614.3600000000001,
      1124.85,
      780.83,
      1321.05,
      997.28,
      1390.8600000000001,
      1260.62,
      1657.77,
      1262.96,
      1329.7,
      1675.26,
      1260.1,
      1294.56,
      1596.89,
      1284.09,
      1204.15,
      1002.1,
      1542.01,
      1457.39,
      1286.34,
      1648.46,
      825.61,
      1168.27,
      1132.79,
      1469.07,
      1521.43,
      894.37,
      864.97,
      1323.81,
      1634.48,
      1357.96,
      1732.1200000000001,
      1288.54,
      1660.18,
      902.99,
      1551.86,
      1242.58,
      1034.08,
      966.11,
      1149.43,
      1391.01,
      1128.38,
      1371.1299999999999,
      1281.96,
      1489.24,
      1258.02,
      1424.63,
      1375.36,
      1334.45,
      1521.26,
      1587.73,
      1577.33,
      941.75,
      1453.45,
      1454.25,
      1170.56,
      1493.63,
      819.53,
      1022.4300000000001,
      1167.8799999999999,
      1290.51,
      1286.31,
      1386.26,
      1281.1,
      1358.3,
      1227.84,
      1374.47,
      1540.1,
      1048.61,
      650.69,
      1253.0,
      670.83,
      1342.85,
      1356.99,
      1562.81,
      1599.76,
      860.81,
      1039.94,
      1499.2,
      1429.71,
      1166.6399999999999,
      766.87,
      1451.6100000000001,
      1458.82,
      1393.97,
      1118.2,
      1054.25,
      1281.58,
      1029.63,
      1370.92,
      1126.8,
      1508.99,
      1385.22,
      1480.48,
      1267.81,
      761.08,
      1511.99,
      1324.72,
      1114.77,
      1575.7,
      1429.82,
      1121.29,
      1349.9099999999999,
      1378.81,
      1550.92,
      1221.59,
      1267.57,
      1458.07,
      1662.82,
      1441.12,
      1300.3,
      1442.7,
      1204.41,
      1232.52,
      1197.1100000000001,
      1211.48,
      1134.71,
      1459.72,
      1279.3899999999999,
      880.99,
      957.77,
      1500.05,
      1380.68,
      1033.3,
      1222.58,
      1542.56,
      1410.83,
      945.8,
      1556.54,
      1353.27,
      1137.35,
      1595.42,
      941.57,
      1483.98,
      998.76,
      1083.71,
      1686.16,
      1059.34,
      1060.79,
      1469.05,
      1366.17,
      959.85,
      1123.13,
      1206.33,
      1095.46,
      1049.8,
      505.51,
      996.8299999999999,
      891.48,
      844.83,
      1003.0699999999999,
      1102.43,
      1318.1,
      1024.19,
      878.3,
      1341.14,
      1461.92,
      788.1500000000001,
      1304.02,
      1255.68,
      744.69,
      1355.5,
      1273.46,
      1375.03,
      1392.26,
      836.08,
      1377.57,
      1484.74,
      1266.01,
      1293.02,
      1087.1,
      995.68,
      1485.94,
      1439.0,
      1245.26,
      887.79,
      1358.19,
      994.38,
      869.76,
      791.9,
      1233.57,
      1499.67,
      1150.87,
      1169.52,
      1243.29,
      967.6899999999999,
      1047.55,
      1305.76,
      1417.82,
      923.75,
      1539.77,
      1506.83,
      1285.25,
      1099.44,
      855.39,
      1364.94,
      1404.48,
      1381.24,
      1371.51,
      1510.41,
      1197.01,
      1381.04,
      1417.12,
      1351.8,
      1360.04,
      1407.84,
      1492.3,
      1209.62,
      1246.0,
      1143.15,
      1249.18,
      1298.78,
      1446.96,
      1473.65,
      1412.98,
      834.78,
      1118.63,
      1336.86,
      1432.8999999999999,
      1466.48,
      1373.07,
      1469.29,
      1496.39,
      1386.68,
      1473.67,
      1224.24,
      1548.18,
      1555.83,
      1195.07,
      1318.43,
      1141.7,
      1668.8400000000001,
      848.09,
      1177.3,
      1518.27,
      1244.69,
      1418.3899999999999,
      1441.68,
      1516.43,
      1341.9,
      1442.64,
      1167.3,
      1495.79,
      1297.65,
      1487.76,
      975.44,
      1246.72,
      867.8100000000001,
      1223.37,
      1558.46,
      1160.78,
      1473.5,
      977.04,
      927.38,
      1278.3,
      1614.81,
      1254.24,
      1431.3,
      1210.1399999999999
    ],
    "stopping_reason": "max_candidates",
    "operations": {
      "candidate_generation": 433,
      "feasibility_check": 400,
      "weight_evaluation": 400
    }
  }
}