{
  "graph": "graph_n11_d25_adj_matrix",
  "algorithm": "random",
  "result": {
    "graph_name": "graph_n11_d25_adj_matrix",
    "algorithm": "random",
    "best_weight": 1413.28,
    "best_matching": [
      1,
      6,
      9,
      10
    ],
    "runtime": 2.0000214490009967,
    "candidates": 61,
    "improvements": 5,
    "duplicates": 286573,
    "infeasible": 0,
    "size_history": {
      "4": 16,
      "3": 33,
      "2": 12
    },
    "weight_history": [
      1055.21,
      1137.05,
      1317.84,
      1178.9,
      941.86,
      1159.48,
      790.96,
      650.88,
      1025.68,
      1152.18,
      1377.22,
      932.1800000000001,
      875.9300000000001,
      759.93,
      1219.61,
      1207.98,
      831.67,
      1347.35,
      932.19,
      998.12,
      1413.28,
      736.84,
      890.9,
      764.4,
      866.98,
      695.14,
      946.7,
      961.26,
      722.09,
      917.62,
      1166.56,
      887.93,
      976.39,
      722.4100000000001,
      434.38,
      553.78,
      618.14,
      598.4,
      736.65,
      481.33,
      419.82,
      655.88,
      498.65,
      531.35,
      1112.97,
      1025.34,
      879.42,
      903.94,
      773.8299999999999,
      693.33,
      954.61,
      673.31,
      527.88,
      442.39,
      915.48,
      703.67,
      610.17,
      1153.68,
      1196.44,
      751.4,
      972.89
    ],
    "stopping_reason": "time_limit",
    "operations": {
      "candidate_generation": 286634,
      "feasibility_check": 61,
      "weight_evaluation": 61
    }
  }
}