{
  "graph": "graph_n18_d75_adj_matrix",
  "algorithm": "random",
  "result": {
    "graph_name": "graph_n18_d75_adj_matrix",
    "algorithm": "random",
    "best_weight": 3267.05,
    "best_matching": [
      7,
      18,
      29,
      45,
      60,
      67,
      71,
      95,
      103
    ],
    "runtime": 0.012142908000896568,
    "candidates": 400,
    "improvements": 5,
    "duplicates": 0,
    "infeasible": 0,
    "size_history": {
      "9": 128,
      "8": 101,
      "7": 41,
      "6": 64,
      "5": 54,
      "4": 12
    },
    "weight_history": [
      2293.77,
      2273.07,
      2041.72,
      2007.48,
      2675.15,
      2230.4,
      3005.2200000000003,
      2312.25,
      2520.26,
      1722.43,
      2108.6,
      1948.49,
      2092.2400000000002,
      2386.4,
      2035.63,
      2397.02,
      2652.48,
      2492.31,
      2487.8,
      2410.59,
      2108.52,
      2375.33,
      2096.37,
      2528.02,
      2203.97,
      2259.42,
      2601.77,
      2307.67,
      2459.66,
      2717.74,
      2580.72,
      2383.51,
      2325.66,
      2274.25,
      2671.77,
      1835.44,
      2755.08,
      1668.68,
      2452.63,
      2184.87,
      2375.4,
      2667.34,
      2405.67,
      2641.29,
      2259.64,
      2327.4,
      1893.56,
      2080.58,
      2729.66,
      2382.49,
      2365.37,
      2039.6499999999999,
      2484.54,
      2272.2599999999998,
      2372.17,
      2155.62,
      2447.22,
      2486.21,
      2196.06,
      2529.88,
      2865.86,
      1769.11,
      2216.71,
      2168.51,
      2026.8,
      1709.56,
      1789.26,
      2391.1,
      2053.16,
      2286.52,
      2566.56,
      2189.98,
      2028.1,
      2418.82,
      2050.86,
      2442.66,
      2624.04,
      1927.38,
      1838.2,
      2145.7200000000003,
      2928.83,
      2319.49,
      2637.28,
      2712.41,
      2043.42,
      1946.63,
      2976.51,
      1695.92,
      2096.44,
      1343.45,
      2504.09,
      2585.69,
      2314.06,
      2675.91,
      2016.8600000000001,
      2573.06,
      2209.61,
      2058.99,
      1882.64,
      2822.19,
      1970.03,
      1942.06,
      2506.68,
      2616.0299999999997,
      2327.46,
      2593.73,
      2289.09,
      1691.69,
      2252.91,
      2432.13,
      2138.92,
      1894.11,
      2727.19,
      2342.94,
      2166.64,
      3255.49,
      2370.97,
      2048.98,
      2597.95,
      2217.83,
      1885.62,
      1668.8899999999999,
      2555.39,
      2005.44,
      2293.41,
      2628.19,
      2078.54,
      2387.25,
      2318.96,
      2673.09,
      2605.91,
      2538.44,
      2158.43,
      2459.91,
      2249.75,
      2356.86,
      1770.6499999999999,
      2021.4,
      2151.49,
      2417.48,
      2080.78,
      2473.56,
      2247.11,
      2620.7599999999998,
      2792.33,
      2440.96,
      2739.98,
      2273.64,
      2744.9,
      2533.84,
      2754.74,
      2446.16,
      2782.15,
      1546.82,
      2516.2799999999997,
      2478.69,
      2518.58,
      2413.86,
      2014.23,
      2342.55,
      2501.81,
      2184.54,
      1427.69,
      1744.23,
      2421.29,
      2414.14,
      2069.93,
      1746.83,
      1833.29,
      2490.61,
      2022.65,
      2314.34,
      2035.13,
      2109.68,
      2323.3,
      1777.05,
      2083.46,
      2362.29,
      2486.15,
      2379.48,
      2330.19,
      2811.6,
      2134.05,
      2525.33,
      2259.87,
      3267.05,
      2058.04,
      3005.91,
      2025.92,
      2289.9,
      2630.68,
      1756.69,
      2026.8600000000001,
      2163.23,
      2245.33,
      1924.47,
      3057.98,
      2174.5,
      2388.74,
      2813.83,
      2833.58,
      2617.24,
      2856.5699999999997,
      2736.16,
      2358.99,
      2524.33,
      2191.26,
      2812.77,
      2297.11,
      2383.53,
      1838.47,
      1908.01,
      2055.17,
      2109.61,
      2316.29,
      1607.67,
      2233.32,
      1937.81,
      2234.77,
      2005.29,
      1676.44,
      2113.73,
      1669.96,
      1775.31,
      1676.17,
      2143.33,
      1806.68,
      1356.28,
      1509.36,
      2283.4,
      1809.81,
      1961.82,
      1556.41,
      1344.99,
      1530.61,
      1120.99,
      1136.35,
      1546.94,
      1597.34,
      1673.16,
      1499.07,
      1288.03,
      1428.42,
      995.98,
      1225.8400000000001,
      1373.63,
      926.27,
      1734.98,
      1208.57,
      1112.12,
      1120.6,
      1060.45,
      1795.83,
      996.72,
      1372.17,
      1024.75,
      1329.2,
      904.21,
      799.56,
      1228.33,
      1131.7,
      1625.78,
      1158.45,
      885.11,
      1503.16,
      1693.47,
      1466.82,
      1401.13,
      1614.7,
      1222.32,
      1148.3600000000001,
      1268.74,
      1333.41,
      1363.09,
      1485.93,
      1914.82,
      1421.19,
      1381.45,
      2035.01,
      1383.31,
      1696.1299999999999,
      1842.17,
      1652.1100000000001,
      1613.71,
      1484.3799999999999,
      1615.95,
      1811.1100000000001,
      1099.76,
      1480.92,
      1735.82,
      1529.28,
      1252.6299999999999,
      1159.91,
      1131.92,
      1880.8899999999999,
      904.94,
      1213.93,
      1666.94,
      1512.22,
      1349.77,
      1872.29,
      2045.11,
      1738.74,
      1602.8,
      1943.56,
      1380.79,
      1754.18,
      1508.5,
      2167.81,
      1780.06,
      1690.06,
      2782.18,
      1459.2,
      2225.44,
      1522.68,
      1965.1,
      1763.8,
      1829.9,
      1708.93,
      2092.3,
      1484.56,
      2008.61,
      1132.88,
      1971.73,
      1930.46,
      1511.99,
      1964.73,
      1329.53,
      1478.67,
      895.87,
      1272.76,
      1696.96,
      1234.33,
      1531.05,
      1900.49,
      1347.18,
      1791.01,
      1481.71,
      1308.61,
      1499.91,
      1254.23,
      1310.2,
      1628.68,
      1295.78,
      2247.61,
      1800.22,
      1695.34,
      1987.76,
      1813.0,
      1437.75,
      1328.7,
      1187.98,
      1214.04,
      1825.64,
      1109.69,
      1300.0,
      1142.5,
      1106.2,
      1218.83,
      1101.11,
      1160.03,
      1558.43,
      1585.83,
      2109.8,
      1660.83,
      1067.71,
      1828.75,
      1433.24,
      2053.41,
      1780.27,
      1693.87,
      1138.16,
      1518.58,
      1560.45,
      1670.97,
      2071.29,
      2045.98,
      1952.89,
      2478.25,
      1922.13,
      1370.43,
      1406.78,
      1263.8799999999999,
      2307.0099999999998,
      1864.19,
      2293.39,
      2461.98,
      1602.94,
      2074.23,
      2185.27,
      2511.57,
      2343.7,
      1960.56,
      2390.42,
      2029.56,
      2409.55,
      1608.15,
      1757.37,
      1605.37,
      2309.63
    ],
    "stopping_reason": "max_candidates",
    "operations": {
      "candidate_generation": 400,
      "feasibility_check": 400,
      "weight_evaluation": 400
    }
  }
}