{
  "graph": "graph_n7_d75_adj_matrix",
  "algorithm": "random",
  "result": {
    "graph_name": "graph_n7_d75_adj_matrix",
    "algorithm": "random",
    "best_weight": 1011.53,
    "best_matching": [
      0,
      10,
      12
    ],
    "runtime": 2.000023709000743,
    "candidates": 60,
    "improvements": 3,
    "duplicates": 301753,
    "infeasible": 0,
    "size_history": {
      "3": 19,
      "2": 26,
      "1": 15
    },
    "weight_history": [
      531.02,
      927.3199999999999,
      709.45,
      703.39,
      836.79,
      682.7,
      757.13,
      702.47,
      641.45,
      751.07,
      838.39,
      685.29,
      1011.53,
      485.45,
      445.11,
      716.9200000000001,
      814.59,
      637.98,
      583.94,
      859.95,
      631.34,
      346.74,
      542.05,
      294.53,
      397.77,
      645.87,
      523.14,
      518.46,
      496.33000000000004,
      701.4300000000001,
      550.28,
      672.5799999999999,
      350.44,
      182.69,
      135.01,
      408.86,
      336.81,
      59.2,
      365.66,
      159.52,
      287.54,
      215.08,
      241.89,
      310.1,
      547.69,
      744.63,
      591.55,
      494.37,
      725.02,
      814.23,
      350.09000000000003,
      618.1600000000001,
      551.89,
      426.37,
      568.38,
      190.92,
      335.77,
      359.36,
      138.83,
      308.06
    ],
    "stopping_reason": "time_limit",
    "operations": {
      "candidate_generation": 301813,
      "feasibility_check": 60,
      "weight_evaluation": 60
    }
  }
}