{
  "random": {
    "mean_weight": 1877.6999999999998,
    "std_weight": 153.41698819448462,
    "min_weight": 1677.22,
    "max_weight": 2049.7799999999997,
    "absolute_gap": 172.07999999999993,
    "relative_gap": 0.0839504727336592,
    "approximation_ratio": 0.9160495272663408
  },
  "greedy": {
    "mean_weight": 1995.1533333333332,
    "std_weight": 77.2537728672341,
    "min_weight": 1885.9,
    "max_weight": 2049.7799999999997,
    "absolute_gap": 54.62666666666655,
    "relative_gap": 0.026650014473097873,
    "approximation_ratio": 0.9733499855269021
  },
  "local": {
    "mean_weight": 2049.7799999999997,
    "std_weight": 0.0,
    "min_weight": 2049.7799999999997,
    "max_weight": 2049.7799999999997,
    "absolute_gap": 0.0,
    "relative_gap": 0.0,
    "approximation_ratio": 1.0
  }
}