{
  "graph": "graph_n16_d50_adj_matrix",
  "algorithm": "local",
  "result": {
    "graph_name": "graph_n16_d50_adj_matrix",
    "algorithm": "local",
    "best_weight": 2924.71,
    "best_matching": [
      3,
      12,
      18,
      21,
      29,
      45,
      54,
      59
    ],
    "runtime": 2.002717309998843,
    "candidates": 226,
    "improvements": 6,
    "duplicates": 443,
    "infeasible": 0,
    "size_history": {
      "7": 85,
      "8": 140,
      "6": 1
    },
    "weight_history": [
      2670.47,
      2632.03,
      2585.92,
      2499.9900000000002,
      2545.41,
      2624.13,
      2823.57,
      2832.3,
      2856.04,
      2692.97,
      2694.4,
      2637.46,
      2648.2,
      2729.3,
      2668.1,
      2523.77,
      2574.92,
      2606.78,
      2526.94,
      2665.83,
      2606.43,
      2899.11,
      2527.38,
      2629.4,
      2924.71,
      2692.19,
      2830.44,
      2713.7,
      2720.0,
      2630.32,
      2765.44,
      2728.15,
      2648.7400000000002,
      2754.9,
      2632.54,
      2729.1,
      2587.9900000000002,
      2510.1,
      2542.96,
      2571.03,
      2622.14,
      2797.9700000000003,
      2749.34,
      2421.48,
      2697.3,
      2739.3,
      2698.83,
      2628.08,
      2678.68,
      2788.67,
      2734.2400000000002,
      2766.97,
      2775.79,
      2839.86,
      2599.48,
      2637.3,
      2525.93,
      2662.48,
      2614.52,
      2612.19,
      2658.42,
      2683.19,
      2607.6,
      2594.48,
      2618.94,
      2672.51,
      2541.84,
      2669.91,
      2514.14,
      2745.8,
      2580.36,
      2690.9300000000003,
      2647.7400000000002,
      2717.54,
      2681.41,
      2738.64,
      2759.44,
      2868.67,
      2800.0,
      2630.2400000000002,
      2725.3,
      2635.28,
      2678.58,
      2750.9,
      2547.67,
      2712.66,
      2511.89,
      2703.01,
      2706.73,
      2776.21,
      2630.93,
      2602.48,
      2745.78,
      2762.48,
      2553.47,
      2759.84,
      2680.52,
      2695.65,
      2692.02,
      2654.25,
      2696.51,
      2668.89,
      2658.14,
      2747.11,
      2669.4900000000002,
      2725.96,
      2682.48,
      2612.01,
      2550.85,
      2826.9700000000003,
      2597.71,
      2627.07,
      2499.46,
      2701.98,
      2580.95,
      2512.05,
      2770.7200000000003,
      2607.9900000000002,
      2731.92,
      2819.38,
      2631.03,
      2697.04,
      2647.54,
      2602.85,
      2697.85,
      2784.78,
      2566.01,
      2716.77,
      2664.56,
      2613.45,
      2704.05,
      2400.07,
      2810.21,
      2673.78,
      2621.0,
      2449.83,
      2578.7400000000002,
      2685.8,
      2605.84,
      2630.93,
      2667.79,
      2757.65,
      2633.26,
      2649.34,
      2631.7400000000002,
      2650.79,
      2615.13,
      2676.91,
      2683.01,
      2729.48,
      2706.31,
      2794.44,
      2649.08,
      2760.28,
      2836.13,
      2689.9300000000003,
      2700.98,
      2646.75,
      2682.2200000000003,
      2547.6,
      2582.05,
      2496.69,
      2545.79,
      2617.2200000000003,
      2669.56,
      2660.93,
      2743.77,
      2548.25,
      2529.93,
      2765.71,
      2757.38,
      2602.3,
      2741.54,
      2674.65,
      2771.19,
      2546.92,
      2782.46,
      2604.64,
      2636.12,
      2498.13,
      2773.0,
      2539.71,
      2738.23,
      2570.64,
      2508.02,
      2582.17,
      2837.94,
      2772.05,
      2594.29,
      2656.15,
      2642.03,
      2690.39,
      2594.88,
      2601.7400000000002,
      2698.7200000000003,
      2757.52,
      2854.55,
      2725.83,
      2689.67,
      2648.06,
      2732.59,
      2652.3,
      2719.31,
      2550.35,
      2597.32,
      2623.14,
      2457.75,
      2769.27,
      2517.55,
      2703.98,
      2631.3,
      2904.8,
      2598.75,
      2699.22,
      2764.2400000000002,
      2417.05,
      2768.46,
      2690.4,
      2577.32,
      2643.41,
      2727.42,
      2436.96,
      2734.85,
      2756.86,
      2578.0,
      2566.85
    ],
    "stopping_reason": "time_limit",
    "operations": {
      "candidate_generation": 669,
      "feasibility_check": 226,
      "weight_evaluation": 226
    }
  }
}