{
  "graph": "graph_n18_d25_adj_matrix",
  "algorithm": "random",
  "result": {
    "graph_name": "graph_n18_d25_adj_matrix",
    "algorithm": "random",
    "best_weight": 2775.15,
    "best_matching": [
      2,
      6,
      12,
      16,
      19,
      26,
      28,
      31,
      33
    ],
    "runtime": 0.0066948950006917585,
    "candidates": 400,
    "improvements": 4,
    "duplicates": 14,
    "infeasible": 0,
    "size_history": {
      "8": 189,
      "7": 154,
      "9": 25,
      "6": 32
    },
    "weight_history": [
      2514.97,
      1666.8500000000001,
      1627.03,
      2312.42,
      2108.55,
      1716.01,
      1637.3700000000001,
      1681.29,
      1408.84,
      1953.48,
      2090.9,
      1874.8700000000001,
      1772.79,
      2286.26,
      1855.1000000000001,
      2314.48,
      1769.27,
      2350.61,
      1639.17,
      1914.1000000000001,
      1649.37,
      1572.35,
      1856.01,
      2150.71,
      1785.1299999999999,
      1588.63,
      1801.93,
      2109.09,
      1940.9,
      2311.32,
      2167.73,
      2449.17,
      2087.21,
      1806.7,
      1715.44,
      1921.1499999999999,
      2281.62,
      1833.48,
      1894.04,
      1613.45,
      1990.31,
      2120.92,
      1861.84,
      1836.92,
      1411.65,
      2125.96,
      1798.62,
      1897.56,
      1670.28,
      1989.74,
      2531.81,
      1745.52,
      1893.9,
      1939.77,
      2230.86,
      2174.32,
      1512.67,
      2232.32,
      1908.77,
      1908.8500000000001,
      2123.45,
      2288.08,
      2238.55,
      2014.5,
      1984.93,
      1888.76,
      2143.4,
      1809.39,
      1745.26,
      1858.25,
      2007.4,
      1891.1799999999998,
      1658.91,
      2410.26,
      2210.67,
      2436.9700000000003,
      1934.47,
      2088.93,
      2001.84,
      2126.65,
      2059.51,
      2252.53,
      1831.46,
      2127.66,
      1749.4,
      1979.22,
      1625.58,
      2305.01,
      2289.16,
      1557.01,
      1632.89,
      1627.19,
      1498.82,
      1951.4,
      1527.56,
      1931.1399999999999,
      2138.9300000000003,
      1617.15,
      1678.18,
      1926.05,
      1816.16,
      2429.69,
      1773.76,
      2038.1200000000001,
      2184.95,
      1672.44,
      1743.34,
      1936.86,
      2456.68,
      1885.72,
      2029.47,
      1884.61,
      2027.17,
      1996.55,
      2230.33,
      1860.49,
      1974.8500000000001,
      1666.66,
      2171.0699999999997,
      1489.66,
      1861.4,
      2085.03,
      1503.08,
      2136.27,
      1655.29,
      1583.75,
      1495.1,
      2347.68,
      2221.75,
      1770.67,
      2023.51,
      2316.27,
      2106.99,
      2088.19,
      1791.96,
      2251.63,
      1782.2,
      1967.61,
      2645.73,
      1815.18,
      2162.51,
      1741.04,
      1780.58,
      1753.38,
      1912.5,
      1915.53,
      1504.15,
      2127.98,
      2168.63,
      2320.47,
      1965.96,
      1658.45,
      2063.78,
      1707.71,
      1839.92,
      1794.38,
      1834.49,
      2053.7,
      1683.52,
      1462.54,
      1608.82,
      1361.8700000000001,
      1878.46,
      1901.5900000000001,
      1550.48,
      2090.79,
      1560.98,
      1754.62,
      1645.18,
      1789.3400000000001,
      1437.74,
      1683.02,
      1677.16,
      2067.32,
      1894.45,
      1100.66,
      1548.19,
      1594.68,
      1843.48,
      1915.0,
      2330.85,
      1990.94,
      1817.52,
      2096.79,
      2432.36,
      2555.28,
      1655.6100000000001,
      1787.97,
      2128.79,
      2245.38,
      1320.42,
      1849.3700000000001,
      1813.58,
      2169.11,
      1510.63,
      1842.26,
      2064.18,
      2306.21,
      2015.1299999999999,
      2064.71,
      1868.88,
      2195.06,
      1800.83,
      2074.03,
      1865.94,
      1533.8700000000001,
      2303.7799999999997,
      2318.15,
      1561.39,
      1662.54,
      1633.97,
      1945.23,
      2105.8,
      1633.33,
      2083.59,
      1415.1000000000001,
      2775.15,
      1682.46,
      1894.63,
      2111.43,
      1780.6200000000001,
      1945.46,
      2064.88,
      1565.09,
      1300.89,
      1599.8899999999999,
      1608.94,
      1603.93,
      2399.14,
      1457.6200000000001,
      1700.65,
      1886.62,
      1644.8600000000001,
      1883.25,
      1963.8,
      1358.76,
      1945.4,
      1616.09,
      1944.09,
      1364.8700000000001,
      1792.1000000000001,
      2383.22,
      2475.87,
      2220.9,
      1720.72,
      1991.97,
      2120.94,
      1792.45,
      2475.6,
      1599.8,
      2434.02,
      1801.41,
      2249.66,
      2009.16,
      1773.89,
      2128.71,
      1618.8799999999999,
      1439.6200000000001,
      1545.17,
      2036.55,
      1675.23,
      1690.96,
      1868.19,
      2297.52,
      1817.27,
      2117.81,
      1904.86,
      1785.08,
      2183.5099999999998,
      1486.8300000000002,
      1931.93,
      1798.3600000000001,
      1775.03,
      1576.6299999999999,
      2325.07,
      1701.17,
      1822.22,
      1967.45,
      1861.33,
      2304.92,
      1800.78,
      1815.3700000000001,
      1794.74,
      2120.2200000000003,
      1760.94,
      1893.16,
      1849.67,
      1875.0,
      1481.8,
      1721.8700000000001,
      2041.99,
      1918.95,
      2473.02,
      2004.7,
      1758.39,
      1684.85,
      1959.92,
      2383.44,
      1955.29,
      1603.21,
      1665.5,
      2214.91,
      1873.19,
      1883.33,
      1852.76,
      1942.1399999999999,
      2202.12,
      1989.33,
      1928.93,
      1850.46,
      2022.43,
      2214.56,
      1785.53,
      2288.86,
      1884.19,
      1955.03,
      1998.51,
      2132.1,
      1948.81,
      1671.35,
      1750.23,
      1760.24,
      1958.36,
      2101.92,
      1396.52,
      1342.36,
      1820.34,
      1486.48,
      2061.37,
      1645.57,
      1664.5,
      1384.68,
      1240.96,
      1430.28,
      1518.38,
      1288.1499999999999,
      1734.3600000000001,
      1667.62,
      1853.3400000000001,
      1559.93,
      1177.21,
      1608.5700000000002,
      2094.34,
      2006.74,
      1420.98,
      1864.1000000000001,
      2216.59,
      1433.28,
      1968.81,
      1846.55,
      1359.89,
      1722.07,
      1507.5700000000002,
      1719.16,
      1717.31,
      1797.13,
      1642.7,
      2238.56,
      1937.08,
      1724.44,
      2022.38,
      1731.3700000000001,
      2330.3,
      1791.35,
      1681.16,
      2028.41,
      1613.61,
      1717.5,
      1422.53,
      1675.07,
      1697.26,
      1592.17,
      1934.95,
      1397.51,
      1334.31,
      1107.9,
      1376.07,
      1363.87,
      1343.34,
      1774.31,
      1309.48,
      1539.52,
      2022.82,
      1398.53,
      1646.3899999999999,
      2353.5,
      1611.75,
      2055.03,
      1907.8600000000001,
      2062.4,
      1940.48,
      1826.82,
      1326.42,
      1563.49,
      1877.29,
      1844.04,
      1660.34,
      1269.6100000000001,
      1550.74,
      1562.82
    ],
    "stopping_reason": "max_candidates",
    "operations": {
      "candidate_generation": 414,
      "feasibility_check": 400,
      "weight_evaluation": 400
    }
  }
}