{
  "graph": "graph_n15_d50_adj_matrix",
  "algorithm": "greedy",
  "result": {
    "graph_name": "graph_n15_d50_adj_matrix",
    "algorithm": "greedy",
    "best_weight": 2887.65,
    "best_matching": [
      0,
      12,
      22,
      24,
      39,
      41,
      51
    ],
    "runtime": 2.000033075999454,
    "candidates": 115,
    "improvements": 3,
    "duplicates": 140672,
    "infeasible": 0,
    "size_history": {
      "7": 12,
      "6": 29,
      "5": 34,
      "4": 13,
      "3": 10,
      "2": 11,
      "1": 6
    },
    "weight_history": [
      2813.34,
      2871.16,
      2610.9,
      2856.27,
      2857.05,
      2569.87,
      2887.65,
      2703.06,
      2836.37,
      2884.85,
      2868.84,
      2497.75,
      2456.72,
      2683.49,
      2338.66,
      2671.4,
      2691.63,
      2412.29,
      2589.91,
      2704.98,
      2625.67,
      2323.63,
      2269.05,
      2287.89,
      2182.33,
      2310.08,
      2366.5,
      2290.13,
      1965.5,
      2402.24,
      2313.16,
      2319.92,
      2317.9700000000003,
      2668.6,
      2392.75,
      2648.7,
      2669.24,
      2618.57,
      2697.18,
      2548.1,
      2640.66,
      2560.68,
      2337.92,
      2626.9700000000003,
      2288.12,
      2346.55,
      2331.97,
      2315.48,
      2382.29,
      2505.02,
      2273.83,
      2360.95,
      2346.66,
      2215.85,
      2326.8199999999997,
      2605.11,
      2160.05,
      2618.22,
      2571.79,
      2626.37,
      2516.3,
      2454.99,
      2520.7799999999997,
      2859.07,
      2476.35,
      2521.06,
      2318.71,
      2341.0,
      2333.11,
      2249.1,
      1950.6999999999998,
      2303.6800000000003,
      2219.02,
      2292.08,
      2253.36,
      2205.08,
      2102.07,
      1561.75,
      1860.15,
      1998.49,
      1945.55,
      1899.93,
      1978.54,
      1892.04,
      1870.08,
      1919.88,
      1825.91,
      1901.88,
      1506.17,
      1478.89,
      1541.8,
      1886.89,
      1405.77,
      1414.51,
      1433.3400000000001,
      1483.14,
      1458.94,
      1463.19,
      1042.15,
      1039.71,
      1079.33,
      1002.67,
      1023.75,
      1000.72,
      1022.2,
      557.29,
      996.87,
      1004.46,
      996.47,
      1019.76,
      482.42,
      559.73,
      462.47,
      522.04,
      466.46
    ],
    "stopping_reason": "time_limit",
    "operations": {
      "candidate_generation": 140787,
      "feasibility_check": 115,
      "weight_evaluation": 115
    }
  }
}