{
  "graph": "graph_n19_d25_adj_matrix",
  "algorithm": "greedy",
  "result": {
    "graph_name": "graph_n19_d25_adj_matrix",
    "algorithm": "greedy",
    "best_weight": 2765.51,
    "best_matching": [
      0,
      9,
      13,
      15,
      18,
      22,
      23,
      38,
      40
    ],
    "runtime": 2.000057265999203,
    "candidates": 259,
    "improvements": 7,
    "duplicates": 115962,
    "infeasible": 0,
    "size_history": {
      "8": 73,
      "7": 72,
      "9": 25,
      "6": 61,
      "5": 24,
      "4": 4
    },
    "weight_history": [
      2505.42,
      2436.1,
      2419.9,
      2506.63,
      2366.37,
      2593.17,
      2475.51,
      2470.58,
      2629.02,
      2504.84,
      2678.11,
      2463.58,
      2559.7,
      2439.46,
      2297.31,
      2444.27,
      2475.39,
      2646.87,
      2523.27,
      2467.9300000000003,
      2435.83,
      2466.91,
      2456.02,
      2387.01,
      2677.1,
      2576.09,
      2212.06,
      2511.51,
      2270.77,
      2436.41,
      2542.75,
      2432.34,
      2437.62,
      2454.33,
      2627.6,
      2344.52,
      2420.86,
      2565.91,
      2268.8,
      2612.4700000000003,
      2487.29,
      2501.54,
      2397.59,
      2371.19,
      2342.73,
      2421.4900000000002,
      2352.17,
      2313.4,
      2256.52,
      2516.0,
      2209.08,
      2320.07,
      2313.28,
      2301.47,
      2325.16,
      2277.23,
      2135.2000000000003,
      2259.38,
      2303.55,
      2161.26,
      2115.84,
      2185.14,
      2163.05,
      1951.64,
      2254.46,
      2253.04,
      2175.94,
      2263.88,
      2282.16,
      2277.9700000000003,
      2308.4700000000003,
      2282.44,
      2439.34,
      2323.37,
      2484.76,
      2267.92,
      2221.36,
      1953.73,
      2089.21,
      2190.06,
      2131.93,
      2108.66,
      2272.31,
      2120.33,
      2100.69,
      2159.17,
      2120.94,
      2130.28,
      2451.2400000000002,
      2255.64,
      2251.32,
      2352.48,
      2283.05,
      2292.2200000000003,
      2251.6,
      2294.04,
      2258.75,
      2293.92,
      2242.83,
      2439.2000000000003,
      2613.35,
      2350.8900000000003,
      2473.94,
      2440.08,
      2439.57,
      2296.3,
      2608.43,
      2405.83,
      2560.01,
      2482.18,
      2358.38,
      2228.3,
      2131.81,
      2384.44,
      2465.49,
      2270.23,
      2450.36,
      2277.09,
      2273.7200000000003,
      2180.61,
      2162.34,
      2100.95,
      2190.37,
      2013.8300000000002,
      2107.62,
      2176.91,
      1948.81,
      2105.81,
      2001.55,
      2110.75,
      2039.89,
      2094.41,
      1893.16,
      1642.3200000000002,
      1947.97,
      1997.06,
      1963.92,
      1924.4,
      1919.48,
      1946.72,
      1604.51,
      1959.0,
      1965.82,
      2107.34,
      2092.25,
      2095.62,
      2096.5,
      1888.24,
      2106.69,
      2000.23,
      2066.19,
      2237.91,
      2035.31,
      2027.6100000000001,
      1640.23,
      1832.3600000000001,
      1898.3000000000002,
      1940.42,
      1845.08,
      1894.91,
      1908.49,
      1612.99,
      1853.8400000000001,
      1898.2800000000002,
      1815.16,
      2066.29,
      1982.38,
      2097.41,
      2163.66,
      2185.45,
      2089.49,
      2051.9300000000003,
      2069.71,
      2079.77,
      1982.19,
      2262.8,
      2251.6,
      2446.32,
      2390.59,
      2278.88,
      2207.7599999999998,
      2397.9,
      2380.11,
      2339.02,
      2277.35,
      2266.41,
      2269.45,
      2067.17,
      2046.8300000000002,
      1881.68,
      2008.44,
      2093.53,
      2081.42,
      2089.4900000000002,
      1961.92,
      2062.25,
      1934.5900000000001,
      2054.69,
      2273.05,
      2193.11,
      2257.73,
      2305.82,
      2243.7200000000003,
      2392.39,
      2263.1,
      2439.68,
      2289.09,
      2247.76,
      2199.79,
      2528.8,
      2143.39,
      2199.78,
      2520.4900000000002,
      2562.27,
      2389.0,
      2444.61,
      2546.55,
      2383.4700000000003,
      2393.9,
      2353.69,
      2492.11,
      2545.19,
      2649.4,
      2305.5,
      2728.02,
      2351.18,
      2556.61,
      2380.23,
      2435.16,
      2355.22,
      2765.51,
      2352.02,
      2663.65,
      2425.21,
      2680.57,
      2441.09,
      2198.46,
      2508.89,
      2369.87,
      2736.94,
      2716.42,
      2314.46,
      2475.73,
      2409.87,
      2397.94,
      2734.27,
      2526.7400000000002,
      2495.85,
      2444.4900000000002,
      2503.83,
      2401.44,
      2432.68,
      2464.61,
      2647.1,
      2417.4700000000003,
      2385.32,
      2588.88,
      2214.04,
      2632.75
    ],
    "stopping_reason": "time_limit",
    "operations": {
      "candidate_generation": 116221,
      "feasibility_check": 259,
      "weight_evaluation": 259
    }
  }
}