{
  "graph": "graph_n12_d75_adj_matrix",
  "algorithm": "random",
  "result": {
    "graph_name": "graph_n12_d75_adj_matrix",
    "algorithm": "random",
    "best_weight": 1882.49,
    "best_matching": [
      5,
      8,
      18,
      26,
      35,
      44
    ],
    "runtime": 0.006207049000295228,
    "candidates": 400,
    "improvements": 2,
    "duplicates": 11,
    "infeasible": 0,
    "size_history": {
      "6": 43,
      "5": 111,
      "4": 92,
      "3": 72,
      "2": 54,
      "1": 28
    },
    "weight_history": [
      1797.71,
      1689.04,
      1606.33,
      914.14,
      1173.22,
      1278.13,
      1783.48,
      1477.28,
      1309.14,
      1327.3799999999999,
      1754.6,
      1605.1200000000001,
      1017.14,
      1583.8899999999999,
      1413.28,
      1230.04,
      1368.4,
      1460.51,
      1287.25,
      1395.87,
      1362.19,
      1588.76,
      1303.27,
      1429.3,
      1575.87,
      1517.31,
      1882.49,
      1364.4,
      1216.53,
      1642.75,
      1287.1399999999999,
      1153.53,
      1428.6799999999998,
      1209.78,
      1389.72,
      1164.08,
      928.4,
      748.35,
      1672.57,
      982.19,
      1511.67,
      1078.6,
      1254.12,
      1602.83,
      866.95,
      1119.92,
      774.96,
      1088.08,
      991.42,
      1334.3999999999999,
      715.3299999999999,
      855.5,
      911.37,
      945.46,
      939.46,
      1140.71,
      854.61,
      1176.06,
      1041.3899999999999,
      603.15,
      1154.49,
      1044.57,
      839.19,
      422.1,
      681.48,
      793.94,
      757.0799999999999,
      1176.98,
      744.47,
      448.76,
      624.36,
      1144.51,
      945.09,
      1228.24,
      935.98,
      1229.7,
      942.6,
      1397.56,
      1427.75,
      1455.09,
      1521.26,
      1582.13,
      1151.6399999999999,
      1379.98,
      1028.17,
      1230.15,
      1186.7,
      921.67,
      1611.3600000000001,
      854.38,
      1464.71,
      1443.1,
      1799.52,
      1610.06,
      1442.49,
      1487.28,
      1465.25,
      1179.8,
      1632.16,
      1202.92,
      1139.19,
      1620.83,
      920.14,
      1363.21,
      1527.28,
      778.47,
      1147.99,
      923.18,
      1292.56,
      1160.88,
      1399.1,
      1669.8799999999999,
      868.88,
      1139.9,
      1797.25,
      1680.04,
      1484.11,
      1708.63,
      1144.03,
      1100.67,
      1680.75,
      1433.18,
      1174.23,
      1171.07,
      1482.1,
      1085.73,
      926.41,
      1092.05,
      774.05,
      1086.1,
      692.0,
      1490.25,
      1380.1,
      1377.71,
      869.04,
      1291.94,
      1323.91,
      1208.32,
      1132.55,
      896.48,
      1476.0,
      1595.49,
      1647.24,
      1459.05,
      1609.88,
      1338.56,
      892.4,
      1368.78,
      1031.28,
      999.89,
      1353.16,
      1716.73,
      1714.37,
      1544.78,
      989.77,
      906.4100000000001,
      1360.51,
      860.9,
      639.37,
      1041.01,
      1046.25,
      749.14,
      1240.41,
      955.41,
      487.53000000000003,
      792.99,
      933.66,
      1053.11,
      895.2,
      1356.76,
      929.3100000000001,
      1286.73,
      1139.75,
      1157.29,
      1500.91,
      1319.8899999999999,
      1277.13,
      952.06,
      922.88,
      942.5699999999999,
      1373.53,
      667.92,
      1385.8400000000001,
      553.15,
      1075.74,
      1118.6200000000001,
      1389.38,
      1142.21,
      985.91,
      1323.68,
      1099.81,
      1310.96,
      1180.63,
      942.02,
      1079.66,
      1251.02,
      1019.8199999999999,
      879.4,
      1011.9300000000001,
      880.6,
      1000.57,
      1141.83,
      1049.31,
      741.39,
      1122.32,
      1245.79,
      1016.77,
      1035.08,
      571.21,
      747.78,
      481.63,
      636.4,
      859.6800000000001,
      746.03,
      518.41,
      755.13,
      335.78999999999996,
      1032.79,
      1139.5,
      966.0699999999999,
      1288.3,
      562.29,
      1204.61,
      744.07,
      1162.81,
      1083.6,
      1032.53,
      869.38,
      1216.99,
      859.86,
      1088.75,
      1121.6399999999999,
      1017.54,
      1018.58,
      608.42,
      604.9,
      843.23,
      644.4,
      922.35,
      786.85,
      509.76,
      790.44,
      573.49,
      510.59000000000003,
      303.84000000000003,
      818.26,
      750.77,
      485.6,
      311.37,
      350.42,
      519.3299999999999,
      642.53,
      647.8,
      978.3299999999999,
      392.63,
      643.59,
      582.37,
      905.54,
      846.43,
      1146.77,
      620.5999999999999,
      851.52,
      303.88,
      824.4100000000001,
      328.95,
      445.33,
      141.4,
      419.93999999999994,
      293.03,
      492.43,
      417.90999999999997,
      558.33,
      416.83,
      406.77,
      662.73,
      552.3199999999999,
      539.79,
      693.13,
      808.55,
      783.21,
      804.89,
      659.48,
      362.69,
      563.12,
      510.15999999999997,
      984.37,
      1285.53,
      782.4300000000001,
      887.2900000000001,
      1287.23,
      957.92,
      846.94,
      1063.66,
      1037.63,
      558.39,
      639.51,
      789.41,
      718.04,
      1237.1499999999999,
      1189.58,
      1410.35,
      1217.1200000000001,
      1089.22,
      1037.07,
      1080.41,
      964.61,
      1056.25,
      1213.45,
      1167.14,
      1155.34,
      1208.38,
      1283.81,
      559.82,
      1199.42,
      899.9200000000001,
      684.13,
      394.96,
      811.6700000000001,
      840.8199999999999,
      1029.79,
      450.73,
      549.51,
      1029.69,
      791.23,
      732.18,
      993.68,
      879.5799999999999,
      706.57,
      1087.77,
      1304.83,
      236.97,
      586.78,
      471.18,
      471.39,
      347.83000000000004,
      235.39999999999998,
      186.51,
      428.63,
      682.94,
      846.29,
      603.9200000000001,
      490.32,
      151.63,
      243.25,
      384.7,
      154.77,
      224.1,
      461.59,
      172.41,
      125.32,
      327.94,
      528.99,
      721.25,
      218.5,
      705.0,
      166.31,
      478.05,
      417.41,
      326.33000000000004,
      590.41,
      536.64,
      615.84,
      305.73,
      127.35,
      338.18,
      461.16,
      152.21,
      117.39,
      24.33,
      143.45,
      228.04,
      279.29,
      176.26,
      274.24,
      464.97,
      662.14,
      268.77,
      685.6899999999999,
      252.23,
      501.25,
      507.27,
      544.31,
      534.8000000000001,
      754.18,
      469.34000000000003,
      1214.12,
      577.02,
      615.51,
      684.3299999999999,
      834.8299999999999,
      1109.94,
      867.52,
      753.09,
      1210.0,
      423.12,
      674.55,
      479.57,
      329.96,
      565.13,
      111.65
    ],
    "stopping_reason": "max_candidates",
    "operations": {
      "candidate_generation": 411,
      "feasibility_check": 400,
      "weight_evaluation": 400
    }
  }
}