{
  "graph": "graph_n18_d12.5_adj_matrix",
  "algorithm": "random",
  "result": {
    "graph_name": "graph_n18_d12.5_adj_matrix",
    "algorithm": "random",
    "best_weight": 2215.7400000000002,
    "best_matching": [
      2,
      4,
      6,
      8,
      12,
      14,
      17
    ],
    "runtime": 2.0000237290005316,
    "candidates": 190,
    "improvements": 4,
    "duplicates": 211549,
    "infeasible": 0,
    "size_history": {
      "7": 30,
      "6": 105,
      "5": 51,
      "4": 4
    },
    "weight_history": [
      2041.68,
      1939.99,
      2146.3,
      1921.08,
      1903.88,
      1501.04,
      1551.29,
      1465.98,
      1519.05,
      1864.1200000000001,
      1455.36,
      1573.33,
      1438.7,
      1282.65,
      1898.6200000000001,
      1234.68,
      1713.85,
      1473.3700000000001,
      1696.46,
      1483.48,
      1174.32,
      1533.73,
      1609.88,
      2174.69,
      1507.03,
      1690.06,
      2022.49,
      1530.33,
      1639.53,
      1673.4,
      2089.34,
      1673.1200000000001,
      1629.42,
      1948.8700000000001,
      1962.13,
      1956.1100000000001,
      1310.83,
      1510.43,
      1783.94,
      2094.6,
      1415.45,
      1096.19,
      1657.54,
      2151.56,
      1045.94,
      1776.79,
      1950.85,
      2000.63,
      1905.17,
      983.6,
      1358.49,
      1924.48,
      1785.99,
      1448.78,
      1454.7,
      1920.54,
      1874.23,
      1469.38,
      1639.5,
      1466.8200000000002,
      1907.8200000000002,
      2215.7400000000002,
      1870.55,
      1765.93,
      1484.89,
      1915.28,
      2048.29,
      1231.28,
      1760.64,
      1622.8700000000001,
      1909.8,
      1714.45,
      1746.74,
      1493.77,
      1719.5900000000001,
      1452.72,
      1965.53,
      1735.74,
      1731.11,
      1501.01,
      1443.52,
      1813.5900000000001,
      1291.64,
      1321.69,
      1781.5,
      1419.13,
      1259.35,
      1465.44,
      1425.07,
      1766.58,
      1666.19,
      1532.28,
      1672.8,
      1458.66,
      1326.95,
      1590.69,
      1669.65,
      1234.96,
      1077.23,
      1572.21,
      1187.31,
      1330.8899999999999,
      1258.32,
      1276.06,
      1395.24,
      1659.67,
      1577.47,
      1315.71,
      1414.37,
      1103.44,
      1645.44,
      1478.93,
      1664.58,
      1482.08,
      1000.26,
      1714.5,
      1488.63,
      1829.8400000000001,
      1725.53,
      1391.09,
      1184.43,
      1827.04,
      1634.24,
      1689.78,
      1371.94,
      1545.53,
      1355.62,
      1299.31,
      1686.38,
      1981.44,
      1220.0,
      1517.0700000000002,
      1526.3400000000001,
      1471.92,
      1675.1,
      1454.72,
      1776.0700000000002,
      1782.05,
      1408.41,
      1770.81,
      1551.02,
      1344.99,
      1621.99,
      1175.98,
      1311.14,
      1611.73,
      1311.17,
      1030.47,
      1490.83,
      1190.03,
      1193.97,
      833.49,
      1464.2,
      1256.87,
      1650.15,
      1799.2,
      1218.02,
      1586.64,
      1759.93,
      1586.58,
      1280.6399999999999,
      1422.67,
      1167.77,
      1751.8500000000001,
      1982.6000000000001,
      1218.3,
      1593.19,
      1857.5700000000002,
      1409.02,
      1495.75,
      1402.47,
      2105.25,
      1691.2,
      1450.07,
      1460.18,
      1762.23,
      1876.15,
      1523.13,
      1541.9,
      1853.53,
      1808.54,
      1294.76,
      1400.75,
      1819.19,
      1573.38,
      1314.57,
      1605.95,
      1567.39,
      1276.01,
      1726.6100000000001
    ],
    "stopping_reason": "time_limit",
    "operations": {
      "candidate_generation": 211739,
      "feasibility_check": 190,
      "weight_evaluation": 190
    }
  }
}