{
  "graph": "graph_n17_d25_adj_matrix",
  "algorithm": "local",
  "result": {
    "graph_name": "graph_n17_d25_adj_matrix",
    "algorithm": "local",
    "best_weight": 2327.69,
    "best_matching": [
      0,
      7,
      10,
      11,
      18,
      22,
      25,
      29
    ],
    "runtime": 2.0020489130001806,
    "candidates": 47,
    "improvements": 3,
    "duplicates": 667,
    "infeasible": 0,
    "size_history": {
      "8": 36,
      "7": 11
    },
    "weight_history": [
      2270.64,
      2284.85,
      2327.69,
      2320.7599999999998,
      2290.46,
      2178.71,
      2227.19,
      2273.75,
      2276.25,
      2315.15,
      2258.81,
      2274.6,
      2294.12,
      2317.3,
      2264.42,
      2258.38,
      2322.08,
      2241.49,
      2310.34,
      2311.69,
      2272.24,
      2208.5,
      2263.99,
      2203.36,
      2234.26,
      2236.52,
      2228.65,
      2247.1,
      2210.48,
      2266.63,
      2232.5299999999997,
      2299.73,
      2221.58,
      2197.89,
      2245.4,
      2201.35,
      2265.2599999999998,
      2239.79,
      2252.81,
      2211.96,
      2160.66,
      2247.2,
      2192.74,
      2266.82,
      2263.36,
      2259.65,
      2208.97
    ],
    "stopping_reason": "time_limit",
    "operations": {
      "candidate_generation": 714,
      "feasibility_check": 47,
      "weight_evaluation": 47
    }
  }
}