{
  "graph": "graph_n15_d50_adj_matrix",
  "algorithm": "random",
  "result": {
    "graph_name": "graph_n15_d50_adj_matrix",
    "algorithm": "random",
    "best_weight": 2882.13,
    "best_matching": [
      3,
      8,
      12,
      32,
      40,
      41,
      51
    ],
    "runtime": 0.0075907579994236585,
    "candidates": 400,
    "improvements": 7,
    "duplicates": 3,
    "infeasible": 0,
    "size_history": {
      "6": 147,
      "7": 249,
      "5": 4
    },
    "weight_history": [
      2322.24,
      1980.52,
      1779.5,
      1415.96,
      1376.27,
      2198.21,
      1305.17,
      2034.85,
      1989.56,
      1516.99,
      1950.38,
      2186.97,
      1800.1399999999999,
      1987.1399999999999,
      2421.85,
      1914.37,
      2484.04,
      1202.69,
      1372.11,
      1219.68,
      2252.82,
      2491.35,
      2245.87,
      2024.33,
      1785.37,
      1567.28,
      1878.8,
      2391.91,
      2358.31,
      2149.84,
      1989.6100000000001,
      2287.37,
      2375.13,
      1326.18,
      2635.16,
      1965.37,
      2238.46,
      2066.66,
      2378.5,
      2572.9,
      2209.2,
      2073.69,
      2771.13,
      2018.33,
      1732.3,
      1526.89,
      2560.99,
      2597.23,
      2646.55,
      1976.51,
      1771.3,
      2249.0,
      2311.55,
      1668.97,
      2092.29,
      2016.18,
      2457.46,
      2099.97,
      2141.43,
      2431.52,
      1971.7,
      2208.99,
      1954.28,
      2459.02,
      2713.5299999999997,
      1532.28,
      2434.57,
      2177.8,
      2506.8199999999997,
      2129.3,
      2513.71,
      2446.02,
      1693.6,
      1747.52,
      2179.19,
      2163.5299999999997,
      2108.0299999999997,
      1880.75,
      2700.16,
      2145.2400000000002,
      2057.78,
      1921.19,
      1479.6,
      2024.48,
      2362.35,
      1751.59,
      979.1700000000001,
      2143.79,
      2216.8,
      2209.7799999999997,
      1555.05,
      2020.15,
      2243.02,
      2106.89,
      1874.5,
      1483.67,
      2197.5099999999998,
      2083.67,
      2540.54,
      2488.16,
      1514.73,
      2051.92,
      2555.0699999999997,
      2186.76,
      2748.26,
      2371.13,
      2340.18,
      1991.99,
      1135.0,
      1963.91,
      2214.02,
      2006.94,
      2221.7,
      2221.66,
      2640.63,
      2445.44,
      2468.0299999999997,
      2559.57,
      1482.8400000000001,
      2280.46,
      2264.31,
      2389.52,
      2388.36,
      1902.51,
      2091.84,
      2318.89,
      1806.47,
      2208.64,
      1995.21,
      1504.0,
      1899.91,
      1866.52,
      2077.39,
      2159.36,
      2882.13,
      2106.87,
      2087.1,
      1935.49,
      1557.38,
      1722.19,
      1808.04,
      1328.5700000000002,
      1618.2,
      1723.84,
      1312.35,
      1962.46,
      1794.69,
      1787.37,
      1973.79,
      1596.5700000000002,
      2223.89,
      2018.6,
      1887.65,
      2180.86,
      1906.68,
      2267.68,
      2293.33,
      1837.54,
      2271.38,
      2022.16,
      2336.16,
      2012.68,
      2375.95,
      2353.09,
      1967.59,
      2079.88,
      1575.1,
      1616.8,
      1655.23,
      1916.96,
      1737.84,
      2013.25,
      1810.71,
      1689.33,
      2375.39,
      1872.98,
      2193.88,
      1229.87,
      1913.53,
      1920.57,
      2479.44,
      2223.42,
      2605.7,
      2421.38,
      2457.94,
      2348.0,
      1497.6200000000001,
      2318.51,
      1955.54,
      1978.46,
      2222.4700000000003,
      2289.88,
      2225.42,
      1639.12,
      1675.7,
      2040.91,
      2136.95,
      1902.25,
      2021.1399999999999,
      2121.87,
      1982.46,
      2516.02,
      1981.03,
      2737.85,
      1624.6,
      2128.44,
      2304.1,
      1851.72,
      2471.44,
      1726.92,
      1945.17,
      2233.91,
      1796.6,
      2254.45,
      2593.72,
      2324.69,
      1933.5,
      1936.28,
      2037.26,
      2411.78,
      2395.28,
      1969.1599999999999,
      1618.81,
      2544.66,
      2313.55,
      2099.45,
      1740.1799999999998,
      1770.72,
      1903.75,
      2229.75,
      1763.76,
      2267.81,
      2076.09,
      2335.13,
      1962.51,
      1676.93,
      2159.78,
      1565.29,
      1892.52,
      1232.56,
      1852.04,
      1829.26,
      2189.18,
      2027.58,
      2837.67,
      2342.11,
      1905.08,
      2407.94,
      1873.64,
      1523.3,
      2387.7799999999997,
      1880.8899999999999,
      2308.68,
      1690.31,
      2305.16,
      2146.93,
      1806.32,
      2225.11,
      1622.27,
      2007.4099999999999,
      2006.1200000000001,
      2057.6,
      2143.75,
      2436.47,
      2245.61,
      2436.94,
      2488.48,
      1808.11,
      2306.25,
      1294.64,
      1930.1200000000001,
      2266.18,
      1849.8600000000001,
      1986.1299999999999,
      2626.5299999999997,
      2365.0099999999998,
      1857.13,
      1693.44,
      1909.82,
      1710.28,
      2370.39,
      2070.12,
      2055.16,
      2295.83,
      2062.49,
      2239.65,
      2326.99,
      1715.55,
      2205.36,
      2031.66,
      2479.56,
      2580.82,
      1494.66,
      2013.5,
      1758.4499999999998,
      2818.98,
      1909.6000000000001,
      1701.52,
      1887.39,
      2221.54,
      1615.56,
      2769.63,
      2708.83,
      2255.36,
      1920.11,
      2623.69,
      2558.92,
      2354.27,
      1952.33,
      1503.1200000000001,
      1956.79,
      2026.15,
      2481.34,
      1994.72,
      2115.03,
      2363.09,
      1676.91,
      2562.23,
      1807.91,
      2125.49,
      2298.85,
      1386.68,
      2382.42,
      1850.34,
      2203.32,
      2172.67,
      2363.54,
      2190.22,
      2389.27,
      1961.4099999999999,
      2287.2,
      1613.51,
      2573.5,
      1903.49,
      1668.99,
      2298.64,
      1741.59,
      2008.73,
      2104.96,
      1811.53,
      2055.34,
      1956.68,
      1803.04,
      1848.37,
      1768.23,
      1948.05,
      2421.58,
      1481.98,
      2163.04,
      1901.4499999999998,
      2386.5299999999997,
      2165.26,
      2327.49,
      2478.35,
      2293.19,
      1251.86,
      2321.0299999999997,
      1953.63,
      2203.34,
      2273.55,
      1548.82,
      2164.77,
      2076.96,
      1954.05,
      2090.2,
      1795.63,
      2082.88,
      1918.45,
      1837.55,
      1715.38,
      2548.68,
      2422.91,
      2285.88,
      1904.67,
      2075.72,
      2390.05,
      1824.2,
      1879.17,
      816.5,
      2612.35,
      2657.0099999999998,
      2363.85,
      2515.03,
      1399.85,
      1912.79,
      2434.56,
      2688.7799999999997,
      2118.5299999999997,
      2265.88,
      1927.08,
      1880.73,
      2339.89,
      2342.43,
      2540.89,
      2395.8,
      2410.27,
      2016.71,
      2195.94,
      2280.45,
      2562.9700000000003
    ],
    "stopping_reason": "max_candidates",
    "operations": {
      "candidate_generation": 403,
      "feasibility_check": 400,
      "weight_evaluation": 400
    }
  }
}