{
  "graph": "graph_n15_d25_adj_matrix",
  "algorithm": "greedy",
  "result": {
    "graph_name": "graph_n15_d25_adj_matrix",
    "algorithm": "greedy",
    "best_weight": 2670.74,
    "best_matching": [
      6,
      10,
      11,
      14,
      17,
      20,
      25
    ],
    "runtime": 2.0000259640000877,
    "candidates": 21,
    "improvements": 2,
    "duplicates": 182297,
    "infeasible": 0,
    "size_history": {
      "7": 7,
      "6": 13,
      "5": 1
    },
    "weight_history": [
      2607.76,
      2248.91,
      2375.96,
      2127.36,
      2438.94,
      2241.09,
      2298.62,
      2405.74,
      2670.74,
      2009.29,
      2311.89,
      2020.11,
      2543.69,
      2202.2599999999998,
      2373.52,
      2480.71,
      2076.64,
      2191.37,
      2164.19,
      2247.9,
      2395.9900000000002
    ],
    "stopping_reason": "time_limit",
    "operations": {
      "candidate_generation": 182318,
      "feasibility_check": 21,
      "weight_evaluation": 21
    }
  }
}