{
  "graph": "graph_n16_d25_adj_matrix",
  "algorithm": "random",
  "result": {
    "graph_name": "graph_n16_d25_adj_matrix",
    "algorithm": "random",
    "best_weight": 2464.4300000000003,
    "best_matching": [
      0,
      9,
      13,
      16,
      19,
      20,
      28
    ],
    "runtime": 0.005582735000643879,
    "candidates": 400,
    "improvements": 4,
    "duplicates": 19,
    "infeasible": 0,
    "size_history": {
      "7": 107,
      "6": 150,
      "5": 78,
      "4": 42,
      "3": 23
    },
    "weight_history": [
      2020.54,
      1840.47,
      1523.8700000000001,
      1644.52,
      1377.31,
      2302.64,
      2038.24,
      1379.16,
      2329.36,
      1032.13,
      2014.69,
      2061.73,
      1722.3,
      1430.43,
      1454.8600000000001,
      877.46,
      1662.3100000000002,
      1546.53,
      2251.42,
      1739.45,
      1489.39,
      911.89,
      2208.88,
      1726.28,
      1898.79,
      1608.65,
      1656.6200000000001,
      1939.18,
      1549.97,
      1679.46,
      1933.48,
      1537.59,
      1402.45,
      2078.01,
      2211.85,
      1860.98,
      1559.95,
      1570.02,
      2294.31,
      1674.23,
      1582.01,
      1732.38,
      1630.96,
      1523.0,
      1882.69,
      2060.23,
      1584.81,
      1992.45,
      1816.8700000000001,
      1765.57,
      1155.6100000000001,
      1491.39,
      1734.26,
      1664.8,
      1929.1200000000001,
      1964.43,
      1582.6399999999999,
      2148.28,
      1583.96,
      1675.8,
      1854.91,
      1405.83,
      1644.31,
      1819.31,
      1584.93,
      2106.36,
      1753.43,
      1576.15,
      1535.63,
      2004.19,
      1709.53,
      1311.17,
      2235.65,
      1200.46,
      2464.4300000000003,
      1451.25,
      1758.03,
      1373.95,
      1683.48,
      1431.4,
      954.54,
      2165.67,
      1338.93,
      1540.42,
      1602.44,
      1547.32,
      2104.89,
      2050.04,
      2190.73,
      1222.45,
      1161.09,
      1519.8,
      1476.75,
      1094.32,
      959.46,
      1161.39,
      1023.36,
      1315.06,
      1448.21,
      2270.1,
      1120.34,
      1455.59,
      1763.77,
      1232.22,
      1799.18,
      1324.72,
      1404.77,
      1389.03,
      1975.8,
      1505.58,
      1767.05,
      1440.81,
      1981.59,
      1910.46,
      1697.36,
      2005.34,
      1540.17,
      2180.76,
      1638.84,
      1483.34,
      2192.4700000000003,
      1594.49,
      1559.86,
      1986.23,
      2247.41,
      1364.98,
      1605.58,
      1532.21,
      1751.44,
      1865.04,
      1281.84,
      1500.01,
      998.6,
      1738.67,
      1003.79,
      1141.8700000000001,
      839.84,
      1530.44,
      1343.86,
      1664.49,
      1231.75,
      799.99,
      983.76,
      880.21,
      1260.47,
      1475.49,
      1318.91,
      1202.05,
      1420.0,
      1013.11,
      786.45,
      1262.84,
      1119.04,
      1358.8700000000001,
      1409.24,
      921.96,
      999.4200000000001,
      554.4200000000001,
      435.35,
      1063.93,
      858.59,
      885.36,
      848.0699999999999,
      1155.83,
      721.19,
      753.6,
      1119.91,
      888.25,
      642.34,
      1055.03,
      988.29,
      1245.81,
      769.02,
      1194.75,
      1023.64,
      1406.49,
      904.7,
      523.55,
      617.08,
      690.1800000000001,
      538.27,
      634.91,
      875.4,
      783.13,
      1066.53,
      1183.7800000000002,
      1312.78,
      944.01,
      998.96,
      985.06,
      1195.81,
      1360.17,
      1022.35,
      1149.3400000000001,
      1249.43,
      784.04,
      1005.1600000000001,
      1019.88,
      1244.22,
      1488.59,
      995.22,
      1447.5500000000002,
      1107.51,
      2066.96,
      1014.0,
      996.0899999999999,
      1614.91,
      1338.3799999999999,
      1238.78,
      1089.65,
      2014.0500000000002,
      1815.43,
      1350.44,
      1579.53,
      1655.3799999999999,
      1762.02,
      1202.3,
      1914.8700000000001,
      1684.62,
      1956.69,
      1491.22,
      1327.77,
      2070.82,
      1943.4,
      2107.23,
      1752.31,
      1849.21,
      1567.49,
      1575.06,
      1645.06,
      1142.74,
      1847.38,
      2098.58,
      1384.62,
      1893.14,
      2268.2000000000003,
      1592.89,
      1789.8400000000001,
      1848.55,
      1814.96,
      2076.66,
      1713.51,
      1221.27,
      1484.01,
      1318.87,
      1954.51,
      1450.22,
      1917.33,
      2262.47,
      2089.9700000000003,
      1654.3700000000001,
      1872.97,
      1932.69,
      1502.07,
      982.67,
      2035.74,
      1547.91,
      1473.7,
      1893.13,
      1231.89,
      1637.8400000000001,
      1907.22,
      1787.97,
      1308.73,
      2226.39,
      2175.23,
      1903.5,
      1672.83,
      2134.94,
      1965.3600000000001,
      1533.91,
      1669.94,
      1691.68,
      1531.23,
      988.1500000000001,
      1917.46,
      1208.21,
      2032.81,
      1190.84,
      1924.58,
      1612.32,
      1748.62,
      1174.75,
      2310.7200000000003,
      1656.58,
      1801.8600000000001,
      1360.99,
      1869.85,
      1925.0900000000001,
      1833.08,
      1934.92,
      1921.58,
      1963.74,
      2353.26,
      1373.56,
      1678.49,
      1986.52,
      1353.82,
      1551.52,
      1770.13,
      1862.89,
      1638.19,
      1221.75,
      2224.35,
      1445.36,
      1788.1100000000001,
      2079.77,
      1910.95,
      2142.96,
      2074.21,
      1458.0900000000001,
      2110.28,
      1278.03,
      2190.9700000000003,
      2110.99,
      1142.7,
      1969.6000000000001,
      1427.37,
      2423.03,
      2155.28,
      1790.23,
      1945.8700000000001,
      1722.37,
      1331.3,
      1596.3500000000001,
      1866.94,
      1587.4,
      1596.06,
      1482.26,
      1340.72,
      1189.15,
      1284.97,
      1348.0,
      1374.43,
      1535.7,
      1247.67,
      1693.1100000000001,
      1376.8300000000002,
      819.81,
      1050.64,
      1751.8600000000001,
      1687.8,
      1670.77,
      1585.97,
      1668.4,
      1854.57,
      1013.19,
      1331.3,
      1289.61,
      1534.24,
      2020.75,
      1687.72,
      1077.75,
      1268.72,
      1694.4,
      1532.74,
      1455.88,
      1276.9,
      1213.84,
      1369.91,
      1125.35,
      1396.31,
      1270.54,
      1334.0600000000002,
      804.49,
      696.5,
      869.44,
      1471.3200000000002,
      1466.92,
      1519.0700000000002,
      1207.3,
      1159.76,
      793.33,
      916.63,
      1299.89,
      1668.4,
      1240.28,
      1654.3400000000001,
      1597.43,
      1276.25,
      920.56,
      1853.01,
      1309.81,
      1480.15,
      1110.29,
      1316.91,
      1922.77,
      1459.06,
      2007.17,
      1305.23,
      1480.98,
      1066.2,
      1698.8,
      1539.89,
      2160.63,
      2181.57,
      1906.01,
      2231.07,
      1527.31,
      1771.67
    ],
    "stopping_reason": "max_candidates",
    "operations": {
      "candidate_generation": 419,
      "feasibility_check": 400,
      "weight_evaluation": 400
    }
  }
}