{
  "graph": "graph_n14_d75_adj_matrix",
  "algorithm": "random",
  "result": {
    "graph_name": "graph_n14_d75_adj_matrix",
    "algorithm": "random",
    "best_weight": 2412.74,
    "best_matching": [
      6,
      9,
      20,
      26,
      34,
      58,
      63
    ],
    "runtime": 0.007875149998653797,
    "candidates": 400,
    "improvements": 6,
    "duplicates": 1,
    "infeasible": 0,
    "size_history": {
      "7": 98,
      "6": 131,
      "5": 81,
      "4": 56,
      "3": 21,
      "2": 12,
      "1": 1
    },
    "weight_history": [
      1900.04,
      1212.02,
      1924.15,
      1703.74,
      1774.75,
      2182.98,
      2364.39,
      1369.87,
      1374.78,
      1414.86,
      2036.43,
      1728.94,
      1324.52,
      1738.09,
      1728.55,
      1375.57,
      1776.35,
      1689.27,
      1667.25,
      1317.51,
      1877.88,
      1175.67,
      1519.86,
      1838.26,
      1442.8,
      1389.8500000000001,
      1723.44,
      1358.29,
      2130.76,
      1836.4199999999998,
      2339.49,
      1530.2,
      1778.8799999999999,
      1067.3999999999999,
      1753.5,
      1099.96,
      1874.45,
      1519.16,
      1869.7,
      2053.92,
      1630.8,
      1248.53,
      1723.59,
      1799.25,
      1474.1,
      1856.1100000000001,
      1062.88,
      1468.0,
      1691.3,
      1456.1499999999999,
      1888.97,
      1590.41,
      2372.17,
      1494.32,
      2071.96,
      1518.21,
      1717.82,
      1750.22,
      1828.72,
      1551.57,
      2069.91,
      2041.43,
      1547.06,
      1712.3799999999999,
      2041.67,
      1383.28,
      1812.55,
      1639.86,
      1743.74,
      1263.82,
      1493.26,
      1686.6599999999999,
      1481.09,
      1907.7,
      1997.34,
      1792.3400000000001,
      1547.28,
      1237.46,
      1450.73,
      1537.05,
      1450.93,
      1232.8799999999999,
      1696.43,
      1733.19,
      1381.76,
      1615.53,
      1572.71,
      1371.05,
      1036.45,
      1330.63,
      1241.98,
      880.2,
      910.8199999999999,
      1783.56,
      1128.84,
      1046.53,
      1563.33,
      1060.59,
      1300.46,
      847.06,
      1013.0799999999999,
      991.73,
      1140.59,
      1093.37,
      560.11,
      1086.72,
      1019.22,
      1114.7,
      689.72,
      770.63,
      1340.33,
      1102.61,
      813.6800000000001,
      1026.03,
      817.48,
      1453.26,
      1575.6,
      1477.89,
      1511.21,
      1318.44,
      1625.63,
      856.44,
      1233.36,
      1173.75,
      864.74,
      939.4499999999999,
      1086.11,
      893.0699999999999,
      1262.26,
      1169.54,
      1439.53,
      1004.03,
      784.0899999999999,
      1255.78,
      379.49,
      912.76,
      718.9,
      607.0799999999999,
      977.71,
      458.49,
      1076.8600000000001,
      940.95,
      571.87,
      523.04,
      612.0899999999999,
      497.42999999999995,
      572.33,
      255.18,
      587.3,
      517.8,
      378.93,
      543.98,
      402.83000000000004,
      650.9000000000001,
      369.84000000000003,
      826.76,
      579.39,
      690.55,
      637.57,
      690.12,
      888.4,
      528.0899999999999,
      926.9,
      514.48,
      761.49,
      860.33,
      909.36,
      967.64,
      894.51,
      1007.91,
      1287.6,
      1474.04,
      1114.17,
      1024.96,
      890.3499999999999,
      522.98,
      1040.72,
      1189.01,
      1200.6399999999999,
      1544.78,
      1529.82,
      1596.97,
      1670.07,
      1565.83,
      1467.5,
      1376.6499999999999,
      1108.03,
      1468.26,
      1436.92,
      1744.08,
      1441.01,
      1941.2900000000002,
      1488.54,
      1544.73,
      1392.56,
      1364.8899999999999,
      749.41,
      1183.98,
      1179.33,
      1592.86,
      1428.3,
      1186.4,
      1128.01,
      938.57,
      1525.8,
      1081.4099999999999,
      1639.56,
      860.4200000000001,
      1224.46,
      915.4,
      1500.55,
      1017.76,
      1084.83,
      927.26,
      398.94,
      1073.83,
      710.66,
      530.13,
      886.81,
      1224.95,
      1477.6299999999999,
      1545.75,
      1217.79,
      1258.92,
      1137.96,
      1548.81,
      1109.14,
      1563.75,
      811.34,
      643.21,
      1253.6399999999999,
      1429.34,
      858.05,
      966.44,
      1180.27,
      1080.28,
      742.01,
      1493.21,
      1476.04,
      1126.3300000000002,
      1209.32,
      1069.96,
      1395.0,
      1258.9299999999998,
      1495.8899999999999,
      1308.62,
      1199.92,
      1253.68,
      954.1,
      1120.75,
      1366.8,
      1321.7,
      1103.35,
      1287.04,
      1908.01,
      1331.99,
      1499.53,
      1478.2,
      1728.37,
      1724.9499999999998,
      1784.73,
      1455.93,
      1134.72,
      1562.69,
      1134.98,
      1252.33,
      1106.47,
      1092.49,
      952.14,
      1011.71,
      1058.31,
      1126.94,
      1162.51,
      855.62,
      1175.47,
      1286.64,
      1258.08,
      1462.03,
      1453.22,
      1913.08,
      1312.38,
      1473.66,
      1280.5,
      1262.85,
      1302.85,
      1908.64,
      1425.73,
      1403.59,
      1988.1799999999998,
      1495.48,
      1633.97,
      1110.36,
      2040.32,
      1321.67,
      1192.05,
      1821.06,
      2160.73,
      1955.69,
      1368.4099999999999,
      1038.56,
      1247.37,
      984.7,
      1491.14,
      1870.68,
      1543.63,
      1571.41,
      1631.9099999999999,
      1270.62,
      1347.3600000000001,
      1900.65,
      1447.79,
      1550.6200000000001,
      1846.8,
      2412.74,
      1493.42,
      1440.6,
      1413.17,
      1396.75,
      1379.66,
      1848.85,
      1326.84,
      1416.91,
      1470.06,
      1472.51,
      1573.57,
      1850.99,
      1920.1799999999998,
      1602.3,
      1536.8899999999999,
      1611.67,
      1337.93,
      1580.8,
      1010.38,
      1934.6599999999999,
      1818.58,
      913.18,
      2098.44,
      1721.25,
      1507.29,
      1634.65,
      1059.56,
      1311.99,
      1808.83,
      1396.06,
      1528.18,
      1968.4,
      2154.11,
      1231.06,
      1720.99,
      1633.99,
      1558.17,
      1978.11,
      1972.22,
      1490.82,
      1103.67,
      2017.6599999999999,
      1840.29,
      1305.48,
      1004.99,
      1925.1200000000001,
      1967.94,
      1502.36,
      1725.79,
      1090.54,
      1415.09,
      2007.4199999999998,
      1335.31,
      1456.46,
      1558.91,
      1581.03,
      1561.38,
      2221.0299999999997,
      2025.54,
      1625.28,
      2109.36,
      1944.5,
      1678.99,
      1228.57,
      1688.5900000000001,
      1405.0900000000001,
      887.4,
      1609.96,
      1635.35,
      1531.8700000000001,
      1515.32,
      1578.41,
      1545.94,
      1689.1000000000001,
      1815.81,
      1493.96,
      1162.3700000000001,
      1451.8899999999999,
      1032.08,
      1564.58,
      1905.12,
      1354.67,
      1566.83,
      1226.14,
      1450.92,
      1331.18
    ],
    "stopping_reason": "max_candidates",
    "operations": {
      "candidate_generation": 401,
      "feasibility_check": 400,
      "weight_evaluation": 400
    }
  }
}