{
  "graph": "graph_n19_d25_adj_matrix",
  "algorithm": "local",
  "result": {
    "graph_name": "graph_n19_d25_adj_matrix",
    "algorithm": "local",
    "best_weight": 2769.23,
    "best_matching": [
      0,
      9,
      12,
      16,
      18,
      19,
      23,
      38,
      40
    ],
    "runtime": 2.0019826240004477,
    "candidates": 111,
    "improvements": 2,
    "duplicates": 479,
    "infeasible": 0,
    "size_history": {
      "9": 10,
      "8": 22,
      "7": 34,
      "6": 31,
      "5": 12,
      "4": 2
    },
    "weight_history": [
      2728.02,
      2554.51,
      2632.75,
      2542.75,
      2488.7,
      2677.1,
      2769.23,
      2565.49,
      2634.6,
      2726.27,
      2505.42,
      2678.11,
      2599.69,
      2506.63,
      2630.81,
      2629.02,
      2646.87,
      2615.97,
      2419.9,
      2593.17,
      2422.75,
      2465.49,
      2466.91,
      2421.4900000000002,
      2470.58,
      2351.24,
      2397.9,
      2352.17,
      2277.23,
      2397.59,
      2415.15,
      2439.34,
      2439.68,
      2308.4700000000003,
      2254.46,
      1924.4,
      2190.06,
      2163.05,
      2303.55,
      2135.2000000000003,
      2161.26,
      2185.14,
      2131.93,
      2259.38,
      2342.73,
      2361.26,
      2516.0,
      2297.31,
      2484.76,
      2130.28,
      2335.35,
      2323.37,
      2282.44,
      2333.56,
      2344.52,
      2475.51,
      2461.21,
      2502.08,
      2504.84,
      2559.7,
      2463.58,
      2501.54,
      2627.6,
      2340.72,
      2598.12,
      2502.55,
      2395.53,
      2313.4,
      2465.66,
      2302.66,
      2561.7,
      2267.92,
      2281.52,
      2451.2400000000002,
      2313.28,
      2352.48,
      2468.7,
      1896.21,
      2173.2400000000002,
      2142.12,
      2126.03,
      2272.31,
      2171.45,
      2159.17,
      1997.06,
      2105.87,
      2110.75,
      2119.41,
      1963.92,
      1953.73,
      1959.0,
      1640.23,
      1947.97,
      1948.81,
      1903.35,
      1876.76,
      1919.48,
      1951.64,
      1652.51,
      2242.83,
      2171.99,
      2253.04,
      2159.17,
      2127.93,
      2100.69,
      2431.06,
      2115.84,
      2209.51,
      2147.95,
      2039.89,
      2408.44
    ],
    "stopping_reason": "time_limit",
    "operations": {
      "candidate_generation": 590,
      "feasibility_check": 111,
      "weight_evaluation": 111
    }
  }
}