{
  "random": {
    "mean_weight": 1621.2433333333333,
    "std_weight": 78.41003521375454,
    "min_weight": 1564.4,
    "max_weight": 1732.1200000000001,
    "absolute_gap": 110.87666666666678,
    "relative_gap": 0.0640121161736293,
    "approximation_ratio": 0.9359878838263707
  },
  "greedy": {
    "mean_weight": 1732.1200000000001,
    "std_weight": 0.0,
    "min_weight": 1732.1200000000001,
    "max_weight": 1732.1200000000001,
    "absolute_gap": 0.0,
    "relative_gap": 0.0,
    "approximation_ratio": 1.0
  },
  "local": {
    "mean_weight": 1732.1200000000001,
    "std_weight": 0.0,
    "min_weight": 1732.1200000000001,
    "max_weight": 1732.1200000000001,
    "absolute_gap": 0.0,
    "relative_gap": 0.0,
    "approximation_ratio": 1.0
  }
}