{
  "graph": "graph_n12_d25_adj_matrix",
  "algorithm": "random",
  "result": {
    "graph_name": "graph_n12_d25_adj_matrix",
    "algorithm": "random",
    "best_weight": 1597.49,
    "best_matching": [
      1,
      5,
      7,
      8,
      10
    ],
    "runtime": 2.0000289119998342,
    "candidates": 137,
    "improvements": 4,
    "duplicates": 304493,
    "infeasible": 0,
    "size_history": {
      "4": 46,
      "3": 44,
      "2": 22,
      "5": 9,
      "1": 16
    },
    "weight_history": [
      1309.61,
      804.69,
      973.01,
      1290.1,
      1134.21,
      1240.64,
      1419.9099999999999,
      1300.1,
      1310.24,
      1048.53,
      963.02,
      637.27,
      563.26,
      1063.37,
      955.02,
      975.9,
      828.39,
      740.3,
      704.95,
      663.83,
      848.65,
      518.87,
      539.47,
      546.76,
      754.19,
      355.6,
      594.74,
      286.84000000000003,
      911.94,
      593.76,
      393.82,
      287.92,
      631.74,
      878.55,
      1070.73,
      672.1600000000001,
      1055.35,
      419.99,
      1025.4,
      778.52,
      524.03,
      980.92,
      833.54,
      652.9,
      1271.58,
      1394.01,
      1085.38,
      1048.85,
      1271.56,
      778.0600000000001,
      1134.13,
      1033.64,
      1056.8600000000001,
      870.42,
      1114.07,
      1045.67,
      1138.43,
      912.4,
      672.62,
      718.58,
      679.9100000000001,
      886.88,
      882.83,
      1187.73,
      813.33,
      671.58,
      1110.53,
      1036.72,
      1087.24,
      1017.46,
      1419.07,
      1049.48,
      1277.38,
      881.83,
      1037.6,
      980.76,
      1093.13,
      1471.94,
      1597.49,
      1418.34,
      1406.21,
      1251.32,
      1292.54,
      1288.53,
      1222.94,
      1257.14,
      1495.27,
      1357.71,
      1087.7,
      907.79,
      1263.25,
      1179.8,
      1246.5,
      919.04,
      1288.31,
      853.31,
      833.21,
      979.35,
      1325.16,
      774.45,
      833.41,
      888.36,
      853.55,
      894.71,
      502.95,
      325.65,
      1193.18,
      749.51,
      762.87,
      671.54,
      510.01,
      285.36,
      485.72,
      517.85,
      463.32,
      509.52,
      527.7,
      846.29,
      823.69,
      990.9200000000001,
      698.78,
      309.18,
      461.59,
      59.14,
      152.21,
      237.19,
      394.55,
      134.63,
      200.83,
      154.77,
      384.24,
      133.15,
      24.33,
      384.7,
      124.82,
      369.49,
      438.99
    ],
    "stopping_reason": "time_limit",
    "operations": {
      "candidate_generation": 304630,
      "feasibility_check": 137,
      "weight_evaluation": 137
    }
  }
}