{
  "graph": "graph_n19_d75_adj_matrix",
  "algorithm": "local",
  "result": {
    "graph_name": "graph_n19_d75_adj_matrix",
    "algorithm": "local",
    "best_weight": 2866.01,
    "best_matching": [
      8,
      22,
      26,
      36,
      53,
      59,
      76,
      97,
      113
    ],
    "runtime": 2.001903701999254,
    "candidates": 293,
    "improvements": 5,
    "duplicates": 264,
    "infeasible": 0,
    "size_history": {
      "9": 241,
      "8": 50,
      "7": 2
    },
    "weight_history": [
      2683.92,
      2850.4700000000003,
      2755.13,
      2734.3,
      2743.02,
      2623.4700000000003,
      2656.49,
      2725.08,
      2741.0299999999997,
      2724.13,
      2773.94,
      2846.63,
      2831.09,
      2673.31,
      2664.81,
      2730.42,
      2761.86,
      2668.5,
      2718.76,
      2692.37,
      2701.86,
      2716.39,
      2694.28,
      2627.68,
      2792.14,
      2693.39,
      2736.09,
      2853.36,
      2592.35,
      2702.81,
      2661.79,
      2700.83,
      2756.56,
      2571.69,
      2639.27,
      2637.1,
      2684.09,
      2645.88,
      2591.79,
      2603.36,
      2623.92,
      2645.87,
      2491.2799999999997,
      2604.71,
      2633.7,
      2775.39,
      2790.92,
      2630.37,
      2788.2000000000003,
      2604.9,
      2736.54,
      2730.03,
      2641.2200000000003,
      2599.75,
      2670.57,
      2596.57,
      2461.25,
      2643.89,
      2642.7,
      2690.76,
      2646.28,
      2527.89,
      2639.33,
      2755.18,
      2515.96,
      2583.6,
      2712.59,
      2682.38,
      2698.33,
      2717.17,
      2689.86,
      2739.59,
      2688.91,
      2749.2200000000003,
      2705.7400000000002,
      2614.83,
      2663.8,
      2728.01,
      2739.51,
      2808.82,
      2621.89,
      2689.63,
      2709.66,
      2718.79,
      2708.32,
      2758.17,
      2684.06,
      2673.69,
      2711.52,
      2735.79,
      2786.9,
      2675.11,
      2707.38,
      2645.51,
      2842.48,
      2694.12,
      2666.35,
      2728.68,
      2572.9,
      2694.81,
      2769.87,
      2812.97,
      2661.65,
      2704.2,
      2535.46,
      2752.11,
      2749.69,
      2789.28,
      2696.72,
      2854.49,
      2637.0,
      2765.15,
      2866.01,
      2703.2200000000003,
      2674.0099999999998,
      2696.26,
      2719.32,
      2693.58,
      2611.2200000000003,
      2657.69,
      2665.09,
      2681.31,
      2711.24,
      2699.15,
      2766.45,
      2685.31,
      2665.94,
      2688.49,
      2719.16,
      2698.43,
      2607.0,
      2616.62,
      2609.77,
      2753.96,
      2677.19,
      2739.83,
      2752.3,
      2635.87,
      2714.64,
      2638.02,
      2769.73,
      2645.08,
      2662.14,
      2704.45,
      2652.96,
      2610.83,
      2790.7000000000003,
      2723.6800000000003,
      2849.21,
      2718.35,
      2696.52,
      2727.01,
      2669.89,
      2738.92,
      2755.18,
      2639.37,
      2721.7799999999997,
      2705.69,
      2742.55,
      2743.67,
      2737.11,
      2613.98,
      2695.02,
      2649.98,
      2718.32,
      2850.34,
      2735.74,
      2772.29,
      2709.6,
      2669.9700000000003,
      2642.44,
      2756.26,
      2594.81,
      2632.54,
      2582.92,
      2706.31,
      2649.16,
      2721.67,
      2723.8,
      2768.93,
      2691.38,
      2732.7400000000002,
      2697.05,
      2727.0,
      2718.7400000000002,
      2733.35,
      2768.75,
      2774.05,
      2741.48,
      2638.74,
      2826.94,
      2700.97,
      2761.41,
      2682.7,
      2789.01,
      2747.47,
      2752.27,
      2605.23,
      2654.02,
      2760.0,
      2631.43,
      2661.8,
      2720.42,
      2720.95,
      2717.52,
      2649.17,
      2755.54,
      2670.61,
      2628.49,
      2728.63,
      2743.96,
      2685.11,
      2786.55,
      2676.2000000000003,
      2761.28,
      2696.7400000000002,
      2730.55,
      2640.45,
      2703.68,
      2765.94,
      2735.21,
      2606.62,
      2645.78,
      2596.1800000000003,
      2768.22,
      2749.07,
      2731.12,
      2718.07,
      2657.73,
      2705.11,
      2641.67,
      2701.62,
      2631.45,
      2783.51,
      2830.04,
      2778.72,
      2704.05,
      2673.04,
      2769.66,
      2764.13,
      2675.23,
      2712.06,
      2770.27,
      2654.18,
      2729.15,
      2720.71,
      2734.12,
      2707.81,
      2740.74,
      2765.32,
      2756.9,
      2730.59,
      2671.0299999999997,
      2640.2200000000003,
      2666.36,
      2597.46,
      2725.2,
      2691.84,
      2740.87,
      2767.21,
      2711.18,
      2674.58,
      2704.77,
      2709.94,
      2615.93,
      2707.91,
      2774.62,
      2716.78,
      2634.7400000000002,
      2662.2,
      2806.51,
      2671.94,
      2687.89,
      2698.51,
      2703.0,
      2708.03,
      2664.6,
      2688.94,
      2740.26,
      2756.12,
      2823.21,
      2726.02,
      2802.09,
      2724.62,
      2541.08,
      2664.4,
      2725.09,
      2618.93,
      2727.62,
      2696.19,
      2755.48,
      2730.04,
      2662.98
    ],
    "stopping_reason": "time_limit",
    "operations": {
      "candidate_generation": 557,
      "feasibility_check": 293,
      "weight_evaluation": 293
    }
  }
}