{
  "graph": "graph_n12_d50_adj_matrix",
  "algorithm": "local",
  "result": {
    "graph_name": "graph_n12_d50_adj_matrix",
    "algorithm": "local",
    "best_weight": 1974.08,
    "best_matching": [
      3,
      12,
      15,
      17,
      18,
      30
    ],
    "runtime": 2.0016765849995863,
    "candidates": 71,
    "improvements": 6,
    "duplicates": 694,
    "infeasible": 0,
    "size_history": {
      "6": 25,
      "5": 42,
      "4": 4
    },
    "weight_history": [
      1771.23,
      1835.39,
      1744.48,
      1700.21,
      1761.42,
      1696.3600000000001,
      1837.49,
      1964.84,
      1970.23,
      1798.8000000000002,
      1809.54,
      1690.97,
      1793.22,
      1752.46,
      1777.1200000000001,
      1702.68,
      1754.21,
      1782.94,
      1721.16,
      1739.6200000000001,
      1697.45,
      1466.71,
      1797.38,
      1962.74,
      1974.08,
      1758.54,
      1797.71,
      1801.56,
      1769.28,
      1799.13,
      1741.72,
      1795.1200000000001,
      1830.63,
      1704.43,
      1781.19,
      1649.77,
      1710.14,
      1826.78,
      1692.27,
      1657.48,
      1736.92,
      1701.47,
      1713.73,
      1654.43,
      1791.02,
      1781.78,
      1762.1100000000001,
      1741.46,
      1705.1200000000001,
      1706.17,
      1647.57,
      1691.26,
      1682.56,
      1710.02,
      1706.93,
      1699.3700000000001,
      1561.52,
      1636.6,
      1748.33,
      1729.43,
      1694.82,
      1676.39,
      1700.7,
      1567.47,
      1690.76,
      1640.81,
      1722.8200000000002,
      1736.72,
      1754.8600000000001,
      1647.26,
      1696.46
    ],
    "stopping_reason": "time_limit",
    "operations": {
      "candidate_generation": 765,
      "feasibility_check": 71,
      "weight_evaluation": 71
    }
  }
}