{
  "graph": "graph_n20_d50_adj_matrix",
  "algorithm": "local",
  "result": {
    "graph_name": "graph_n20_d50_adj_matrix",
    "algorithm": "local",
    "best_weight": 3426.35,
    "best_matching": [
      4,
      17,
      25,
      42,
      43,
      54,
      57,
      69,
      83,
      89
    ],
    "runtime": 2.002238834998934,
    "candidates": 190,
    "improvements": 5,
    "duplicates": 420,
    "infeasible": 0,
    "size_history": {
      "10": 62,
      "9": 103,
      "8": 23,
      "7": 2
    },
    "weight_history": [
      3220.39,
      3247.2599999999998,
      2948.06,
      3325.86,
      3206.25,
      3088.39,
      3257.25,
      3087.31,
      2928.25,
      3190.48,
      3049.35,
      2970.24,
      3115.98,
      2979.66,
      2843.56,
      2975.3199999999997,
      2980.6,
      2911.9,
      3052.71,
      2929.18,
      2992.14,
      2760.36,
      3164.12,
      3146.33,
      3107.19,
      3087.66,
      3221.31,
      3189.54,
      3272.92,
      3156.09,
      3255.5,
      3182.45,
      3122.83,
      3077.81,
      3316.13,
      3104.48,
      3033.71,
      3251.17,
      3264.02,
      3104.84,
      3250.63,
      3241.84,
      3249.42,
      3153.21,
      3317.07,
      3011.6,
      3360.35,
      3167.37,
      3227.91,
      3323.86,
      3089.39,
      3014.31,
      3317.83,
      3249.8,
      3283.9,
      3275.63,
      3084.04,
      3270.62,
      3212.43,
      3291.84,
      3214.96,
      2993.18,
      3144.65,
      3266.73,
      3237.64,
      3077.98,
      3155.42,
      3257.96,
      3205.23,
      3044.41,
      3218.5099999999998,
      3309.04,
      3177.17,
      3080.62,
      3279.91,
      3347.9,
      3294.42,
      3143.71,
      3282.07,
      3258.87,
      3110.4,
      3182.02,
      3219.66,
      3286.4,
      3177.49,
      3228.85,
      3132.13,
      3114.72,
      3140.33,
      3282.96,
      3318.44,
      3288.68,
      3348.43,
      3230.6,
      3137.88,
      2951.64,
      3426.35,
      3297.58,
      3224.89,
      3157.31,
      3140.14,
      3003.57,
      3104.09,
      3131.37,
      3115.25,
      2927.5499999999997,
      3217.56,
      3005.7999999999997,
      2986.2200000000003,
      3137.43,
      2974.51,
      2868.76,
      3101.32,
      2977.89,
      2905.37,
      2996.37,
      2917.41,
      2937.07,
      2912.95,
      2735.15,
      2895.0099999999998,
      3032.63,
      3112.37,
      3190.39,
      3157.23,
      3078.64,
      2831.44,
      3097.14,
      3197.27,
      3139.52,
      3051.95,
      3080.72,
      3245.24,
      3234.94,
      3041.87,
      3229.89,
      3230.49,
      3288.06,
      3185.2,
      3098.22,
      3117.09,
      3142.67,
      3104.18,
      3265.23,
      3022.49,
      3190.54,
      3266.11,
      3250.23,
      3264.84,
      3193.5,
      3113.16,
      3314.31,
      3178.62,
      3136.09,
      3223.81,
      3264.71,
      3094.23,
      3235.64,
      3048.5699999999997,
      3242.6,
      3133.27,
      3124.58,
      3226.91,
      3067.2,
      3103.91,
      3129.5,
      3102.2599999999998,
      3118.06,
      2965.61,
      3181.51,
      3112.0099999999998,
      2992.0099999999998,
      3123.21,
      3149.04,
      2995.1099999999997,
      2892.38,
      3233.81,
      3272.18,
      3237.45,
      3295.36,
      3219.88,
      2997.92,
      3266.3199999999997,
      3335.79,
      2992.82,
      3118.0299999999997,
      3250.82,
      3167.85,
      3164.34,
      3036.43
    ],
    "stopping_reason": "time_limit",
    "operations": {
      "candidate_generation": 610,
      "feasibility_check": 190,
      "weight_evaluation": 190
    }
  }
}