{
  "graph": "graph_n10_d25_adj_matrix",
  "algorithm": "random",
  "result": {
    "graph_name": "graph_n10_d25_adj_matrix",
    "algorithm": "random",
    "best_weight": 1406.29,
    "best_matching": [
      0,
      3,
      5,
      8
    ],
    "runtime": 2.0000234060007642,
    "candidates": 38,
    "improvements": 5,
    "duplicates": 288510,
    "infeasible": 0,
    "size_history": {
      "3": 22,
      "2": 9,
      "1": 2,
      "4": 5
    },
    "weight_history": [
      780.06,
      1011.54,
      841.72,
      787.64,
      913.1400000000001,
      1089.67,
      628.38,
      692.22,
      1019.12,
      556.54,
      632.98,
      477.94000000000005,
      785.86,
      565.78,
      391.95,
      596.52,
      382.71000000000004,
      454.54999999999995,
      525.1,
      459.15,
      708.5699999999999,
      316.62,
      864.46,
      644.38,
      794.5600000000001,
      623.6,
      603.7,
      871.0,
      770.35,
      1113.88,
      385.58000000000004,
      875.86,
      1102.48,
      1086.97,
      1015.55,
      1406.29,
      777.53,
      1174.81
    ],
    "stopping_reason": "time_limit",
    "operations": {
      "candidate_generation": 288548,
      "feasibility_check": 38,
      "weight_evaluation": 38
    }
  }
}