{
  "graph": "graph_n16_d75_adj_matrix",
  "algorithm": "greedy",
  "result": {
    "graph_name": "graph_n16_d75_adj_matrix",
    "algorithm": "greedy",
    "best_weight": 3226.11,
    "best_matching": [
      9,
      21,
      29,
      35,
      42,
      63,
      81,
      87
    ],
    "runtime": 2.0000714139987394,
    "candidates": 186,
    "improvements": 6,
    "duplicates": 71843,
    "infeasible": 0,
    "size_history": {
      "8": 128,
      "7": 57,
      "6": 1
    },
    "weight_history": [
      3128.21,
      3127.4900000000002,
      2961.69,
      3132.4900000000002,
      3140.5,
      3081.29,
      3087.52,
      2980.15,
      2949.41,
      3016.2,
      2960.23,
      2991.25,
      3039.36,
      2999.39,
      3213.06,
      3037.7000000000003,
      2912.5299999999997,
      3100.53,
      2986.81,
      3129.41,
      3096.78,
      3177.73,
      3153.85,
      3203.35,
      2927.92,
      3079.89,
      2960.85,
      3092.52,
      3110.26,
      3073.28,
      3200.05,
      3076.32,
      3119.48,
      2967.88,
      3144.4700000000003,
      2885.67,
      3116.99,
      2997.73,
      2911.91,
      2901.38,
      3206.58,
      3030.56,
      2995.64,
      3016.18,
      3026.35,
      2936.56,
      3043.51,
      2993.64,
      2986.38,
      2781.21,
      2984.3,
      2975.76,
      2927.44,
      3031.35,
      2863.73,
      3176.2,
      2999.79,
      2985.35,
      2930.17,
      2996.6,
      2967.86,
      3155.03,
      2850.93,
      3022.1,
      2989.38,
      2959.91,
      3143.7,
      3163.19,
      2996.98,
      2992.83,
      3222.88,
      3123.45,
      3031.69,
      3029.61,
      3119.28,
      3138.05,
      2886.71,
      3184.25,
      3009.89,
      3197.26,
      2864.52,
      3136.46,
      3079.5099999999998,
      3169.34,
      2981.29,
      3000.76,
      2999.38,
      2881.85,
      2934.17,
      2966.79,
      2947.18,
      2978.37,
      3012.09,
      2913.37,
      3031.67,
      2953.78,
      3209.87,
      2952.44,
      2947.44,
      2961.5699999999997,
      3073.26,
      3126.26,
      2983.89,
      2833.46,
      2978.8,
      2866.35,
      2998.77,
      2764.77,
      2754.01,
      3014.09,
      2966.73,
      3171.04,
      3006.65,
      3132.48,
      2823.64,
      2810.93,
      2921.77,
      3182.91,
      3094.28,
      2825.85,
      2993.6,
      3085.26,
      2946.9,
      2876.16,
      3081.27,
      3061.94,
      2886.79,
      2935.5699999999997,
      3088.77,
      3077.25,
      3056.43,
      2929.38,
      2824.54,
      3030.5,
      3226.11,
      2989.02,
      3131.46,
      3028.0,
      2948.2799999999997,
      2849.85,
      2831.79,
      2953.63,
      3011.34,
      3163.67,
      2928.54,
      3076.11,
      2945.66,
      3091.6,
      2827.84,
      2808.9700000000003,
      2944.51,
      2953.6,
      3046.05,
      2870.91,
      2928.4700000000003,
      3134.37,
      3056.89,
      2977.34,
      3018.7200000000003,
      3158.26,
      3100.75,
      2884.21,
      2960.52,
      2953.72,
      2838.48,
      3086.27,
      3213.1,
      2901.46,
      3092.7400000000002,
      3118.25,
      3166.9,
      3024.92,
      3122.72,
      3169.9,
      2879.6,
      3062.23,
      3113.25,
      3025.38,
      3041.67,
      2912.89,
      2985.76,
      3091.81,
      3197.06,
      2769.84,
      2882.91,
      3043.42
    ],
    "stopping_reason": "time_limit",
    "operations": {
      "candidate_generation": 72029,
      "feasibility_check": 186,
      "weight_evaluation": 186
    }
  }
}