{
  "graph": "graph_n12_d75_adj_matrix",
  "algorithm": "random",
  "result": {
    "graph_name": "graph_n12_d75_adj_matrix",
    "algorithm": "random",
    "best_weight": 1878.58,
    "best_matching": [
      4,
      7,
      22,
      26,
      44,
      48
    ],
    "runtime": 2.000036788000216,
    "candidates": 260,
    "improvements": 5,
    "duplicates": 163779,
    "infeasible": 0,
    "size_history": {
      "6": 62,
      "5": 69,
      "4": 36,
      "3": 31,
      "2": 13,
      "1": 49
    },
    "weight_history": [
      1482.25,
      1085.9,
      963.76,
      1502.67,
      1685.44,
      1566.87,
      1678.24,
      1789.56,
      1252.48,
      1234.37,
      1247.95,
      1369.68,
      1018.56,
      997.64,
      730.88,
      845.28,
      1412.07,
      1118.99,
      1529.22,
      1434.4199999999998,
      1222.96,
      889.28,
      1560.32,
      1757.6,
      1648.35,
      1616.21,
      1056.16,
      1510.8,
      1547.24,
      921.29,
      1239.77,
      1672.99,
      1020.34,
      1389.99,
      1082.54,
      1402.97,
      1637.42,
      1535.45,
      1563.02,
      1224.69,
      1199.03,
      1516.53,
      841.29,
      1229.81,
      1312.89,
      1555.0900000000001,
      892.64,
      1388.39,
      950.42,
      1463.4,
      1661.54,
      1506.21,
      1878.58,
      1680.04,
      1678.88,
      1006.79,
      1548.68,
      1060.66,
      1727.6100000000001,
      1626.83,
      1611.67,
      1330.44,
      1151.95,
      1562.43,
      1395.24,
      1734.14,
      1633.1,
      1224.34,
      1583.45,
      1576.69,
      1492.43,
      1302.6799999999998,
      1783.44,
      1578.34,
      1645.51,
      1796.49,
      1686.14,
      815.0500000000001,
      1364.85,
      1273.78,
      1181.85,
      1186.25,
      1310.99,
      1399.81,
      1509.2,
      1249.45,
      1176.98,
      800.5,
      1596.19,
      1419.05,
      1125.1599999999999,
      1225.24,
      1310.79,
      1356.76,
      1453.2,
      1516.02,
      1590.25,
      1409.13,
      1414.94,
      1652.16,
      1174.93,
      1432.8,
      1064.61,
      828.27,
      1284.28,
      1834.85,
      1426.33,
      1357.32,
      1567.3,
      955.03,
      1686.81,
      1145.1100000000001,
      1247.53,
      1632.8400000000001,
      1218.48,
      1682.56,
      1681.1,
      880.96,
      1190.55,
      1453.59,
      1346.86,
      1105.01,
      1645.8999999999999,
      844.09,
      1220.01,
      1123.75,
      1605.53,
      1033.77,
      1086.47,
      1349.82,
      933.98,
      1342.43,
      1143.9,
      1503.88,
      933.66,
      990.45,
      557.87,
      834.9300000000001,
      868.48,
      1058.73,
      825.7,
      1331.16,
      946.89,
      788.48,
      723.02,
      862.75,
      417.38,
      457.44,
      990.28,
      648.16,
      671.47,
      782.27,
      927.79,
      724.4200000000001,
      1284.19,
      1168.57,
      646.15,
      845.37,
      970.55,
      1150.83,
      1173.53,
      1358.15,
      908.74,
      1192.59,
      1131.33,
      839.4300000000001,
      487.63,
      354.33,
      676.66,
      435.49,
      989.31,
      837.99,
      829.85,
      806.8100000000001,
      843.12,
      1250.22,
      978.2,
      979.68,
      1051.29,
      810.12,
      1460.93,
      1087.46,
      779.41,
      930.54,
      973.99,
      699.26,
      829.47,
      844.9,
      644.4,
      817.36,
      466.32,
      612.38,
      787.49,
      796.11,
      735.97,
      601.0699999999999,
      1424.52,
      1000.75,
      633.57,
      468.08000000000004,
      667.74,
      444.79999999999995,
      287.18,
      354.9,
      539.92,
      715.5,
      409.5,
      439.89,
      516.73,
      221.78,
      228.04,
      338.18,
      417.41,
      111.65,
      292.59,
      327.94,
      438.99,
      252.23,
      461.16,
      490.32,
      133.15,
      273.19,
      151.63,
      268.0,
      357.8,
      528.99,
      188.79,
      141.5,
      243.25,
      224.1,
      134.63,
      91.05,
      107.17,
      186.51,
      141.4,
      461.59,
      176.26,
      159.36,
      59.14,
      24.33,
      384.7,
      279.29,
      237.19,
      154.77,
      312.54,
      581.4300000000001,
      172.41,
      143.45,
      274.24,
      93.94,
      117.39,
      152.21,
      263.28,
      214.68,
      369.49,
      125.32,
      336.55,
      394.55,
      127.35,
      406.77
    ],
    "stopping_reason": "time_limit",
    "operations": {
      "candidate_generation": 164039,
      "feasibility_check": 260,
      "weight_evaluation": 260
    }
  }
}