{
  "graph": "graph_n8_d50_adj_matrix",
  "algorithm": "random",
  "result": {
    "graph_name": "graph_n8_d50_adj_matrix",
    "algorithm": "random",
    "best_weight": 1781.89,
    "best_matching": [
      1,
      4,
      12,
      13
    ],
    "runtime": 2.000024011000278,
    "candidates": 39,
    "improvements": 1,
    "duplicates": 251144,
    "infeasible": 0,
    "size_history": {
      "4": 8,
      "3": 30,
      "2": 1
    },
    "weight_history": [
      1781.89,
      1350.67,
      1762.14,
      890.96,
      1155.8,
      1362.21,
      957.92,
      753.39,
      915.59,
      471.28,
      849.52,
      915.27,
      1306.98,
      639.61,
      582.87,
      707.01,
      953.6700000000001,
      985.1199999999999,
      862.36,
      1153.32,
      1315.52,
      813.14,
      687.32,
      1426.58,
      877.76,
      998.42,
      1335.27,
      953.1,
      1115.3,
      1257.76,
      1264.38,
      1373.58,
      1188.47,
      795.72,
      1077.47,
      376.60999999999996,
      1429.74,
      871.2099999999999,
      604.56
    ],
    "stopping_reason": "time_limit",
    "operations": {
      "candidate_generation": 251183,
      "feasibility_check": 39,
      "weight_evaluation": 39
    }
  }
}