{
  "graph": "graph_n17_d50_adj_matrix",
  "algorithm": "random",
  "result": {
    "graph_name": "graph_n17_d50_adj_matrix",
    "algorithm": "random",
    "best_weight": 2582.02,
    "best_matching": [
      0,
      11,
      25,
      29,
      36,
      44,
      54,
      61
    ],
    "runtime": 0.008941987000071094,
    "candidates": 400,
    "improvements": 7,
    "duplicates": 1,
    "infeasible": 0,
    "size_history": {
      "8": 298,
      "7": 100,
      "6": 2
    },
    "weight_history": [
      2297.2599999999998,
      1534.1299999999999,
      1814.14,
      1667.16,
      1692.3899999999999,
      2385.8,
      1913.06,
      2032.77,
      1911.04,
      1986.18,
      1792.29,
      2341.65,
      1730.29,
      2043.03,
      2263.79,
      2181.91,
      1811.46,
      1673.01,
      1938.94,
      1619.37,
      1956.6599999999999,
      1967.2800000000002,
      2034.6399999999999,
      2386.16,
      1908.0,
      2060.63,
      1969.9099999999999,
      1788.39,
      1611.34,
      2111.66,
      1803.26,
      1748.04,
      1688.66,
      2016.24,
      1791.11,
      1945.28,
      1877.9099999999999,
      1486.59,
      1765.12,
      1408.86,
      2156.65,
      1753.99,
      2048.71,
      1899.53,
      1879.96,
      1620.68,
      1473.74,
      1316.1599999999999,
      1231.41,
      1862.86,
      1523.1299999999999,
      2083.4,
      1700.07,
      1432.16,
      1863.81,
      2002.3,
      2221.39,
      2051.54,
      1449.41,
      2021.48,
      2276.92,
      1657.28,
      1931.3999999999999,
      1802.91,
      1746.47,
      1849.81,
      2337.43,
      1997.77,
      1747.85,
      1545.8799999999999,
      1878.06,
      1893.44,
      2234.63,
      1985.23,
      1625.62,
      1880.6599999999999,
      2239.68,
      1282.56,
      1748.9099999999999,
      1860.71,
      2338.2,
      1844.3,
      1940.77,
      2322.2,
      1530.24,
      1824.6100000000001,
      1955.0,
      1772.59,
      1573.82,
      1896.19,
      2322.7599999999998,
      2066.25,
      1966.54,
      1601.0,
      1809.52,
      1959.99,
      2150.82,
      2069.77,
      1725.27,
      1730.7,
      2073.48,
      1415.73,
      1676.29,
      1630.62,
      2104.7200000000003,
      1886.54,
      2052.93,
      1936.84,
      1882.69,
      2034.51,
      2196.37,
      1964.65,
      1961.08,
      2060.94,
      1787.46,
      2249.67,
      1812.29,
      1213.35,
      2395.55,
      1905.02,
      2343.2,
      1612.8899999999999,
      1964.79,
      2056.7,
      1699.1399999999999,
      1676.44,
      1465.19,
      1643.2,
      1731.66,
      1672.26,
      1526.09,
      1390.9,
      2087.96,
      1285.47,
      1137.43,
      2095.17,
      2155.5299999999997,
      1692.06,
      2287.09,
      1822.47,
      1737.3,
      2099.22,
      1693.77,
      1978.99,
      1339.6,
      1971.86,
      1929.58,
      1967.74,
      1843.3899999999999,
      2124.43,
      1815.5900000000001,
      2165.57,
      1610.33,
      2146.5,
      1732.6,
      2244.84,
      1804.04,
      1312.74,
      1887.53,
      1705.71,
      1463.28,
      1629.06,
      2016.8,
      1829.62,
      1879.65,
      2144.12,
      1514.51,
      1322.29,
      2078.74,
      1996.6399999999999,
      1469.16,
      1982.95,
      1587.59,
      1593.44,
      1984.92,
      1749.1799999999998,
      2014.47,
      2191.65,
      1827.86,
      1612.27,
      1891.37,
      1618.28,
      2089.36,
      2437.33,
      1758.06,
      1472.48,
      1919.93,
      1711.73,
      1887.71,
      1852.43,
      2058.86,
      1716.0,
      1627.85,
      1717.47,
      1825.42,
      1921.5,
      2447.35,
      2282.26,
      1977.6,
      1650.8,
      1378.89,
      1832.95,
      1926.56,
      1283.02,
      1515.42,
      1569.1499999999999,
      2049.21,
      1722.19,
      1409.68,
      1873.24,
      1835.9,
      1753.67,
      2416.35,
      2190.65,
      2582.02,
      1937.77,
      2013.43,
      2136.67,
      2437.82,
      1975.99,
      1651.8,
      1458.34,
      1872.37,
      2052.11,
      1746.79,
      2480.65,
      1202.2,
      1453.74,
      1845.52,
      1640.68,
      1422.1299999999999,
      1709.44,
      1664.9199999999998,
      2257.39,
      2041.52,
      1938.26,
      1951.32,
      2054.06,
      1605.42,
      2039.1799999999998,
      1864.18,
      1693.3,
      1773.95,
      1533.32,
      2134.36,
      2227.96,
      1555.03,
      1882.45,
      1973.53,
      2038.11,
      1580.09,
      1910.91,
      2366.9,
      1498.48,
      1715.01,
      1922.18,
      1843.6499999999999,
      2175.79,
      1620.92,
      2226.22,
      1898.45,
      2099.2799999999997,
      1811.65,
      2104.49,
      2090.73,
      1879.57,
      1690.4499999999998,
      1809.59,
      2107.3,
      2154.09,
      1884.87,
      1865.81,
      2057.08,
      1500.72,
      1849.3899999999999,
      2066.83,
      2055.43,
      1976.27,
      2005.13,
      1569.99,
      1859.17,
      1745.42,
      2110.24,
      1918.99,
      1485.9,
      1273.4099999999999,
      1844.57,
      1879.1399999999999,
      1889.88,
      1723.84,
      1717.32,
      1902.1499999999999,
      1210.25,
      2499.27,
      1924.05,
      1644.19,
      1605.22,
      1965.5,
      1415.67,
      1636.8700000000001,
      1966.98,
      2085.23,
      1935.7,
      1726.04,
      1725.6399999999999,
      1700.19,
      1728.6,
      1578.6,
      2082.74,
      1615.6799999999998,
      1877.42,
      2040.11,
      2098.21,
      1730.75,
      1608.67,
      1608.65,
      2044.63,
      1832.9099999999999,
      1470.25,
      1392.77,
      1863.55,
      2019.05,
      1607.05,
      1547.79,
      1692.61,
      2089.31,
      1733.85,
      1958.59,
      1767.01,
      1939.29,
      2419.82,
      1961.06,
      2323.81,
      1632.71,
      1610.02,
      1775.05,
      1727.76,
      1841.12,
      1971.53,
      2218.68,
      2082.71,
      2045.83,
      1969.8899999999999,
      1599.1399999999999,
      1892.46,
      2386.35,
      1801.15,
      2011.83,
      2210.37,
      1884.3899999999999,
      2202.43,
      1848.67,
      1948.23,
      1924.69,
      1804.31,
      1926.48,
      1884.31,
      2010.67,
      1646.01,
      1688.94,
      2158.72,
      1736.73,
      2119.24,
      1513.23,
      1724.48,
      1871.01,
      1615.68,
      1614.93,
      1931.47,
      1623.0,
      2188.67,
      1787.84,
      1761.47,
      2210.08,
      2054.83,
      1887.56,
      2213.09,
      2131.23,
      1646.19,
      1933.67,
      2155.7,
      1851.0,
      2008.47,
      2169.05,
      1651.61,
      2050.78,
      2164.34,
      1949.62,
      1870.25,
      2240.58,
      1836.1299999999999,
      1985.29,
      1944.31,
      1597.19,
      1644.51,
      1521.29,
      1631.03,
      1599.32,
      2067.21,
      1669.44
    ],
    "stopping_reason": "max_candidates",
    "operations": {
      "candidate_generation": 401,
      "feasibility_check": 400,
      "weight_evaluation": 400
    }
  }
}