{
  "graph": "graph_n8_d75_adj_matrix",
  "algorithm": "random",
  "result": {
    "graph_name": "graph_n8_d75_adj_matrix",
    "algorithm": "random",
    "best_weight": 1747.96,
    "best_matching": [
      1,
      8,
      11,
      20
    ],
    "runtime": 2.00002820500049,
    "candidates": 110,
    "improvements": 7,
    "duplicates": 255929,
    "infeasible": 0,
    "size_history": {
      "3": 37,
      "2": 45,
      "1": 21,
      "4": 7
    },
    "weight_history": [
      338.58,
      900.76,
      952.32,
      991.48,
      1281.69,
      461.63,
      790.66,
      235.39,
      638.26,
      1143.29,
      361.96,
      463.34,
      176.68,
      506.27,
      41.15,
      370.91999999999996,
      216.51999999999998,
      511.54999999999995,
      780.06,
      713.56,
      968.75,
      440.38,
      842.6099999999999,
      741.8499999999999,
      1335.27,
      442.67999999999995,
      1219.51,
      815.05,
      1083.92,
      956.92,
      747.72,
      1121.65,
      1315.52,
      889.61,
      603.63,
      964.89,
      559.1800000000001,
      1747.96,
      460.19,
      1386.3,
      1156.45,
      576.63,
      1184.44,
      444.89,
      848.46,
      699.68,
      1139.14,
      918.6400000000001,
      1264.42,
      421.51,
      553.29,
      806.0,
      725.35,
      980.4,
      1429.83,
      440.2,
      370.74,
      939.25,
      678.41,
      297.43,
      152.68,
      1008.01,
      435.1,
      348.65999999999997,
      328.12,
      292.5,
      637.11,
      204.04,
      69.46,
      370.9,
      796.48,
      135.53,
      342.66,
      227.97,
      251.35,
      92.44,
      446.81,
      171.54999999999998,
      772.55,
      888.46,
      570.95,
      553.0,
      574.78,
      930.35,
      754.38,
      817.55,
      911.1700000000001,
      711.46,
      446.87,
      142.95,
      28.6,
      299.73,
      485.21,
      483.54,
      568.51,
      164.2,
      307.51,
      124.08,
      817.77,
      415.54999999999995,
      399.5,
      817.61,
      233.65999999999997,
      736.56,
      212.40999999999997,
      915.5,
      475.41,
      582.4,
      110.60999999999999,
      336.11
    ],
    "stopping_reason": "time_limit",
    "operations": {
      "candidate_generation": 256039,
      "feasibility_check": 110,
      "weight_evaluation": 110
    }
  }
}