{
  "random": {
    "mean_weight": 2555.67,
    "std_weight": 81.88407944568131,
    "min_weight": 2486.88,
    "max_weight": 2670.74,
    "absolute_gap": 115.06999999999971,
    "relative_gap": 0.043085436994990046,
    "approximation_ratio": 0.95691456300501
  },
  "greedy": {
    "mean_weight": 2670.74,
    "std_weight": 0.0,
    "min_weight": 2670.74,
    "max_weight": 2670.74,
    "absolute_gap": 0.0,
    "relative_gap": 0.0,
    "approximation_ratio": 1.0
  },
  "local": {
    "mean_weight": 2670.74,
    "std_weight": 0.0,
    "min_weight": 2670.74,
    "max_weight": 2670.74,
    "absolute_gap": 0.0,
    "relative_gap": 0.0,
    "approximation_ratio": 1.0
  }
}