{
  "graph": "graph_n13_d50_adj_matrix",
  "algorithm": "random",
  "result": {
    "graph_name": "graph_n13_d50_adj_matrix",
    "algorithm": "random",
    "best_weight": 2026.62,
    "best_matching": [
      0,
      9,
      14,
      21,
      35,
      38
    ],
    "runtime": 0.0061534140004368965,
    "candidates": 400,
    "improvements": 4,
    "duplicates": 44,
    "infeasible": 0,
    "size_history": {
      "6": 66,
      "5": 104,
      "4": 84,
      "3": 77,
      "2": 35,
      "1": 34
    },
    "weight_history": [
      1695.23,
      740.62,
      1466.57,
      1851.97,
      1465.1100000000001,
      1497.73,
      1570.3600000000001,
      1113.09,
      1275.4,
      1227.32,
      1444.91,
      1176.66,
      1360.0,
      1099.1100000000001,
      976.79,
      1518.06,
      1318.94,
      1295.8400000000001,
      1260.06,
      1195.82,
      1115.02,
      1549.96,
      1096.67,
      1177.0,
      1433.16,
      1668.99,
      1087.68,
      1642.97,
      1146.69,
      1474.28,
      1022.73,
      1770.58,
      1734.24,
      1575.99,
      1762.5900000000001,
      1601.0,
      1277.67,
      1879.18,
      1465.54,
      1564.2,
      1287.28,
      944.08,
      2026.62,
      1746.19,
      1524.85,
      1317.38,
      1638.96,
      763.95,
      1333.06,
      969.1,
      1520.07,
      1301.84,
      1221.92,
      1309.96,
      1014.58,
      1599.89,
      1588.64,
      1585.97,
      1372.92,
      1769.04,
      1220.17,
      1775.28,
      1683.77,
      1453.05,
      590.23,
      1656.05,
      902.86,
      1172.25,
      1041.3600000000001,
      1133.31,
      1523.29,
      1368.82,
      1282.33,
      1317.22,
      1301.82,
      1275.85,
      1630.58,
      1484.4,
      1504.14,
      1298.47,
      1776.77,
      1583.94,
      1721.3,
      1530.19,
      1424.55,
      1560.25,
      1218.67,
      1448.13,
      1517.23,
      1437.8600000000001,
      1166.11,
      1262.6200000000001,
      1606.07,
      1200.04,
      1777.22,
      1765.19,
      1512.07,
      1553.54,
      1032.57,
      1519.19,
      1563.79,
      1747.44,
      1585.06,
      1186.96,
      1034.54,
      691.75,
      861.99,
      1792.09,
      1815.0,
      1735.42,
      1396.77,
      1150.56,
      1413.92,
      1507.86,
      1052.73,
      1440.05,
      977.35,
      1461.95,
      1239.15,
      1535.74,
      1639.94,
      1134.26,
      801.6899999999999,
      917.97,
      998.97,
      1225.93,
      1161.19,
      1179.01,
      1097.3799999999999,
      1267.21,
      963.49,
      1253.56,
      1326.47,
      1416.72,
      1468.54,
      1257.04,
      1470.35,
      1264.42,
      1594.1499999999999,
      1370.9,
      1437.33,
      1180.31,
      967.17,
      1346.86,
      1142.8899999999999,
      781.27,
      394.65,
      1219.91,
      1159.26,
      952.46,
      1180.81,
      1165.84,
      1232.23,
      903.88,
      553.28,
      1053.22,
      599.26,
      991.5699999999999,
      684.5,
      532.1899999999999,
      665.25,
      825.69,
      1130.4299999999998,
      518.41,
      729.38,
      602.06,
      508.36,
      878.43,
      702.62,
      573.5699999999999,
      218.63,
      416.78999999999996,
      395.25,
      548.69,
      564.3599999999999,
      164.62,
      1147.2,
      590.83,
      858.93,
      906.13,
      941.83,
      946.0,
      474.84000000000003,
      619.26,
      808.81,
      673.35,
      1019.3100000000001,
      597.9,
      596.66,
      678.21,
      301.78999999999996,
      622.38,
      568.0699999999999,
      631.77,
      768.44,
      225.43,
      265.34,
      211.39,
      218.19,
      28.84,
      539.48,
      225.4,
      263.97,
      409.35,
      190.16,
      197.27,
      305.79,
      212.08,
      419.69,
      409.02,
      202.56,
      406.5,
      162.73,
      326.83,
      445.15,
      360.76,
      107.0,
      239.58,
      265.14,
      299.02,
      119.88,
      419.94,
      456.44,
      198.6,
      48.66,
      312.36,
      260.74,
      207.8,
      212.81,
      433.28,
      111.63,
      436.09000000000003,
      642.42,
      523.98,
      672.99,
      488.29999999999995,
      656.02,
      372.37,
      410.08000000000004,
      780.7,
      838.5,
      659.27,
      843.45,
      862.86,
      511.07,
      1018.95,
      1017.8399999999999,
      1090.18,
      1070.03,
      542.4300000000001,
      677.13,
      1004.94,
      513.59,
      1175.74,
      1113.1399999999999,
      1204.6100000000001,
      1097.54,
      872.55,
      1378.84,
      710.6800000000001,
      1042.1499999999999,
      1042.1,
      1018.9,
      1016.4,
      508.15999999999997,
      609.4399999999999,
      372.34,
      1014.57,
      455.84000000000003,
      1221.32,
      727.86,
      918.91,
      933.22,
      536.47,
      764.15,
      1227.59,
      965.27,
      897.66,
      1211.01,
      1042.87,
      1084.67,
      1145.34,
      1171.04,
      911.47,
      1010.1500000000001,
      1118.47,
      1215.49,
      1442.36,
      1070.8700000000001,
      1103.81,
      1050.3200000000002,
      1496.33,
      1238.33,
      1396.28,
      1631.08,
      1353.1,
      1283.64,
      738.77,
      1194.59,
      1103.22,
      1033.55,
      688.36,
      1241.67,
      1255.66,
      842.43,
      1160.53,
      938.1,
      1038.62,
      506.71,
      870.04,
      756.69,
      641.65,
      982.5600000000001,
      867.03,
      743.36,
      746.14,
      1118.1399999999999,
      891.05,
      424.63,
      971.04,
      1255.46,
      1071.4,
      911.85,
      831.09,
      1337.6999999999998,
      974.77,
      1138.86,
      961.0,
      1074.57,
      1260.32,
      1026.3899999999999,
      629.77,
      928.39,
      715.69,
      822.09,
      729.69,
      651.47,
      777.34,
      679.12,
      852.61,
      945.1099999999999,
      1090.97,
      1136.39,
      1408.2,
      1308.38,
      1290.3600000000001,
      1170.36,
      1382.04,
      918.21,
      1009.31,
      1230.18,
      958.1500000000001,
      693.12,
      719.51,
      729.73,
      825.81,
      1028.81,
      455.29999999999995,
      476.62,
      708.29,
      850.5899999999999,
      958.7099999999999,
      626.1999999999999,
      858.37,
      1062.71,
      941.08,
      1160.82,
      834.36,
      1342.38,
      736.9300000000001,
      1290.33,
      880.19,
      1064.61,
      1268.85,
      1355.71,
      1323.16,
      1189.96,
      1024.85,
      1466.74,
      1072.01,
      1504.15,
      1207.21,
      1328.21,
      1164.74,
      1472.08,
      1833.9499999999998,
      1419.95,
      1554.54,
      1357.8,
      1372.11,
      1694.8,
      1830.66,
      1858.05,
      1215.2,
      1758.88,
      1864.1,
      1477.54,
      1601.45,
      1138.44,
      1002.6899999999999
    ],
    "stopping_reason": "max_candidates",
    "operations": {
      "candidate_generation": 444,
      "feasibility_check": 400,
      "weight_evaluation": 400
    }
  }
}