{
  "graph": "graph_n12_d75_adj_matrix",
  "algorithm": "local",
  "result": {
    "graph_name": "graph_n12_d75_adj_matrix",
    "algorithm": "local",
    "best_weight": 2005.75,
    "best_matching": [
      3,
      8,
      20,
      27,
      35,
      45
    ],
    "runtime": 2.0023153359998105,
    "candidates": 190,
    "improvements": 3,
    "duplicates": 628,
    "infeasible": 0,
    "size_history": {
      "6": 126,
      "5": 33,
      "4": 20,
      "3": 9,
      "2": 2
    },
    "weight_history": [
      1902.27,
      1980.1,
      1911.65,
      2005.75,
      1809.45,
      1875.08,
      1981.57,
      1878.1399999999999,
      1844.67,
      1789.76,
      1993.92,
      1770.48,
      1850.47,
      1735.36,
      1713.88,
      1720.22,
      1804.88,
      1790.91,
      1768.2,
      1863.51,
      1833.97,
      1775.6100000000001,
      1618.37,
      1602.08,
      1535.49,
      1647.46,
      1539.77,
      1675.79,
      1734.69,
      1663.96,
      1541.47,
      1597.82,
      1601.87,
      1352.68,
      1309.28,
      951.48,
      1325.78,
      1336.18,
      1314.5,
      1317.99,
      1273.94,
      1307.45,
      967.98,
      1306.16,
      1593.47,
      1548.18,
      1539.19,
      1573.1399999999999,
      1581.69,
      1727.59,
      1547.81,
      1522.69,
      1608.75,
      1526.85,
      1525.09,
      1695.1,
      1990.86,
      1717.96,
      1770.23,
      1842.06,
      1803.14,
      1699.26,
      1713.73,
      1852.75,
      1752.2,
      1796.47,
      1897.83,
      1890.3700000000001,
      1844.71,
      1987.69,
      1832.16,
      1820.25,
      1963.6,
      1826.44,
      1976.07,
      1879.05,
      1823.74,
      1829.8899999999999,
      1898.08,
      1977.42,
      1879.92,
      1878.19,
      1896.04,
      1885.77,
      1968.52,
      1792.33,
      1846.03,
      1898.78,
      1809.89,
      1816.59,
      1882.28,
      1878.7,
      1987.9,
      1914.1,
      1821.03,
      1855.85,
      1813.73,
      1904.46,
      1866.57,
      1883.33,
      1967.66,
      1893.8600000000001,
      1864.32,
      1897.87,
      1818.35,
      1891.75,
      1875.09,
      1801.33,
      1878.58,
      1770.74,
      1991.93,
      1886.25,
      1864.58,
      1750.66,
      1856.21,
      1876.15,
      1893.87,
      1799.58,
      1970.23,
      1796.67,
      1813.38,
      1782.85,
      1799.94,
      1840.6399999999999,
      1839.35,
      1816.56,
      1797.71,
      1816.97,
      1810.96,
      1857.37,
      1811.77,
      1817.0,
      1980.5,
      1882.04,
      1889.97,
      1985.51,
      1798.45,
      1804.53,
      1847.44,
      1781.19,
      1768.1,
      1834.85,
      1787.51,
      1891.44,
      1836.25,
      1819.24,
      1794.56,
      1821.3200000000002,
      1752.59,
      1962.74,
      1736.72,
      1830.02,
      1858.49,
      1882.49,
      1797.54,
      1882.26,
      1731.19,
      1773.02,
      1797.38,
      1795.11,
      1820.57,
      1845.54,
      1826.78,
      1896.97,
      1890.68,
      1871.5,
      1800.3400000000001,
      1812.66,
      1724.28,
      1717.67,
      1806.28,
      1799.48,
      1892.8,
      1863.4,
      1801.18,
      1876.16,
      1771.01,
      1815.91,
      1869.73,
      1804.29,
      1877.8400000000001,
      1821.6,
      1818.19,
      1794.6599999999999,
      1799.52,
      1810.26,
      1788.5900000000001,
      1793.27,
      1867.68,
      1969.74
    ],
    "stopping_reason": "time_limit",
    "operations": {
      "candidate_generation": 818,
      "feasibility_check": 190,
      "weight_evaluation": 190
    }
  }
}