{
  "graph": "graph_n19_d75_adj_matrix",
  "algorithm": "random",
  "result": {
    "graph_name": "graph_n19_d75_adj_matrix",
    "algorithm": "random",
    "best_weight": 2572.88,
    "best_matching": [
      5,
      21,
      34,
      43,
      76,
      85,
      91,
      110,
      122
    ],
    "runtime": 0.013311626998984138,
    "candidates": 400,
    "improvements": 5,
    "duplicates": 0,
    "infeasible": 0,
    "size_history": {
      "9": 173,
      "8": 57,
      "7": 13,
      "6": 33,
      "5": 61,
      "4": 51,
      "3": 11,
      "2": 1
    },
    "weight_history": [
      2364.0099999999998,
      2134.25,
      2053.35,
      2355.91,
      1842.21,
      2076.86,
      2472.8,
      2307.77,
      1840.88,
      1972.98,
      2217.68,
      1595.2,
      1842.21,
      2014.84,
      2193.4,
      2214.44,
      1801.49,
      2082.37,
      1534.68,
      1504.8,
      1996.3600000000001,
      1486.52,
      1724.0,
      1732.6200000000001,
      2212.9500000000003,
      2242.78,
      2036.8600000000001,
      1757.78,
      1973.19,
      2130.99,
      1404.66,
      2189.18,
      2434.06,
      2345.68,
      2197.43,
      2131.63,
      2243.06,
      2124.8,
      1972.3,
      2001.0,
      2105.67,
      2153.67,
      2074.68,
      1951.76,
      2172.53,
      2178.65,
      1880.4,
      1894.03,
      2085.57,
      2097.03,
      2149.37,
      2277.85,
      1779.49,
      2080.49,
      2298.08,
      1931.9,
      1347.28,
      2277.11,
      1820.79,
      1936.0700000000002,
      1863.36,
      1565.08,
      1839.47,
      2146.48,
      2221.88,
      1826.46,
      2387.17,
      2424.14,
      1852.1100000000001,
      2511.99,
      2467.15,
      2230.09,
      1774.77,
      2417.22,
      2289.39,
      1389.8,
      2011.04,
      1961.5,
      2416.2599999999998,
      2160.42,
      2327.91,
      2391.4500000000003,
      1912.74,
      2243.41,
      2137.75,
      2164.74,
      2170.59,
      2191.9,
      2262.45,
      1743.19,
      2187.84,
      2448.01,
      2426.15,
      2450.7,
      2123.6,
      2130.47,
      1897.76,
      1823.25,
      1847.3600000000001,
      2178.92,
      2096.76,
      1585.29,
      1408.78,
      1634.23,
      1498.71,
      2113.81,
      2313.81,
      2324.37,
      1971.72,
      2168.54,
      2303.03,
      2192.52,
      2140.49,
      2005.77,
      2403.25,
      1921.8,
      2349.21,
      1945.8700000000001,
      2300.3,
      2303.03,
      1982.28,
      2045.74,
      2126.14,
      1902.91,
      2158.77,
      2161.23,
      2176.44,
      2409.4900000000002,
      1848.77,
      1528.33,
      1939.79,
      2236.69,
      1874.27,
      2210.05,
      2434.65,
      2069.12,
      2233.95,
      2031.1200000000001,
      2207.43,
      1449.43,
      2362.81,
      2268.05,
      1861.19,
      1924.43,
      2431.85,
      2079.75,
      1727.07,
      1645.65,
      2214.71,
      2108.63,
      2187.35,
      2334.3,
      2101.95,
      2092.07,
      2101.31,
      2443.25,
      1852.48,
      2139.93,
      2360.88,
      2290.9300000000003,
      2266.36,
      2330.08,
      2534.24,
      2233.81,
      1770.84,
      2428.15,
      2432.23,
      2226.9,
      1979.31,
      1982.1599999999999,
      1928.73,
      2572.88,
      2372.37,
      1996.09,
      2249.74,
      2214.33,
      1784.94,
      1981.65,
      1940.81,
      1915.14,
      2008.06,
      2212.09,
      1870.35,
      1830.0500000000002,
      2382.25,
      1979.53,
      1906.24,
      2236.07,
      2411.24,
      1979.85,
      2282.9,
      2184.88,
      2045.63,
      2427.62,
      1790.56,
      1565.45,
      2317.24,
      2509.38,
      1792.3,
      1946.84,
      2048.2,
      2099.17,
      1953.63,
      1219.19,
      1344.19,
      1841.43,
      1572.03,
      1878.14,
      1787.47,
      2263.08,
      2061.91,
      1711.52,
      2472.05,
      1893.78,
      2369.58,
      2305.61,
      2375.46,
      2243.59,
      2245.37,
      1848.5900000000001,
      1937.06,
      1832.06,
      2228.45,
      1839.4,
      1949.02,
      1968.81,
      1725.29,
      1547.68,
      1687.25,
      1649.84,
      1705.48,
      1790.74,
      1080.53,
      2100.1,
      1776.31,
      1788.92,
      1966.12,
      1852.19,
      1639.01,
      1528.75,
      1295.01,
      1838.52,
      1085.55,
      1779.6000000000001,
      1182.15,
      955.73,
      1714.9,
      1360.25,
      1614.55,
      991.57,
      1248.71,
      1460.82,
      1091.7,
      931.61,
      1567.06,
      1076.49,
      1253.77,
      1243.5900000000001,
      1313.14,
      1055.8600000000001,
      1320.52,
      1348.12,
      992.4200000000001,
      721.79,
      1196.0,
      1328.91,
      1036.2,
      1490.44,
      1517.26,
      1836.19,
      1280.32,
      1510.07,
      1557.72,
      1373.37,
      1519.2,
      863.06,
      1021.49,
      1023.41,
      1012.5999999999999,
      1342.76,
      1276.65,
      656.07,
      1287.07,
      1147.95,
      1158.27,
      919.59,
      1157.21,
      1277.75,
      684.1,
      938.65,
      1201.35,
      975.01,
      984.6800000000001,
      1115.83,
      830.1700000000001,
      952.98,
      937.97,
      1309.65,
      964.2,
      855.0,
      1446.9,
      1076.05,
      1117.92,
      1081.1599999999999,
      1093.81,
      1148.63,
      1028.65,
      1351.29,
      1791.83,
      1382.59,
      1252.44,
      1390.6000000000001,
      1300.01,
      1432.67,
      1294.08,
      1063.96,
      1556.9199999999998,
      1730.28,
      1407.22,
      1120.54,
      1048.22,
      1355.63,
      1562.42,
      917.86,
      1180.82,
      1063.98,
      1725.06,
      1375.7,
      1362.07,
      923.72,
      936.35,
      938.9000000000001,
      804.69,
      816.22,
      572.88,
      1333.87,
      607.58,
      644.77,
      583.78,
      1094.45,
      1053.7,
      956.64,
      1208.66,
      838.21,
      1073.75,
      1419.83,
      1308.04,
      705.35,
      1235.52,
      1199.8700000000001,
      775.83,
      1266.6799999999998,
      920.6500000000001,
      1033.04,
      1069.99,
      871.92,
      838.28,
      926.45,
      909.0,
      887.77,
      719.44,
      542.65,
      1040.6799999999998,
      663.63,
      564.89,
      664.97,
      479.28,
      726.91,
      648.57,
      521.21,
      614.21,
      314.36,
      824.31,
      809.73,
      1008.99,
      895.62,
      1094.2,
      982.88,
      1002.15,
      977.5600000000001,
      771.35,
      882.48,
      941.03,
      780.0,
      653.95,
      855.02,
      1359.3,
      1212.7,
      1469.88,
      1308.17,
      1225.49,
      1148.9,
      966.7,
      1168.1599999999999,
      897.87,
      1378.13,
      878.94,
      907.33,
      715.27,
      826.01
    ],
    "stopping_reason": "max_candidates",
    "operations": {
      "candidate_generation": 400,
      "feasibility_check": 400,
      "weight_evaluation": 400
    }
  }
}