{
  "graph": "graph_n20_d25_adj_matrix",
  "algorithm": "random",
  "result": {
    "graph_name": "graph_n20_d25_adj_matrix",
    "algorithm": "random",
    "best_weight": 2228.7200000000003,
    "best_matching": [
      7,
      8,
      12,
      21,
      24,
      40,
      41,
      43
    ],
    "runtime": 2.000050968999858,
    "candidates": 201,
    "improvements": 1,
    "duplicates": 158237,
    "infeasible": 0,
    "size_history": {
      "8": 11,
      "7": 10,
      "6": 11,
      "5": 13,
      "4": 33,
      "3": 44,
      "2": 32,
      "1": 47
    },
    "weight_history": [
      2228.7200000000003,
      2218.68,
      1779.7,
      1889.88,
      1682.13,
      1916.72,
      2199.8,
      1882.3700000000001,
      1886.17,
      1837.27,
      1491.91,
      1755.44,
      1800.7,
      1428.03,
      1451.39,
      1635.33,
      1390.81,
      1864.4099999999999,
      2066.11,
      1726.75,
      1716.47,
      1951.79,
      1740.93,
      1457.71,
      1727.58,
      1410.93,
      1256.83,
      1370.07,
      1292.76,
      1675.34,
      1696.6000000000001,
      1739.69,
      1460.87,
      1118.57,
      1528.8200000000002,
      910.98,
      1258.46,
      1017.24,
      1492.92,
      1431.56,
      922.94,
      1469.85,
      1578.93,
      1591.5,
      752.15,
      567.3,
      1552.02,
      896.61,
      798.33,
      631.87,
      1086.56,
      892.04,
      1225.0,
      1030.19,
      1063.6,
      855.77,
      921.0500000000001,
      831.52,
      805.3,
      568.77,
      981.17,
      664.26,
      594.5699999999999,
      743.58,
      802.4000000000001,
      876.8199999999999,
      928.4300000000001,
      663.9300000000001,
      815.26,
      549.11,
      355.27,
      529.3199999999999,
      712.18,
      273.26,
      428.04999999999995,
      682.04,
      319.74,
      1198.11,
      1033.44,
      1001.85,
      820.25,
      493.5,
      537.29,
      623.55,
      1326.94,
      1045.3,
      709.09,
      561.93,
      1029.8700000000001,
      739.9200000000001,
      972.5600000000001,
      736.28,
      1090.56,
      831.58,
      972.1700000000001,
      1194.27,
      920.4200000000001,
      1242.69,
      1375.66,
      769.01,
      882.55,
      670.04,
      916.15,
      486.73,
      971.8599999999999,
      819.03,
      659.37,
      952.96,
      746.76,
      342.1,
      1109.6200000000001,
      1103.31,
      1074.84,
      1069.12,
      657.34,
      1215.91,
      925.25,
      1064.6,
      735.86,
      1636.35,
      755.46,
      1002.9200000000001,
      1199.88,
      481.40999999999997,
      708.4100000000001,
      755.99,
      359.33000000000004,
      876.03,
      897.02,
      525.11,
      797.6600000000001,
      635.4100000000001,
      588.73,
      802.1800000000001,
      658.11,
      522.55,
      766.0899999999999,
      706.69,
      253.19,
      593.76,
      352.09,
      353.52,
      506.0,
      491.47,
      261.84,
      164.75,
      463.34,
      450.88,
      154.99,
      112.15,
      265.05,
      323.79,
      353.99,
      259.68,
      533.29,
      784.9200000000001,
      367.96000000000004,
      584.9100000000001,
      474.09000000000003,
      696.72,
      521.52,
      618.03,
      546.06,
      402.17,
      416.15999999999997,
      123.94,
      42.19,
      209.88,
      330.8,
      129.87,
      406.0,
      285.24,
      250.23,
      257.5,
      257.93,
      344.22,
      187.76,
      360.09,
      229.16,
      158.66,
      75.96,
      488.8,
      296.12,
      282.29,
      210.24,
      101.4,
      203.21,
      155.19,
      45.4,
      278.35,
      478.83,
      252.11,
      436.96,
      177.23,
      359.98,
      227.86,
      229.58,
      151.21,
      299.67,
      215.26,
      365.92
    ],
    "stopping_reason": "time_limit",
    "operations": {
      "candidate_generation": 158438,
      "feasibility_check": 201,
      "weight_evaluation": 201
    }
  }
}