{
  "graph": "graph_n18_d25_adj_matrix",
  "algorithm": "random",
  "result": {
    "graph_name": "graph_n18_d25_adj_matrix",
    "algorithm": "random",
    "best_weight": 2574.7,
    "best_matching": [
      7,
      12,
      16,
      19,
      22,
      26,
      31,
      33
    ],
    "runtime": 0.006231004999790457,
    "candidates": 400,
    "improvements": 5,
    "duplicates": 8,
    "infeasible": 0,
    "size_history": {
      "8": 86,
      "7": 105,
      "6": 45,
      "9": 6,
      "5": 44,
      "4": 34,
      "3": 37,
      "2": 30,
      "1": 13
    },
    "weight_history": [
      2145.75,
      2220.29,
      1385.44,
      2440.4700000000003,
      2343.59,
      2187.73,
      2172.4,
      2259.35,
      1652.52,
      1905.01,
      2007.78,
      1524.07,
      1668.73,
      1471.24,
      2085.8,
      1544.8600000000001,
      1739.54,
      1712.02,
      1730.4,
      1829.99,
      1748.6000000000001,
      2290.36,
      1875.77,
      2158.99,
      1872.23,
      1977.27,
      1639.27,
      1763.19,
      1794.4099999999999,
      1697.69,
      2106.83,
      1841.02,
      1931.17,
      1911.24,
      2120.92,
      1568.7,
      2236.2,
      1556.6100000000001,
      1858.95,
      2347.68,
      1836.46,
      2211.19,
      2161.7000000000003,
      2136.27,
      1667.38,
      2195.1,
      1948.81,
      1905.22,
      1817.8600000000001,
      2146.27,
      2294.14,
      2143.4,
      1935.5400000000002,
      1398.27,
      1773.7,
      2299.37,
      1411.48,
      2230.86,
      1745.46,
      2003.52,
      1891.99,
      2219.11,
      1798.8400000000001,
      2474.16,
      1567.93,
      1728.89,
      1701.0,
      1671.12,
      1658.0,
      2076.36,
      2194.29,
      1824.0700000000002,
      1527.93,
      2183.68,
      2046.55,
      1925.56,
      1708.46,
      1869.27,
      2152.39,
      1992.83,
      2574.7,
      1507.71,
      2069.82,
      2314.91,
      1720.7,
      2402.87,
      1504.56,
      1745.04,
      1806.51,
      1965.13,
      2523.2599999999998,
      2444.65,
      1823.3000000000002,
      1603.04,
      1658.0600000000002,
      1965.8,
      2432.36,
      2220.87,
      1718.08,
      1600.29,
      2188.26,
      1900.42,
      1908.1100000000001,
      2248.11,
      2159.6,
      1758.43,
      1479.8700000000001,
      2037.15,
      2465.77,
      1785.08,
      1888.1399999999999,
      1939.72,
      2144.8,
      1808.8,
      1785.41,
      1959.1100000000001,
      1845.0900000000001,
      1979.38,
      2227.65,
      1798.24,
      1860.89,
      1746.1399999999999,
      1788.51,
      1111.67,
      1097.52,
      2012.23,
      1861.43,
      1668.25,
      1372.81,
      1685.19,
      1515.64,
      1735.71,
      1198.03,
      1133.8500000000001,
      1116.5,
      1241.31,
      1295.0,
      1621.59,
      1439.93,
      1327.45,
      1233.18,
      1167.46,
      1122.46,
      1098.3600000000001,
      1321.7,
      1042.34,
      1013.43,
      849.85,
      755.73,
      1001.01,
      964.79,
      699.67,
      1159.48,
      1360.78,
      1167.61,
      830.28,
      746.88,
      855.3800000000001,
      1026.6399999999999,
      881.27,
      1073.89,
      1025.17,
      838.9,
      866.66,
      524.77,
      527.99,
      512.51,
      530.61,
      227.52,
      798.53,
      606.65,
      678.39,
      749.23,
      694.98,
      462.59000000000003,
      918.35,
      901.43,
      759.15,
      826.92,
      394.12,
      907.58,
      552.2900000000001,
      665.5600000000001,
      1209.75,
      858.93,
      873.76,
      629.8199999999999,
      919.27,
      1287.11,
      983.7,
      1283.73,
      752.72,
      1154.91,
      956.84,
      857.6800000000001,
      737.38,
      949.53,
      1183.53,
      1394.43,
      1227.63,
      1106.87,
      1273.18,
      1348.14,
      1338.94,
      925.71,
      1358.23,
      1610.79,
      982.94,
      1153.57,
      1529.1000000000001,
      1656.05,
      1356.6100000000001,
      1206.29,
      1252.81,
      1391.29,
      1717.23,
      1722.65,
      1347.27,
      1435.6200000000001,
      1592.75,
      1580.86,
      1698.8,
      1920.32,
      1304.48,
      1530.3,
      1887.29,
      1517.77,
      1514.18,
      2151.62,
      1713.9099999999999,
      1499.32,
      1812.6100000000001,
      2359.2799999999997,
      2139.31,
      1566.1200000000001,
      2209.77,
      2155.0,
      2052.02,
      1740.53,
      1756.83,
      2095.8,
      1553.82,
      1657.36,
      1921.1499999999999,
      2063.0299999999997,
      2259.23,
      1721.96,
      1788.41,
      1998.35,
      1922.4,
      1753.38,
      1294.55,
      1610.54,
      2211.54,
      1945.65,
      1772.79,
      1376.06,
      2144.82,
      1872.05,
      1801.53,
      1551.67,
      2326.2200000000003,
      1228.48,
      2236.89,
      1827.54,
      1707.6,
      1324.88,
      1941.27,
      2139.68,
      1884.3799999999999,
      1297.21,
      1535.03,
      1769.52,
      1824.45,
      1512.09,
      1690.22,
      2021.22,
      2375.39,
      1936.5,
      1588.08,
      1645.98,
      2025.23,
      2540.2,
      2272.26,
      1624.1200000000001,
      1673.81,
      2059.6800000000003,
      2270.7,
      1513.79,
      1885.8,
      1533.7,
      1898.72,
      2058.56,
      2055.74,
      1426.49,
      1744.1200000000001,
      2006.67,
      1356.3,
      1636.62,
      1443.01,
      1132.3899999999999,
      1291.46,
      1242.6,
      1918.56,
      1395.7,
      1182.07,
      1740.62,
      1178.58,
      1575.02,
      1320.64,
      1598.75,
      1466.37,
      684.76,
      1451.58,
      1336.3,
      1879.89,
      1084.53,
      1621.32,
      1298.57,
      1395.05,
      1607.3600000000001,
      1205.48,
      1399.1,
      1424.3,
      1538.23,
      1383.64,
      1550.22,
      1645.14,
      1520.37,
      1852.34,
      1334.53,
      979.27,
      1226.55,
      914.54,
      1534.14,
      1648.9,
      1332.91,
      1400.98,
      1477.14,
      1312.1399999999999,
      1299.62,
      961.5300000000001,
      1161.98,
      1426.8899999999999,
      585.6,
      844.99,
      981.2900000000001,
      898.29,
      1106.23,
      1042.43,
      1066.22,
      1020.99,
      657.87,
      750.6700000000001,
      615.8,
      546.65,
      869.23,
      945.04,
      890.14,
      577.27,
      905.36,
      916.02,
      1322.2,
      355.93,
      161.15,
      747.48,
      254.98000000000002,
      420.0,
      696.81,
      491.34000000000003,
      498.82000000000005,
      550.85,
      550.06,
      559.4000000000001,
      197.29,
      234.64,
      345.28,
      307.61,
      453.84,
      58.67,
      153.05,
      375.72,
      352.12,
      295.39,
      165.47,
      444.69000000000005,
      460.69,
      720.0,
      276.74,
      529.64,
      332.62,
      369.40999999999997,
      468.76,
      629.72,
      360.61,
      754.3199999999999,
      660.64,
      725.87,
      971.38,
      744.14
    ],
    "stopping_reason": "max_candidates",
    "operations": {
      "candidate_generation": 408,
      "feasibility_check": 400,
      "weight_evaluation": 400
    }
  }
}