{
  "graph": "graph_n20_d75_adj_matrix",
  "algorithm": "random",
  "result": {
    "graph_name": "graph_n20_d75_adj_matrix",
    "algorithm": "random",
    "best_weight": 2976.21,
    "best_matching": [
      2,
      23,
      30,
      50,
      58,
      77,
      100,
      109,
      119,
      136
    ],
    "runtime": 0.0145017459999508,
    "candidates": 400,
    "improvements": 8,
    "duplicates": 0,
    "infeasible": 0,
    "size_history": {
      "10": 59,
      "9": 150,
      "8": 109,
      "7": 57,
      "6": 25
    },
    "weight_history": [
      2025.36,
      1656.43,
      2349.42,
      2373.84,
      2652.79,
      1601.77,
      2262.54,
      1813.01,
      2333.59,
      2405.63,
      1946.76,
      1750.82,
      2179.94,
      2254.23,
      2194.37,
      1844.17,
      1659.69,
      1868.74,
      2201.86,
      1596.92,
      2622.15,
      1234.74,
      2378.63,
      2526.9700000000003,
      2310.12,
      2087.58,
      2016.67,
      2151.01,
      2572.6,
      2253.0,
      2047.81,
      2375.7799999999997,
      1856.86,
      2245.2999999999997,
      1995.1699999999998,
      2234.25,
      1888.8200000000002,
      2109.01,
      1927.12,
      2135.67,
      2583.68,
      2229.2,
      1995.19,
      2154.7,
      2426.61,
      2273.68,
      2416.06,
      1758.4,
      1971.04,
      2341.19,
      2447.75,
      2066.34,
      2896.95,
      2908.9700000000003,
      2611.06,
      2274.35,
      2122.59,
      2204.45,
      2020.89,
      2674.36,
      2388.72,
      2486.51,
      2466.37,
      1810.55,
      2604.36,
      1775.25,
      1610.44,
      2105.69,
      1998.8,
      1844.65,
      2064.64,
      1794.0,
      1571.8899999999999,
      1614.82,
      1573.77,
      2048.39,
      2291.56,
      2204.27,
      1810.85,
      1786.76,
      2004.02,
      2733.82,
      2040.42,
      2220.65,
      2123.59,
      2458.65,
      2465.44,
      2495.72,
      2111.7400000000002,
      1955.46,
      2209.47,
      1963.52,
      1187.31,
      2306.75,
      2237.31,
      2231.42,
      2013.82,
      2195.46,
      2168.09,
      1800.58,
      1614.44,
      2427.02,
      2412.41,
      2373.31,
      2117.55,
      2311.45,
      2146.55,
      2407.44,
      1981.3600000000001,
      1762.1100000000001,
      1876.3899999999999,
      2268.65,
      2220.75,
      2563.07,
      2124.02,
      2638.71,
      2017.96,
      2310.29,
      2591.03,
      2623.36,
      2489.03,
      2327.8,
      2322.14,
      2424.81,
      2288.59,
      2060.41,
      1898.46,
      1719.17,
      2311.61,
      2008.94,
      1799.95,
      2586.04,
      1873.11,
      1945.6200000000001,
      1887.19,
      2174.6400000000003,
      1929.52,
      2160.5,
      2548.12,
      1727.3899999999999,
      2603.44,
      1755.47,
      1905.88,
      2615.26,
      2541.29,
      2131.73,
      2667.71,
      2137.88,
      1575.39,
      2179.98,
      2199.5299999999997,
      1970.19,
      2356.81,
      2534.24,
      1677.56,
      1833.03,
      2235.65,
      1919.54,
      1820.5,
      1980.42,
      2201.41,
      2483.5,
      1515.25,
      2410.34,
      1966.73,
      1308.8899999999999,
      1461.89,
      1468.7,
      1520.97,
      1527.28,
      2177.31,
      1643.37,
      1547.17,
      1969.51,
      1640.75,
      1326.01,
      1914.48,
      1909.95,
      2071.21,
      1899.24,
      2080.48,
      1777.11,
      2848.33,
      1881.6200000000001,
      1511.23,
      2240.69,
      1782.42,
      1573.74,
      1450.53,
      1435.12,
      1801.3,
      1925.4,
      1520.0,
      2014.0900000000001,
      1565.47,
      1705.38,
      1422.41,
      1244.79,
      1630.81,
      1598.01,
      1221.77,
      1599.67,
      1380.6100000000001,
      1781.46,
      1814.78,
      1468.8799999999999,
      1677.16,
      1617.6,
      1330.0800000000002,
      2313.56,
      1857.42,
      1763.82,
      2028.72,
      1877.3899999999999,
      1531.7,
      2190.89,
      1473.57,
      859.04,
      1746.57,
      1672.29,
      1014.77,
      1075.3400000000001,
      1244.09,
      1132.36,
      1802.56,
      1323.28,
      1803.74,
      1264.17,
      1309.3400000000001,
      1239.39,
      1543.25,
      1735.74,
      1381.28,
      1405.76,
      1708.16,
      1829.24,
      2073.86,
      1706.6299999999999,
      1879.5700000000002,
      1130.57,
      1332.77,
      1467.68,
      1932.61,
      2062.71,
      1469.4299999999998,
      1951.55,
      1669.35,
      2130.52,
      2355.7000000000003,
      2167.04,
      1831.89,
      1863.31,
      1103.28,
      2061.41,
      1654.17,
      1226.01,
      1947.06,
      1641.72,
      1655.8799999999999,
      1944.92,
      1719.3400000000001,
      1777.3400000000001,
      1663.1,
      1735.68,
      1511.67,
      1677.91,
      1658.5,
      2192.2200000000003,
      2030.89,
      1430.66,
      1620.69,
      1610.24,
      2000.87,
      1895.42,
      2059.94,
      2175.97,
      1805.5500000000002,
      2270.52,
      2249.8,
      1432.55,
      1962.75,
      2034.95,
      1810.77,
      2237.5099999999998,
      1975.3700000000001,
      2366.72,
      1842.07,
      2478.31,
      2088.36,
      2246.55,
      2278.19,
      1719.13,
      2026.21,
      2046.26,
      1315.6499999999999,
      1459.61,
      2534.05,
      1807.45,
      2224.25,
      2272.61,
      1646.33,
      2307.48,
      1817.06,
      2308.44,
      1530.33,
      2157.23,
      1709.59,
      2248.4700000000003,
      2581.83,
      2541.56,
      2447.57,
      2750.1,
      1974.2,
      1869.28,
      2472.94,
      1839.11,
      1921.59,
      2653.95,
      1765.67,
      2116.38,
      2177.36,
      2277.73,
      2278.23,
      2042.79,
      2819.32,
      2609.12,
      2418.04,
      2387.5099999999998,
      1825.37,
      2469.07,
      2654.72,
      2499.62,
      2504.52,
      2758.68,
      2188.42,
      2078.43,
      2710.84,
      2212.79,
      2400.35,
      2359.35,
      2134.2,
      2497.54,
      2466.2200000000003,
      2333.32,
      2333.4700000000003,
      2307.84,
      2086.23,
      2503.88,
      2252.96,
      1962.54,
      2650.2,
      2535.36,
      2969.5,
      2461.82,
      2976.21,
      2004.4,
      1829.49,
      2238.19,
      2646.5,
      2133.99,
      2598.5,
      1797.17,
      2461.84,
      2221.42,
      2512.54,
      2023.41,
      2248.51,
      2487.82,
      2592.92,
      1966.85,
      2014.56,
      2423.59,
      2438.8,
      2755.74,
      2025.69,
      2082.7200000000003,
      1618.57,
      1769.53,
      1461.22,
      1887.22,
      1709.8799999999999,
      1785.39,
      2072.1,
      2378.54,
      2152.33,
      2236.04,
      2607.43,
      2419.66,
      1771.53,
      2389.03,
      2231.67,
      1702.67,
      2301.13,
      1983.81,
      1594.17,
      2568.3199999999997,
      1850.41,
      1675.05,
      2100.26,
      2166.6
    ],
    "stopping_reason": "max_candidates",
    "operations": {
      "candidate_generation": 400,
      "feasibility_check": 400,
      "weight_evaluation": 400
    }
  }
}