{
  "graph": "graph_n14_d75_adj_matrix",
  "algorithm": "random",
  "result": {
    "graph_name": "graph_n14_d75_adj_matrix",
    "algorithm": "random",
    "best_weight": 2242.75,
    "best_matching": [
      1,
      14,
      20,
      29,
      40,
      48,
      51
    ],
    "runtime": 0.008222403999752714,
    "candidates": 400,
    "improvements": 6,
    "duplicates": 0,
    "infeasible": 0,
    "size_history": {
      "7": 197,
      "6": 170,
      "5": 32,
      "4": 1
    },
    "weight_history": [
      1795.81,
      1340.06,
      1388.76,
      1387.61,
      1865.52,
      1642.6399999999999,
      1449.62,
      1580.21,
      1814.57,
      1951.53,
      1279.7,
      1511.65,
      2053.95,
      1214.8899999999999,
      1663.45,
      1218.58,
      1405.94,
      1551.53,
      1820.75,
      1394.6200000000001,
      1426.92,
      1700.77,
      1497.4199999999998,
      1799.8,
      1087.09,
      1900.78,
      1986.8700000000001,
      1547.71,
      2137.67,
      1263.74,
      1369.58,
      1824.13,
      1861.06,
      1389.1,
      1246.09,
      1306.9,
      1509.7,
      1744.1200000000001,
      1727.49,
      1495.41,
      1513.23,
      1900.53,
      1901.8799999999999,
      1115.93,
      1534.65,
      1219.27,
      1415.26,
      1372.72,
      1638.26,
      1123.59,
      1299.86,
      1129.63,
      1085.87,
      1136.74,
      633.25,
      1489.78,
      1915.52,
      1340.35,
      1413.64,
      1286.68,
      1181.21,
      1678.8899999999999,
      1408.11,
      1674.69,
      1286.32,
      1900.29,
      1887.2,
      1265.08,
      1444.65,
      1387.81,
      1694.86,
      1422.65,
      1920.91,
      2072.24,
      1271.5,
      1304.35,
      1293.11,
      1369.02,
      1095.71,
      1879.6399999999999,
      1315.01,
      1466.78,
      1765.54,
      1526.58,
      1844.3,
      1673.57,
      1628.47,
      1333.68,
      962.1,
      1401.04,
      1166.89,
      1811.8,
      1035.22,
      1630.74,
      909.85,
      1154.04,
      1683.67,
      1366.52,
      1282.41,
      1347.56,
      1721.4499999999998,
      1366.42,
      1027.04,
      1327.54,
      1282.98,
      1273.83,
      911.34,
      1015.87,
      1195.65,
      1537.94,
      1762.33,
      1571.23,
      1481.09,
      1349.6,
      1089.5,
      954.71,
      1102.1200000000001,
      1451.48,
      1515.9199999999998,
      1666.33,
      738.5600000000001,
      1530.79,
      1544.43,
      1443.57,
      1811.44,
      2063.11,
      1080.95,
      1665.57,
      1798.07,
      1361.48,
      1405.74,
      1891.48,
      1127.04,
      1517.48,
      2099.14,
      1876.28,
      1245.68,
      1336.42,
      1909.96,
      1972.1399999999999,
      1453.08,
      1162.71,
      1471.03,
      1764.1299999999999,
      1798.99,
      2033.33,
      1784.96,
      1388.22,
      1180.3700000000001,
      1955.52,
      1006.08,
      1541.21,
      2109.7200000000003,
      2110.94,
      1661.98,
      2242.75,
      1751.25,
      1121.2,
      1334.77,
      1381.19,
      1821.88,
      1298.6699999999998,
      1800.5,
      1910.8600000000001,
      1710.84,
      1239.85,
      1366.56,
      1421.96,
      1516.58,
      1828.24,
      1645.67,
      2173.16,
      1829.3,
      1648.95,
      1808.29,
      1531.44,
      1348.1,
      1379.29,
      1299.1,
      1856.43,
      1872.55,
      1921.44,
      1264.49,
      1438.1200000000001,
      2163.93,
      1463.26,
      1624.28,
      756.5899999999999,
      1862.3,
      1606.3,
      1604.6100000000001,
      1199.67,
      1720.84,
      2099.56,
      1350.44,
      1635.72,
      1688.88,
      1743.97,
      1573.2,
      1611.71,
      1718.02,
      2221.98,
      1524.99,
      1625.0,
      1386.95,
      1385.85,
      1622.18,
      1604.11,
      1818.3899999999999,
      2085.93,
      1647.1200000000001,
      1716.23,
      1834.0,
      1449.26,
      2010.01,
      1386.49,
      1796.65,
      1016.86,
      1318.1,
      1637.36,
      1727.95,
      1246.35,
      1664.74,
      1558.88,
      1716.49,
      1577.4,
      1658.29,
      1339.03,
      1895.3799999999999,
      1509.27,
      1499.1,
      1415.5900000000001,
      1369.03,
      1607.48,
      1380.14,
      1661.84,
      1579.86,
      1156.47,
      1977.5900000000001,
      2178.0299999999997,
      1236.3700000000001,
      945.84,
      1797.53,
      1931.94,
      1549.77,
      1493.18,
      1442.37,
      1176.72,
      1708.76,
      1173.28,
      1671.46,
      1772.07,
      1595.95,
      1631.11,
      2215.74,
      1518.08,
      1798.9,
      1811.6699999999998,
      1834.1399999999999,
      1367.29,
      1500.65,
      1336.32,
      1945.35,
      1930.8799999999999,
      1748.74,
      1787.65,
      1472.98,
      2092.43,
      2009.53,
      1764.72,
      1351.17,
      1101.47,
      1825.78,
      2089.2799999999997,
      1762.35,
      1549.3899999999999,
      1135.0,
      1780.68,
      1897.72,
      1701.06,
      1504.63,
      1104.85,
      1501.28,
      1938.49,
      1717.88,
      1779.04,
      1946.49,
      1791.96,
      987.02,
      1850.19,
      1374.05,
      1709.77,
      1761.09,
      1662.24,
      1713.71,
      1579.58,
      1627.42,
      1579.1399999999999,
      1972.72,
      1652.89,
      2000.01,
      1877.51,
      1600.16,
      1818.76,
      1725.43,
      1878.18,
      1571.9,
      1417.71,
      1597.51,
      2013.13,
      1739.6,
      1603.78,
      2078.92,
      1566.68,
      1890.6,
      1801.6399999999999,
      1677.49,
      1814.12,
      1549.52,
      1127.97,
      1498.54,
      1812.34,
      1546.4,
      2024.5,
      1243.29,
      1494.97,
      1679.43,
      1506.1399999999999,
      1935.03,
      1396.42,
      1584.27,
      1023.39,
      2213.5,
      1766.21,
      1318.83,
      1432.68,
      2110.7400000000002,
      1771.27,
      1712.8799999999999,
      2121.89,
      1694.8400000000001,
      1930.11,
      1769.23,
      1310.35,
      1779.82,
      1095.21,
      1918.54,
      2055.0,
      1986.65,
      2047.15,
      1910.79,
      2162.05,
      1835.23,
      1973.26,
      1441.1399999999999,
      2058.45,
      1905.89,
      1070.42,
      2154.87,
      1693.06,
      1374.4,
      1715.95,
      1726.27,
      1263.82,
      1853.09,
      1414.84,
      1448.57,
      1978.05,
      1731.57,
      1774.42,
      1994.17,
      1714.13,
      2086.82,
      1818.3799999999999,
      1409.8799999999999,
      1732.73,
      1436.15,
      1873.57,
      1215.72,
      1766.19,
      1431.0,
      1817.71,
      1998.85,
      2022.15,
      1501.1499999999999,
      1386.37,
      1474.1100000000001,
      1350.73,
      1687.53,
      1631.06,
      1266.77,
      1392.16,
      1205.28,
      1978.22,
      1636.18,
      1634.79,
      1067.15,
      1953.57,
      1812.33,
      1626.45
    ],
    "stopping_reason": "max_candidates",
    "operations": {
      "candidate_generation": 400,
      "feasibility_check": 400,
      "weight_evaluation": 400
    }
  }
}