{
  "graph": "graph_n18_d75_adj_matrix",
  "algorithm": "random",
  "result": {
    "graph_name": "graph_n18_d75_adj_matrix",
    "algorithm": "random",
    "best_weight": 3192.66,
    "best_matching": [
      7,
      21,
      34,
      41,
      59,
      64,
      71,
      96,
      103
    ],
    "runtime": 0.01261874000010721,
    "candidates": 400,
    "improvements": 6,
    "duplicates": 0,
    "infeasible": 0,
    "size_history": {
      "9": 183,
      "8": 172,
      "7": 34,
      "6": 10,
      "5": 1
    },
    "weight_history": [
      2440.15,
      1939.2,
      2757.73,
      2069.66,
      2225.09,
      2665.33,
      1949.71,
      2258.43,
      2302.17,
      2646.62,
      2282.32,
      1907.04,
      1964.26,
      2336.9900000000002,
      2154.73,
      1845.55,
      2576.66,
      2487.7200000000003,
      2401.21,
      1945.3999999999999,
      2853.08,
      2213.29,
      2348.12,
      2180.71,
      2520.8,
      2333.43,
      2216.13,
      2405.14,
      2654.12,
      2260.92,
      2076.0,
      2086.5,
      1729.61,
      2509.5099999999998,
      2192.86,
      1712.85,
      2555.99,
      2497.66,
      2957.87,
      2105.83,
      1990.56,
      2016.43,
      2350.63,
      2276.0,
      2431.69,
      2541.5299999999997,
      2295.65,
      2356.98,
      2467.59,
      1952.6699999999998,
      2131.2,
      2062.22,
      2317.75,
      2255.0099999999998,
      1856.9,
      1638.69,
      2343.55,
      1660.45,
      1968.1299999999999,
      2142.98,
      1843.61,
      1580.95,
      1760.95,
      2212.15,
      2446.7,
      1920.61,
      2434.4700000000003,
      2390.15,
      1909.77,
      2251.38,
      1660.2,
      2086.39,
      2680.44,
      2389.65,
      2236.98,
      2004.26,
      2167.46,
      1909.5,
      2084.69,
      2587.3,
      2545.35,
      2443.5299999999997,
      2389.36,
      1934.82,
      2594.34,
      2053.75,
      2099.96,
      2494.95,
      1609.9,
      2639.71,
      2250.24,
      2195.68,
      3092.7,
      2639.07,
      2231.52,
      2367.45,
      2425.85,
      3002.73,
      1548.69,
      2423.46,
      2809.03,
      2569.96,
      2949.7599999999998,
      2347.59,
      2455.49,
      2262.05,
      2234.52,
      2334.46,
      2761.29,
      1858.32,
      2596.7400000000002,
      2332.07,
      2702.48,
      2422.06,
      1926.24,
      2910.07,
      2579.73,
      1827.1699999999998,
      2865.49,
      2384.17,
      1797.53,
      1689.35,
      1976.75,
      2410.74,
      2442.23,
      2254.35,
      2254.74,
      2696.53,
      1926.7,
      1741.06,
      1747.11,
      2773.93,
      1514.45,
      2364.4,
      2365.65,
      2119.05,
      2378.68,
      2592.73,
      2008.98,
      1955.53,
      2727.87,
      2009.09,
      2593.87,
      2271.54,
      2927.78,
      2205.5099999999998,
      1955.43,
      2687.94,
      2517.41,
      2254.03,
      2960.58,
      2575.95,
      2561.25,
      2321.72,
      2279.7,
      1544.87,
      1704.31,
      2591.18,
      1934.79,
      2401.64,
      2033.89,
      2606.2799999999997,
      2709.85,
      2806.76,
      2194.54,
      2121.98,
      2014.77,
      2135.21,
      2650.2400000000002,
      2152.48,
      2059.2,
      2113.24,
      2448.71,
      2068.12,
      2534.22,
      1776.0,
      2549.7,
      2521.17,
      2057.35,
      2131.8,
      2178.34,
      1785.05,
      2193.92,
      2015.97,
      2595.7,
      1558.3899999999999,
      1927.27,
      2193.7400000000002,
      1764.84,
      1983.31,
      2076.96,
      2415.85,
      2239.18,
      2452.21,
      1746.04,
      2307.82,
      2300.49,
      2223.88,
      1844.03,
      2482.61,
      2088.97,
      2333.77,
      1853.33,
      2576.37,
      1859.72,
      2136.84,
      2382.44,
      2707.97,
      2181.89,
      1879.7,
      1533.79,
      2337.47,
      1663.02,
      2476.52,
      2669.87,
      2382.42,
      2137.66,
      2286.58,
      2230.7,
      2140.9700000000003,
      2258.68,
      2218.16,
      1840.83,
      2324.81,
      2053.9700000000003,
      1955.91,
      1910.53,
      2766.42,
      2329.95,
      1774.34,
      2569.2799999999997,
      1532.94,
      2462.5099999999998,
      2126.14,
      2489.61,
      2316.55,
      2476.86,
      2606.6,
      2552.42,
      2547.49,
      2398.02,
      2803.29,
      2746.27,
      2904.79,
      2425.36,
      1740.58,
      1905.33,
      2256.57,
      2403.68,
      2033.9199999999998,
      2854.23,
      2379.23,
      2625.3,
      2278.4900000000002,
      2535.5,
      2813.05,
      2650.31,
      2320.68,
      2787.16,
      2369.69,
      1947.3500000000001,
      1881.44,
      2090.19,
      2570.79,
      2244.73,
      2315.94,
      2641.8,
      2033.06,
      2986.84,
      1523.35,
      2201.32,
      1656.39,
      2053.12,
      2412.69,
      2685.96,
      2604.94,
      2087.17,
      2422.49,
      1922.3600000000001,
      2860.56,
      2235.59,
      2779.21,
      2662.06,
      2329.43,
      1943.01,
      2298.92,
      2420.93,
      2115.94,
      2431.96,
      2130.01,
      2560.81,
      2271.75,
      2780.6,
      2387.06,
      1873.78,
      2348.01,
      2197.57,
      2046.52,
      2014.6399999999999,
      2692.97,
      3192.66,
      2225.77,
      2648.66,
      2072.4,
      2552.5499999999997,
      2373.82,
      1957.4,
      2201.12,
      1842.99,
      2143.35,
      2052.76,
      2467.28,
      1718.61,
      2520.01,
      2463.16,
      2322.95,
      2088.2200000000003,
      2253.66,
      2410.85,
      2229.89,
      1541.02,
      1529.29,
      1844.6,
      1488.09,
      1993.92,
      1690.99,
      1683.5,
      1905.07,
      2159.12,
      1881.15,
      1053.74,
      1591.8899999999999,
      1536.9,
      1695.1999999999998,
      1385.2,
      1811.45,
      1010.28,
      1803.35,
      1977.6,
      1667.29,
      1358.1,
      2158.04,
      2019.36,
      2060.28,
      2111.45,
      1628.28,
      1686.36,
      1953.95,
      1528.76,
      1327.25,
      1723.68,
      2077.34,
      2166.9900000000002,
      2591.5,
      2156.65,
      1835.74,
      2435.68,
      2072.59,
      1845.8799999999999,
      1552.36,
      2508.22,
      2376.02,
      1876.85,
      2616.77,
      2099.27,
      2385.98,
      2647.17,
      2316.05,
      2330.74,
      2564.34,
      1872.4199999999998,
      2794.55,
      2529.37,
      1733.11,
      2272.86,
      2583.65,
      2653.59,
      2228.46,
      2402.39,
      1906.06,
      1978.69,
      2747.9,
      1734.59,
      2585.45,
      2179.54,
      2451.06,
      2363.89,
      2845.17,
      1761.04,
      2240.5299999999997,
      2715.8,
      1748.45,
      2541.89,
      1959.38,
      2511.44,
      1867.28,
      2284.38,
      2622.66,
      2672.94,
      2145.5499999999997
    ],
    "stopping_reason": "max_candidates",
    "operations": {
      "candidate_generation": 400,
      "feasibility_check": 400,
      "weight_evaluation": 400
    }
  }
}