{
  "graph": "graph_n20_d75_adj_matrix",
  "algorithm": "local",
  "result": {
    "graph_name": "graph_n20_d75_adj_matrix",
    "algorithm": "local",
    "best_weight": 3487.11,
    "best_matching": [
      2,
      22,
      33,
      53,
      57,
      83,
      90,
      102,
      116,
      140
    ],
    "runtime": 2.0009884989995044,
    "candidates": 261,
    "improvements": 3,
    "duplicates": 264,
    "infeasible": 0,
    "size_history": {
      "10": 214,
      "9": 45,
      "8": 2
    },
    "weight_history": [
      3422.68,
      3221.31,
      3383.73,
      3329.99,
      3272.09,
      3386.04,
      3403.5,
      3227.61,
      3412.11,
      3288.11,
      3271.97,
      3264.98,
      3199.01,
      3260.56,
      3059.9,
      3240.41,
      3270.74,
      3245.72,
      3269.4,
      3245.49,
      3270.14,
      3011.71,
      3355.69,
      3465.74,
      3326.82,
      3436.0,
      3417.83,
      3275.16,
      3380.66,
      3446.63,
      3332.9,
      3321.15,
      3304.68,
      3147.12,
      3376.77,
      3401.29,
      3323.39,
      3420.95,
      3465.06,
      3257.69,
      3286.6099999999997,
      3337.92,
      3326.94,
      3367.01,
      3437.79,
      3385.61,
      3328.05,
      3407.62,
      3278.85,
      3442.49,
      3281.09,
      3280.93,
      3418.6,
      3460.27,
      3261.27,
      3374.74,
      3422.5299999999997,
      3246.99,
      3255.83,
      3407.7799999999997,
      3461.37,
      3277.89,
      3376.7599999999998,
      3140.71,
      3350.57,
      3410.13,
      3487.11,
      3469.35,
      3275.2999999999997,
      3420.29,
      3456.64,
      3234.71,
      3447.97,
      3395.2599999999998,
      3350.92,
      3246.58,
      3410.0299999999997,
      3441.7599999999998,
      3427.16,
      3418.88,
      3386.5699999999997,
      3478.19,
      3427.44,
      3416.62,
      3369.64,
      3412.88,
      3386.12,
      3438.22,
      3236.64,
      3424.31,
      3286.85,
      3452.5299999999997,
      3263.02,
      3430.2599999999998,
      3171.41,
      3295.69,
      3368.6,
      3288.82,
      3219.23,
      3358.18,
      3359.2599999999998,
      3207.98,
      3200.96,
      3131.81,
      3389.5,
      3433.65,
      3395.71,
      3300.87,
      3213.19,
      3220.8,
      3401.72,
      3443.75,
      3201.77,
      3300.79,
      3405.03,
      3251.69,
      3280.29,
      3338.13,
      3243.5899999999997,
      3262.54,
      3304.47,
      3255.0699999999997,
      3260.82,
      3278.6,
      3422.1,
      3233.0499999999997,
      3214.33,
      3392.57,
      3280.21,
      3257.17,
      3397.22,
      3291.95,
      3404.55,
      3349.01,
      3447.06,
      3401.68,
      3229.38,
      3393.43,
      3431.41,
      3400.38,
      3462.86,
      3205.12,
      3323.22,
      3228.5699999999997,
      3336.74,
      3136.98,
      3322.1,
      3217.13,
      3348.3,
      3432.92,
      3271.54,
      3214.74,
      3275.42,
      3195.65,
      3478.27,
      3473.9,
      3261.5499999999997,
      3436.55,
      3471.7,
      3263.2,
      3314.2999999999997,
      3418.87,
      3318.02,
      3314.38,
      3309.86,
      3456.81,
      3288.99,
      3279.2999999999997,
      3330.3,
      3404.04,
      3321.28,
      3289.81,
      3383.95,
      3202.0,
      3371.71,
      3342.33,
      3286.85,
      3402.01,
      3156.54,
      3338.91,
      3350.9,
      3440.25,
      3373.3199999999997,
      3341.87,
      3200.25,
      3344.21,
      3180.0299999999997,
      3372.05,
      3297.0,
      3183.94,
      3387.82,
      3266.0099999999998,
      3215.2599999999998,
      3396.12,
      3391.5099999999998,
      3379.5699999999997,
      3409.99,
      3413.23,
      3369.17,
      3216.55,
      3307.6,
      3231.2999999999997,
      3331.7999999999997,
      3244.87,
      3451.43,
      3455.41,
      3430.94,
      3309.95,
      3384.01,
      3340.66,
      3417.05,
      3330.07,
      3252.75,
      3392.05,
      3386.26,
      3386.49,
      3147.62,
      3230.93,
      3410.85,
      3454.0099999999998,
      3216.46,
      3339.87,
      3346.98,
      3254.06,
      3441.66,
      3154.49,
      3429.13,
      3341.1499999999996,
      3318.56,
      3253.97,
      3216.8,
      3262.9,
      3339.78,
      3414.93,
      3270.5499999999997,
      3303.43,
      3303.92,
      3286.74,
      3192.87,
      3172.0,
      3403.79,
      3228.48,
      3319.35,
      3279.02,
      3323.4,
      3293.8,
      3462.85,
      3346.1,
      3063.7400000000002,
      3198.7,
      3431.37,
      3343.26,
      3335.7799999999997,
      3459.7799999999997,
      3188.58,
      3259.9900000000002,
      3453.63,
      3225.82,
      3200.74,
      3468.62,
      3444.58
    ],
    "stopping_reason": "time_limit",
    "operations": {
      "candidate_generation": 525,
      "feasibility_check": 261,
      "weight_evaluation": 261
    }
  }
}