{
  "graph": "graph_n13_d50_adj_matrix",
  "algorithm": "greedy",
  "result": {
    "graph_name": "graph_n13_d50_adj_matrix",
    "algorithm": "greedy",
    "best_weight": 2128.93,
    "best_matching": [
      5,
      12,
      14,
      20,
      29,
      37
    ],
    "runtime": 2.0000350439986505,
    "candidates": 29,
    "improvements": 2,
    "duplicates": 141796,
    "infeasible": 0,
    "size_history": {
      "6": 14,
      "5": 13,
      "4": 2
    },
    "weight_history": [
      2109.81,
      2073.47,
      2128.93,
      1884.44,
      2092.59,
      1892.75,
      2022.3700000000001,
      1873.38,
      2072.37,
      2020.48,
      2067.05,
      1918.06,
      1891.62,
      1898.94,
      1681.88,
      1883.31,
      1910.74,
      1857.75,
      1861.5,
      1854.18,
      1902.43,
      1699.87,
      2046.04,
      2001.06,
      2036.03,
      2034.93,
      2026.62,
      2010.49,
      1890.03
    ],
    "stopping_reason": "time_limit",
    "operations": {
      "candidate_generation": 141825,
      "feasibility_check": 29,
      "weight_evaluation": 29
    }
  }
}