{
  "graph": "graph_n19_d25_adj_matrix",
  "algorithm": "local",
  "result": {
    "graph_name": "graph_n19_d25_adj_matrix",
    "algorithm": "local",
    "best_weight": 2769.23,
    "best_matching": [
      0,
      9,
      12,
      16,
      18,
      19,
      23,
      38,
      40
    ],
    "runtime": 2.002593186998638,
    "candidates": 149,
    "improvements": 3,
    "duplicates": 442,
    "infeasible": 0,
    "size_history": {
      "9": 37,
      "8": 48,
      "7": 41,
      "6": 21,
      "5": 2
    },
    "weight_history": [
      2738.33,
      2634.6,
      2554.86,
      2627.6,
      2523.27,
      2505.42,
      2530.8,
      2630.81,
      2700.75,
      2678.11,
      2456.02,
      2765.51,
      2559.7,
      2677.1,
      2504.84,
      2736.94,
      2646.87,
      2542.75,
      2647.41,
      2576.09,
      2697.12,
      2629.02,
      2728.02,
      2487.23,
      2680.57,
      2646.2,
      2663.65,
      2475.51,
      2600.75,
      2647.1,
      2769.23,
      2613.35,
      2565.52,
      2593.17,
      2506.63,
      2715.0,
      2556.78,
      2436.1,
      2515.57,
      2501.54,
      2419.9,
      2451.68,
      2545.08,
      2457.61,
      2421.4900000000002,
      2297.31,
      2470.58,
      2342.73,
      2466.91,
      2308.4700000000003,
      2352.17,
      2344.52,
      2313.4,
      2484.76,
      2397.59,
      2259.38,
      1924.4,
      2190.06,
      2254.46,
      2171.99,
      2161.26,
      2171.45,
      2303.55,
      2516.0,
      2100.69,
      2277.23,
      2313.98,
      2465.49,
      2468.7,
      2371.62,
      2508.89,
      2282.16,
      2390.59,
      2416.57,
      2465.66,
      2304.23,
      2343.16,
      2311.66,
      2476.09,
      2560.01,
      2444.61,
      2555.88,
      2561.7,
      2598.12,
      2647.21,
      2513.82,
      2554.51,
      2544.8,
      2381.55,
      2327.81,
      2439.34,
      2475.39,
      2426.77,
      2408.44,
      2387.24,
      2339.02,
      2333.56,
      2450.36,
      2163.05,
      2135.2000000000003,
      2142.12,
      2272.31,
      2173.2400000000002,
      2105.87,
      2131.93,
      1953.73,
      2134.19,
      2159.17,
      2110.88,
      2160.42,
      2439.68,
      2335.35,
      2596.7,
      2392.16,
      2415.15,
      2394.67,
      2310.06,
      2344.59,
      2325.16,
      2358.38,
      2304.25,
      2515.75,
      2444.86,
      2531.85,
      2599.69,
      2459.79,
      2716.42,
      2582.45,
      2523.61,
      2474.64,
      2515.89,
      2463.58,
      2683.84,
      2489.59,
      2597.82,
      2545.19,
      2513.02,
      2718.21,
      2666.93,
      2714.7400000000002,
      2695.37,
      2510.42,
      2734.27,
      2726.27,
      2579.77,
      2706.04,
      2562.93,
      2599.05,
      2557.98
    ],
    "stopping_reason": "time_limit",
    "operations": {
      "candidate_generation": 591,
      "feasibility_check": 149,
      "weight_evaluation": 149
    }
  }
}