{
  "graph": "graph_n17_d25_adj_matrix",
  "algorithm": "greedy",
  "result": {
    "graph_name": "graph_n17_d25_adj_matrix",
    "algorithm": "greedy",
    "best_weight": 2327.69,
    "best_matching": [
      0,
      7,
      10,
      11,
      18,
      22,
      25,
      29
    ],
    "runtime": 2.0000154600002134,
    "candidates": 33,
    "improvements": 6,
    "duplicates": 154735,
    "infeasible": 0,
    "size_history": {
      "7": 13,
      "6": 1,
      "8": 19
    },
    "weight_history": [
      2160.66,
      2210.48,
      2173.25,
      2222.31,
      2197.89,
      2263.36,
      2236.52,
      2110.18,
      2155.05,
      2266.82,
      2245.79,
      2227.19,
      2264.42,
      2221.58,
      2201.35,
      2327.69,
      2320.7599999999998,
      2317.3,
      2258.81,
      2272.24,
      2290.46,
      2273.75,
      2276.25,
      2322.08,
      2315.15,
      2284.85,
      2192.2799999999997,
      2299.73,
      2311.69,
      2266.63,
      2270.64,
      2294.12,
      2245.4
    ],
    "stopping_reason": "time_limit",
    "operations": {
      "candidate_generation": 154768,
      "feasibility_check": 33,
      "weight_evaluation": 33
    }
  }
}