{
  "graph": "graph_n13_d50_adj_matrix",
  "algorithm": "random",
  "result": {
    "graph_name": "graph_n13_d50_adj_matrix",
    "algorithm": "random",
    "best_weight": 2083.18,
    "best_matching": [
      0,
      12,
      14,
      20,
      21,
      38
    ],
    "runtime": 2.0000421660006396,
    "candidates": 192,
    "improvements": 6,
    "duplicates": 172785,
    "infeasible": 0,
    "size_history": {
      "6": 75,
      "5": 44,
      "4": 14,
      "3": 9,
      "2": 11,
      "1": 39
    },
    "weight_history": [
      1820.18,
      1612.2,
      1517.3700000000001,
      1311.15,
      528.33,
      1319.28,
      1536.3500000000001,
      1663.0,
      590.23,
      1510.05,
      1828.22,
      1818.09,
      1230.15,
      1872.95,
      1183.42,
      1890.95,
      1922.26,
      1396.8400000000001,
      1220.57,
      1758.0,
      1754.1,
      1353.1,
      1320.52,
      1775.28,
      1328.62,
      1080.3799999999999,
      1432.08,
      1518.47,
      1293.1,
      1590.83,
      1161.81,
      1834.39,
      1232.28,
      1478.93,
      1343.52,
      1068.84,
      1638.27,
      1394.17,
      2083.18,
      1680.75,
      1530.08,
      1457.05,
      1625.6299999999999,
      1522.88,
      1584.6299999999999,
      1746.6100000000001,
      1496.13,
      1318.95,
      1370.91,
      1657.17,
      1206.18,
      1400.35,
      1579.44,
      1877.47,
      1302.29,
      1531.71,
      1781.32,
      1832.53,
      1279.89,
      930.49,
      1603.6,
      1408.75,
      1695.1,
      1239.48,
      1747.79,
      1535.1399999999999,
      1558.22,
      1824.18,
      1461.44,
      1712.05,
      1575.8899999999999,
      1464.22,
      1336.87,
      1127.73,
      1442.44,
      2034.93,
      1215.2,
      1273.38,
      1254.46,
      1203.35,
      1764.09,
      1889.49,
      1459.19,
      1482.6100000000001,
      1638.75,
      1213.61,
      1435.31,
      1809.49,
      1668.1,
      1787.9299999999998,
      870.95,
      1559.74,
      1341.67,
      1682.76,
      1822.59,
      1689.16,
      1463.3700000000001,
      1749.27,
      1561.49,
      1274.86,
      1593.6100000000001,
      1756.32,
      1071.92,
      1502.52,
      1506.23,
      1898.5,
      1599.89,
      1829.22,
      967.17,
      1852.26,
      1141.81,
      1097.74,
      1517.84,
      1242.2,
      1353.25,
      952.0400000000001,
      1512.21,
      1287.52,
      1664.5,
      1384.53,
      1306.42,
      834.93,
      1218.89,
      1129.73,
      939.8399999999999,
      1312.04,
      1249.98,
      596.6099999999999,
      1262.59,
      1268.8600000000001,
      871.15,
      1160.1699999999998,
      795.87,
      1130.37,
      525.9,
      831.25,
      1002.0500000000001,
      379.90999999999997,
      820.6899999999999,
      960.25,
      828.71,
      938.13,
      560.03,
      572.84,
      423.99,
      747.28,
      746.77,
      28.84,
      721.5799999999999,
      588.72,
      630.81,
      148.72,
      697.25,
      490.74,
      305.79,
      406.5,
      207.8,
      323.29,
      48.66,
      419.94,
      409.02,
      360.76,
      312.36,
      164.62,
      419.69,
      445.15,
      239.58,
      326.83,
      111.63,
      162.73,
      210.87,
      289.7,
      456.44,
      107.0,
      198.6,
      299.02,
      225.4,
      218.19,
      260.74,
      265.34,
      190.16,
      197.27,
      105.55,
      212.08,
      265.14,
      212.81,
      202.56,
      295.55,
      263.97,
      119.88,
      433.28,
      539.48
    ],
    "stopping_reason": "time_limit",
    "operations": {
      "candidate_generation": 172977,
      "feasibility_check": 192,
      "weight_evaluation": 192
    }
  }
}