{
  "graph": "graph_n9_d50_adj_matrix",
  "algorithm": "random",
  "result": {
    "graph_name": "graph_n9_d50_adj_matrix",
    "algorithm": "random",
    "best_weight": 1143.0,
    "best_matching": [
      4,
      7,
      10,
      14
    ],
    "runtime": 2.000038090000089,
    "candidates": 137,
    "improvements": 4,
    "duplicates": 216999,
    "infeasible": 0,
    "size_history": {
      "3": 46,
      "4": 56,
      "2": 23,
      "1": 12
    },
    "weight_history": [
      815.9,
      729.83,
      551.0,
      687.1700000000001,
      753.8199999999999,
      658.02,
      716.0,
      910.41,
      787.98,
      1029.52,
      999.9,
      583.69,
      663.06,
      716.85,
      682.1,
      574.51,
      889.22,
      952.6,
      496.14000000000004,
      624.13,
      694.98,
      529.47,
      742.38,
      1143.0,
      831.37,
      924.09,
      865.26,
      901.4599999999999,
      902.2,
      1008.54,
      944.4300000000001,
      817.23,
      754.02,
      296.33,
      798.6800000000001,
      519.52,
      592.08,
      729.9499999999999,
      784.19,
      815.04,
      758.18,
      729.38,
      298.11,
      474.85999999999996,
      519.97,
      490.65999999999997,
      549.12,
      266.06,
      658.03,
      90.02,
      550.9399999999999,
      387.95000000000005,
      479.84999999999997,
      560.3199999999999,
      489.02000000000004,
      279.16,
      129.39,
      230.08,
      119.1,
      286.43,
      431.84,
      58.82,
      341.88,
      193.5,
      76.92,
      350.46,
      408.55,
      339.25,
      609.3299999999999,
      403.36,
      697.96,
      385.33000000000004,
      219.40999999999997,
      418.8,
      356.08000000000004,
      460.98,
      479.93,
      687.77,
      888.49,
      782.36,
      746.0,
      508.82,
      806.28,
      593.91,
      1050.25,
      643.53,
      788.9399999999999,
      668.22,
      917.25,
      937.1899999999999,
      683.93,
      575.49,
      817.9200000000001,
      1027.03,
      949.18,
      1058.77,
      989.1700000000001,
      787.42,
      672.6800000000001,
      850.77,
      1121.55,
      936.62,
      716.06,
      966.93,
      895.01,
      688.9699999999999,
      845.86,
      898.3,
      758.24,
      937.07,
      856.3,
      664.53,
      927.98,
      965.41,
      824.59,
      1080.4099999999999,
      988.26,
      996.18,
      957.6,
      749.9200000000001,
      1030.79,
      875.99,
      744.6,
      1070.47,
      851.12,
      917.31,
      785.0,
      761.78,
      499.29999999999995,
      925.0600000000001,
      534.17,
      999.78,
      788.69,
      841.12,
      1078.8899999999999,
      830.9000000000001,
      830.39
    ],
    "stopping_reason": "time_limit",
    "operations": {
      "candidate_generation": 217136,
      "feasibility_check": 137,
      "weight_evaluation": 137
    }
  }
}