{
  "graph": "graph_n14_d50_adj_matrix",
  "algorithm": "random",
  "result": {
    "graph_name": "graph_n14_d50_adj_matrix",
    "algorithm": "random",
    "best_weight": 2412.81,
    "best_matching": [
      4,
      10,
      12,
      27,
      29,
      32,
      39
    ],
    "runtime": 0.008498208000673912,
    "candidates": 400,
    "improvements": 7,
    "duplicates": 11,
    "infeasible": 0,
    "size_history": {
      "6": 273,
      "5": 13,
      "7": 114
    },
    "weight_history": [
      1464.48,
      1616.94,
      2114.62,
      1384.14,
      1623.52,
      1904.46,
      1501.84,
      1596.95,
      1613.96,
      1770.02,
      1683.9,
      2040.97,
      1643.18,
      1433.42,
      2182.79,
      1493.6,
      1452.79,
      1742.9299999999998,
      1507.15,
      1689.03,
      1577.21,
      1814.21,
      1797.98,
      1566.6100000000001,
      1751.87,
      1846.77,
      1886.79,
      1594.92,
      1627.68,
      1878.99,
      1563.02,
      1837.58,
      1938.14,
      1953.27,
      1658.88,
      1662.8700000000001,
      1859.77,
      1877.79,
      1924.26,
      1886.12,
      1863.69,
      1806.82,
      2104.96,
      1594.71,
      1917.62,
      1793.81,
      1757.1200000000001,
      2294.4900000000002,
      1226.37,
      1883.8600000000001,
      1718.69,
      1572.18,
      2083.7000000000003,
      1593.74,
      1258.71,
      1508.78,
      2186.9900000000002,
      1698.42,
      1537.6799999999998,
      1919.07,
      1633.57,
      1566.81,
      1335.1,
      1923.46,
      2039.15,
      1710.26,
      1610.23,
      1720.0900000000001,
      1819.67,
      1976.08,
      1930.31,
      1863.79,
      1751.1399999999999,
      1812.0,
      1656.46,
      1778.77,
      1578.45,
      1792.7,
      1612.28,
      2187.25,
      2140.77,
      1731.47,
      1687.13,
      1439.48,
      1889.27,
      1399.22,
      1646.1100000000001,
      2079.72,
      2108.37,
      1871.1399999999999,
      1554.88,
      1999.5,
      1823.92,
      1474.05,
      1707.82,
      1829.53,
      1962.48,
      2053.73,
      1943.27,
      1545.31,
      1479.96,
      1941.26,
      1345.2,
      1751.6599999999999,
      1434.41,
      1479.32,
      2248.84,
      1610.14,
      2148.33,
      1753.1299999999999,
      2155.15,
      1339.88,
      1957.2,
      1366.16,
      2154.2799999999997,
      1960.72,
      1585.1299999999999,
      1438.01,
      1744.9,
      1603.42,
      1728.55,
      2099.42,
      1755.8,
      1815.16,
      1920.92,
      1798.13,
      1717.27,
      1432.37,
      1793.02,
      2168.61,
      1428.91,
      1794.3600000000001,
      1552.22,
      2039.46,
      1863.03,
      2092.65,
      1739.38,
      1933.88,
      1461.78,
      1722.08,
      1969.2,
      1617.07,
      1409.93,
      1641.4,
      2071.9,
      1410.81,
      1866.07,
      1643.65,
      1593.98,
      1693.57,
      1821.47,
      1503.71,
      1656.13,
      1970.82,
      1886.1799999999998,
      2411.17,
      2160.8,
      1940.0,
      1526.66,
      2008.88,
      1861.48,
      1672.46,
      2226.01,
      1783.3400000000001,
      1670.1299999999999,
      1512.79,
      1821.42,
      1591.67,
      2057.55,
      1756.1899999999998,
      1698.37,
      1062.18,
      1322.53,
      2120.46,
      1668.3,
      1910.48,
      1890.49,
      1800.42,
      2026.61,
      1825.27,
      1970.12,
      1790.51,
      2196.81,
      1370.94,
      1852.29,
      1906.56,
      1832.4299999999998,
      2096.81,
      2069.12,
      1712.7,
      1482.41,
      1415.54,
      1536.7,
      1602.23,
      1148.33,
      1650.48,
      1951.52,
      1364.57,
      2039.76,
      1504.9,
      1759.3799999999999,
      1787.81,
      2028.45,
      1794.36,
      1558.43,
      1591.58,
      1580.9,
      1902.58,
      1666.24,
      1849.82,
      2103.55,
      1824.15,
      2009.2,
      1548.67,
      1774.22,
      1850.31,
      1908.57,
      1853.04,
      1717.21,
      1644.81,
      1895.97,
      1951.17,
      1852.91,
      1497.42,
      1791.02,
      2046.67,
      1812.5,
      2159.41,
      1637.99,
      1723.61,
      1691.8899999999999,
      2001.47,
      1479.01,
      1802.5,
      1582.27,
      1833.6200000000001,
      1651.0900000000001,
      2009.82,
      2022.46,
      1575.06,
      1774.96,
      1638.17,
      1640.29,
      1650.21,
      2412.81,
      2057.17,
      1773.46,
      1785.8600000000001,
      2347.58,
      1952.74,
      1397.97,
      1727.39,
      1695.95,
      1768.88,
      1434.46,
      1700.66,
      1723.48,
      1579.1399999999999,
      2130.28,
      1572.1399999999999,
      1602.44,
      1468.45,
      1720.69,
      1818.06,
      1731.64,
      1611.46,
      1919.09,
      1566.43,
      1870.52,
      1817.3500000000001,
      1826.6399999999999,
      1829.46,
      1647.42,
      1620.98,
      1795.07,
      1614.43,
      1287.72,
      1669.16,
      2088.68,
      1610.49,
      1232.17,
      2042.65,
      1799.79,
      1669.72,
      1990.1100000000001,
      1557.49,
      1919.86,
      1821.08,
      1879.78,
      1666.52,
      1940.1399999999999,
      1741.6799999999998,
      1618.97,
      1565.17,
      1823.85,
      1585.02,
      1613.2,
      1475.36,
      1771.44,
      1863.44,
      1903.13,
      1867.94,
      1718.8,
      1880.71,
      1872.49,
      1727.65,
      1407.83,
      1914.52,
      2062.91,
      1861.25,
      1373.6200000000001,
      1693.8899999999999,
      1675.9099999999999,
      1563.53,
      1815.35,
      1716.42,
      2214.54,
      1684.48,
      1290.04,
      1625.4,
      1931.31,
      1739.4,
      1662.1399999999999,
      1745.27,
      1682.64,
      1587.22,
      1731.6399999999999,
      1934.64,
      1893.42,
      1594.72,
      1601.52,
      1851.0,
      1597.63,
      1369.53,
      1860.4499999999998,
      1612.46,
      1705.56,
      1617.14,
      1660.68,
      1720.8,
      1670.03,
      1740.27,
      1830.62,
      1584.05,
      2087.92,
      2215.57,
      1696.64,
      2114.7599999999998,
      2332.9,
      1658.71,
      1833.49,
      2020.92,
      1598.92,
      1771.5,
      1943.45,
      1774.6,
      1788.6,
      1859.8799999999999,
      1427.12,
      1446.51,
      1598.19,
      1675.95,
      1925.9299999999998,
      1573.9,
      1972.47,
      1696.89,
      2076.65,
      1362.94,
      1985.08,
      1780.81,
      1742.74,
      1535.04,
      1266.1299999999999,
      1951.45,
      1565.49,
      1916.65,
      1776.05,
      2028.71,
      1786.25,
      1312.83,
      1776.77,
      1567.56,
      1837.93,
      2215.36,
      1816.91,
      1545.1399999999999,
      1774.62,
      1860.02,
      1593.36,
      1804.5700000000002,
      1688.11,
      1902.26,
      1589.41,
      1612.55,
      1981.26,
      1347.26,
      2016.88,
      1811.42,
      1766.74,
      1614.25
    ],
    "stopping_reason": "max_candidates",
    "operations": {
      "candidate_generation": 411,
      "feasibility_check": 400,
      "weight_evaluation": 400
    }
  }
}