{
  "graph": "graph_n12_d25_adj_matrix",
  "algorithm": "random",
  "result": {
    "graph_name": "graph_n12_d25_adj_matrix",
    "algorithm": "random",
    "best_weight": 1597.49,
    "best_matching": [
      1,
      5,
      7,
      8,
      10
    ],
    "runtime": 2.0000368649998563,
    "candidates": 69,
    "improvements": 5,
    "duplicates": 224632,
    "infeasible": 0,
    "size_history": {
      "5": 26,
      "4": 43
    },
    "weight_history": [
      1357.71,
      1435.06,
      1389.02,
      1419.9099999999999,
      1418.34,
      1222.8,
      1162.73,
      1100.72,
      1434.73,
      1113.23,
      1543.89,
      1414.08,
      1251.32,
      1471.94,
      1198.0,
      870.42,
      1085.38,
      1257.14,
      1296.64,
      1288.53,
      1114.07,
      1174.3,
      1292.54,
      1142.59,
      1386.95,
      1064.6100000000001,
      1037.6,
      901.97,
      963.02,
      1110.53,
      1495.27,
      1582.24,
      1572.43,
      1079.84,
      1033.64,
      1304.1100000000001,
      1252.32,
      973.47,
      1179.8,
      1325.16,
      1394.01,
      973.01,
      980.76,
      1147.57,
      1365.46,
      1031.78,
      804.69,
      1381.13,
      1564.87,
      833.21,
      1277.38,
      873.45,
      1093.13,
      1528.64,
      1056.8600000000001,
      1141.75,
      1271.56,
      1134.21,
      1597.49,
      1518.83,
      1309.61,
      1406.21,
      1000.23,
      907.79,
      1290.1,
      1272.4,
      980.72,
      1398.83,
      1222.94
    ],
    "stopping_reason": "time_limit",
    "operations": {
      "candidate_generation": 224701,
      "feasibility_check": 69,
      "weight_evaluation": 69
    }
  }
}