{
  "graph": "graph_n19_d50_adj_matrix",
  "algorithm": "local",
  "result": {
    "graph_name": "graph_n19_d50_adj_matrix",
    "algorithm": "local",
    "best_weight": 2851.19,
    "best_matching": [
      6,
      19,
      31,
      33,
      45,
      49,
      61,
      68,
      70
    ],
    "runtime": 2.0013074670005153,
    "candidates": 320,
    "improvements": 8,
    "duplicates": 288,
    "infeasible": 0,
    "size_history": {
      "9": 262,
      "8": 55,
      "7": 3
    },
    "weight_history": [
      2680.07,
      2568.6,
      2656.79,
      2729.4,
      2739.84,
      2698.95,
      2745.42,
      2832.79,
      2646.83,
      2706.12,
      2596.95,
      2654.39,
      2613.46,
      2581.02,
      2589.89,
      2636.77,
      2629.23,
      2640.8,
      2651.93,
      2540.01,
      2682.9,
      2545.79,
      2642.91,
      2738.82,
      2620.04,
      2701.5,
      2734.95,
      2758.21,
      2713.65,
      2768.65,
      2767.5299999999997,
      2618.96,
      2740.8,
      2707.33,
      2825.28,
      2687.38,
      2611.85,
      2681.03,
      2761.09,
      2738.93,
      2739.89,
      2685.16,
      2614.75,
      2625.02,
      2750.9700000000003,
      2716.0299999999997,
      2638.78,
      2718.66,
      2696.68,
      2736.89,
      2631.62,
      2680.99,
      2740.52,
      2731.5,
      2763.86,
      2747.33,
      2700.65,
      2697.24,
      2705.4900000000002,
      2757.88,
      2729.61,
      2575.56,
      2697.64,
      2681.44,
      2688.4700000000003,
      2716.9,
      2657.2200000000003,
      2709.67,
      2752.83,
      2769.25,
      2662.11,
      2714.65,
      2669.84,
      2820.36,
      2727.68,
      2627.06,
      2672.94,
      2677.96,
      2617.09,
      2730.77,
      2784.66,
      2606.47,
      2675.21,
      2530.2200000000003,
      2785.05,
      2570.73,
      2642.64,
      2604.88,
      2706.23,
      2577.8,
      2757.67,
      2713.26,
      2767.3,
      2635.56,
      2538.09,
      2585.48,
      2605.93,
      2558.46,
      2753.6,
      2636.61,
      2667.08,
      2678.71,
      2711.17,
      2663.46,
      2703.09,
      2691.7400000000002,
      2684.09,
      2683.28,
      2654.82,
      2537.6,
      2655.23,
      2658.49,
      2758.42,
      2664.89,
      2757.28,
      2794.71,
      2553.72,
      2614.46,
      2656.13,
      2677.96,
      2670.69,
      2705.64,
      2724.53,
      2597.86,
      2691.24,
      2784.43,
      2791.1,
      2602.43,
      2673.9,
      2735.61,
      2717.21,
      2802.2,
      2625.54,
      2733.55,
      2604.13,
      2712.97,
      2844.82,
      2693.06,
      2584.7,
      2686.44,
      2549.83,
      2699.5099999999998,
      2769.79,
      2728.7,
      2750.5,
      2757.01,
      2846.05,
      2701.79,
      2712.08,
      2627.68,
      2643.6,
      2628.6,
      2823.65,
      2769.99,
      2528.12,
      2603.33,
      2581.78,
      2683.2,
      2563.77,
      2612.37,
      2681.99,
      2532.32,
      2631.0699999999997,
      2623.13,
      2641.79,
      2751.2999999999997,
      2613.9,
      2819.99,
      2664.54,
      2774.78,
      2559.0,
      2723.0299999999997,
      2716.19,
      2578.94,
      2657.13,
      2696.55,
      2579.75,
      2502.04,
      2587.6,
      2634.3,
      2618.45,
      2449.41,
      2446.01,
      2546.46,
      2561.5,
      2574.78,
      2648.82,
      2694.0699999999997,
      2665.41,
      2680.51,
      2675.09,
      2608.69,
      2612.12,
      2711.13,
      2766.68,
      2532.26,
      2568.6,
      2605.54,
      2676.54,
      2787.13,
      2549.32,
      2636.6,
      2712.18,
      2670.83,
      2657.9,
      2574.67,
      2552.4,
      2621.47,
      2749.28,
      2629.0,
      2614.92,
      2768.18,
      2669.31,
      2659.4,
      2698.43,
      2706.83,
      2793.2599999999998,
      2735.9700000000003,
      2818.82,
      2603.46,
      2660.2200000000003,
      2573.66,
      2715.96,
      2604.57,
      2630.12,
      2707.71,
      2600.5699999999997,
      2714.92,
      2690.7799999999997,
      2633.68,
      2702.71,
      2647.42,
      2822.51,
      2647.22,
      2769.61,
      2624.83,
      2660.8,
      2714.53,
      2713.59,
      2655.38,
      2829.39,
      2729.76,
      2745.05,
      2692.58,
      2792.82,
      2722.36,
      2706.29,
      2699.16,
      2816.14,
      2680.35,
      2714.91,
      2778.29,
      2784.97,
      2665.16,
      2727.45,
      2684.73,
      2681.18,
      2835.8,
      2617.87,
      2667.7400000000002,
      2688.95,
      2813.55,
      2703.53,
      2596.71,
      2687.7599999999998,
      2614.43,
      2795.86,
      2662.21,
      2803.58,
      2647.79,
      2591.07,
      2748.4,
      2673.23,
      2574.95,
      2795.7400000000002,
      2598.06,
      2758.59,
      2656.44,
      2645.17,
      2626.0099999999998,
      2671.76,
      2625.69,
      2704.1,
      2768.34,
      2676.02,
      2691.35,
      2769.27,
      2694.87,
      2759.36,
      2521.44,
      2747.9,
      2663.96,
      2675.39,
      2488.7,
      2739.07,
      2597.85,
      2829.58,
      2649.05,
      2665.82,
      2676.7,
      2680.11,
      2627.43,
      2634.96,
      2757.4,
      2656.11,
      2673.94,
      2716.2599999999998,
      2726.06,
      2720.05,
      2768.11,
      2746.92,
      2656.18,
      2821.4900000000002,
      2570.4900000000002,
      2658.7400000000002,
      2714.1,
      2753.6,
      2851.19,
      2698.5,
      2607.54
    ],
    "stopping_reason": "time_limit",
    "operations": {
      "candidate_generation": 608,
      "feasibility_check": 320,
      "weight_evaluation": 320
    }
  }
}