{
  "graph": "graph_n10_d75_adj_matrix",
  "algorithm": "greedy",
  "result": {
    "graph_name": "graph_n10_d75_adj_matrix",
    "algorithm": "greedy",
    "best_weight": 1796.44,
    "best_matching": [
      0,
      14,
      16,
      22,
      29
    ],
    "runtime": 2.000027530000807,
    "candidates": 48,
    "improvements": 5,
    "duplicates": 200934,
    "infeasible": 0,
    "size_history": {
      "5": 9,
      "4": 12,
      "3": 11,
      "2": 10,
      "1": 6
    },
    "weight_history": [
      1733.79,
      1754.31,
      1749.47,
      1775.43,
      1730.08,
      1776.56,
      1637.1,
      1534.67,
      1796.44,
      1425.29,
      1791.6,
      1521.35,
      1558.9,
      1581.15,
      1580.02,
      1554.06,
      1538.38,
      1526.19,
      1463.94,
      1485.1599999999999,
      1441.69,
      1218.34,
      1233.78,
      1228.94,
      1199.88,
      1177.63,
      1200.6,
      1214.9099999999999,
      847.6700000000001,
      1211.2,
      1172.79,
      1176.7,
      1198.75,
      853.23,
      852.51,
      471.96,
      829.9300000000001,
      826.39,
      833.64,
      836.99,
      825.6700000000001,
      837.0699999999999,
      455.72,
      819.3299999999999,
      445.12,
      391.95,
      380.55,
      381.27
    ],
    "stopping_reason": "time_limit",
    "operations": {
      "candidate_generation": 200982,
      "feasibility_check": 48,
      "weight_evaluation": 48
    }
  }
}