{
  "graph": "graph_n20_d25_adj_matrix",
  "algorithm": "local",
  "result": {
    "graph_name": "graph_n20_d25_adj_matrix",
    "algorithm": "local",
    "best_weight": 3165.63,
    "best_matching": [
      5,
      10,
      12,
      15,
      17,
      21,
      26,
      32,
      40,
      41
    ],
    "runtime": 2.0010105450000992,
    "candidates": 134,
    "improvements": 4,
    "duplicates": 530,
    "infeasible": 0,
    "size_history": {
      "9": 104,
      "8": 18,
      "10": 12
    },
    "weight_history": [
      2978.62,
      2917.55,
      2868.52,
      2971.54,
      2899.86,
      2907.44,
      2787.46,
      2875.35,
      2838.72,
      3028.42,
      2819.42,
      2989.5,
      2905.0,
      2872.66,
      2889.28,
      2759.33,
      2797.23,
      2844.34,
      3111.61,
      2804.17,
      2797.43,
      2762.54,
      2776.6,
      2783.61,
      2905.95,
      3044.65,
      2831.43,
      2769.49,
      2981.55,
      2854.11,
      2936.09,
      2850.56,
      2991.32,
      2853.17,
      2979.73,
      2887.25,
      2964.07,
      2914.27,
      3065.58,
      2886.29,
      2846.26,
      2907.39,
      2807.14,
      2882.65,
      2816.21,
      2808.08,
      2770.18,
      2849.77,
      2751.2000000000003,
      2811.18,
      2723.46,
      2798.31,
      2805.9,
      2766.58,
      2851.93,
      2821.87,
      2969.52,
      3003.63,
      2945.29,
      2963.58,
      2903.79,
      2778.04,
      2879.69,
      2887.14,
      2954.81,
      2867.66,
      2990.63,
      2925.15,
      2891.72,
      2872.14,
      2807.7,
      2826.13,
      2941.39,
      2774.05,
      2901.82,
      2990.13,
      3001.23,
      2811.64,
      2959.21,
      2914.1,
      2811.33,
      3165.63,
      2813.52,
      2951.6,
      2907.61,
      2935.52,
      2864.0,
      2890.46,
      2956.63,
      2788.06,
      2882.85,
      2933.25,
      3073.3,
      2879.21,
      2831.64,
      2836.87,
      2779.29,
      2725.17,
      2849.37,
      2877.87,
      2793.93,
      2843.09,
      2869.51,
      2836.82,
      2795.61,
      2803.9,
      2821.1,
      2840.7799999999997,
      2896.45,
      2842.6,
      2816.68,
      2876.9,
      2869.15,
      2915.38,
      2777.88,
      2961.76,
      2885.4500000000003,
      2873.69,
      2913.52,
      2911.59,
      2811.55,
      2857.64,
      2796.02,
      2845.46,
      2788.55,
      2953.42,
      2823.91,
      2939.2799999999997,
      2905.17,
      2806.87,
      2807.79,
      2779.86,
      2907.19,
      2848.65
    ],
    "stopping_reason": "time_limit",
    "operations": {
      "candidate_generation": 664,
      "feasibility_check": 134,
      "weight_evaluation": 134
    }
  }
}