{
  "graph": "graph_n8_d50_adj_matrix",
  "algorithm": "random",
  "result": {
    "graph_name": "graph_n8_d50_adj_matrix",
    "algorithm": "random",
    "best_weight": 1350.67,
    "best_matching": [
      3,
      6,
      11
    ],
    "runtime": 2.000020368999685,
    "candidates": 35,
    "improvements": 5,
    "duplicates": 286874,
    "infeasible": 0,
    "size_history": {
      "4": 1,
      "3": 11,
      "2": 9,
      "1": 14
    },
    "weight_history": [
      471.28,
      877.76,
      687.32,
      442.67999999999995,
      1173.07,
      834.2199999999999,
      1115.3,
      1219.26,
      1350.67,
      1020.27,
      1264.38,
      279.95,
      320.81,
      677.6099999999999,
      135.53,
      845.81,
      307.15,
      921.72,
      772.64,
      1083.73,
      678.41,
      1287.23,
      474.91,
      164.2,
      28.6,
      251.35,
      307.51,
      637.11,
      608.82,
      446.81,
      69.46,
      370.9,
      142.95,
      342.66,
      513.41
    ],
    "stopping_reason": "time_limit",
    "operations": {
      "candidate_generation": 286909,
      "feasibility_check": 35,
      "weight_evaluation": 35
    }
  }
}