{
  "graph": "graph_n18_d25_adj_matrix",
  "algorithm": "greedy",
  "result": {
    "graph_name": "graph_n18_d25_adj_matrix",
    "algorithm": "greedy",
    "best_weight": 2684.68,
    "best_matching": [
      3,
      8,
      12,
      16,
      19,
      20,
      26,
      35
    ],
    "runtime": 2.000046625000323,
    "candidates": 76,
    "improvements": 3,
    "duplicates": 161805,
    "infeasible": 0,
    "size_history": {
      "8": 16,
      "7": 26,
      "6": 13,
      "5": 10,
      "4": 11
    },
    "weight_history": [
      2642.26,
      2524.71,
      2443.44,
      2676.25,
      2684.68,
      2649.82,
      2658.25,
      2668.69,
      2540.04,
      2347.68,
      2363.01,
      2461.86,
      2475.97,
      2512.05,
      2485.62,
      2469.63,
      2477.19,
      2469.87,
      2496.06,
      2503.62,
      2427.4500000000003,
      2276.91,
      2524.4700000000003,
      2617.95,
      2660.92,
      2331.69,
      2634.4900000000002,
      2613.52,
      2473.3,
      2358.92,
      2645.73,
      2532.1400000000003,
      2622.71,
      2453.75,
      2464.87,
      2327.1,
      2367.41,
      2347.02,
      2453.88,
      2488.29,
      2419.78,
      2499.73,
      2449.54,
      2491.3,
      2300.67,
      2303.34,
      2292.2400000000002,
      2261.16,
      2318.67,
      2175.05,
      2190.38,
      2258.4900000000002,
      2247.15,
      2292.6,
      2284.92,
      2064.7200000000003,
      1990.1000000000001,
      2073.15,
      2005.43,
      2064.14,
      2072.57,
      2049.39,
      2030.39,
      1777.18,
      2030.97,
      1978.42,
      1750.9,
      1753.42,
      1768.75,
      1723.66,
      1735.5700000000002,
      1735.0,
      1711.24,
      1693.39,
      1699.9,
      1682.0500000000002
    ],
    "stopping_reason": "time_limit",
    "operations": {
      "candidate_generation": 161881,
      "feasibility_check": 76,
      "weight_evaluation": 76
    }
  }
}