{
  "graph": "graph_n13_d75_adj_matrix",
  "algorithm": "random",
  "result": {
    "graph_name": "graph_n13_d75_adj_matrix",
    "algorithm": "random",
    "best_weight": 2098.2599999999998,
    "best_matching": [
      1,
      7,
      25,
      36,
      51,
      57
    ],
    "runtime": 0.007315232000109972,
    "candidates": 400,
    "improvements": 5,
    "duplicates": 4,
    "infeasible": 0,
    "size_history": {
      "6": 280,
      "5": 94,
      "4": 24,
      "3": 2
    },
    "weight_history": [
      1911.05,
      1392.77,
      1383.8,
      1158.36,
      1122.14,
      1485.63,
      1583.52,
      1453.82,
      1484.99,
      1977.6399999999999,
      1947.21,
      1476.43,
      1947.6799999999998,
      1683.77,
      1342.3899999999999,
      1744.18,
      1355.94,
      1741.35,
      1692.49,
      1916.48,
      1929.48,
      1565.98,
      1648.41,
      1310.15,
      1707.66,
      1633.97,
      980.58,
      1551.62,
      1882.74,
      1315.69,
      1545.69,
      1203.78,
      1582.23,
      1218.05,
      1907.83,
      1256.94,
      1626.19,
      1445.3500000000001,
      1564.06,
      1269.47,
      1916.99,
      1862.6399999999999,
      1445.8899999999999,
      1460.31,
      1708.48,
      1708.81,
      1441.72,
      1770.3,
      1547.07,
      1790.29,
      1143.07,
      1237.27,
      1626.4,
      1566.1399999999999,
      1899.66,
      1692.27,
      1446.49,
      1357.54,
      1145.1299999999999,
      1060.09,
      1436.72,
      1852.03,
      1317.07,
      1878.25,
      1494.25,
      1661.15,
      1633.47,
      1712.76,
      1527.11,
      859.3199999999999,
      1515.99,
      1624.2,
      1867.8600000000001,
      1367.38,
      1615.54,
      1757.88,
      1622.3600000000001,
      1516.31,
      1677.42,
      1449.9,
      1568.4,
      1089.49,
      1712.56,
      1923.8600000000001,
      1356.02,
      1320.38,
      1569.24,
      1685.62,
      1833.58,
      1741.45,
      1733.57,
      1599.9,
      1344.51,
      1646.25,
      2017.29,
      1420.16,
      1647.24,
      1716.55,
      1567.5,
      1289.79,
      1273.9,
      1359.8,
      1514.79,
      1599.85,
      1622.3899999999999,
      1246.15,
      1575.86,
      1323.3999999999999,
      1095.97,
      1292.1,
      1168.83,
      1246.15,
      1678.71,
      1364.38,
      1085.25,
      1126.68,
      1440.02,
      1158.65,
      1182.92,
      903.85,
      808.98,
      1192.85,
      1555.23,
      1225.81,
      1545.2,
      1307.41,
      1162.8,
      1416.23,
      1518.46,
      1187.29,
      1380.35,
      1143.88,
      577.8199999999999,
      654.1,
      666.87,
      991.45,
      1218.1,
      1146.62,
      1173.38,
      1065.62,
      544.9,
      679.26,
      840.24,
      1070.47,
      1138.72,
      1602.48,
      1247.57,
      877.29,
      1295.72,
      1721.5,
      1521.8,
      1267.79,
      1488.5800000000002,
      1363.04,
      1569.81,
      1681.6100000000001,
      1443.51,
      1510.29,
      1299.54,
      1374.04,
      1783.26,
      1626.76,
      1167.54,
      1473.16,
      1816.97,
      1737.15,
      1281.89,
      1295.79,
      1134.18,
      869.72,
      1381.66,
      1198.96,
      1708.8700000000001,
      934.6999999999999,
      1563.0,
      969.38,
      897.65,
      1382.7,
      1645.7,
      1075.32,
      1838.0800000000002,
      1766.86,
      1718.18,
      1433.94,
      1646.23,
      1326.18,
      1927.99,
      870.86,
      1144.75,
      1585.9,
      1674.83,
      1271.85,
      1574.13,
      1582.98,
      959.89,
      1393.3600000000001,
      1453.01,
      1467.34,
      1547.1,
      1589.79,
      1567.83,
      1116.51,
      1681.6100000000001,
      1455.78,
      1759.8899999999999,
      1591.3700000000001,
      1350.1,
      1704.01,
      1441.29,
      1628.56,
      1632.4,
      1752.22,
      1539.95,
      1725.04,
      1312.32,
      1409.07,
      1650.39,
      1442.54,
      1545.57,
      1470.3200000000002,
      1646.5,
      1713.0,
      1556.32,
      1745.73,
      2060.7,
      1772.97,
      1645.6399999999999,
      1607.04,
      1796.33,
      1566.07,
      1694.05,
      1696.97,
      1806.34,
      1541.06,
      1389.51,
      1510.1399999999999,
      1501.55,
      1426.65,
      1687.1499999999999,
      1445.4099999999999,
      1158.49,
      1310.67,
      1947.6499999999999,
      1357.28,
      1793.23,
      1584.6599999999999,
      1650.71,
      1098.8,
      1328.04,
      1658.22,
      1627.81,
      1719.38,
      1620.13,
      1450.06,
      1927.32,
      1417.06,
      1249.75,
      1349.23,
      1850.93,
      1711.8500000000001,
      1398.62,
      1810.06,
      1221.67,
      1842.46,
      1283.22,
      1897.79,
      1931.6,
      1928.27,
      1742.21,
      1433.94,
      1557.64,
      1549.27,
      1573.5,
      1162.46,
      1581.93,
      1866.52,
      1012.14,
      1331.78,
      1735.76,
      1486.18,
      1677.26,
      1349.3899999999999,
      1975.38,
      1620.78,
      1593.1100000000001,
      1068.93,
      1793.1,
      1438.14,
      1533.32,
      1853.7,
      1866.91,
      1439.03,
      1468.43,
      1552.3500000000001,
      1807.11,
      1812.71,
      1297.75,
      1614.6100000000001,
      1177.87,
      1629.5,
      1126.47,
      1887.15,
      1412.53,
      1157.01,
      1919.25,
      1475.45,
      1596.69,
      814.95,
      1278.79,
      1330.5,
      1601.41,
      1490.78,
      1436.84,
      1524.43,
      1543.7,
      2039.5900000000001,
      1908.21,
      1497.3,
      1885.37,
      1673.28,
      1032.76,
      1733.28,
      1646.9099999999999,
      1419.49,
      1870.52,
      2098.2599999999998,
      1508.61,
      1974.88,
      1491.5,
      969.96,
      1469.98,
      1327.5,
      1575.61,
      1764.0,
      1501.49,
      1234.65,
      1136.88,
      1518.96,
      1314.27,
      1170.86,
      1569.65,
      1805.68,
      1534.87,
      1287.52,
      1464.63,
      1421.76,
      1049.42,
      1424.08,
      1490.64,
      1725.3500000000001,
      1382.83,
      1634.53,
      1071.6299999999999,
      1165.42,
      1502.1,
      1314.15,
      1039.43,
      1794.44,
      1807.83,
      1349.0,
      1469.71,
      1238.65,
      1060.35,
      1382.53,
      1127.03,
      1605.06,
      1798.85,
      1551.45,
      1565.94,
      1828.63,
      1171.66,
      1478.06,
      1810.35,
      1672.1,
      1649.11,
      1446.1399999999999,
      1313.33,
      1544.61,
      1698.64,
      1585.4,
      1392.63,
      1372.1399999999999,
      1110.56,
      1077.61,
      1445.18,
      1443.23,
      1552.9,
      1792.19,
      1565.0,
      1573.47,
      1747.7,
      1928.18,
      1646.76,
      1629.56,
      1703.75,
      1554.24,
      1593.99,
      1381.94,
      2022.54,
      1419.52
    ],
    "stopping_reason": "max_candidates",
    "operations": {
      "candidate_generation": 404,
      "feasibility_check": 400,
      "weight_evaluation": 400
    }
  }
}