{
  "graph": "graph_n15_d50_adj_matrix",
  "algorithm": "greedy",
  "result": {
    "graph_name": "graph_n15_d50_adj_matrix",
    "algorithm": "greedy",
    "best_weight": 2986.23,
    "best_matching": [
      8,
      12,
      22,
      29,
      39,
      41,
      51
    ],
    "runtime": 2.0000399239997932,
    "candidates": 148,
    "improvements": 4,
    "duplicates": 111198,
    "infeasible": 0,
    "size_history": {
      "7": 117,
      "6": 30,
      "5": 1
    },
    "weight_history": [
      2703.06,
      2856.27,
      2748.35,
      2813.34,
      2897.42,
      2884.85,
      2633.93,
      2871.16,
      2857.05,
      2859.07,
      2792.78,
      2891.87,
      2887.65,
      2569.87,
      2516.3,
      2818.81,
      2657.09,
      2610.9,
      2677.59,
      2833.63,
      2566.4700000000003,
      2841.4300000000003,
      2514.49,
      2643.4,
      2836.37,
      2488.89,
      2723.86,
      2868.84,
      2841.84,
      2749.76,
      2814.64,
      2770.44,
      2879.3,
      2392.75,
      2697.18,
      2704.98,
      2668.6,
      2589.91,
      2497.75,
      2683.49,
      2625.67,
      2669.24,
      2310.08,
      2648.7,
      2614.16,
      2824.58,
      2525.44,
      2621.67,
      2882.1,
      2605.11,
      2709.39,
      2748.26,
      2598.97,
      2505.9,
      2986.23,
      2548.1,
      2571.79,
      2864.46,
      2475.79,
      2520.69,
      2836.43,
      2670.05,
      2654.53,
      2626.37,
      2682.36,
      2736.82,
      2589.5,
      2764.89,
      2707.23,
      2806.2400000000002,
      2417.27,
      2856.66,
      2792.84,
      2671.08,
      2837.67,
      2708.73,
      2742.75,
      2819.41,
      2854.58,
      2805.69,
      2859.46,
      2818.11,
      2771.29,
      2801.94,
      2461.47,
      2714.16,
      2851.78,
      2770.14,
      2809.04,
      2554.31,
      2793.47,
      2772.79,
      2721.61,
      2599.06,
      2823.4700000000003,
      2679.43,
      2780.15,
      2777.7400000000002,
      2864.35,
      2737.85,
      2453.15,
      2644.7599999999998,
      2820.67,
      2577.2400000000002,
      2842.44,
      2456.72,
      2775.21,
      2828.72,
      2652.6,
      2743.34,
      2565.38,
      2643.2599999999998,
      2644.7,
      2841.14,
      2743.49,
      2787.92,
      2378.5,
      2719.8,
      2774.5499999999997,
      2798.24,
      2760.83,
      2720.46,
      2501.41,
      2846.5,
      2484.95,
      2478.89,
      2511.81,
      2268.52,
      2815.87,
      2829.27,
      2800.77,
      2376.69,
      2665.83,
      2784.92,
      2600.27,
      2753.12,
      2757.18,
      2606.41,
      2507.59,
      2638.91,
      2800.63,
      2719.37,
      2843.7,
      2832.0699999999997,
      2741.84,
      2777.6,
      2744.64,
      2421.12
    ],
    "stopping_reason": "time_limit",
    "operations": {
      "candidate_generation": 111346,
      "feasibility_check": 148,
      "weight_evaluation": 148
    }
  }
}