{
  "graph": "graph_n18_d75_adj_matrix",
  "algorithm": "greedy",
  "result": {
    "graph_name": "graph_n18_d75_adj_matrix",
    "algorithm": "greedy",
    "best_weight": 3242.64,
    "best_matching": [
      18,
      33,
      42,
      59,
      68,
      71,
      87,
      110
    ],
    "runtime": 2.0000472520005133,
    "candidates": 111,
    "improvements": 2,
    "duplicates": 69442,
    "infeasible": 0,
    "size_history": {
      "8": 11,
      "7": 11,
      "6": 12,
      "5": 20,
      "4": 23,
      "3": 10,
      "2": 12,
      "1": 12
    },
    "weight_history": [
      3136.56,
      3047.64,
      3075.1,
      3242.64,
      3178.28,
      3094.86,
      3025.87,
      3074.65,
      3025.5099999999998,
      3122.15,
      3221.0,
      2968.05,
      3007.44,
      3023.82,
      3060.38,
      3036.11,
      2987.08,
      2921.38,
      2985.42,
      2948.14,
      2967.6,
      2891.8,
      2523.24,
      2731.9900000000002,
      2722.17,
      2672.46,
      2775.11,
      2682.78,
      2222.16,
      2701.4300000000003,
      2601.2400000000002,
      2698.29,
      2624.74,
      2237.87,
      2345.88,
      2369.52,
      2295.16,
      2368.71,
      2387.4900000000002,
      2326.4,
      2295.91,
      2320.34,
      2712.0,
      2272.63,
      1941.56,
      1932.72,
      1920.3600000000001,
      1879.66,
      1880.47,
      1882.1,
      1922.78,
      1862.8,
      1876.24,
      1938.33,
      1880.77,
      2269.24,
      2682.33,
      2301.82,
      2268.88,
      2287.21,
      2294.71,
      2237.95,
      2316.76,
      1802.73,
      2295.46,
      2252.79,
      1908.29,
      1822.74,
      1923.5900000000001,
      1864.72,
      1908.52,
      1907.84,
      1808.52,
      1831.29,
      1863.32,
      1909.89,
      1919.55,
      1463.96,
      1473.62,
      1430.31,
      1486.79,
      1492.4,
      1483.56,
      1430.69,
      1037.63,
      1453.75,
      1459.13,
      1430.76,
      1014.59,
      981.6,
      940.3499999999999,
      500.64,
      958.04,
      982.9200000000001,
      981.15,
      981.53,
      1014.8,
      953.1600000000001,
      978.17,
      480.51,
      536.99,
      504.0,
      477.81,
      477.6,
      477.53,
      945.78,
      449.16,
      459.84,
      445.93,
      441.78,
      435.99
    ],
    "stopping_reason": "time_limit",
    "operations": {
      "candidate_generation": 69553,
      "feasibility_check": 111,
      "weight_evaluation": 111
    }
  }
}