{
  "graph": "graph_n17_d75_adj_matrix",
  "algorithm": "local",
  "result": {
    "graph_name": "graph_n17_d75_adj_matrix",
    "algorithm": "local",
    "best_weight": 2809.13,
    "best_matching": [
      7,
      12,
      27,
      40,
      58,
      62,
      73,
      83
    ],
    "runtime": 2.0010595160001685,
    "candidates": 87,
    "improvements": 4,
    "duplicates": 531,
    "infeasible": 0,
    "size_history": {
      "8": 82,
      "7": 5
    },
    "weight_history": [
      2658.7,
      2752.38,
      2671.85,
      2808.24,
      2731.23,
      2783.3199999999997,
      2804.47,
      2548.65,
      2795.84,
      2809.13,
      2776.98,
      2729.11,
      2735.0,
      2789.5,
      2701.18,
      2666.02,
      2604.83,
      2746.04,
      2626.68,
      2711.45,
      2753.27,
      2627.0099999999998,
      2703.39,
      2603.85,
      2556.5299999999997,
      2798.13,
      2701.9,
      2781.0,
      2771.7,
      2724.86,
      2642.0,
      2693.97,
      2539.62,
      2803.64,
      2697.05,
      2599.87,
      2717.11,
      2707.68,
      2705.13,
      2633.74,
      2613.46,
      2692.12,
      2558.17,
      2665.75,
      2727.04,
      2665.04,
      2572.7400000000002,
      2669.79,
      2590.19,
      2773.7,
      2748.41,
      2627.8,
      2581.28,
      2578.07,
      2596.17,
      2561.34,
      2666.88,
      2551.23,
      2648.3,
      2636.69,
      2515.6,
      2574.78,
      2649.12,
      2589.91,
      2687.5699999999997,
      2777.47,
      2645.63,
      2696.69,
      2801.9,
      2686.15,
      2703.77,
      2568.96,
      2595.09,
      2746.93,
      2687.07,
      2686.5,
      2760.25,
      2668.81,
      2649.71,
      2700.15,
      2607.68,
      2636.74,
      2681.23,
      2802.79,
      2572.96,
      2605.2,
      2762.55
    ],
    "stopping_reason": "time_limit",
    "operations": {
      "candidate_generation": 618,
      "feasibility_check": 87,
      "weight_evaluation": 87
    }
  }
}