{
  "graph": "graph_n18_d50_adj_matrix",
  "algorithm": "random",
  "result": {
    "graph_name": "graph_n18_d50_adj_matrix",
    "algorithm": "random",
    "best_weight": 3064.65,
    "best_matching": [
      3,
      6,
      9,
      20,
      47,
      58,
      61,
      65,
      69
    ],
    "runtime": 0.008888768001270364,
    "candidates": 400,
    "improvements": 7,
    "duplicates": 0,
    "infeasible": 0,
    "size_history": {
      "8": 174,
      "7": 132,
      "6": 58,
      "9": 20,
      "5": 16
    },
    "weight_history": [
      1267.37,
      2437.69,
      2169.4300000000003,
      2191.77,
      2215.77,
      2220.24,
      1923.2,
      2713.96,
      1803.96,
      2340.23,
      2115.32,
      2128.98,
      2354.32,
      1945.57,
      1941.55,
      2264.9,
      1807.99,
      1951.01,
      1808.6299999999999,
      2168.04,
      1940.07,
      2433.18,
      2437.7200000000003,
      2403.8,
      2579.71,
      2572.92,
      2140.5099999999998,
      2371.16,
      2304.4700000000003,
      2852.21,
      2367.88,
      2168.61,
      2171.4,
      2230.62,
      2747.85,
      2408.91,
      2118.78,
      2463.88,
      2578.7,
      1875.95,
      1969.0700000000002,
      2434.34,
      2338.7599999999998,
      2258.59,
      1314.84,
      2125.2799999999997,
      1769.68,
      2141.67,
      2904.02,
      2606.29,
      1820.6100000000001,
      2220.27,
      2281.18,
      2578.5,
      2663.68,
      2171.68,
      2335.9,
      2620.58,
      1705.84,
      2662.28,
      2308.57,
      2139.25,
      1669.84,
      2692.93,
      2887.2599999999998,
      2480.11,
      2170.01,
      2187.64,
      1871.28,
      2231.7,
      1801.3600000000001,
      2349.34,
      2095.29,
      2683.46,
      2289.02,
      1982.59,
      2511.68,
      2154.72,
      1912.6000000000001,
      2101.55,
      2235.36,
      2554.06,
      1403.45,
      1643.36,
      2141.79,
      1639.16,
      2228.45,
      2423.0099999999998,
      2552.15,
      2090.44,
      2651.11,
      2132.4700000000003,
      2415.0699999999997,
      2193.63,
      2329.76,
      2544.67,
      2445.65,
      2293.25,
      2851.88,
      2118.3,
      2301.75,
      2000.85,
      2328.15,
      1976.11,
      1852.48,
      1569.2,
      2375.6,
      1394.1399999999999,
      1642.8700000000001,
      2127.5,
      2353.88,
      2453.67,
      2852.26,
      1964.39,
      2346.6,
      1928.4099999999999,
      2615.11,
      2250.74,
      2155.82,
      1581.8,
      1691.84,
      2581.4900000000002,
      1699.55,
      2082.13,
      1777.45,
      1694.65,
      1412.76,
      1966.59,
      2154.57,
      2093.87,
      1722.75,
      1988.04,
      1571.32,
      1709.19,
      1894.42,
      1887.94,
      1480.1100000000001,
      1478.5,
      2089.92,
      1461.84,
      829.52,
      1892.49,
      1668.28,
      1889.78,
      1894.09,
      1977.23,
      2163.69,
      2739.62,
      2547.81,
      1817.67,
      2095.16,
      2258.07,
      1916.06,
      2173.5299999999997,
      2059.34,
      1734.9,
      2837.22,
      1861.25,
      2674.65,
      2572.24,
      2214.44,
      2672.15,
      2538.94,
      2665.67,
      2329.07,
      2303.98,
      2572.29,
      2893.2000000000003,
      2344.29,
      2217.37,
      2347.06,
      2533.88,
      2698.08,
      2282.29,
      1833.78,
      2508.43,
      2145.01,
      2238.38,
      2744.15,
      1772.46,
      2304.53,
      2057.36,
      2248.77,
      2268.79,
      2308.73,
      1960.43,
      2425.56,
      1677.15,
      2414.73,
      1875.08,
      2435.03,
      1899.1299999999999,
      1882.44,
      2369.58,
      1912.71,
      1997.1599999999999,
      2583.96,
      1185.56,
      1813.51,
      2486.9900000000002,
      2202.49,
      2730.88,
      2522.21,
      2119.1,
      1794.79,
      1913.24,
      2205.52,
      2213.17,
      2038.26,
      2649.33,
      1422.76,
      1555.71,
      2327.21,
      1731.0900000000001,
      2465.98,
      1844.0,
      2220.6,
      1217.02,
      1570.73,
      2053.66,
      1936.85,
      1573.39,
      1284.3600000000001,
      1714.71,
      1406.95,
      1543.2,
      1612.04,
      1667.36,
      1151.3999999999999,
      1901.31,
      1766.34,
      2620.66,
      1830.47,
      2020.18,
      1835.19,
      2031.23,
      1988.88,
      2206.72,
      2552.06,
      1423.67,
      1695.51,
      2022.08,
      1742.89,
      1696.23,
      1773.16,
      1752.5,
      1061.61,
      1655.69,
      1895.49,
      2214.93,
      2249.37,
      2009.21,
      1610.29,
      2065.03,
      2013.08,
      1535.27,
      2325.22,
      1953.83,
      1658.81,
      2126.8,
      2182.23,
      2117.66,
      2052.3,
      1819.6,
      1880.49,
      1395.19,
      1244.08,
      1489.52,
      1838.44,
      889.27,
      1282.74,
      2312.87,
      1195.68,
      2401.21,
      1591.13,
      1594.49,
      1346.11,
      1659.33,
      1656.74,
      1584.91,
      1399.93,
      1027.06,
      905.63,
      1253.75,
      1538.25,
      1435.6100000000001,
      2011.1100000000001,
      2019.77,
      1438.0700000000002,
      1724.97,
      1866.6699999999998,
      1611.68,
      1848.02,
      1747.0900000000001,
      2585.9900000000002,
      1569.43,
      1558.73,
      2216.46,
      2031.3799999999999,
      1904.42,
      1582.8899999999999,
      1980.68,
      2375.44,
      1851.93,
      2072.55,
      1712.5,
      2127.55,
      2143.44,
      2413.42,
      1857.6200000000001,
      2632.27,
      2048.35,
      2803.27,
      1893.6,
      1903.93,
      2496.01,
      1577.65,
      1713.59,
      2794.93,
      2147.4,
      2361.4900000000002,
      3025.66,
      2036.43,
      2358.8,
      2019.5900000000001,
      2828.15,
      2766.85,
      1714.8799999999999,
      2946.34,
      1640.41,
      2713.57,
      2158.48,
      2138.94,
      1195.76,
      2153.25,
      2413.39,
      2584.13,
      2847.15,
      2312.02,
      2635.21,
      2140.18,
      2403.94,
      2095.38,
      2442.05,
      2588.67,
      2284.12,
      2555.02,
      2182.65,
      2246.7,
      2518.65,
      2440.5,
      3000.1,
      2936.5,
      1992.42,
      2743.34,
      3064.65,
      2330.1,
      2484.79,
      2185.37,
      2794.17,
      2185.7200000000003,
      1962.71,
      1880.17,
      2615.42,
      2312.03,
      2008.6299999999999,
      2301.68,
      2079.7799999999997,
      2065.9,
      2982.69,
      2596.89,
      2610.72,
      2271.29,
      2102.13,
      1653.97,
      2352.38,
      2400.15,
      1836.45,
      2984.92,
      2011.9099999999999,
      2177.41,
      2302.61,
      2324.16,
      2043.06,
      1965.71,
      1841.45,
      1633.38,
      1573.3400000000001,
      1650.27,
      1489.1,
      1775.44,
      1706.79,
      1531.69,
      1750.7600000000002,
      1880.56,
      1776.98,
      2089.75,
      2238.45,
      1847.45,
      2152.28
    ],
    "stopping_reason": "max_candidates",
    "operations": {
      "candidate_generation": 400,
      "feasibility_check": 400,
      "weight_evaluation": 400
    }
  }
}