{
  "random": {
    "mean_weight": 1638.15,
    "std_weight": 203.2790574555087,
    "min_weight": 1350.67,
    "max_weight": 1781.89,
    "absolute_gap": 143.74,
    "relative_gap": 0.0806671567829664,
    "approximation_ratio": 0.9193328432170336
  },
  "greedy": {
    "mean_weight": 1530.54,
    "std_weight": 0.0,
    "min_weight": 1530.54,
    "max_weight": 1530.54,
    "absolute_gap": 251.35000000000014,
    "relative_gap": 0.14105809000555597,
    "approximation_ratio": 0.8589419099944441
  },
  "local": {
    "mean_weight": 1781.89,
    "std_weight": 0.0,
    "min_weight": 1781.89,
    "max_weight": 1781.89,
    "absolute_gap": 0.0,
    "relative_gap": 0.0,
    "approximation_ratio": 1.0
  }
}