{
  "graph": "graph_n17_d75_adj_matrix",
  "algorithm": "greedy",
  "result": {
    "graph_name": "graph_n17_d75_adj_matrix",
    "algorithm": "greedy",
    "best_weight": 2809.13,
    "best_matching": [
      7,
      12,
      27,
      40,
      58,
      62,
      73,
      83
    ],
    "runtime": 2.000069360001362,
    "candidates": 235,
    "improvements": 4,
    "duplicates": 75961,
    "infeasible": 0,
    "size_history": {
      "8": 105,
      "7": 26,
      "6": 14,
      "5": 31,
      "4": 31,
      "3": 11,
      "2": 12,
      "1": 5
    },
    "weight_history": [
      2795.84,
      2752.38,
      2783.3199999999997,
      2697.05,
      2804.47,
      2731.23,
      2604.83,
      2548.65,
      2561.34,
      2746.04,
      2581.28,
      2703.39,
      2515.6,
      2574.78,
      2666.02,
      2776.98,
      2660.17,
      2808.24,
      2711.45,
      2735.0,
      2798.13,
      2480.37,
      2546.54,
      2678.35,
      2686.5,
      2687.5699999999997,
      2701.9,
      2801.9,
      2479.76,
      2539.62,
      2705.13,
      2692.26,
      2753.27,
      2696.83,
      2665.75,
      2701.18,
      2578.62,
      2773.7,
      2748.41,
      2775.47,
      2707.68,
      2658.7,
      2771.7,
      2703.92,
      2692.12,
      2551.23,
      2789.5,
      2696.69,
      2767.36,
      2777.47,
      2627.88,
      2677.63,
      2675.45,
      2642.48,
      2648.8199999999997,
      2746.93,
      2669.79,
      2647.22,
      2665.04,
      2599.87,
      2525.39,
      2671.85,
      2644.35,
      2636.69,
      2727.71,
      2610.4900000000002,
      2768.89,
      2597.62,
      2771.13,
      2809.13,
      2518.87,
      2752.84,
      2727.77,
      2598.98,
      2696.94,
      2681.23,
      2602.71,
      2630.14,
      2687.42,
      2555.0,
      2698.6,
      2651.79,
      2642.12,
      2650.81,
      2778.36,
      2556.5299999999997,
      2640.88,
      2709.46,
      2653.1,
      2695.89,
      2509.57,
      2566.73,
      2666.66,
      2705.11,
      2694.7799999999997,
      2628.31,
      2700.15,
      2665.22,
      2655.29,
      2645.96,
      2580.16,
      2740.29,
      2604.1,
      2644.4700000000003,
      2675.08,
      2726.18,
      2653.83,
      2524.61,
      2635.97,
      2662.4700000000003,
      2550.19,
      2741.65,
      2618.82,
      2698.3,
      2476.4900000000002,
      2559.06,
      2686.15,
      2667.33,
      2707.01,
      2560.39,
      2687.07,
      2522.0299999999997,
      2549.35,
      2545.58,
      2517.74,
      2511.92,
      2363.0,
      2579.59,
      2511.4,
      2597.67,
      2610.19,
      2465.27,
      2387.6,
      2341.85,
      2361.95,
      2333.22,
      2268.0099999999998,
      2345.62,
      2393.94,
      2356.66,
      2091.32,
      2368.29,
      2280.41,
      2067.77,
      2057.8,
      2062.47,
      2093.41,
      1732.53,
      2057.44,
      2038.09,
      2026.11,
      2033.88,
      2031.75,
      2067.76,
      1964.65,
      1721.22,
      1737.56,
      1677.6100000000001,
      1741.28,
      1707.4,
      1673.3600000000001,
      2013.75,
      1734.62,
      1708.98,
      1636.75,
      1998.27,
      2041.81,
      2026.8600000000001,
      2311.8,
      2009.5,
      2032.15,
      1970.99,
      2061.27,
      1975.31,
      1970.26,
      1628.4099999999999,
      1708.97,
      1663.49,
      1660.12,
      1687.1299999999999,
      1713.22,
      1701.95,
      1328.1,
      1600.97,
      1670.46,
      1707.76,
      1699.01,
      1987.6599999999999,
      2034.77,
      2334.41,
      1937.6599999999999,
      2007.41,
      2018.9099999999999,
      1963.06,
      1983.3,
      2063.36,
      2363.89,
      2007.9299999999998,
      1711.23,
      1679.34,
      1676.82,
      1651.52,
      1667.32,
      1348.97,
      1636.58,
      1682.1100000000001,
      1605.8600000000001,
      1633.26,
      1678.1399999999999,
      1362.4299999999998,
      976.78,
      1354.4299999999998,
      1382.49,
      1351.9099999999999,
      1276.06,
      1326.82,
      1323.32,
      926.02,
      1301.48,
      1304.6999999999998,
      968.78,
      872.66,
      918.73,
      922.39,
      505.02,
      898.67,
      890.67,
      919.05,
      871.63,
      888.15,
      895.45,
      458.63,
      513.02,
      463.76,
      414.03
    ],
    "stopping_reason": "time_limit",
    "operations": {
      "candidate_generation": 76196,
      "feasibility_check": 235,
      "weight_evaluation": 235
    }
  }
}