{
  "graph": "graph_n14_d75_adj_matrix",
  "algorithm": "greedy",
  "result": {
    "graph_name": "graph_n14_d75_adj_matrix",
    "algorithm": "greedy",
    "best_weight": 2503.75,
    "best_matching": [
      6,
      14,
      20,
      26,
      32,
      53,
      58
    ],
    "runtime": 2.000024155999199,
    "candidates": 94,
    "improvements": 3,
    "duplicates": 113886,
    "infeasible": 0,
    "size_history": {
      "7": 28,
      "6": 15,
      "5": 12,
      "4": 10,
      "3": 13,
      "1": 7,
      "2": 9
    },
    "weight_history": [
      2342.2400000000002,
      2432.56,
      2332.48,
      2503.75,
      2445.86,
      2435.78,
      2212.36,
      2365.6,
      2412.74,
      2370.23,
      2363.79,
      2279.91,
      2403.94,
      2423.49,
      2209.23,
      2321.28,
      2230.96,
      2283.53,
      2137.7599999999998,
      2370.92,
      2461.24,
      2323.6800000000003,
      2241.6,
      2326.1,
      2326.78,
      2208.24,
      2339.49,
      2016.67,
      2239.52,
      2236.46,
      2362.18,
      2169.42,
      2253.27,
      2155.92,
      2159.81,
      2060.38,
      2270.8,
      2150.21,
      2178.02,
      2220.53,
      2286.75,
      2178.45,
      1967.6,
      2186.37,
      2057.2200000000003,
      2073.17,
      1958.0,
      1994.16,
      2006.95,
      2222.14,
      2005.4099999999999,
      1915.49,
      1964.44,
      2060.44,
      1975.33,
      1690.57,
      1381.23,
      1788.41,
      1722.19,
      1673.24,
      1695.63,
      1711.69,
      1646.68,
      1349.35,
      1704.05,
      1738.25,
      1300.4,
      1317.73,
      1365.41,
      1315.01,
      1639.42,
      1306.21,
      1335.28,
      1331.07,
      1331.21,
      1326.12,
      1291.21,
      505.1,
      942.1700000000001,
      958.23,
      893.22,
      910.55,
      884.03,
      858.8,
      1228.28,
      928.1,
      912.28,
      876.13,
      437.07,
      435.8,
      457.42,
      453.13,
      423.0,
      407.18
    ],
    "stopping_reason": "time_limit",
    "operations": {
      "candidate_generation": 113980,
      "feasibility_check": 94,
      "weight_evaluation": 94
    }
  }
}