{
  "graph": "graph_n11_d75_adj_matrix",
  "algorithm": "greedy",
  "result": {
    "graph_name": "graph_n11_d75_adj_matrix",
    "algorithm": "greedy",
    "best_weight": 1732.1200000000001,
    "best_matching": [
      0,
      13,
      22,
      29,
      36
    ],
    "runtime": 2.0000269819993264,
    "candidates": 152,
    "improvements": 6,
    "duplicates": 147828,
    "infeasible": 0,
    "size_history": {
      "5": 65,
      "4": 44,
      "3": 30,
      "2": 12,
      "1": 1
    },
    "weight_history": [
      1660.18,
      1639.05,
      1653.61,
      1654.91,
      1700.76,
      1667.69,
      1686.2,
      1563.1200000000001,
      1690.34,
      1694.94,
      1686.16,
      1552.33,
      1517.27,
      1515.97,
      1483.17,
      1548.52,
      1548.56,
      1556.93,
      1501.41,
      1474.17,
      1480.81,
      1277.12,
      1309.67,
      1324.27,
      1313.48,
      1347.35,
      1281.74,
      1318.08,
      1252.47,
      1313.25,
      1228.29,
      1277.28,
      1237.74,
      917.44,
      894.36,
      927.71,
      842.75,
      879.76,
      912.8199999999999,
      883.3399999999999,
      890.35,
      834.3399999999999,
      497.8,
      883.5699999999999,
      1249.37,
      1247.6399999999999,
      1268.87,
      1207.05,
      1224.71,
      888.1700000000001,
      1229.33,
      1211.67,
      1247.87,
      1233.12,
      1254.2,
      1454.67,
      1522.54,
      1533.96,
      1542.3700000000001,
      1537.77,
      1488.67,
      1482.58,
      1471.97,
      1675.26,
      1488.44,
      1491.32,
      1627.33,
      1626.08,
      1707.69,
      1620.81,
      1586.6399999999999,
      1712.29,
      1628.11,
      1660.66,
      1609.98,
      1535.85,
      1600.8700000000001,
      1727.52,
      1649.24,
      1618.82,
      1732.1200000000001,
      1607.77,
      1652.5,
      1671.6,
      1612.06,
      1651.2,
      1698.3500000000001,
      1648.46,
      1407.52,
      1463.56,
      1493.27,
      1472.4,
      1451.26,
      1470.13,
      1452.9,
      1485.3600000000001,
      1476.76,
      1445.9,
      1610.04,
      1621.69,
      1581.3700000000001,
      1634.87,
      1590.54,
      1601.2,
      1664.59,
      1449.0,
      1613.8,
      1543.3899999999999,
      1694.31,
      1672.29,
      1615.14,
      1596.83,
      1580.12,
      1577.96,
      1534.22,
      1683.79,
      1588.27,
      1622.99,
      1582.3,
      1679.15,
      1680.38,
      1682.02,
      1668.8400000000001,
      1634.48,
      1675.11,
      1656.0,
      1478.54,
      1493.0,
      1575.7,
      1603.97,
      1657.77,
      1636.64,
      1431.34,
      1457.41,
      1398.21,
      1484.99,
      1405.75,
      1493.05,
      1486.72,
      1443.88,
      1478.49,
      1459.29,
      1438.95,
      1202.22,
      1214.66,
      1209.83,
      1238.58,
      849.55,
      1195.46,
      1235.0,
      1199.04,
      1172.97
    ],
    "stopping_reason": "time_limit",
    "operations": {
      "candidate_generation": 147980,
      "feasibility_check": 152,
      "weight_evaluation": 152
    }
  }
}