{
  "graph": "graph_n13_d75_adj_matrix",
  "algorithm": "greedy",
  "result": {
    "graph_name": "graph_n13_d75_adj_matrix",
    "algorithm": "greedy",
    "best_weight": 2202.86,
    "best_matching": [
      5,
      7,
      25,
      39,
      44,
      51
    ],
    "runtime": 2.0000331880000886,
    "candidates": 70,
    "improvements": 5,
    "duplicates": 106994,
    "infeasible": 0,
    "size_history": {
      "6": 67,
      "5": 3
    },
    "weight_history": [
      2167.19,
      2170.95,
      2081.2,
      2149.94,
      2134.31,
      2163.35,
      2157.77,
      1931.75,
      2162.28,
      2165.48,
      2142.24,
      2173.86,
      2156.3,
      2158.42,
      1993.6999999999998,
      2142.79,
      2186.58,
      2075.5099999999998,
      2202.86,
      2089.68,
      2165.38,
      1926.06,
      2201.89,
      2181.25,
      2128.62,
      2182.72,
      2111.92,
      2122.77,
      2150.37,
      2036.58,
      2057.68,
      2065.79,
      2135.2,
      2161.31,
      2136.31,
      2066.16,
      2144.25,
      2173.7599999999998,
      2142.79,
      2103.08,
      2131.46,
      2099.8599999999997,
      2121.14,
      2057.31,
      2042.05,
      2094.61,
      2151.84,
      2134.12,
      2136.67,
      2133.15,
      2050.53,
      2145.52,
      2192.83,
      2154.29,
      2189.29,
      2152.66,
      2107.0299999999997,
      2200.81,
      2132.07,
      2146.99,
      2022.3700000000001,
      2108.7,
      2051.62,
      2045.06,
      2185.18,
      2013.8899999999999,
      2168.52,
      2157.26,
      2126.13,
      2134.6
    ],
    "stopping_reason": "time_limit",
    "operations": {
      "candidate_generation": 107064,
      "feasibility_check": 70,
      "weight_evaluation": 70
    }
  }
}