{
  "random": {
    "mean_weight": 1974.08,
    "std_weight": 0.0,
    "min_weight": 1974.08,
    "max_weight": 1974.08,
    "absolute_gap": 0.0,
    "relative_gap": 0.0,
    "approximation_ratio": 1.0
  },
  "greedy": {
    "mean_weight": 1863.41,
    "std_weight": 76.7656724497784,
    "min_weight": 1793.22,
    "max_weight": 1970.23,
    "absolute_gap": 110.66999999999985,
    "relative_gap": 0.05606155778894465,
    "approximation_ratio": 0.9439384422110554
  },
  "local": {
    "mean_weight": 1974.08,
    "std_weight": 0.0,
    "min_weight": 1974.08,
    "max_weight": 1974.08,
    "absolute_gap": 0.0,
    "relative_gap": 0.0,
    "approximation_ratio": 1.0
  }
}