{
  "graph": "graph_n20_d50_adj_matrix",
  "algorithm": "greedy",
  "result": {
    "graph_name": "graph_n20_d50_adj_matrix",
    "algorithm": "greedy",
    "best_weight": 3325.86,
    "best_matching": [
      3,
      17,
      25,
      42,
      43,
      54,
      57,
      76,
      89
    ],
    "runtime": 0.1944613739997294,
    "candidates": 400,
    "improvements": 7,
    "duplicates": 7659,
    "infeasible": 0,
    "size_history": {
      "9": 90,
      "10": 27,
      "8": 36,
      "7": 27,
      "6": 52,
      "5": 58,
      "4": 44,
      "3": 34,
      "2": 22,
      "1": 10
    },
    "weight_history": [
      3104.48,
      3190.48,
      3189.54,
      3122.83,
      3123.21,
      3101.32,
      3115.25,
      3124.58,
      3206.25,
      3197.27,
      3014.31,
      3241.84,
      3316.13,
      3266.11,
      3257.25,
      3155.42,
      3317.07,
      3270.62,
      3289.71,
      3136.09,
      3264.02,
      3182.4,
      3242.6,
      3133.17,
      3325.86,
      3137.43,
      3147.96,
      3153.21,
      3029.19,
      3164.12,
      3093.8,
      3146.33,
      3077.98,
      3087.0,
      3251.17,
      3102.2599999999998,
      2966.5299999999997,
      2993.18,
      3185.2,
      3249.8,
      3266.73,
      3250.23,
      3233.81,
      3242.2,
      3272.92,
      3220.39,
      3275.63,
      3078.0099999999998,
      3216.25,
      3041.87,
      3212.43,
      3044.41,
      3109.66,
      3107.19,
      2968.79,
      3024.59,
      3084.04,
      3018.77,
      3075.9,
      2986.2200000000003,
      3064.99,
      3309.04,
      3051.95,
      3087.66,
      3011.6,
      3142.9,
      3156.37,
      3142.61,
      3098.22,
      3182.45,
      2971.63,
      3077.47,
      3306.44,
      3123.64,
      3097.22,
      3067.2,
      3218.5099999999998,
      2684.91,
      2924.64,
      2972.57,
      2912.68,
      2979.66,
      2900.02,
      2980.6,
      3080.72,
      3107.95,
      2970.24,
      2894.1,
      3107.22,
      3122.04,
      3140.14,
      2891.44,
      3122.56,
      3317.83,
      3078.64,
      3149.04,
      3118.2999999999997,
      3237.64,
      2902.49,
      2905.37,
      3115.98,
      2840.54,
      2927.5499999999997,
      2955.13,
      2912.0099999999998,
      3060.74,
      2829.93,
      2876.14,
      2986.0099999999998,
      2980.6,
      3250.63,
      3093.29,
      3215.72,
      3118.66,
      3181.51,
      3089.66,
      3133.41,
      3060.49,
      3157.31,
      3080.19,
      3032.41,
      3295.36,
      3255.5,
      3072.69,
      3314.31,
      3270.22,
      3308.1,
      3323.86,
      3177.17,
      3181.5,
      3096.16,
      3283.9,
      3088.39,
      3149.5299999999997,
      3050.17,
      3152.1,
      3011.2400000000002,
      3109.05,
      3097.14,
      3173.3,
      2978.25,
      3172.6,
      3096.41,
      3028.83,
      2866.86,
      2843.2,
      2886.28,
      2742.25,
      2875.96,
      2954.24,
      2977.89,
      3040.75,
      2843.56,
      2906.67,
      2498.52,
      2744.89,
      2734.2200000000003,
      2760.36,
      2768.01,
      2715.48,
      2692.85,
      2451.72,
      2770.72,
      2854.14,
      2685.13,
      2480.41,
      2416.0,
      2470.54,
      2679.94,
      2450.09,
      2393.88,
      2392.19,
      2426.9700000000003,
      2422.11,
      2391.15,
      2414.02,
      2129.48,
      2128.13,
      2107.69,
      2077.01,
      2079.71,
      2096.1,
      1675.08,
      2063.58,
      2116.64,
      2075.17,
      2032.9299999999998,
      2379.63,
      2363.39,
      2047.4099999999999,
      2463.31,
      2395.91,
      2410.3,
      2357.39,
      2423.29,
      2419.27,
      2077.99,
      2464.92,
      2616.34,
      2776.13,
      2818.95,
      2709.4,
      2717.82,
      2952.13,
      2798.9,
      2694.46,
      2752.33,
      2732.64,
      2692.71,
      2370.74,
      2353.0,
      2414.92,
      2400.33,
      2426.18,
      2432.62,
      2414.51,
      2452.8,
      2023.4499999999998,
      2366.3,
      2376.4,
      2059.54,
      2062.5,
      2044.53,
      2110.02,
      1662.32,
      2068.0299999999997,
      2111.37,
      2050.74,
      2101.87,
      2068.21,
      2082.41,
      1311.31,
      1747.6,
      1759.09,
      1660.52,
      1675.08,
      1725.71,
      1697.82,
      1335.74,
      1674.0,
      1740.98,
      1679.96,
      1334.02,
      1377.21,
      1268.85,
      1343.61,
      1311.31,
      1310.23,
      1300.04,
      1343.83,
      1270.57,
      1290.4,
      1746.25,
      881.3499999999999,
      952.14,
      886.24,
      894.04,
      880.27,
      918.76,
      488.8,
      886.97,
      918.54,
      886.24,
      894.8,
      456.28,
      463.34,
      839.88,
      455.2,
      429.96,
      430.69,
      429.96,
      425.07,
      405.24,
      894.03,
      406.0,
      913.87,
      860.65,
      885.16,
      870.6800000000001,
      885.16,
      1349.23,
      862.28,
      888.41,
      868.5799999999999,
      861.52,
      885.89,
      1357.38,
      1315.85,
      1302.3600000000001,
      1321.18,
      1324.0,
      1310.23,
      1316.9299999999998,
      1319.87,
      1731.11,
      1300.6399999999999,
      1323.78,
      1707.6,
      1688.91,
      1737.3,
      1703.92,
      2062.23,
      1693.19,
      1726.42,
      1661.87,
      1679.27,
      1714.22,
      1732.83,
      1286.27,
      1291.48,
      1290.4,
      1291.8899999999999,
      1302.1399999999999,
      1267.52,
      1289.15,
      1322.53,
      1255.55,
      1287.35,
      1263.8400000000001,
      1686.24,
      1718.27,
      1707.38,
      1703.6999999999998,
      1719.62,
      1681.6999999999998,
      1676.57,
      1727.77,
      1692.11,
      1712.65,
      2074.09,
      2039.9099999999999,
      2058.38,
      2086.66,
      2092.92,
      1970.1999999999998,
      2044.3899999999999,
      2445.5299999999997,
      2088.66,
      2079.7,
      2096.81,
      2043.4099999999999,
      2374.79,
      2483.75,
      2114.71,
      2415.3,
      2435.35,
      2485.1,
      2457.05,
      2399.81,
      2386.92,
      2472.26,
      2393.46,
      2025.0,
      2026.78,
      2042.8899999999999,
      2022.11,
      2070.92,
      2427.42,
      2074.31,
      2044.12,
      2063.58,
      2062.5,
      2044.25,
      1671.3999999999999,
      2041.79,
      1639.24,
      1639.6100000000001,
      1725.49,
      1656.3899999999999,
      1681.6999999999998,
      1700.53,
      1714.0,
      1673.8600000000001,
      1669.08,
      2002.6599999999999,
      2045.47,
      2052.29,
      2061.15,
      1703.06,
      2100.15,
      2065.89,
      2045.6100000000001,
      2079.52,
      2025.7,
      2014.78,
      2095.88,
      2392.0,
      2448.56,
      2365.18,
      2340.29,
      2428.51,
      2437.07,
      2753.05,
      2394.7,
      2422.35,
      2328.5099999999998,
      2778.91,
      2654.0299999999997,
      2727.68,
      2769.64
    ],
    "stopping_reason": "max_candidates",
    "operations": {
      "candidate_generation": 8059,
      "feasibility_check": 400,
      "weight_evaluation": 400
    }
  }
}