{
  "graph": "graph_n15_d75_adj_matrix",
  "algorithm": "greedy",
  "result": {
    "graph_name": "graph_n15_d75_adj_matrix",
    "algorithm": "greedy",
    "best_weight": 3030.98,
    "best_matching": [
      11,
      22,
      35,
      54,
      64,
      69,
      72
    ],
    "runtime": 2.000040478000301,
    "candidates": 97,
    "improvements": 2,
    "duplicates": 96898,
    "infeasible": 0,
    "size_history": {
      "7": 11,
      "6": 11,
      "5": 12,
      "4": 20,
      "3": 22,
      "2": 11,
      "1": 10
    },
    "weight_history": [
      2868.83,
      3030.98,
      2856.9300000000003,
      2874.4,
      2874.92,
      2768.07,
      2844.53,
      2874.73,
      3007.99,
      2862.98,
      2782.07,
      2748.23,
      2747.9,
      2722.33,
      2579.88,
      2701.66,
      2722.66,
      2710.91,
      2649.35,
      2646.91,
      2727.95,
      2402.55,
      2408.17,
      2408.5,
      2338.33,
      2351.9,
      2277.76,
      2305.54,
      2724.91,
      2347.08,
      2336.34,
      2300.64,
      2402.2200000000003,
      1990.46,
      1998.47,
      1970.63,
      2004.42,
      1970.51,
      1956.63,
      1891.35,
      1976.58,
      1946.82,
      1965.48,
      1984.51,
      1567.68,
      1553.72,
      1547.77,
      1496.08,
      1561.73,
      1510.08,
      1516.03,
      1508.2,
      1533.77,
      1508.04,
      1547.73,
      1952.77,
      1497.8400000000001,
      1879.67,
      1932.82,
      1951.81,
      1984.47,
      1944.94,
      1971.43,
      2296.58,
      1971.76,
      1915.21,
      1395.92,
      1522.0,
      1472.48,
      1502.25,
      1085.26,
      1440.2,
      1492.43,
      1478.47,
      1470.35,
      1477.89,
      1460.15,
      559.73,
      1042.15,
      1004.46,
      1071.3,
      998.51,
      1025.78,
      1015.4200000000001,
      522.04,
      1010.01,
      977.73,
      996.05,
      511.57,
      525.53,
      500.25,
      962.72,
      482.42,
      476.47,
      484.48,
      462.47,
      455.69
    ],
    "stopping_reason": "time_limit",
    "operations": {
      "candidate_generation": 96995,
      "feasibility_check": 97,
      "weight_evaluation": 97
    }
  }
}