{
  "graph": "graph_n16_d25_adj_matrix",
  "algorithm": "random",
  "result": {
    "graph_name": "graph_n16_d25_adj_matrix",
    "algorithm": "random",
    "best_weight": 2336.69,
    "best_matching": [
      0,
      11,
      12,
      16,
      17,
      20,
      28
    ],
    "runtime": 0.005009962000258383,
    "candidates": 400,
    "improvements": 8,
    "duplicates": 9,
    "infeasible": 0,
    "size_history": {
      "6": 139,
      "7": 70,
      "5": 69,
      "4": 61,
      "3": 46,
      "2": 13,
      "8": 1,
      "1": 1
    },
    "weight_history": [
      1914.69,
      1351.2,
      1416.59,
      1929.55,
      1186.07,
      1806.35,
      1857.8400000000001,
      1703.58,
      1351.51,
      1780.19,
      1739.35,
      1658.32,
      1013.5400000000001,
      1226.25,
      1879.22,
      1203.88,
      1260.22,
      1418.31,
      1667.83,
      1313.52,
      1624.69,
      999.14,
      1335.8600000000001,
      951.24,
      1032.5900000000001,
      879.61,
      1217.63,
      1292.45,
      1564.22,
      1032.1100000000001,
      995.86,
      862.57,
      1134.48,
      1041.75,
      948.49,
      327.16,
      920.57,
      853.87,
      950.0500000000001,
      1146.42,
      550.84,
      615.81,
      610.21,
      828.33,
      1194.39,
      835.31,
      1022.01,
      1103.6100000000001,
      838.0,
      1448.18,
      1195.73,
      1060.29,
      1322.93,
      1115.42,
      642.8000000000001,
      809.26,
      605.29,
      509.44,
      1169.35,
      684.5500000000001,
      1073.3200000000002,
      929.16,
      1057.57,
      646.02,
      596.9,
      990.9300000000001,
      925.12,
      729.74,
      504.28,
      899.78,
      614.88,
      906.11,
      762.02,
      1495.46,
      861.64,
      1406.26,
      875.59,
      1644.81,
      1045.07,
      969.99,
      1084.67,
      1293.52,
      1281.09,
      1362.97,
      1614.2,
      1481.08,
      1606.33,
      1870.41,
      1801.01,
      1469.93,
      1622.74,
      1864.57,
      1893.56,
      1449.81,
      2142.36,
      1683.74,
      1353.66,
      1033.11,
      1313.98,
      2262.36,
      2301.58,
      1220.2,
      1816.94,
      2155.9,
      1767.46,
      1892.68,
      1623.7,
      1939.47,
      1735.7,
      1921.6100000000001,
      2114.26,
      2299.3,
      1513.93,
      1697.36,
      1322.04,
      1852.61,
      2078.01,
      1209.37,
      1592.89,
      999.3,
      1869.85,
      1687.37,
      1982.41,
      1856.3500000000001,
      1424.0,
      1917.33,
      1460.6000000000001,
      2014.56,
      2109.29,
      1190.84,
      1836.06,
      2268.2000000000003,
      1616.0,
      1688.58,
      1588.72,
      883.3,
      984.23,
      1917.41,
      904.9,
      1634.45,
      1747.66,
      1910.2,
      1380.51,
      2246.69,
      1606.8700000000001,
      2218.79,
      1906.01,
      1845.88,
      1665.69,
      1816.63,
      1854.91,
      1811.95,
      1956.69,
      1628.49,
      1685.65,
      1689.12,
      1983.68,
      1671.46,
      1542.1200000000001,
      1862.89,
      1978.66,
      1805.8799999999999,
      2140.98,
      1700.95,
      1804.51,
      1878.04,
      2038.01,
      1302.47,
      1614.43,
      2322.98,
      2005.34,
      1446.8700000000001,
      1744.31,
      1992.45,
      1784.0,
      1092.56,
      1309.6200000000001,
      1672.83,
      887.0699999999999,
      1217.63,
      2328.13,
      1927.89,
      1466.33,
      1043.0,
      1670.36,
      2155.28,
      2270.1,
      1721.16,
      1782.69,
      1963.3700000000001,
      1820.37,
      1614.03,
      2032.15,
      2145.7400000000002,
      1346.43,
      1268.53,
      1701.7800000000002,
      1208.21,
      2028.54,
      2061.73,
      1715.83,
      1387.3500000000001,
      843.45,
      1839.82,
      2067.17,
      1768.31,
      1433.63,
      1639.63,
      1250.21,
      1684.8600000000001,
      958.09,
      1640.73,
      888.68,
      1478.76,
      1756.69,
      1196.06,
      938.51,
      1302.78,
      1960.8400000000001,
      1550.5,
      1810.17,
      1481.88,
      1706.1100000000001,
      2182.63,
      1609.27,
      1393.5800000000002,
      1435.78,
      1627.3200000000002,
      1712.77,
      1582.9,
      1918.54,
      1420.73,
      1053.82,
      832.45,
      1016.98,
      1404.27,
      1201.59,
      1458.02,
      1274.19,
      865.55,
      1389.91,
      967.53,
      1486.71,
      1533.95,
      1773.39,
      1718.19,
      1571.67,
      1732.8700000000001,
      1187.79,
      2059.03,
      1272.22,
      1924.95,
      1797.65,
      1897.93,
      1923.77,
      2212.93,
      1327.22,
      1816.55,
      1646.06,
      1704.55,
      2025.0800000000002,
      1787.64,
      1540.17,
      1860.1000000000001,
      1791.54,
      2336.69,
      2107.88,
      1533.82,
      1394.52,
      2159.14,
      2225.77,
      1606.28,
      1714.01,
      1670.38,
      1452.52,
      1962.31,
      1643.43,
      1305.23,
      1974.57,
      1355.8,
      1476.6200000000001,
      1354.41,
      1232.06,
      1726.31,
      1487.1200000000001,
      1510.8700000000001,
      1156.69,
      2153.7400000000002,
      1500.48,
      1520.93,
      1662.91,
      1529.73,
      1839.41,
      1437.71,
      1440.81,
      1539.6,
      1993.8700000000001,
      1816.0900000000001,
      1719.96,
      1234.18,
      1328.41,
      1248.04,
      1668.8600000000001,
      1335.63,
      1402.46,
      1417.64,
      1798.0,
      1719.1000000000001,
      1402.31,
      1629.9,
      1673.39,
      1559.44,
      922.37,
      1458.74,
      1360.3799999999999,
      1684.69,
      1243.66,
      1351.59,
      1355.49,
      1516.43,
      1101.05,
      1594.15,
      1577.25,
      1330.0900000000001,
      1065.1000000000001,
      1428.52,
      1599.99,
      1202.47,
      941.16,
      832.44,
      1825.5,
      1298.98,
      967.71,
      1249.39,
      1695.93,
      1432.3600000000001,
      963.7,
      1410.11,
      1244.34,
      1459.97,
      1053.43,
      1109.3,
      1302.92,
      1017.45,
      1394.94,
      1195.77,
      1252.3700000000001,
      722.4399999999999,
      981.27,
      846.41,
      1786.83,
      950.01,
      796.73,
      1016.5,
      747.51,
      1019.53,
      1400.67,
      427.33,
      1592.8500000000001,
      1159.76,
      1118.67,
      530.4499999999999,
      830.58,
      1079.79,
      1456.3400000000001,
      1237.01,
      751.44,
      1257.8,
      1131.76,
      803.71,
      998.96,
      1475.75,
      1184.74,
      492.92999999999995,
      785.0600000000001,
      453.27,
      941.12,
      728.28,
      762.01,
      427.18,
      1180.41,
      922.47,
      458.76,
      945.4100000000001,
      690.1800000000001,
      360.25,
      488.97,
      286.13,
      578.39,
      291.19,
      625.5699999999999,
      574.22,
      78.16,
      358.13,
      831.51,
      647.7,
      902.5,
      267.88,
      600.03,
      1362.6200000000001
    ],
    "stopping_reason": "max_candidates",
    "operations": {
      "candidate_generation": 409,
      "feasibility_check": 400,
      "weight_evaluation": 400
    }
  }
}