{
  "graph": "graph_n10_d50_adj_matrix",
  "algorithm": "random",
  "result": {
    "graph_name": "graph_n10_d50_adj_matrix",
    "algorithm": "random",
    "best_weight": 1759.1599999999999,
    "best_matching": [
      3,
      4,
      12,
      15,
      20
    ],
    "runtime": 2.0000436709997302,
    "candidates": 292,
    "improvements": 9,
    "duplicates": 240284,
    "infeasible": 0,
    "size_history": {
      "4": 108,
      "3": 90,
      "2": 51,
      "5": 21,
      "1": 22
    },
    "weight_history": [
      941.73,
      1000.19,
      992.9599999999999,
      1112.98,
      1046.43,
      1234.19,
      985.84,
      1130.15,
      863.99,
      866.1800000000001,
      981.21,
      557.2099999999999,
      847.41,
      658.2,
      964.04,
      966.54,
      439.07,
      791.67,
      918.68,
      787.4,
      814.24,
      528.27,
      1325.53,
      1297.17,
      1131.85,
      787.09,
      1094.39,
      872.01,
      897.85,
      1092.04,
      1439.38,
      1234.29,
      771.8100000000001,
      1339.88,
      1251.17,
      1384.13,
      1077.56,
      1194.78,
      943.86,
      1233.05,
      1051.71,
      1589.43,
      1059.73,
      977.83,
      903.62,
      1454.57,
      1395.48,
      1194.38,
      1196.73,
      758.8499999999999,
      1132.96,
      1174.05,
      960.17,
      1196.26,
      1534.03,
      1234.54,
      1082.18,
      802.96,
      1280.26,
      783.82,
      1178.64,
      837.43,
      977.19,
      700.28,
      518.12,
      1138.83,
      1041.82,
      1448.76,
      1534.18,
      1148.83,
      1155.25,
      1238.28,
      1176.68,
      1069.54,
      1539.81,
      1194.28,
      1236.36,
      1515.77,
      1302.69,
      796.16,
      963.24,
      872.48,
      1161.04,
      1265.21,
      1034.91,
      1055.9,
      1455.06,
      901.92,
      903.09,
      1424.72,
      1066.31,
      1134.02,
      998.1,
      991.01,
      917.51,
      1320.46,
      1717.18,
      1437.46,
      1200.1200000000001,
      1759.1599999999999,
      1044.62,
      818.0899999999999,
      1030.27,
      1088.52,
      815.1700000000001,
      1389.85,
      1081.75,
      1479.1,
      1263.38,
      1508.18,
      672.25,
      952.86,
      1473.47,
      1336.63,
      1005.6,
      1311.87,
      1128.72,
      859.37,
      952.46,
      734.95,
      1328.48,
      748.76,
      988.4,
      768.63,
      646.01,
      873.26,
      501.95,
      829.17,
      920.22,
      1067.51,
      893.83,
      303.84000000000003,
      907.26,
      1336.88,
      1117.68,
      990.1700000000001,
      1009.9399999999999,
      1167.89,
      915.73,
      1227.96,
      588.6800000000001,
      1314.13,
      1162.87,
      852.5,
      857.53,
      724.84,
      871.78,
      908.1800000000001,
      844.89,
      863.01,
      930.4200000000001,
      712.96,
      560.48,
      673.18,
      201.64,
      812.25,
      764.9,
      606.23,
      306.64000000000004,
      437.22,
      789.5699999999999,
      766.1800000000001,
      498.38,
      599.96,
      342.28,
      457.97,
      699.21,
      704.72,
      914.27,
      1009.71,
      1019.48,
      705.51,
      1115.21,
      642.03,
      421.06,
      1188.4,
      521.42,
      664.3,
      294.97,
      686.24,
      474.80000000000007,
      721.9300000000001,
      405.31,
      825.61,
      602.96,
      596.45,
      597.65,
      581.88,
      892.9,
      1066.08,
      852.44,
      733.52,
      776.89,
      1023.26,
      813.53,
      967.4200000000001,
      887.83,
      867.9,
      884.62,
      718.35,
      1153.48,
      777.59,
      863.2800000000001,
      1073.23,
      1039.16,
      604.99,
      846.06,
      888.6700000000001,
      1305.02,
      1128.87,
      152.51,
      877.2,
      939.91,
      748.1700000000001,
      814.28,
      616.4499999999999,
      1020.26,
      836.75,
      819.6999999999999,
      666.7,
      590.03,
      650.8,
      462.59000000000003,
      791.74,
      712.66,
      388.19000000000005,
      556.64,
      837.0699999999999,
      711.73,
      534.48,
      534.06,
      864.9200000000001,
      1028.35,
      448.34000000000003,
      570.71,
      1112.05,
      1206.16,
      798.09,
      635.34,
      661.0,
      980.92,
      811.9300000000001,
      659.4,
      525.11,
      619.59,
      323.47,
      546.39,
      761.74,
      499.91999999999996,
      623.29,
      240.7,
      406.62,
      471.96,
      964.23,
      789.1800000000001,
      663.84,
      616.53,
      422.76,
      575.19,
      337.1,
      945.04,
      789.0699999999999,
      817.77,
      557.53,
      431.44000000000005,
      228.06,
      445.12,
      788.5799999999999,
      662.2,
      322.25,
      472.56000000000006,
      494.5,
      444.62,
      795.4300000000001,
      631.31,
      107.97,
      151.33,
      380.55,
      316.62,
      26.42,
      391.95,
      192.34,
      126.09,
      420.3,
      214.28,
      128.0,
      270.25,
      344.45,
      166.97,
      280.22,
      319.78,
      211.01
    ],
    "stopping_reason": "time_limit",
    "operations": {
      "candidate_generation": 240576,
      "feasibility_check": 292,
      "weight_evaluation": 292
    }
  }
}