{
  "random": {
    "mean_weight": 2662.4333333333334,
    "std_weight": 83.71847997239863,
    "min_weight": 2574.7,
    "max_weight": 2775.15,
    "absolute_gap": 132.90666666666675,
    "relative_gap": 0.047545796456483554,
    "approximation_ratio": 0.9524542035435164
  },
  "greedy": {
    "mean_weight": 2721.5666666666666,
    "std_weight": 52.16562427073571,
    "min_weight": 2684.68,
    "max_weight": 2795.34,
    "absolute_gap": 73.77333333333354,
    "relative_gap": 0.026391542114137648,
    "approximation_ratio": 0.9736084578858624
  },
  "local": {
    "mean_weight": 2721.5666666666666,
    "std_weight": 52.16562427073571,
    "min_weight": 2684.68,
    "max_weight": 2795.34,
    "absolute_gap": 73.77333333333354,
    "relative_gap": 0.026391542114137648,
    "approximation_ratio": 0.9736084578858624
  }
}