{
  "graph": "graph_n18_d50_adj_matrix",
  "algorithm": "greedy",
  "result": {
    "graph_name": "graph_n18_d50_adj_matrix",
    "algorithm": "greedy",
    "best_weight": 3290.24,
    "best_matching": [
      1,
      6,
      13,
      33,
      44,
      58,
      63,
      71,
      73
    ],
    "runtime": 2.0000596520003455,
    "candidates": 351,
    "improvements": 4,
    "duplicates": 82141,
    "infeasible": 0,
    "size_history": {
      "9": 83,
      "8": 261,
      "7": 7
    },
    "weight_history": [
      3257.48,
      3224.78,
      3211.39,
      3219.9,
      2988.86,
      3022.64,
      3099.4700000000003,
      3032.14,
      3047.85,
      3274.0,
      3205.71,
      3139.58,
      3138.63,
      3143.51,
      3112.05,
      3200.94,
      3147.79,
      3071.29,
      3098.89,
      3192.73,
      3064.6800000000003,
      2843.4700000000003,
      3115.68,
      3108.08,
      3194.2200000000003,
      3265.69,
      3143.1,
      3164.44,
      3120.56,
      3189.19,
      3030.6,
      3123.89,
      3017.79,
      3131.07,
      3112.28,
      3089.62,
      3125.44,
      2923.39,
      3282.21,
      3104.72,
      2889.57,
      3014.94,
      3171.4900000000002,
      3073.92,
      3182.58,
      2972.41,
      3081.7200000000003,
      3115.3,
      3166.38,
      3047.39,
      3073.79,
      3100.67,
      3020.77,
      2900.5699999999997,
      3040.78,
      3043.7599999999998,
      3199.37,
      3086.08,
      3161.5,
      3059.0,
      3216.68,
      3012.7599999999998,
      3271.1,
      3118.11,
      3207.58,
      3204.25,
      3135.95,
      3049.46,
      3144.46,
      3146.84,
      3149.34,
      3138.22,
      3169.71,
      3112.78,
      3107.25,
      3089.94,
      3144.9700000000003,
      3060.7,
      3096.59,
      3064.35,
      3099.39,
      3033.3,
      3150.15,
      3206.5099999999998,
      3077.28,
      2948.6,
      3112.13,
      3022.17,
      3158.6,
      3121.13,
      3108.2,
      3155.98,
      3119.95,
      3057.39,
      3026.41,
      2958.26,
      3015.0499999999997,
      3065.19,
      2980.2,
      3038.88,
      2959.56,
      3189.04,
      3018.75,
      3290.24,
      3054.64,
      2984.1,
      2941.88,
      3254.58,
      3107.17,
      3018.49,
      3065.57,
      2926.65,
      2972.04,
      2971.89,
      3090.2200000000003,
      3046.54,
      3124.44,
      3035.16,
      3061.83,
      3153.18,
      3130.12,
      3152.99,
      3155.02,
      3001.74,
      3196.4700000000003,
      3084.7,
      2934.35,
      3177.4,
      3241.19,
      3136.7599999999998,
      3218.63,
      3180.96,
      3101.91,
      3013.95,
      3103.2,
      3095.61,
      3070.0099999999998,
      3003.95,
      3067.66,
      3204.27,
      2924.47,
      3189.42,
      3168.49,
      3093.21,
      2980.62,
      2913.51,
      3223.31,
      3189.83,
      3257.71,
      3076.15,
      3052.69,
      3154.02,
      3039.91,
      3106.11,
      3033.42,
      3125.24,
      2935.62,
      3073.36,
      3056.95,
      3112.9500000000003,
      3136.68,
      2899.39,
      3042.52,
      3088.11,
      3078.54,
      3056.75,
      2966.89,
      3141.66,
      3040.29,
      2989.26,
      3138.07,
      2950.46,
      3021.23,
      3035.6,
      3174.2799999999997,
      2984.94,
      3144.02,
      3081.71,
      3070.07,
      3127.28,
      3015.16,
      3062.7799999999997,
      3151.72,
      3151.18,
      3081.57,
      2937.56,
      3003.7000000000003,
      3031.1,
      3285.36,
      3161.35,
      2972.9700000000003,
      3169.56,
      3179.52,
      3136.2400000000002,
      3159.26,
      3068.61,
      3082.89,
      2967.36,
      3023.23,
      3098.74,
      3004.96,
      3098.0,
      3036.43,
      3148.68,
      3172.9,
      3001.1,
      3116.41,
      2925.59,
      3090.06,
      2929.93,
      3053.41,
      3020.71,
      3056.62,
      3110.81,
      2932.48,
      3106.46,
      3013.8199999999997,
      3067.21,
      3117.5499999999997,
      2954.85,
      3265.49,
      3008.83,
      3022.54,
      2940.51,
      3063.89,
      3077.09,
      3090.85,
      2939.92,
      3036.38,
      2971.48,
      2869.97,
      3058.99,
      3004.2200000000003,
      2910.87,
      2980.75,
      3219.05,
      3004.09,
      3013.66,
      3118.77,
      3142.59,
      3042.24,
      2882.8199999999997,
      3093.06,
      3059.5,
      3142.04,
      2929.95,
      3160.89,
      3068.46,
      3137.16,
      2972.04,
      3099.69,
      3015.32,
      2940.19,
      2935.21,
      3034.19,
      3218.43,
      2998.52,
      3071.23,
      3260.61,
      3174.64,
      3076.92,
      2900.12,
      2979.5499999999997,
      3227.32,
      3028.54,
      2958.25,
      2967.16,
      3073.75,
      3176.44,
      3108.15,
      3036.2799999999997,
      3035.41,
      3183.08,
      2899.82,
      2988.77,
      3039.2200000000003,
      3280.18,
      3022.39,
      2906.0099999999998,
      2927.11,
      3150.25,
      3190.86,
      3231.52,
      2996.0,
      2855.3,
      2877.09,
      3213.45,
      3118.34,
      3245.16,
      2889.61,
      2990.55,
      3212.82,
      3021.77,
      3146.54,
      3020.14,
      2834.0099999999998,
      2959.39,
      3081.36,
      3051.6,
      3152.75,
      3159.19,
      2999.04,
      3156.85,
      3199.39,
      2995.39,
      3045.36,
      3142.23,
      2895.35,
      2995.6,
      3102.06,
      3027.57,
      3199.09,
      3071.91,
      3106.21,
      3042.16,
      2969.24,
      3084.44,
      2983.53,
      3102.03,
      3130.27,
      3107.74,
      3119.02,
      3058.84,
      3071.85,
      3030.45,
      3122.85,
      3052.77,
      2952.57,
      3211.8,
      3050.24,
      3186.64,
      3007.97,
      2965.1,
      3136.46,
      2942.96,
      2967.7999999999997,
      2975.63,
      2987.64,
      3132.4,
      3145.21,
      3087.2799999999997,
      3090.14,
      2978.92,
      3072.75,
      3078.14,
      2944.7,
      2788.8,
      3122.0,
      3171.6,
      3085.2599999999998,
      3055.0
    ],
    "stopping_reason": "time_limit",
    "operations": {
      "candidate_generation": 82492,
      "feasibility_check": 351,
      "weight_evaluation": 351
    }
  }
}