{
  "graph": "graph_n17_d75_adj_matrix",
  "algorithm": "local",
  "result": {
    "graph_name": "graph_n17_d75_adj_matrix",
    "algorithm": "local",
    "best_weight": 2783.3199999999997,
    "best_matching": [
      7,
      16,
      27,
      40,
      48,
      58,
      62,
      71
    ],
    "runtime": 2.0017218940010935,
    "candidates": 139,
    "improvements": 4,
    "duplicates": 620,
    "infeasible": 0,
    "size_history": {
      "8": 10,
      "7": 20,
      "6": 36,
      "5": 21,
      "4": 28,
      "3": 22,
      "2": 2
    },
    "weight_history": [
      2604.83,
      2731.23,
      2752.38,
      2669.79,
      2701.9,
      2694.7799999999997,
      2686.15,
      2515.6,
      2703.39,
      2783.3199999999997,
      2775.47,
      2566.73,
      2597.67,
      2549.35,
      2333.22,
      2612.48,
      2573.74,
      2545.58,
      2618.82,
      2527.5,
      2517.74,
      2363.0,
      2393.94,
      2222.52,
      2368.29,
      2319.44,
      2356.66,
      2271.0499999999997,
      2091.32,
      2275.84,
      2341.85,
      2221.52,
      2309.67,
      2093.41,
      2067.76,
      2246.59,
      2062.47,
      2057.8,
      2057.44,
      2061.27,
      1964.65,
      1950.93,
      1667.32,
      2007.41,
      2313.1,
      2276.64,
      2282.47,
      2345.62,
      2247.31,
      2238.19,
      2260.02,
      2268.0099999999998,
      2303.17,
      2322.07,
      2318.3,
      2579.59,
      2314.63,
      2561.34,
      2560.39,
      2610.19,
      2569.97,
      2603.85,
      2480.37,
      2387.6,
      2578.5099999999998,
      2497.45,
      2312.52,
      2361.95,
      2311.8,
      2320.86,
      2567.97,
      2317.44,
      2269.44,
      2322.95,
      2280.41,
      2322.06,
      2326.27,
      1708.98,
      1987.6599999999999,
      2038.09,
      2026.8600000000001,
      2026.11,
      1935.1399999999999,
      2006.62,
      1691.17,
      2033.88,
      1934.26,
      2031.75,
      1737.56,
      1681.71,
      1713.22,
      1382.49,
      1734.62,
      1643.73,
      1673.3600000000001,
      1707.4,
      1701.95,
      1741.28,
      2063.36,
      1348.97,
      1362.4299999999998,
      1328.1,
      1301.48,
      1354.4299999999998,
      1351.9099999999999,
      968.78,
      1299.87,
      1323.32,
      1284.81,
      1270.58,
      1732.53,
      1708.97,
      1670.46,
      1711.23,
      1648.24,
      1677.6100000000001,
      1721.22,
      1687.34,
      1676.82,
      2028.81,
      1640.46,
      1318.82,
      1323.33,
      1335.57,
      1305.52,
      1327.57,
      976.78,
      1285.6599999999999,
      1306.58,
      1281.67,
      1304.6999999999998,
      1293.69,
      1707.76,
      1276.06,
      1613.73,
      1651.32,
      1687.1299999999999,
      1682.1100000000001,
      1680.23
    ],
    "stopping_reason": "time_limit",
    "operations": {
      "candidate_generation": 759,
      "feasibility_check": 139,
      "weight_evaluation": 139
    }
  }
}