{
  "graph": "graph_n16_d25_adj_matrix",
  "algorithm": "local",
  "result": {
    "graph_name": "graph_n16_d25_adj_matrix",
    "algorithm": "local",
    "best_weight": 2477.92,
    "best_matching": [
      0,
      10,
      12,
      16,
      19,
      20,
      28
    ],
    "runtime": 2.00174789599987,
    "candidates": 37,
    "improvements": 2,
    "duplicates": 738,
    "infeasible": 0,
    "size_history": {
      "7": 24,
      "6": 12,
      "5": 1
    },
    "weight_history": [
      2464.4300000000003,
      2477.92,
      2341.62,
      2400.23,
      2347.46,
      2373.25,
      2455.12,
      2406.07,
      2377.87,
      2397.09,
      2423.03,
      2283.59,
      2270.75,
      2247.41,
      2190.73,
      2333.9700000000003,
      2328.13,
      2304.23,
      2298.39,
      2288.14,
      2286.73,
      2460.96,
      2384.25,
      2390.17,
      2322.98,
      2353.26,
      2401.64,
      2342.2,
      2270.1,
      2331.2,
      2386.09,
      2408.15,
      2341.94,
      2318.52,
      2317.36,
      2319.3,
      2329.36
    ],
    "stopping_reason": "time_limit",
    "operations": {
      "candidate_generation": 775,
      "feasibility_check": 37,
      "weight_evaluation": 37
    }
  }
}