{
  "graph": "graph_n17_d25_adj_matrix",
  "algorithm": "random",
  "result": {
    "graph_name": "graph_n17_d25_adj_matrix",
    "algorithm": "random",
    "best_weight": 2294.12,
    "best_matching": [
      1,
      6,
      8,
      18,
      20,
      23,
      30,
      31
    ],
    "runtime": 0.006106060000092839,
    "candidates": 400,
    "improvements": 5,
    "duplicates": 23,
    "infeasible": 0,
    "size_history": {
      "8": 84,
      "7": 154,
      "6": 85,
      "5": 44,
      "4": 21,
      "3": 12
    },
    "weight_history": [
      2099.67,
      2047.2,
      1810.42,
      1444.2,
      1735.79,
      2028.08,
      1935.02,
      1480.96,
      2114.57,
      1423.17,
      1783.82,
      1164.44,
      2084.16,
      1137.34,
      1763.6,
      1249.91,
      1882.05,
      1261.59,
      1539.8899999999999,
      1657.72,
      1613.56,
      1623.1,
      1882.16,
      1502.76,
      1840.8999999999999,
      1405.58,
      1364.28,
      1649.4,
      2192.74,
      2258.38,
      1525.4,
      1348.07,
      1659.33,
      1931.12,
      1349.22,
      1654.5,
      2065.55,
      1627.74,
      1615.71,
      1447.35,
      1749.1399999999999,
      1508.55,
      2059.84,
      1766.81,
      1751.65,
      1496.6599999999999,
      1698.05,
      2247.1,
      1800.15,
      1548.98,
      1877.97,
      1526.6,
      1668.7,
      1723.81,
      1310.48,
      1428.52,
      1771.55,
      1456.6,
      1334.89,
      1610.76,
      1683.12,
      1651.84,
      1295.27,
      1426.09,
      1431.86,
      1376.09,
      1341.57,
      1582.46,
      1795.4,
      1396.07,
      2227.19,
      1474.65,
      1518.72,
      1747.06,
      2094.06,
      1845.82,
      1484.25,
      1372.77,
      1504.23,
      1719.01,
      1690.73,
      2040.2,
      1437.8,
      1749.18,
      1516.21,
      1411.97,
      1620.4,
      1158.66,
      1253.81,
      1499.56,
      1235.34,
      1477.21,
      1361.37,
      1478.58,
      1177.97,
      1461.0,
      1638.82,
      1887.67,
      1358.05,
      1479.05,
      2208.5,
      1948.4,
      1714.08,
      1873.5,
      1607.97,
      1276.97,
      1670.91,
      1732.34,
      2121.63,
      1508.78,
      1638.98,
      2157.06,
      1458.51,
      1336.77,
      1746.44,
      2085.1,
      1916.25,
      1591.73,
      2054.49,
      1408.09,
      1195.93,
      1536.3600000000001,
      1354.52,
      1647.6,
      1648.83,
      1811.93,
      1777.65,
      1405.92,
      1277.37,
      1678.5,
      1738.5,
      1898.57,
      1787.57,
      1498.26,
      1574.52,
      1705.07,
      1571.24,
      1920.03,
      1454.48,
      1390.83,
      1903.6,
      1915.08,
      1890.74,
      1602.56,
      1725.04,
      1411.55,
      2041.44,
      1812.72,
      1747.21,
      1575.57,
      1662.89,
      1921.84,
      1826.41,
      1682.77,
      1678.1,
      1358.58,
      1473.26,
      1572.14,
      1552.54,
      1912.93,
      1701.6,
      1731.68,
      1752.97,
      1668.46,
      1941.66,
      2181.77,
      1787.8,
      1693.45,
      1430.52,
      1905.17,
      1900.3899999999999,
      1812.55,
      1411.95,
      2167.5299999999997,
      2245.4,
      1632.8,
      1577.79,
      1566.16,
      1932.42,
      1894.6599999999999,
      1247.2,
      1360.21,
      1302.4,
      1663.55,
      1640.68,
      1660.26,
      1802.11,
      1765.06,
      1501.72,
      1918.85,
      1801.88,
      1517.48,
      2120.87,
      1273.81,
      1678.36,
      1625.19,
      1516.32,
      1834.19,
      2112.2999999999997,
      1704.38,
      1347.53,
      1611.99,
      1923.81,
      1244.79,
      1430.63,
      1259.36,
      1364.1000000000001,
      1453.09,
      1698.0,
      2190.73,
      1796.07,
      1263.76,
      1124.75,
      1926.25,
      1561.82,
      1789.85,
      1769.05,
      2167.72,
      2063.81,
      2010.25,
      1722.47,
      1774.1100000000001,
      1665.72,
      1533.59,
      1666.42,
      2117.4,
      1476.6,
      1607.76,
      1893.57,
      1761.6399999999999,
      1507.96,
      1746.75,
      1915.8,
      1456.44,
      1497.89,
      1358.51,
      1419.5,
      1874.86,
      1244.12,
      1186.22,
      1987.57,
      1417.58,
      1531.07,
      1705.37,
      1609.31,
      1308.25,
      1925.31,
      1387.83,
      1814.45,
      1927.37,
      1834.56,
      1796.61,
      1438.29,
      1815.71,
      1651.53,
      2294.12,
      1344.73,
      1449.35,
      1736.07,
      1535.86,
      1274.81,
      1816.84,
      1672.23,
      1689.54,
      1478.41,
      1595.72,
      1630.8,
      1458.87,
      1563.9,
      1209.74,
      2020.96,
      2160.52,
      1636.24,
      1096.28,
      2048.85,
      1684.1399999999999,
      1522.34,
      1626.03,
      1738.16,
      1644.2,
      1470.75,
      1638.65,
      1533.4,
      1614.8,
      1507.43,
      1390.69,
      1386.77,
      1200.53,
      1221.77,
      1256.46,
      1029.69,
      1724.42,
      1497.51,
      1440.13,
      1684.24,
      1341.21,
      1276.58,
      905.66,
      922.15,
      926.6700000000001,
      724.6700000000001,
      891.47,
      796.29,
      1219.49,
      1133.4,
      665.46,
      1015.27,
      940.8299999999999,
      369.32,
      440.09000000000003,
      702.9300000000001,
      486.94,
      788.24,
      477.07,
      373.86,
      1319.57,
      384.26,
      792.09,
      788.35,
      1077.7,
      1261.56,
      1035.5,
      757.51,
      992.38,
      1073.68,
      885.8299999999999,
      1313.73,
      1009.72,
      1119.72,
      632.24,
      920.96,
      1087.32,
      1453.35,
      723.59,
      974.45,
      1153.33,
      1529.3,
      1571.96,
      1078.1,
      991.79,
      1265.6,
      1505.05,
      1486.69,
      1029.63,
      1611.24,
      1561.83,
      1405.1100000000001,
      1291.3,
      1735.65,
      1250.23,
      1746.72,
      1670.71,
      1049.6399999999999,
      1695.74,
      1409.58,
      962.6,
      1319.3899999999999,
      1062.19,
      1088.26,
      1583.48,
      1137.96,
      1362.55,
      993.6,
      1175.22,
      1126.92,
      1616.08,
      1484.31,
      1185.39,
      1332.37,
      1091.7,
      1418.17,
      1345.62,
      1431.95,
      1246.82,
      1621.99,
      1269.77,
      1105.23,
      1505.87,
      1001.04,
      919.64,
      1320.69,
      913.63,
      1329.58,
      1475.53,
      1242.14,
      1741.48,
      1384.22,
      1238.71,
      1715.5,
      1847.78,
      1426.09,
      1450.49,
      1234.62,
      1639.93,
      1218.85,
      1342.8,
      1898.38,
      1816.82,
      1265.16,
      1477.13
    ],
    "stopping_reason": "max_candidates",
    "operations": {
      "candidate_generation": 423,
      "feasibility_check": 400,
      "weight_evaluation": 400
    }
  }
}