{
  "graph": "graph_n13_d75_adj_matrix",
  "algorithm": "greedy",
  "result": {
    "graph_name": "graph_n13_d75_adj_matrix",
    "algorithm": "greedy",
    "best_weight": 2202.86,
    "best_matching": [
      5,
      7,
      25,
      39,
      44,
      51
    ],
    "runtime": 2.000028096999813,
    "candidates": 86,
    "improvements": 5,
    "duplicates": 118588,
    "infeasible": 0,
    "size_history": {
      "6": 20,
      "5": 25,
      "4": 28,
      "3": 12,
      "2": 1
    },
    "weight_history": [
      2167.19,
      2165.48,
      2182.72,
      2158.42,
      2089.68,
      2162.28,
      2142.79,
      1949.46,
      2186.58,
      2201.89,
      2134.31,
      2136.31,
      2202.86,
      2170.95,
      2122.77,
      2161.31,
      2157.77,
      2165.38,
      2142.24,
      2181.25,
      2081.2,
      1931.75,
      1964.6299999999999,
      1910.8899999999999,
      1978.17,
      1945.1599999999999,
      1993.8,
      1980.1599999999999,
      1940.23,
      1929.99,
      1993.6999999999998,
      1925.06,
      1984.67,
      1682.8999999999999,
      1775.61,
      1691.38,
      1667.73,
      1688.86,
      1700.6599999999999,
      1707.9299999999998,
      1717.9299999999998,
      1655.98,
      1685.49,
      1702.92,
      1424.8899999999999,
      1407.1299999999999,
      1415.6100000000001,
      1411.3,
      1356.84,
      972.76,
      1310.24,
      1348.53,
      1381.1,
      1339.5,
      1333.52,
      1676.21,
      1726.4099999999999,
      1664.46,
      1669.3899999999999,
      1704.3899999999999,
      1679.6399999999999,
      1708.9,
      1646.71,
      2002.1799999999998,
      1706.85,
      1670.8,
      1968.53,
      1916.58,
      1968.3899999999999,
      1983.6999999999998,
      1978.69,
      1963.52,
      1969.5,
      1940.24,
      1909.57,
      1926.06,
      1931.3999999999999,
      1342.1599999999999,
      1655.19,
      1717.01,
      1650.29,
      1638.96,
      1673.2199999999998,
      1656.87,
      1355.92,
      1635.42
    ],
    "stopping_reason": "time_limit",
    "operations": {
      "candidate_generation": 118674,
      "feasibility_check": 86,
      "weight_evaluation": 86
    }
  }
}