{
  "graph": "graph_n12_d50_adj_matrix",
  "algorithm": "random",
  "result": {
    "graph_name": "graph_n12_d50_adj_matrix",
    "algorithm": "random",
    "best_weight": 1974.08,
    "best_matching": [
      3,
      12,
      15,
      17,
      18,
      30
    ],
    "runtime": 0.007030410999504966,
    "candidates": 400,
    "improvements": 8,
    "duplicates": 93,
    "infeasible": 0,
    "size_history": {
      "5": 306,
      "4": 44,
      "6": 50
    },
    "weight_history": [
      1277.59,
      1525.26,
      1582.28,
      1331.0,
      1217.13,
      1399.25,
      1319.1000000000001,
      1485.47,
      1507.9099999999999,
      1247.79,
      1486.21,
      1620.72,
      1713.73,
      1497.3,
      982.52,
      1571.44,
      1461.15,
      1387.1,
      1313.2,
      1291.53,
      1531.33,
      1729.43,
      1523.51,
      1511.76,
      1420.26,
      1442.33,
      1372.71,
      1166.15,
      994.8199999999999,
      1531.53,
      1316.49,
      1278.71,
      1337.96,
      1595.49,
      1801.56,
      1493.87,
      1201.78,
      1449.93,
      1398.62,
      1315.66,
      1210.81,
      1441.4,
      1458.32,
      1236.89,
      1273.0,
      1536.0,
      1491.38,
      1086.17,
      1458.64,
      1706.93,
      999.65,
      1190.92,
      1289.75,
      993.02,
      1266.55,
      1123.42,
      1697.45,
      1510.44,
      1546.04,
      1333.27,
      1415.42,
      1148.48,
      1296.22,
      1203.75,
      1622.82,
      1162.66,
      1397.84,
      1435.7,
      1411.62,
      891.39,
      980.5,
      1361.07,
      1491.6,
      1722.8200000000002,
      1431.45,
      1382.24,
      1435.16,
      1608.46,
      1570.43,
      1490.27,
      1127.2,
      999.97,
      1598.67,
      1478.39,
      1421.3899999999999,
      1143.41,
      1271.67,
      1690.76,
      1182.0,
      1578.54,
      1385.5,
      1507.1100000000001,
      1517.15,
      1540.46,
      1457.9099999999999,
      1265.51,
      1337.3799999999999,
      1515.52,
      1398.4099999999999,
      1974.08,
      1059.19,
      1021.59,
      1174.45,
      1292.6,
      1388.8500000000001,
      1237.46,
      1479.6,
      1532.15,
      1051.37,
      1437.33,
      1461.09,
      1212.21,
      1562.44,
      881.97,
      1409.52,
      1673.17,
      1319.6100000000001,
      1376.8899999999999,
      1341.09,
      1658.41,
      1632.67,
      1358.26,
      1261.31,
      1033.24,
      1618.5,
      1183.75,
      1558.4,
      1591.5,
      1482.24,
      1504.3,
      1090.21,
      1374.26,
      1508.43,
      1706.17,
      1201.05,
      1675.16,
      1397.84,
      1561.87,
      1580.44,
      1403.6200000000001,
      1761.42,
      1547.45,
      1028.21,
      911.23,
      1737.6100000000001,
      1047.69,
      1769.13,
      1703.08,
      1590.3600000000001,
      1484.72,
      1579.3400000000001,
      1437.32,
      1504.78,
      1417.22,
      1609.66,
      641.77,
      1314.01,
      1141.31,
      1287.3,
      1246.6100000000001,
      1197.23,
      1321.8600000000001,
      1178.63,
      1474.9,
      825.08,
      1092.82,
      1187.8500000000001,
      1484.1100000000001,
      1253.45,
      1422.6399999999999,
      1483.85,
      1736.72,
      1297.88,
      1539.34,
      1275.16,
      1782.94,
      738.86,
      1480.99,
      1167.15,
      1142.69,
      1361.29,
      1214.23,
      1797.38,
      1402.75,
      988.84,
      1304.6000000000001,
      1795.1200000000001,
      1798.8000000000002,
      1231.71,
      1080.58,
      1355.18,
      1424.48,
      1543.89,
      1327.92,
      1385.52,
      1682.56,
      1689.29,
      1426.27,
      1545.04,
      1399.77,
      1101.2,
      1254.25,
      1110.59,
      1745.94,
      1407.23,
      1280.5900000000001,
      1290.5,
      1409.52,
      1187.65,
      1033.19,
      1377.54,
      1550.04,
      931.0699999999999,
      1645.51,
      1126.0,
      1797.71,
      1258.15,
      1416.38,
      1542.19,
      1410.56,
      1618.27,
      1378.3400000000001,
      1418.07,
      1326.56,
      1577.7,
      1413.38,
      1425.24,
      1228.22,
      1701.47,
      1338.48,
      1191.14,
      964.72,
      1263.33,
      931.93,
      1250.2,
      1179.11,
      1650.1,
      1600.84,
      1322.76,
      1377.3600000000001,
      1537.58,
      1253.94,
      1166.47,
      1291.79,
      1311.38,
      1417.48,
      1320.03,
      1476.65,
      1168.71,
      1152.59,
      706.88,
      1203.8899999999999,
      1315.59,
      1543.95,
      1247.64,
      1243.29,
      1384.75,
      1508.74,
      1519.8600000000001,
      1561.1100000000001,
      1395.77,
      1358.56,
      1363.19,
      1336.0500000000002,
      1266.12,
      1359.11,
      1398.8899999999999,
      1065.38,
      1103.15,
      1255.92,
      1638.93,
      792.03,
      1409.24,
      1088.9,
      1148.67,
      1355.83,
      1451.71,
      866.3199999999999,
      1099.3,
      1245.06,
      1472.07,
      1970.23,
      1457.0,
      1213.51,
      1356.28,
      1037.02,
      1363.96,
      1534.44,
      1392.43,
      1412.66,
      924.18,
      1592.58,
      1146.44,
      1062.33,
      922.9300000000001,
      1302.5,
      981.33,
      1482.23,
      1530.05,
      1231.76,
      1152.81,
      1357.98,
      1132.26,
      1137.68,
      1426.6200000000001,
      1308.48,
      1272.18,
      1466.59,
      1277.8899999999999,
      1373.67,
      1312.3999999999999,
      1140.68,
      1079.46,
      1427.6,
      1326.68,
      1389.86,
      1438.46,
      1176.72,
      1290.1399999999999,
      1130.13,
      1175.51,
      1585.3400000000001,
      1299.94,
      1346.03,
      1349.92,
      1495.74,
      1151.2,
      1434.47,
      1610.08,
      1326.69,
      1237.34,
      1747.52,
      1388.72,
      1326.65,
      1541.88,
      840.53,
      1581.25,
      1704.43,
      1542.21,
      1086.2,
      1618.19,
      1741.46,
      1347.29,
      1536.8,
      1296.49,
      1390.5,
      1135.73,
      1594.96,
      1312.17,
      1432.71,
      1124.75,
      1696.3600000000001,
      1708.19,
      1003.02,
      1799.13,
      1179.04,
      1513.35,
      1138.56,
      1589.19,
      1429.22,
      1127.8600000000001,
      945.91,
      1261.95,
      1638.8600000000001,
      1243.31,
      1523.56,
      1417.32,
      1769.28,
      1171.9,
      1515.01,
      1068.78,
      1422.59,
      1385.0,
      1392.3799999999999,
      1589.95,
      1687.48,
      1019.6700000000001,
      1355.03,
      1692.27,
      1225.3,
      1575.48,
      1425.43,
      1305.74,
      1402.22,
      1265.25,
      1232.31,
      1781.78,
      1093.76,
      1514.39,
      1408.08,
      1312.32,
      1177.94,
      1291.6000000000001,
      945.06,
      1809.54,
      1673.64,
      1546.27,
      993.3100000000001,
      1634.77,
      1186.08
    ],
    "stopping_reason": "max_candidates",
    "operations": {
      "candidate_generation": 493,
      "feasibility_check": 400,
      "weight_evaluation": 400
    }
  }
}