{
  "graph": "graph_n10_d75_adj_matrix",
  "algorithm": "random",
  "result": {
    "graph_name": "graph_n10_d75_adj_matrix",
    "algorithm": "random",
    "best_weight": 1775.43,
    "best_matching": [
      3,
      9,
      14,
      15,
      31
    ],
    "runtime": 2.0000425319994974,
    "candidates": 358,
    "improvements": 9,
    "duplicates": 187733,
    "infeasible": 0,
    "size_history": {
      "4": 95,
      "5": 28,
      "3": 109,
      "2": 93,
      "1": 33
    },
    "weight_history": [
      684.1,
      1187.89,
      1208.1100000000001,
      1163.9099999999999,
      1082.2,
      853.6,
      503.9,
      1205.0,
      1077.77,
      706.54,
      853.8,
      800.98,
      619.88,
      642.29,
      500.99,
      852.44,
      905.43,
      886.79,
      774.42,
      868.4,
      867.54,
      633.08,
      587.36,
      364.12,
      525.11,
      755.48,
      341.44,
      145.94,
      323.47,
      282.91999999999996,
      754.76,
      489.24,
      773.22,
      600.8900000000001,
      782.21,
      1075.06,
      522.25,
      773.35,
      738.51,
      660.83,
      1056.78,
      841.34,
      1208.67,
      876.68,
      1417.82,
      504.83000000000004,
      1232.6299999999999,
      817.6899999999999,
      898.04,
      1128.1000000000001,
      1392.58,
      1001.4000000000001,
      1424.5700000000002,
      972.88,
      1089.4,
      1298.51,
      1048.21,
      857.01,
      947.84,
      975.79,
      1149.12,
      1468.85,
      1107.37,
      1172.07,
      1043.98,
      1180.04,
      1224.99,
      847.4100000000001,
      956.29,
      1648.8,
      1396.15,
      981.74,
      1775.43,
      1437.93,
      1437.79,
      853.8299999999999,
      566.33,
      923.54,
      1043.67,
      704.0,
      1166.32,
      1216.3,
      1331.44,
      864.04,
      1374.85,
      842.36,
      977.34,
      1285.1399999999999,
      350.37,
      724.87,
      602.47,
      1357.52,
      569.25,
      564.59,
      676.44,
      646.7800000000001,
      622.87,
      824.0,
      401.80999999999995,
      742.1,
      960.48,
      1295.96,
      1189.4299999999998,
      1372.53,
      1026.34,
      772.77,
      1209.4,
      660.71,
      1165.31,
      880.74,
      887.88,
      666.3,
      952.48,
      771.8100000000001,
      736.08,
      776.3399999999999,
      1006.54,
      1352.07,
      1529.51,
      1356.02,
      662.75,
      1191.66,
      1314.05,
      915.79,
      799.11,
      905.8,
      923.54,
      795.3,
      1120.24,
      1265.34,
      1206.77,
      1081.56,
      1237.26,
      1416.2,
      1191.8,
      954.73,
      1136.44,
      1394.46,
      596.25,
      997.59,
      1764.48,
      781.15,
      1193.74,
      365.73,
      843.87,
      740.03,
      899.99,
      1485.1599999999999,
      1228.33,
      686.83,
      821.0600000000001,
      1210.47,
      547.84,
      1001.77,
      1357.26,
      588.7,
      784.67,
      1145.6399999999999,
      332.69,
      888.63,
      508.12,
      963.3,
      1072.82,
      1136.03,
      722.54,
      365.27,
      322.08,
      533.95,
      133.15,
      485.68999999999994,
      387.1,
      613.81,
      606.23,
      228.06,
      662.2,
      321.4,
      737.6099999999999,
      751.5699999999999,
      520.9200000000001,
      944.96,
      635.36,
      356.02,
      787.4,
      1155.04,
      739.9,
      212.07,
      629.71,
      453.12,
      569.62,
      471.96,
      440.28,
      187.98,
      441.84,
      576.68,
      280.15,
      725.97,
      380.55,
      239.04000000000002,
      726.1700000000001,
      754.73,
      842.97,
      999.0,
      988.02,
      745.97,
      578.59,
      498.23,
      722.06,
      1100.18,
      666.03,
      348.97,
      697.45,
      573.12,
      753.63,
      559.67,
      412.83,
      711.14,
      105.02,
      87.71,
      524.8499999999999,
      518.88,
      974.6,
      221.18,
      820.99,
      716.49,
      591.78,
      740.1700000000001,
      949.74,
      1060.74,
      771.24,
      932.1700000000001,
      214.39999999999998,
      502.21,
      684.36,
      618.2,
      429.37,
      271.77,
      403.4,
      546.14,
      710.57,
      684.36,
      613.81,
      697.6800000000001,
      536.65,
      1018.3700000000001,
      637.25,
      396.51,
      502.05,
      881.08,
      1153.4,
      1188.07,
      544.38,
      1028.48,
      748.8000000000001,
      494.5,
      221.82999999999998,
      694.9000000000001,
      605.11,
      234.06,
      795.4300000000001,
      292.41,
      114.13,
      645.68,
      367.93,
      206.6,
      26.42,
      361.68,
      151.33,
      391.95,
      374.21,
      381.27,
      280.22,
      239.18,
      128.0,
      575.13,
      266.66,
      646.76,
      613.39,
      519.4000000000001,
      673.6800000000001,
      220.91,
      715.16,
      345.26,
      641.9000000000001,
      113.21,
      526.76,
      449.56000000000006,
      455.72,
      399.81000000000006,
      445.12,
      323.21,
      162.48,
      253.73,
      201.64,
      25.5,
      270.25,
      107.97,
      292.41,
      401.65999999999997,
      717.0699999999999,
      768.3299999999999,
      651.52,
      847.6700000000001,
      578.27,
      615.8800000000001,
      397.04999999999995,
      412.85,
      376.76,
      254.09,
      963.74,
      541.37,
      633.0699999999999,
      557.53,
      911.96,
      500.56,
      688.02,
      384.98,
      726.67,
      824.2900000000001,
      724.9300000000001,
      1359.47,
      1248.9,
      1196.76,
      1650.23,
      1035.66,
      1068.97,
      693.21,
      690.27,
      922.64,
      1355.8700000000001,
      1722.84,
      574.99,
      586.0899999999999,
      906.22,
      731.89,
      468.37,
      933.64,
      1153.1299999999999,
      921.35,
      522.34,
      1003.55,
      732.17,
      306.64000000000004,
      479.65999999999997,
      950.17,
      188.89999999999998,
      443.74,
      420.41,
      411.18,
      488.52,
      631.13,
      915.7,
      290.48,
      325.12,
      120.44,
      214.28,
      195.41,
      78.6,
      126.09
    ],
    "stopping_reason": "time_limit",
    "operations": {
      "candidate_generation": 188091,
      "feasibility_check": 358,
      "weight_evaluation": 358
    }
  }
}