{
  "graph": "graph_n12_d75_adj_matrix",
  "algorithm": "greedy",
  "result": {
    "graph_name": "graph_n12_d75_adj_matrix",
    "algorithm": "greedy",
    "best_weight": 2005.75,
    "best_matching": [
      3,
      8,
      20,
      27,
      35,
      45
    ],
    "runtime": 2.000033104000977,
    "candidates": 96,
    "improvements": 4,
    "duplicates": 116533,
    "infeasible": 0,
    "size_history": {
      "6": 34,
      "5": 39,
      "4": 19,
      "3": 4
    },
    "weight_history": [
      1864.32,
      1770.74,
      1713.88,
      1980.1,
      1993.92,
      1754.24,
      1911.65,
      1897.83,
      1679.74,
      1675.7,
      1821.03,
      1834.85,
      1697.38,
      1963.6,
      2005.75,
      1878.1399999999999,
      1977.42,
      1991.93,
      1732.56,
      1689.1,
      1987.69,
      1695.1,
      1836.25,
      1734.69,
      1693.68,
      1736.97,
      1691.4,
      1770.48,
      1548.18,
      1655.5,
      1833.97,
      1673.42,
      1711.6,
      1541.47,
      1663.96,
      1352.68,
      1581.69,
      1522.69,
      1539.19,
      1524.97,
      1525.09,
      1573.1399999999999,
      1325.78,
      1503.29,
      1768.2,
      1850.47,
      1801.18,
      1682.6399999999999,
      1696.24,
      1642.41,
      1852.75,
      1770.23,
      1674.9,
      1677.18,
      1782.26,
      1647.46,
      1314.5,
      1618.37,
      1501.01,
      1508.59,
      1502.59,
      1486.91,
      1675.79,
      1273.94,
      1602.08,
      1601.87,
      1804.88,
      1864.58,
      1746.52,
      1653.22,
      1794.56,
      1862.3,
      1788.38,
      1688.49,
      1658.06,
      1788.5900000000001,
      1722.0,
      1818.35,
      1782.85,
      1804.53,
      1796.67,
      1845.54,
      1829.8899999999999,
      1896.04,
      1889.97,
      1876.15,
      1879.05,
      1680.59,
      1863.4,
      1664.09,
      1795.11,
      1841.72,
      1857.37,
      1744.55,
      1866.57,
      1846.03
    ],
    "stopping_reason": "time_limit",
    "operations": {
      "candidate_generation": 116629,
      "feasibility_check": 96,
      "weight_evaluation": 96
    }
  }
}