{
  "graph": "graph_n12_d50_adj_matrix",
  "algorithm": "random",
  "result": {
    "graph_name": "graph_n12_d50_adj_matrix",
    "algorithm": "random",
    "best_weight": 1974.08,
    "best_matching": [
      3,
      12,
      15,
      17,
      18,
      30
    ],
    "runtime": 0.006650122999417363,
    "candidates": 400,
    "improvements": 6,
    "duplicates": 80,
    "infeasible": 0,
    "size_history": {
      "5": 266,
      "4": 82,
      "3": 12,
      "6": 40
    },
    "weight_history": [
      1585.3400000000001,
      1371.05,
      1398.8899999999999,
      1511.33,
      1311.38,
      1446.26,
      1190.61,
      891.39,
      1232.07,
      1277.59,
      1381.02,
      1200.1100000000001,
      1077.3600000000001,
      1036.08,
      1126.2,
      1043.93,
      1121.44,
      938.32,
      982.3399999999999,
      1093.29,
      1304.1100000000001,
      801.13,
      1578.04,
      1292.6,
      1323.59,
      1312.3999999999999,
      1163.26,
      1710.02,
      1414.79,
      1121.47,
      940.31,
      1460.95,
      1333.26,
      893.6,
      928.96,
      1038.8400000000001,
      899.16,
      1217.81,
      1350.69,
      901.94,
      964.55,
      1159.75,
      1038.77,
      1094.55,
      1247.64,
      933.59,
      951.72,
      1287.3,
      1094.76,
      1211.91,
      1490.31,
      1220.8700000000001,
      1178.63,
      931.93,
      1302.5,
      1562.44,
      1326.56,
      1417.3899999999999,
      1257.75,
      1688.8700000000001,
      1325.29,
      1348.47,
      1507.54,
      738.86,
      1504.78,
      1219.73,
      1426.3,
      899.12,
      1277.77,
      1349.3,
      1522.5,
      1201.05,
      1028.21,
      1482.1100000000001,
      1442.32,
      1299.5,
      1710.14,
      804.51,
      1197.65,
      1553.89,
      1304.77,
      1175.06,
      1426.1399999999999,
      1247.79,
      1282.95,
      1128.6,
      1261.31,
      1171.9,
      1103.15,
      1254.25,
      1501.79,
      1479.72,
      1799.13,
      1410.64,
      1320.92,
      1437.33,
      1626.6100000000001,
      1558.4,
      931.0699999999999,
      1166.3799999999999,
      1761.42,
      1569.42,
      1359.68,
      1231.71,
      1277.1399999999999,
      1356.28,
      1483.85,
      1406.8899999999999,
      1565.27,
      1237.34,
      1175.51,
      834.44,
      1797.38,
      1128.75,
      1307.79,
      1519.8600000000001,
      1312.32,
      1801.56,
      1600.84,
      1429.29,
      1397.84,
      1101.2,
      1303.97,
      1474.13,
      1101.4,
      1097.89,
      1322.76,
      1569.93,
      1700.7,
      1450.79,
      1201.93,
      1283.98,
      992.55,
      1306.75,
      1312.48,
      1045.74,
      794.65,
      1356.22,
      1254.8899999999999,
      918.26,
      1696.3600000000001,
      1124.75,
      743.6,
      887.9,
      796.71,
      783.49,
      1059.42,
      1018.47,
      494.84,
      1100.52,
      778.07,
      883.9200000000001,
      865.38,
      1043.36,
      1013.22,
      1048.45,
      1152.56,
      1152.98,
      896.57,
      917.27,
      976.53,
      808.55,
      1284.33,
      1189.64,
      1359.55,
      1312.21,
      1475.92,
      1402.73,
      1103.74,
      1399.77,
      1335.49,
      1504.3,
      1369.97,
      1088.9,
      1110.11,
      1425.5,
      1493.87,
      680.52,
      1605.7,
      1391.48,
      1138.67,
      1316.02,
      1699.3700000000001,
      1079.46,
      1542.21,
      1263.71,
      1223.73,
      1542.19,
      1551.13,
      1093.76,
      1036.34,
      1517.15,
      1449.78,
      1700.21,
      1158.46,
      1129.83,
      1514.39,
      1521.46,
      1188.29,
      1638.8600000000001,
      1411.62,
      1590.3600000000001,
      1739.6200000000001,
      1458.32,
      1515.01,
      1744.48,
      1308.48,
      1164.3999999999999,
      1387.1,
      1245.06,
      1326.65,
      1407.23,
      1747.52,
      1127.2,
      1589.53,
      1425.79,
      1377.54,
      1343.19,
      1586.35,
      1397.84,
      1162.66,
      1177.94,
      1416.38,
      1023.8800000000001,
      1296.46,
      1271.67,
      1167.15,
      1358.03,
      1346.03,
      1266.55,
      1462.78,
      1152.88,
      1240.02,
      1484.72,
      1974.08,
      1024.06,
      1364.07,
      1412.66,
      1612.31,
      1191.14,
      1220.84,
      1523.56,
      1781.19,
      1396.34,
      1507.68,
      1467.28,
      866.3199999999999,
      993.3100000000001,
      1673.1000000000001,
      1021.42,
      1417.32,
      1608.46,
      1416.25,
      1578.54,
      1430.81,
      1634.77,
      1418.97,
      1296.92,
      1492.7,
      1291.53,
      1791.02,
      1367.08,
      1054.15,
      1777.1200000000001,
      1417.05,
      1505.28,
      1752.46,
      1304.6000000000001,
      1170.12,
      1478.39,
      1308.6200000000001,
      1618.5,
      1461.09,
      1431.45,
      1697.45,
      1656.51,
      1640.81,
      1581.25,
      1432.11,
      1206.65,
      1213.28,
      1137.32,
      1466.83,
      1377.3600000000001,
      1514.39,
      1237.2,
      1482.24,
      1380.28,
      1344.08,
      1417.22,
      1617.96,
      978.0,
      1578.3600000000001,
      1474.9,
      1595.49,
      1089.19,
      1496.06,
      1798.8000000000002,
      1188.03,
      1630.6200000000001,
      1482.23,
      1575.48,
      1088.2,
      1469.77,
      1062.33,
      1970.23,
      1547.8,
      1306.8400000000001,
      1199.03,
      1671.35,
      1497.3,
      1539.34,
      1144.59,
      1300.4,
      1047.69,
      1302.85,
      1350.28,
      1212.98,
      1107.8700000000001,
      1781.78,
      1141.31,
      1382.72,
      1009.67,
      1466.59,
      1372.1100000000001,
      1210.81,
      1045.11,
      1263.51,
      1507.9099999999999,
      1580.64,
      1425.43,
      1356.22,
      1479.6,
      1615.74,
      1530.57,
      1409.24,
      1417.63,
      1561.87,
      1335.73,
      1409.52,
      899.05,
      1546.04,
      1355.83,
      1417.53,
      1393.71,
      1406.79,
      1762.1100000000001,
      1664.8600000000001,
      1080.15,
      1690.97,
      1111.63,
      1641.38,
      1962.74,
      1276.85,
      1495.56,
      1689.29,
      1342.02,
      1132.26,
      1203.8899999999999,
      1532.15,
      1809.54,
      1276.23,
      1544.31,
      920.02,
      1312.63,
      1435.16,
      1598.67,
      1445.63,
      1359.1,
      1105.41,
      911.23,
      1289.75,
      1408.69,
      1299.38,
      1244.25,
      1610.08,
      1573.54,
      1694.6100000000001,
      1722.8200000000002,
      1516.97,
      1301.81,
      1263.43,
      1687.48,
      1546.27,
      1385.8600000000001,
      1086.2,
      1248.36,
      1531.33,
      1312.17,
      1095.04,
      979.38,
      1326.69,
      1464.49,
      1540.46,
      1044.71,
      1347.29,
      1571.44,
      1703.08,
      1537.58,
      815.07
    ],
    "stopping_reason": "max_candidates",
    "operations": {
      "candidate_generation": 480,
      "feasibility_check": 400,
      "weight_evaluation": 400
    }
  }
}