{
  "graph": "graph_n18_d50_adj_matrix",
  "algorithm": "local",
  "result": {
    "graph_name": "graph_n18_d50_adj_matrix",
    "algorithm": "local",
    "best_weight": 3290.24,
    "best_matching": [
      1,
      6,
      13,
      33,
      44,
      58,
      63,
      71,
      73
    ],
    "runtime": 2.0025189989992214,
    "candidates": 196,
    "improvements": 1,
    "duplicates": 441,
    "infeasible": 0,
    "size_history": {
      "9": 122,
      "8": 73,
      "7": 1
    },
    "weight_history": [
      3290.24,
      3047.85,
      3152.2599999999998,
      3149.34,
      3026.54,
      3257.48,
      3265.69,
      3189.19,
      3138.84,
      3169.71,
      3224.78,
      3125.44,
      3127.28,
      3139.58,
      3112.28,
      3056.06,
      3099.4700000000003,
      3147.79,
      3143.51,
      3158.6,
      3200.94,
      2968.11,
      3219.9,
      3276.12,
      3047.85,
      3219.72,
      3143.1,
      3274.0,
      3181.1,
      3177.4,
      3245.16,
      3166.38,
      3115.68,
      3164.44,
      3223.31,
      3205.71,
      3213.85,
      3088.78,
      3161.5,
      3139.31,
      3108.08,
      3194.2200000000003,
      2960.85,
      3110.05,
      3199.98,
      3174.2799999999997,
      3040.78,
      3030.3199999999997,
      3111.83,
      3070.0099999999998,
      3022.64,
      3083.33,
      3153.85,
      3135.05,
      3118.11,
      3130.12,
      3228.46,
      3014.94,
      3080.4,
      3099.27,
      3228.9,
      3215.2,
      3199.37,
      3120.56,
      3154.16,
      3128.32,
      3089.58,
      3163.26,
      3271.1,
      3154.02,
      3047.39,
      3018.5,
      3282.21,
      3124.63,
      3252.1,
      3150.76,
      3167.66,
      3136.46,
      3097.35,
      3185.73,
      3074.76,
      3164.25,
      3117.48,
      3133.96,
      3135.49,
      3172.12,
      3068.11,
      3086.08,
      3182.58,
      3180.96,
      3146.48,
      3131.07,
      3032.14,
      3279.36,
      3231.52,
      3022.17,
      3228.9,
      3069.63,
      3060.14,
      3021.23,
      3064.35,
      3243.95,
      3144.46,
      3151.91,
      3247.46,
      3112.05,
      3098.89,
      3137.94,
      3206.52,
      3181.91,
      3254.58,
      3112.78,
      3211.39,
      3080.46,
      3183.15,
      3157.31,
      3149.95,
      3168.2200000000003,
      3148.9,
      3158.3,
      3150.15,
      3102.94,
      3073.79,
      2939.92,
      3059.06,
      3146.84,
      3241.75,
      3143.39,
      3012.18,
      3124.08,
      3173.57,
      3246.4,
      3171.4900000000002,
      3129.0,
      3140.02,
      3117.65,
      3138.73,
      3158.78,
      3200.62,
      3257.71,
      3138.82,
      3110.08,
      3162.81,
      3107.37,
      3118.4900000000002,
      3119.69,
      3122.26,
      3073.92,
      3155.98,
      3030.76,
      3156.2200000000003,
      3241.19,
      3121.27,
      3228.2,
      3147.92,
      3150.39,
      3191.88,
      3132.34,
      3218.63,
      3204.25,
      3008.3,
      3216.58,
      3176.63,
      3168.78,
      3073.42,
      3026.41,
      3111.21,
      3151.14,
      3191.67,
      3108.2,
      3115.3,
      3203.09,
      3152.99,
      3181.64,
      3285.06,
      3206.62,
      3092.4900000000002,
      3043.7599999999998,
      3120.9,
      3173.7200000000003,
      3137.23,
      3245.42,
      3134.92,
      3138.7200000000003,
      3227.07,
      3103.2,
      3012.7599999999998,
      3211.8,
      3037.4,
      3234.05,
      3090.4,
      3270.9,
      3137.75,
      3088.11,
      3135.94,
      3161.6
    ],
    "stopping_reason": "time_limit",
    "operations": {
      "candidate_generation": 637,
      "feasibility_check": 196,
      "weight_evaluation": 196
    }
  }
}