{
  "graph": "graph_n20_d75_adj_matrix",
  "algorithm": "greedy",
  "result": {
    "graph_name": "graph_n20_d75_adj_matrix",
    "algorithm": "greedy",
    "best_weight": 3487.11,
    "best_matching": [
      2,
      22,
      33,
      53,
      57,
      83,
      90,
      102,
      116,
      140
    ],
    "runtime": 0.025739084998349426,
    "candidates": 400,
    "improvements": 4,
    "duplicates": 222,
    "infeasible": 0,
    "size_history": {
      "10": 104,
      "9": 102,
      "8": 65,
      "7": 26,
      "6": 25,
      "5": 23,
      "4": 20,
      "3": 23,
      "2": 11,
      "1": 1
    },
    "weight_history": [
      3437.79,
      3336.74,
      3410.13,
      3398.78,
      3460.27,
      3374.99,
      3295.69,
      3206.5,
      3408.09,
      3418.6,
      3376.77,
      3340.09,
      3323.4,
      3420.95,
      3413.8,
      3162.87,
      3451.43,
      3410.0299999999997,
      3385.61,
      3447.06,
      3446.63,
      3156.37,
      3303.55,
      3295.48,
      3245.75,
      3107.16,
      3315.61,
      3422.1,
      3254.35,
      3162.71,
      3321.15,
      3390.41,
      3286.74,
      3355.82,
      3303.52,
      3255.83,
      3425.69,
      3164.2,
      3447.97,
      3359.2599999999998,
      3246.99,
      3380.66,
      3200.25,
      3442.49,
      3247.77,
      3116.71,
      3454.0099999999998,
      3216.98,
      3303.37,
      3388.38,
      3261.27,
      3436.55,
      3389.5,
      3194.81,
      3198.7,
      3207.85,
      3224.14,
      3305.8199999999997,
      3230.46,
      3191.37,
      3118.26,
      3218.98,
      3263.29,
      3213.27,
      3199.01,
      3210.49,
      2955.22,
      3051.25,
      2997.75,
      3009.25,
      2692.38,
      3059.7200000000003,
      2980.9,
      3078.91,
      3008.27,
      3009.72,
      3024.85,
      3032.01,
      3203.27,
      3301.27,
      3256.14,
      3194.82,
      3222.55,
      3295.14,
      3329.99,
      3218.0299999999997,
      3196.09,
      3050.95,
      3392.57,
      3456.82,
      3405.03,
      3240.45,
      3443.32,
      3286.6099999999997,
      3438.22,
      3482.87,
      3412.11,
      3286.85,
      3263.33,
      3219.23,
      3401.29,
      3393.43,
      3305.46,
      3450.33,
      3323.22,
      3473.9,
      3323.39,
      3420.29,
      3320.43,
      3217.82,
      3407.7799999999997,
      3465.06,
      3441.66,
      3307.6,
      3357.39,
      3177.09,
      3478.19,
      3212.7,
      3177.92,
      3209.12,
      3371.52,
      3197.51,
      3247.25,
      3244.7999999999997,
      3208.38,
      3250.21,
      3406.63,
      3251.27,
      3189.32,
      3269.4,
      3215.34,
      3215.94,
      3041.57,
      3260.56,
      3033.69,
      3068.27,
      3074.77,
      2988.1,
      3017.89,
      3068.56,
      2732.04,
      3077.67,
      3085.26,
      3230.55,
      3161.61,
      3310.19,
      3260.84,
      3291.95,
      3248.46,
      3245.79,
      3301.22,
      3212.27,
      3319.0299999999997,
      3243.72,
      3403.5,
      3251.69,
      3312.48,
      3339.78,
      3427.44,
      3328.5099999999998,
      3263.02,
      3348.3,
      3471.7,
      3372.05,
      3465.74,
      3224.77,
      3478.27,
      3487.11,
      3227.32,
      3383.58,
      3432.92,
      3418.87,
      3465.66,
      3335.56,
      3404.28,
      3206.89,
      3288.51,
      3284.14,
      3167.36,
      3210.92,
      3294.78,
      3198.3,
      3015.86,
      3241.37,
      3240.79,
      3230.62,
      3191.97,
      3053.23,
      3062.07,
      3001.16,
      3030.62,
      2969.12,
      3032.0499999999997,
      3077.11,
      3087.75,
      2958.24,
      2766.19,
      3035.14,
      3207.98,
      3203.96,
      3240.13,
      3221.55,
      3217.8199999999997,
      3035.69,
      3202.18,
      3264.98,
      3226.34,
      3304.94,
      3201.5299999999997,
      2998.18,
      2795.08,
      3010.62,
      3025.0699999999997,
      3055.06,
      2988.75,
      3058.06,
      3068.28,
      3085.18,
      2996.85,
      3021.78,
      3286.2200000000003,
      3288.46,
      3240.37,
      3219.64,
      3226.13,
      3267.94,
      3229.13,
      3219.66,
      3194.48,
      3212.9,
      3252.0,
      3433.65,
      3330.07,
      3448.3,
      3231.2999999999997,
      3374.94,
      3427.16,
      3431.41,
      3185.36,
      3407.62,
      3227.8,
      3263.2,
      3254.0899999999997,
      3202.08,
      3218.18,
      3035.96,
      3225.51,
      3265.86,
      3199.54,
      3228.34,
      3218.48,
      3239.77,
      3089.09,
      2956.6,
      3005.69,
      3059.9,
      2944.95,
      3014.8,
      3059.35,
      3150.15,
      3012.83,
      2987.11,
      3059.3,
      3058.56,
      2767.34,
      2817.98,
      3042.04,
      2749.73,
      2728.32,
      2768.18,
      2811.13,
      2768.54,
      2732.2,
      2756.96,
      2729.92,
      2858.54,
      3082.88,
      2996.46,
      3083.61,
      3005.96,
      2747.49,
      2929.57,
      2979.6,
      3017.13,
      2992.02,
      3017.13,
      2726.09,
      2777.02,
      2826.8199999999997,
      2744.71,
      2745.39,
      2787.97,
      2767.21,
      2765.9,
      2436.21,
      2740.76,
      2716.98,
      2500.06,
      2474.68,
      2483.52,
      2450.2,
      2399.01,
      2421.89,
      2389.42,
      2388.13,
      2435.23,
      2480.88,
      2450.26,
      2508.9,
      2124.05,
      2072.2,
      2025.1799999999998,
      2083.39,
      2147.97,
      2108.6,
      2392.95,
      2137.95,
      2032.37,
      2156.81,
      2435.48,
      2384.4,
      2453.27,
      2443.47,
      2474.73,
      2450.81,
      2468.32,
      2354.7799999999997,
      2459.18,
      2385.79,
      2782.89,
      2098.72,
      2056.38,
      2129.11,
      2086.15,
      2069.44,
      2083.73,
      2452.68,
      2110.02,
      2116.23,
      2126.47,
      2042.7,
      1780.8,
      1697.63,
      1382.71,
      1728.28,
      1731.01,
      1785.86,
      1737.37,
      1771.96,
      1721.92,
      1333.59,
      1673.23,
      1366.72,
      1328.84,
      1314.03,
      1391.8,
      1325.77,
      948.1199999999999,
      1336.23,
      1347.4099999999999,
      1377.65,
      1264.35,
      1358.42,
      972.41,
      908.79,
      981.5,
      942.17,
      910.53,
      933.0799999999999,
      948.1199999999999,
      921.31,
      518.16,
      918.54,
      886.24,
      1375.56,
      1351.27,
      1386.74,
      1320.83,
      1271.5,
      1332.1299999999999,
      1310.02,
      1323.04,
      1351.27,
      1338.32,
      1323.78,
      1777.02,
      1680.1399999999999,
      1729.74,
      1756.51,
      1762.75,
      1736.19,
      1718.8,
      1657.8,
      1741.47,
      1710.79,
      1756.51,
      2086.8199999999997,
      2121.41,
      2114.84,
      2064.5299999999997
    ],
    "stopping_reason": "max_candidates",
    "operations": {
      "candidate_generation": 622,
      "feasibility_check": 400,
      "weight_evaluation": 400
    }
  }
}