{
  "graph": "graph_n8_d25_adj_matrix",
  "algorithm": "random",
  "result": {
    "graph_name": "graph_n8_d25_adj_matrix",
    "algorithm": "random",
    "best_weight": 1373.58,
    "best_matching": [
      0,
      5,
      6
    ],
    "runtime": 2.000017141999706,
    "candidates": 10,
    "improvements": 2,
    "duplicates": 378301,
    "infeasible": 0,
    "size_history": {
      "3": 9,
      "2": 1
    },
    "weight_history": [
      1072.16,
      507.99,
      742.4100000000001,
      627.54,
      1373.58,
      384.94,
      928.9599999999999,
      415.54999999999995,
      901.32,
      952.61
    ],
    "stopping_reason": "time_limit",
    "operations": {
      "candidate_generation": 378311,
      "feasibility_check": 10,
      "weight_evaluation": 10
    }
  }
}