{
  "graph": "graph_n15_d25_adj_matrix",
  "algorithm": "greedy",
  "result": {
    "graph_name": "graph_n15_d25_adj_matrix",
    "algorithm": "greedy",
    "best_weight": 2670.74,
    "best_matching": [
      6,
      10,
      11,
      14,
      17,
      20,
      25
    ],
    "runtime": 2.0000274970007013,
    "candidates": 31,
    "improvements": 3,
    "duplicates": 188810,
    "infeasible": 0,
    "size_history": {
      "6": 21,
      "7": 7,
      "5": 3
    },
    "weight_history": [
      2298.62,
      2438.94,
      2127.36,
      2375.96,
      2405.74,
      2311.89,
      2342.76,
      2670.74,
      2009.29,
      2607.76,
      2241.09,
      2293.6,
      2301.45,
      2141.72,
      2033.6200000000001,
      2248.91,
      2020.11,
      2238.4700000000003,
      2215.71,
      2191.37,
      2356.58,
      2061.8,
      2543.69,
      2202.2599999999998,
      2480.71,
      2373.52,
      2076.64,
      2247.9,
      2246.5,
      2164.19,
      2395.9900000000002
    ],
    "stopping_reason": "time_limit",
    "operations": {
      "candidate_generation": 188841,
      "feasibility_check": 31,
      "weight_evaluation": 31
    }
  }
}