{
  "graph": "graph_n19_d75_adj_matrix",
  "algorithm": "local",
  "result": {
    "graph_name": "graph_n19_d75_adj_matrix",
    "algorithm": "local",
    "best_weight": 2872.74,
    "best_matching": [
      8,
      19,
      26,
      36,
      53,
      59,
      76,
      97,
      116
    ],
    "runtime": 2.0014097220009717,
    "candidates": 304,
    "improvements": 4,
    "duplicates": 255,
    "infeasible": 0,
    "size_history": {
      "8": 43,
      "7": 1,
      "9": 260
    },
    "weight_history": [
      2723.86,
      2628.37,
      2605.12,
      2617.0,
      2596.57,
      2596.1800000000003,
      2514.44,
      2549.95,
      2684.09,
      2711.71,
      2676.31,
      2719.16,
      2765.29,
      2675.69,
      2646.06,
      2747.58,
      2853.36,
      2663.57,
      2637.1,
      2614.83,
      2729.31,
      2604.9,
      2741.0299999999997,
      2718.76,
      2697.05,
      2725.08,
      2688.91,
      2762.99,
      2727.5099999999998,
      2743.5299999999997,
      2716.39,
      2755.13,
      2660.4300000000003,
      2672.21,
      2695.98,
      2676.62,
      2734.3,
      2831.09,
      2623.4700000000003,
      2603.06,
      2743.02,
      2814.59,
      2709.66,
      2720.17,
      2694.98,
      2741.85,
      2677.19,
      2694.03,
      2702.81,
      2761.86,
      2685.31,
      2627.68,
      2635.71,
      2673.57,
      2673.85,
      2754.06,
      2700.97,
      2795.14,
      2694.12,
      2785.41,
      2718.35,
      2606.62,
      2656.98,
      2694.28,
      2739.59,
      2630.45,
      2724.73,
      2657.73,
      2614.82,
      2722.59,
      2613.98,
      2728.01,
      2675.23,
      2720.45,
      2619.04,
      2659.26,
      2872.74,
      2514.04,
      2714.23,
      2674.56,
      2602.08,
      2709.6,
      2663.87,
      2808.82,
      2774.51,
      2693.55,
      2661.65,
      2726.22,
      2710.72,
      2781.24,
      2712.59,
      2610.83,
      2686.45,
      2690.09,
      2718.79,
      2755.18,
      2689.9900000000002,
      2609.77,
      2636.01,
      2704.45,
      2720.94,
      2738.45,
      2599.42,
      2671.32,
      2663.77,
      2717.52,
      2759.51,
      2751.54,
      2696.52,
      2726.65,
      2663.68,
      2613.03,
      2695.93,
      2699.43,
      2714.11,
      2586.19,
      2725.2,
      2743.15,
      2784.19,
      2746.37,
      2672.55,
      2830.04,
      2733.35,
      2639.69,
      2673.69,
      2802.09,
      2632.2,
      2806.32,
      2707.38,
      2729.55,
      2758.56,
      2686.93,
      2641.11,
      2625.25,
      2745.86,
      2710.43,
      2774.84,
      2639.37,
      2668.5,
      2637.01,
      2727.27,
      2665.45,
      2674.58,
      2866.01,
      2698.93,
      2698.33,
      2692.37,
      2677.83,
      2571.64,
      2700.97,
      2818.7400000000002,
      2705.7400000000002,
      2633.63,
      2730.42,
      2741.2,
      2763.0,
      2659.62,
      2654.18,
      2728.13,
      2660.13,
      2747.47,
      2659.0299999999997,
      2687.4700000000003,
      2849.21,
      2630.37,
      2753.6800000000003,
      2594.4,
      2718.96,
      2693.2,
      2669.05,
      2691.84,
      2723.69,
      2771.42,
      2689.06,
      2629.7,
      2740.26,
      2826.94,
      2640.0,
      2615.3,
      2688.77,
      2658.45,
      2683.92,
      2720.21,
      2752.3,
      2621.37,
      2754.78,
      2676.09,
      2789.06,
      2600.28,
      2849.25,
      2688.53,
      2682.59,
      2710.5,
      2730.03,
      2627.55,
      2621.04,
      2711.18,
      2764.2200000000003,
      2678.79,
      2640.12,
      2728.54,
      2722.14,
      2764.13,
      2708.27,
      2732.02,
      2850.4700000000003,
      2690.32,
      2726.28,
      2652.96,
      2842.48,
      2736.67,
      2719.32,
      2647.51,
      2850.34,
      2562.33,
      2749.18,
      2786.56,
      2730.59,
      2591.79,
      2730.14,
      2812.21,
      2625.82,
      2713.45,
      2769.73,
      2790.92,
      2714.64,
      2679.45,
      2647.52,
      2634.4,
      2677.33,
      2758.9700000000003,
      2649.87,
      2661.79,
      2682.38,
      2670.04,
      2773.94,
      2642.32,
      2731.34,
      2757.57,
      2640.29,
      2812.97,
      2716.55,
      2616.59,
      2766.08,
      2632.54,
      2691.81,
      2704.18,
      2708.0,
      2758.22,
      2763.9900000000002,
      2770.27,
      2793.43,
      2648.73,
      2684.37,
      2736.52,
      2734.08,
      2729.16,
      2823.92,
      2670.95,
      2695.13,
      2708.32,
      2805.74,
      2846.63,
      2504.67,
      2578.41,
      2708.17,
      2756.3,
      2687.59,
      2686.05,
      2683.7000000000003,
      2829.12,
      2613.62,
      2693.49,
      2765.33,
      2749.27,
      2618.7400000000002,
      2714.61,
      2775.02,
      2600.84,
      2685.19,
      2785.89,
      2677.86,
      2746.85,
      2757.08,
      2667.13,
      2715.37,
      2644.44,
      2666.79,
      2745.57,
      2662.62,
      2728.03,
      2784.21,
      2759.69,
      2806.2400000000002,
      2777.0,
      2709.82,
      2796.45,
      2854.49,
      2699.58,
      2698.67,
      2562.46,
      2620.66,
      2755.26,
      2749.51
    ],
    "stopping_reason": "time_limit",
    "operations": {
      "candidate_generation": 559,
      "feasibility_check": 304,
      "weight_evaluation": 304
    }
  }
}