{
  "graph": "graph_n11_d75_adj_matrix",
  "algorithm": "local",
  "result": {
    "graph_name": "graph_n11_d75_adj_matrix",
    "algorithm": "local",
    "best_weight": 1732.1200000000001,
    "best_matching": [
      0,
      13,
      22,
      29,
      36
    ],
    "runtime": 2.000210951000554,
    "candidates": 54,
    "improvements": 6,
    "duplicates": 824,
    "infeasible": 0,
    "size_history": {
      "5": 42,
      "4": 11,
      "3": 1
    },
    "weight_history": [
      1671.6,
      1686.2,
      1698.3500000000001,
      1700.76,
      1727.52,
      1654.91,
      1686.85,
      1548.52,
      1668.8400000000001,
      1732.1200000000001,
      1690.34,
      1517.27,
      1548.56,
      1563.1200000000001,
      1542.3700000000001,
      1556.93,
      1552.33,
      1533.96,
      1483.17,
      1493.27,
      1501.41,
      1347.35,
      1675.26,
      1712.29,
      1675.78,
      1657.77,
      1660.18,
      1694.31,
      1686.16,
      1620.81,
      1662.82,
      1672.29,
      1664.59,
      1679.15,
      1661.96,
      1707.69,
      1675.11,
      1628.11,
      1652.5,
      1653.61,
      1627.33,
      1694.94,
      1682.02,
      1667.69,
      1683.79,
      1682.25,
      1648.46,
      1649.24,
      1636.64,
      1660.66,
      1680.38,
      1656.0,
      1639.05,
      1649.6399999999999
    ],
    "stopping_reason": "time_limit",
    "operations": {
      "candidate_generation": 878,
      "feasibility_check": 54,
      "weight_evaluation": 54
    }
  }
}