{
  "graph": "graph_n9_d50_adj_matrix",
  "algorithm": "random",
  "result": {
    "graph_name": "graph_n9_d50_adj_matrix",
    "algorithm": "random",
    "best_weight": 1023.9,
    "best_matching": [
      7,
      10,
      14
    ],
    "runtime": 2.0000268389994744,
    "candidates": 60,
    "improvements": 5,
    "duplicates": 236116,
    "infeasible": 0,
    "size_history": {
      "3": 23,
      "2": 19,
      "1": 18
    },
    "weight_history": [
      815.9,
      658.02,
      817.9200000000001,
      880.6800000000001,
      728.43,
      581.45,
      787.42,
      992.16,
      920.86,
      338.51,
      568.0600000000001,
      639.0799999999999,
      519.52,
      529.47,
      207.24,
      206.31,
      255.93,
      298.11,
      782.3,
      565.59,
      479.84999999999997,
      490.65999999999997,
      729.9499999999999,
      1023.9,
      496.14000000000004,
      475.35,
      729.38,
      626.04,
      595.19,
      840.39,
      771.0899999999999,
      753.8199999999999,
      444.15000000000003,
      673.44,
      219.40999999999997,
      517.34,
      458.17,
      339.25,
      561.23,
      605.1800000000001,
      356.08000000000004,
      687.1800000000001,
      279.16,
      571.96,
      479.94,
      350.46,
      58.82,
      76.92,
      230.08,
      286.43,
      129.39,
      178.09,
      431.84,
      193.5,
      119.1,
      179.01,
      209.86,
      326.02,
      341.88,
      90.02
    ],
    "stopping_reason": "time_limit",
    "operations": {
      "candidate_generation": 236176,
      "feasibility_check": 60,
      "weight_evaluation": 60
    }
  }
}