{
  "graph": "graph_n13_d50_adj_matrix",
  "algorithm": "random",
  "result": {
    "graph_name": "graph_n13_d50_adj_matrix",
    "algorithm": "random",
    "best_weight": 2092.59,
    "best_matching": [
      5,
      12,
      14,
      20,
      27,
      38
    ],
    "runtime": 0.006330742000500322,
    "candidates": 400,
    "improvements": 4,
    "duplicates": 16,
    "infeasible": 0,
    "size_history": {
      "6": 159,
      "5": 181,
      "4": 59,
      "3": 1
    },
    "weight_history": [
      1896.09,
      1716.4,
      1604.84,
      1123.1499999999999,
      1142.28,
      1730.05,
      1272.63,
      1370.66,
      1583.55,
      1638.03,
      1253.7,
      1269.06,
      831.03,
      727.3,
      923.84,
      986.28,
      1428.25,
      1019.14,
      1478.49,
      1338.94,
      1388.6100000000001,
      1205.82,
      1269.72,
      1350.48,
      1719.83,
      1217.59,
      1564.2,
      1391.3400000000001,
      1150.88,
      1501.71,
      1581.33,
      1599.17,
      1209.72,
      1538.34,
      1815.36,
      1847.31,
      1433.69,
      1437.0,
      1406.0,
      1227.89,
      655.99,
      1382.13,
      1258.2,
      1256.1299999999999,
      1186.96,
      1536.3500000000001,
      1022.53,
      1833.73,
      1408.33,
      1442.24,
      1534.35,
      1435.1299999999999,
      1659.3899999999999,
      1780.95,
      1755.72,
      1394.17,
      1006.17,
      1488.94,
      1181.43,
      2036.03,
      1436.07,
      1657.17,
      1554.81,
      1364.2,
      1424.97,
      1796.5,
      1134.36,
      1446.35,
      1815.0,
      1934.91,
      1615.53,
      1699.23,
      1075.75,
      1536.38,
      1305.9,
      1532.32,
      1247.67,
      1437.88,
      750.87,
      1432.01,
      1101.43,
      1243.55,
      1050.3,
      1531.07,
      1208.69,
      1395.27,
      1881.95,
      1756.96,
      1241.58,
      1293.28,
      853.64,
      1515.8700000000001,
      1530.77,
      1719.2,
      1242.13,
      1646.76,
      1579.5,
      1600.33,
      1560.37,
      1341.79,
      1528.93,
      1003.3199999999999,
      1213.74,
      1308.87,
      1339.12,
      1349.85,
      1130.76,
      1296.75,
      1222.7,
      1803.59,
      1251.43,
      1637.12,
      1221.22,
      830.49,
      1152.82,
      1191.57,
      1588.96,
      1528.11,
      1870.87,
      1773.77,
      1585.49,
      1889.49,
      1594.39,
      1747.96,
      1393.87,
      1644.13,
      1284.6,
      1500.21,
      1604.0,
      1227.86,
      1512.82,
      1325.38,
      1463.33,
      771.6,
      1297.23,
      1761.53,
      1563.05,
      2073.47,
      1087.68,
      1191.9099999999999,
      1677.15,
      1764.34,
      1802.68,
      1685.17,
      1505.76,
      1465.54,
      1515.99,
      1411.08,
      1929.6399999999999,
      1003.59,
      1534.79,
      1627.1100000000001,
      1424.1100000000001,
      1775.44,
      1377.99,
      1124.35,
      1299.45,
      1353.77,
      1533.91,
      1659.53,
      667.12,
      1785.09,
      1507.72,
      1693.34,
      1851.05,
      1075.66,
      1136.44,
      1157.92,
      1564.94,
      1387.8,
      1449.33,
      1306.42,
      1641.56,
      1024.56,
      1299.5,
      927.43,
      873.52,
      1071.07,
      993.87,
      794.53,
      1225.59,
      742.64,
      446.26,
      1073.48,
      1251.19,
      1061.09,
      1139.66,
      1533.26,
      932.0799999999999,
      1016.9399999999999,
      1424.28,
      1139.39,
      1356.16,
      1532.58,
      1034.25,
      1313.06,
      1551.5900000000001,
      1314.8,
      973.39,
      1031.33,
      862.79,
      780.5600000000001,
      842.2,
      1366.49,
      1241.78,
      794.16,
      1395.75,
      721.94,
      1035.81,
      1513.89,
      1553.04,
      1073.05,
      1320.59,
      1596.62,
      1192.67,
      1255.29,
      1013.75,
      1002.35,
      1196.06,
      1435.13,
      912.9300000000001,
      914.53,
      1128.55,
      971.04,
      1262.25,
      802.91,
      1145.3,
      1007.1,
      1117.42,
      1253.24,
      743.07,
      888.71,
      1211.08,
      1463.42,
      1249.4,
      1373.8,
      1326.82,
      1256.61,
      1405.4,
      1245.05,
      1413.68,
      1218.23,
      1436.93,
      1127.73,
      1785.4099999999999,
      1361.51,
      1450.59,
      1238.11,
      1840.03,
      1213.96,
      1620.5,
      1380.39,
      1701.16,
      1230.58,
      1312.2,
      940.39,
      1282.33,
      1452.17,
      1231.1399999999999,
      1386.32,
      1254.12,
      1288.77,
      1138.44,
      1425.6399999999999,
      1298.38,
      937.4300000000001,
      1816.41,
      1193.35,
      1240.76,
      1464.21,
      799.7,
      1544.44,
      2092.59,
      1101.58,
      1766.5,
      1372.69,
      884.66,
      1594.67,
      1398.01,
      1595.28,
      1683.49,
      1374.39,
      1652.65,
      1063.32,
      1060.03,
      1339.06,
      1490.03,
      1300.4,
      1650.42,
      673.59,
      1574.96,
      1734.77,
      1014.83,
      1508.3500000000001,
      1478.5900000000001,
      1068.86,
      1742.27,
      1206.31,
      1068.84,
      1260.5,
      1543.6399999999999,
      1168.78,
      1652.1299999999999,
      1004.1,
      1549.96,
      1084.42,
      1387.29,
      1210.15,
      1138.34,
      1148.69,
      1039.21,
      1162.91,
      1056.97,
      1045.98,
      879.05,
      788.93,
      1064.11,
      619.79,
      1093.47,
      1377.92,
      1519.3,
      1305.98,
      1420.47,
      1429.77,
      1248.16,
      1348.71,
      1032.98,
      1291.49,
      1299.01,
      1222.51,
      1016.61,
      1329.03,
      715.25,
      1245.79,
      1100.63,
      843.89,
      1026.28,
      1307.13,
      665.21,
      1000.2,
      1094.98,
      1562.01,
      1288.87,
      1163.8700000000001,
      1178.81,
      1161.21,
      1506.81,
      1114.59,
      1505.53,
      1048.05,
      1094.55,
      639.38,
      1579.44,
      1705.22,
      1687.6,
      1805.25,
      1829.13,
      1680.75,
      1570.94,
      2057.62,
      809.05,
      897.79,
      1380.3,
      1484.97,
      982.72,
      1903.1399999999999,
      1042.56,
      1557.8799999999999,
      1651.08,
      1242.58,
      796.91,
      1567.05,
      1322.11,
      1515.08,
      1238.92,
      1568.84,
      1370.05,
      1695.91,
      1446.27,
      1373.3600000000001,
      1481.57,
      1605.77,
      1793.25,
      1473.52,
      1311.15,
      1209.02,
      1110.31,
      995.88,
      1569.17,
      1309.51,
      1408.28,
      1140.66,
      1329.2,
      1231.44,
      1527.3400000000001,
      1311.03,
      1179.91,
      1353.22,
      1044.5,
      1564.8
    ],
    "stopping_reason": "max_candidates",
    "operations": {
      "candidate_generation": 416,
      "feasibility_check": 400,
      "weight_evaluation": 400
    }
  }
}