{
  "graph": "graph_n9_d25_adj_matrix",
  "algorithm": "random",
  "result": {
    "graph_name": "graph_n9_d25_adj_matrix",
    "algorithm": "random",
    "best_weight": 994.62,
    "best_matching": [
      2,
      6,
      8
    ],
    "runtime": 2.0000147440005094,
    "candidates": 26,
    "improvements": 3,
    "duplicates": 312668,
    "infeasible": 0,
    "size_history": {
      "3": 15,
      "2": 11
    },
    "weight_history": [
      899.4,
      745.48,
      770.05,
      495.64,
      400.41999999999996,
      639.48,
      941.3299999999999,
      787.41,
      692.2,
      994.62,
      787.42,
      461.39,
      687.1800000000001,
      212.26,
      307.48,
      658.03,
      408.89,
      290.11,
      562.81,
      662.6099999999999,
      455.40999999999997,
      658.02,
      616.13,
      538.28,
      990.03,
      865.27
    ],
    "stopping_reason": "time_limit",
    "operations": {
      "candidate_generation": 312694,
      "feasibility_check": 26,
      "weight_evaluation": 26
    }
  }
}