{
  "graph": "graph_n18_d75_adj_matrix",
  "algorithm": "local",
  "result": {
    "graph_name": "graph_n18_d75_adj_matrix",
    "algorithm": "local",
    "best_weight": 3333.9,
    "best_matching": [
      3,
      21,
      33,
      45,
      68,
      71,
      87,
      95,
      100
    ],
    "runtime": 2.0013036469990766,
    "candidates": 179,
    "improvements": 4,
    "duplicates": 425,
    "infeasible": 0,
    "size_history": {
      "8": 91,
      "7": 35,
      "9": 30,
      "6": 22,
      "5": 1
    },
    "weight_history": [
      3242.64,
      3124.4,
      3125.34,
      3048.6800000000003,
      3137.01,
      3136.56,
      3178.28,
      3006.2200000000003,
      3155.84,
      3181.61,
      3122.15,
      3075.1,
      3074.65,
      3126.15,
      3038.14,
      3234.5099999999998,
      3282.65,
      3196.47,
      3238.49,
      3121.34,
      3139.87,
      3088.38,
      3210.24,
      3117.82,
      3185.55,
      3228.84,
      3141.06,
      3048.62,
      3179.92,
      3137.66,
      3181.5,
      3264.27,
      3135.12,
      3075.02,
      3211.05,
      3073.43,
      3194.4900000000002,
      3256.86,
      3190.51,
      3134.36,
      3107.86,
      3105.15,
      3263.1800000000003,
      3160.55,
      3162.43,
      3124.12,
      3174.41,
      3250.44,
      3198.78,
      3121.01,
      3132.23,
      3197.95,
      3145.15,
      3168.87,
      3207.08,
      3155.36,
      3302.2200000000003,
      3205.55,
      3160.0,
      3103.53,
      3159.9300000000003,
      3186.36,
      3217.54,
      3219.98,
      3147.09,
      3184.34,
      3207.85,
      3213.47,
      3132.21,
      3109.62,
      2890.58,
      2982.69,
      3139.42,
      3036.33,
      3168.06,
      3078.0,
      3208.78,
      3047.64,
      3114.07,
      3174.79,
      3125.69,
      3025.5099999999998,
      3156.65,
      3180.96,
      3149.33,
      3198.31,
      3105.62,
      3113.0099999999998,
      3174.34,
      3189.7,
      3167.9700000000003,
      3048.45,
      3139.46,
      2997.4,
      3226.27,
      3205.17,
      3159.55,
      3142.36,
      3333.9,
      3168.65,
      3175.87,
      3097.24,
      3241.8,
      3166.56,
      3089.28,
      3109.82,
      3011.89,
      3021.5099999999998,
      3089.19,
      3294.59,
      3080.51,
      3134.82,
      3007.44,
      3121.82,
      3070.65,
      3187.64,
      3066.04,
      3107.66,
      3108.48,
      3242.38,
      3176.74,
      2968.05,
      3008.25,
      3060.38,
      2957.2,
      2874.4900000000002,
      2775.11,
      2921.38,
      3005.7400000000002,
      3036.92,
      3023.82,
      3014.31,
      2672.46,
      2294.71,
      2731.9900000000002,
      2689.44,
      2722.98,
      2722.17,
      2682.33,
      2700.05,
      2622.34,
      2639.21,
      2670.72,
      2943.26,
      2928.64,
      2947.21,
      2948.38,
      2682.78,
      2929.7400000000002,
      3068.51,
      3044.25,
      2934.35,
      2918.68,
      2985.87,
      3034.13,
      2648.62,
      2671.93,
      2698.29,
      2611.14,
      2663.11,
      2682.65,
      2686.21,
      2634.28,
      2762.69,
      2704.61,
      2963.26,
      2829.91,
      2967.6,
      2960.1,
      2921.18,
      3000.28,
      2925.87,
      2965.74,
      3030.61,
      2945.06,
      3089.05,
      3137.19,
      3071.1,
      2946.32
    ],
    "stopping_reason": "time_limit",
    "operations": {
      "candidate_generation": 604,
      "feasibility_check": 179,
      "weight_evaluation": 179
    }
  }
}