{
  "graph": "graph_n7_d75_adj_matrix",
  "algorithm": "greedy",
  "result": {
    "graph_name": "graph_n7_d75_adj_matrix",
    "algorithm": "greedy",
    "best_weight": 1038.24,
    "best_matching": [
      0,
      10,
      11
    ],
    "runtime": 2.000018196000383,
    "candidates": 12,
    "improvements": 4,
    "duplicates": 281790,
    "infeasible": 0,
    "size_history": {
      "2": 8,
      "3": 4
    },
    "weight_history": [
      725.02,
      716.9200000000001,
      744.63,
      702.47,
      701.4300000000001,
      675.76,
      672.5799999999999,
      927.3199999999999,
      1038.24,
      1011.53,
      859.95,
      644.87
    ],
    "stopping_reason": "time_limit",
    "operations": {
      "candidate_generation": 281802,
      "feasibility_check": 12,
      "weight_evaluation": 12
    }
  }
}