{
  "graph": "graph_n14_d50_adj_matrix",
  "algorithm": "random",
  "result": {
    "graph_name": "graph_n14_d50_adj_matrix",
    "algorithm": "random",
    "best_weight": 2363.24,
    "best_matching": [
      4,
      5,
      13,
      24,
      32,
      37,
      43
    ],
    "runtime": 2.000047531999371,
    "candidates": 228,
    "improvements": 6,
    "duplicates": 137698,
    "infeasible": 0,
    "size_history": {
      "7": 4,
      "6": 29,
      "5": 9,
      "4": 25,
      "3": 64,
      "2": 52,
      "1": 45
    },
    "weight_history": [
      1631.52,
      1836.9299999999998,
      1511.49,
      1860.52,
      1822.04,
      1513.26,
      2002.88,
      1821.42,
      2049.44,
      1597.4,
      1886.79,
      1586.15,
      2363.24,
      1377.83,
      1581.82,
      1822.56,
      1769.75,
      2134.53,
      2013.9,
      1837.56,
      1916.27,
      1807.4,
      1453.07,
      1953.3,
      1522.41,
      1775.1399999999999,
      1409.47,
      1752.79,
      2103.55,
      1921.34,
      1648.96,
      1823.9,
      1452.18,
      1076.31,
      1435.11,
      1337.19,
      1451.28,
      1656.81,
      1564.3600000000001,
      1699.8,
      1208.75,
      1392.83,
      1193.1100000000001,
      1444.77,
      1294.1999999999998,
      1187.33,
      1110.92,
      806.8,
      1299.76,
      751.73,
      857.45,
      836.8,
      765.21,
      977.01,
      1492.66,
      891.52,
      848.25,
      997.6600000000001,
      724.1700000000001,
      675.95,
      812.35,
      838.45,
      1074.17,
      921.8199999999999,
      670.01,
      923.2,
      773.96,
      903.12,
      611.01,
      584.96,
      833.63,
      652.65,
      329.40999999999997,
      753.74,
      292.35,
      588.23,
      652.4300000000001,
      1258.9,
      1042.69,
      1052.25,
      1002.1800000000001,
      937.73,
      720.16,
      457.49,
      1390.2,
      674.5,
      831.42,
      915.96,
      524.22,
      666.87,
      787.56,
      378.93,
      640.25,
      788.8299999999999,
      635.55,
      353.65999999999997,
      686.98,
      423.75,
      448.04,
      785.2099999999999,
      554.75,
      1053.43,
      832.9599999999999,
      1026.71,
      880.38,
      562.26,
      828.31,
      563.98,
      949.01,
      936.72,
      354.85,
      732.05,
      398.02,
      611.25,
      455.51,
      418.32,
      350.73,
      528.0899999999999,
      418.1,
      545.28,
      408.64,
      777.5899999999999,
      464.42,
      740.35,
      691.97,
      727.4300000000001,
      539.76,
      669.6899999999999,
      1008.74,
      821.19,
      442.44,
      739.41,
      434.93999999999994,
      863.81,
      387.65,
      503.84000000000003,
      622.89,
      568.14,
      648.4100000000001,
      609.8,
      312.31,
      393.49,
      777.23,
      1266.69,
      933.76,
      551.58,
      597.04,
      1377.09,
      1007.97,
      843.41,
      1065.1,
      945.95,
      1072.3,
      838.9100000000001,
      1664.65,
      1068.19,
      1054.08,
      1305.23,
      1021.4,
      799.37,
      1132.46,
      624.61,
      1558.1399999999999,
      893.94,
      1076.5900000000001,
      736.06,
      556.73,
      967.71,
      916.0699999999999,
      893.8,
      769.86,
      1018.36,
      734.95,
      823.79,
      692.75,
      353.98,
      692.23,
      628.1600000000001,
      836.35,
      633.29,
      282.93,
      481.07,
      314.84,
      715.05,
      311.70000000000005,
      467.76,
      401.29,
      77.47,
      359.07,
      435.16,
      437.07,
      310.58,
      192.21,
      255.18,
      380.27,
      239.1,
      322.77,
      161.77,
      435.8,
      203.21,
      193.4,
      453.13,
      372.98,
      505.1,
      89.14,
      393.69,
      373.47,
      342.07,
      137.23,
      457.42,
      161.45,
      146.11,
      273.39,
      241.87,
      351.76,
      189.28,
      161.76,
      473.78,
      249.91,
      213.25,
      378.11,
      116.16,
      120.1,
      346.28,
      166.77,
      225.89,
      300.67,
      144.93
    ],
    "stopping_reason": "time_limit",
    "operations": {
      "candidate_generation": 137926,
      "feasibility_check": 228,
      "weight_evaluation": 228
    }
  }
}