{
  "random": {
    "mean_weight": 2431.0866666666666,
    "std_weight": 235.88032012489344,
    "min_weight": 2104.08,
    "max_weight": 2651.68,
    "absolute_gap": 378.0433333333335,
    "relative_gap": 0.13457666015219427,
    "approximation_ratio": 0.8654233398478057
  },
  "greedy": {
    "mean_weight": 2809.13,
    "std_weight": 0.0,
    "min_weight": 2809.13,
    "max_weight": 2809.13,
    "absolute_gap": 0.0,
    "relative_gap": 0.0,
    "approximation_ratio": 1.0
  },
  "local": {
    "mean_weight": 2800.5266666666666,
    "std_weight": 12.166950681616717,
    "min_weight": 2783.3199999999997,
    "max_weight": 2809.13,
    "absolute_gap": 8.603333333333467,
    "relative_gap": 0.0030626326774956894,
    "approximation_ratio": 0.9969373673225043
  }
}