{
  "graph": "graph_n13_d75_adj_matrix",
  "algorithm": "local",
  "result": {
    "graph_name": "graph_n13_d75_adj_matrix",
    "algorithm": "local",
    "best_weight": 2208.0299999999997,
    "best_matching": [
      5,
      7,
      25,
      33,
      39,
      52
    ],
    "runtime": 2.00047271800031,
    "candidates": 121,
    "improvements": 4,
    "duplicates": 656,
    "infeasible": 0,
    "size_history": {
      "6": 97,
      "5": 24
    },
    "weight_history": [
      2135.2,
      2202.05,
      2158.42,
      2131.46,
      2142.24,
      2182.72,
      2149.94,
      2186.58,
      2134.31,
      2157.77,
      2201.89,
      2167.19,
      2170.95,
      2173.86,
      2122.77,
      2081.2,
      2202.86,
      2108.7,
      2165.38,
      2165.48,
      2163.35,
      1963.52,
      2173.7599999999998,
      2142.79,
      2162.28,
      2150.5299999999997,
      2208.0299999999997,
      2089.68,
      1984.67,
      2151.56,
      2157.26,
      2100.52,
      2121.58,
      1940.23,
      1971.76,
      2133.15,
      1938.75,
      1916.58,
      1980.98,
      1952.8,
      1964.6299999999999,
      1993.8,
      2000.05,
      1969.5,
      2127.12,
      2135.91,
      2163.19,
      2151.5,
      2156.29,
      1961.51,
      2115.42,
      2156.3,
      2185.18,
      2161.31,
      2144.25,
      1982.62,
      1958.78,
      1978.69,
      2001.02,
      1945.1599999999999,
      1983.6999999999998,
      1929.99,
      1942.44,
      1980.1599999999999,
      1931.75,
      1949.46,
      2160.89,
      2165.63,
      2168.52,
      2181.25,
      2192.83,
      2193.8,
      2146.84,
      2166.79,
      2147.8,
      2121.14,
      2164.67,
      2133.66,
      2137.12,
      2189.29,
      2187.99,
      2163.33,
      2124.65,
      2134.6,
      2166.72,
      2103.25,
      2108.94,
      2101.2,
      2146.99,
      2108.04,
      2132.04,
      2119.16,
      2111.92,
      2150.37,
      2108.18,
      2075.5099999999998,
      2138.62,
      2100.87,
      2136.31,
      2187.82,
      2162.8199999999997,
      2203.52,
      2168.19,
      2200.81,
      2135.77,
      2139.91,
      2144.44,
      2156.84,
      2164.08,
      2162.92,
      2090.5299999999997,
      2134.12,
      2207.06,
      2115.29,
      2136.37,
      2122.35,
      2135.65,
      2170.33,
      2145.58,
      2151.26,
      2118.58
    ],
    "stopping_reason": "time_limit",
    "operations": {
      "candidate_generation": 777,
      "feasibility_check": 121,
      "weight_evaluation": 121
    }
  }
}