{
  "random": {
    "mean_weight": 1053.1033333333332,
    "std_weight": 178.24276335629693,
    "min_weight": 801.03,
    "max_weight": 1179.1399999999999,
    "absolute_gap": 126.03666666666663,
    "relative_gap": 0.10688863635078671,
    "approximation_ratio": 0.8931113636492133
  },
  "greedy": {
    "mean_weight": 1179.1399999999999,
    "std_weight": 0.0,
    "min_weight": 1179.1399999999999,
    "max_weight": 1179.1399999999999,
    "absolute_gap": 0.0,
    "relative_gap": 0.0,
    "approximation_ratio": 1.0
  },
  "local": {
    "mean_weight": 1179.1399999999999,
    "std_weight": 0.0,
    "min_weight": 1179.1399999999999,
    "max_weight": 1179.1399999999999,
    "absolute_gap": 0.0,
    "relative_gap": 0.0,
    "approximation_ratio": 1.0
  }
}