{
  "graph": "graph_n14_d25_adj_matrix",
  "algorithm": "random",
  "result": {
    "graph_name": "graph_n14_d25_adj_matrix",
    "algorithm": "random",
    "best_weight": 1677.22,
    "best_matching": [
      5,
      6,
      12,
      16,
      20
    ],
    "runtime": 2.0000286320009764,
    "candidates": 111,
    "improvements": 1,
    "duplicates": 261841,
    "infeasible": 0,
    "size_history": {
      "5": 10,
      "4": 11,
      "3": 23,
      "2": 45,
      "1": 22
    },
    "weight_history": [
      1677.22,
      972.57,
      1657.58,
      1441.73,
      1300.9099999999999,
      1415.3799999999999,
      1500.02,
      1455.51,
      1127.48,
      1489.76,
      1529.6200000000001,
      1294.11,
      1245.93,
      1321.86,
      494.15000000000003,
      1259.56,
      1162.72,
      1154.1799999999998,
      1223.71,
      1287.57,
      1230.15,
      818.05,
      844.6800000000001,
      475.09000000000003,
      604.04,
      817.4200000000001,
      705.14,
      585.17,
      587.07,
      685.95,
      482.06,
      816.02,
      760.18,
      602.04,
      698.69,
      163.88,
      903.12,
      709.39,
      707.2,
      417.93999999999994,
      527.73,
      583.19,
      650.45,
      312.95000000000005,
      206.17,
      411.55,
      129.71,
      47.3,
      146.18,
      310.06,
      437.01,
      165.03,
      239.1,
      473.78,
      297.84,
      672.55,
      722.6199999999999,
      311.21000000000004,
      609.85,
      942.11,
      402.98,
      536.72,
      566.72,
      607.02,
      778.49,
      646.23,
      274.53,
      300.67,
      193.4,
      273.39,
      479.49,
      120.1,
      309.18,
      372.84,
      349.78,
      398.02,
      166.77,
      638.81,
      515.35,
      650.65,
      770.8599999999999,
      555.9499999999999,
      624.31,
      440.15999999999997,
      681.5799999999999,
      506.84000000000003,
      461.71999999999997,
      711.54,
      831.37,
      719.8,
      414.84000000000003,
      805.77,
      1180.98,
      626.94,
      1151.33,
      777.11,
      864.56,
      732.24,
      578.32,
      604.95,
      712.88,
      557.73,
      637.12,
      502.58000000000004,
      682.02,
      1203.79,
      541.26,
      475.95000000000005,
      275.89,
      479.55999999999995,
      505.1
    ],
    "stopping_reason": "time_limit",
    "operations": {
      "candidate_generation": 261952,
      "feasibility_check": 111,
      "weight_evaluation": 111
    }
  }
}