{
  "graph": "graph_n19_d75_adj_matrix",
  "algorithm": "greedy",
  "result": {
    "graph_name": "graph_n19_d75_adj_matrix",
    "algorithm": "greedy",
    "best_weight": 2876.91,
    "best_matching": [
      8,
      19,
      26,
      41,
      45,
      59,
      76,
      97,
      116
    ],
    "runtime": 0.0348749160002626,
    "candidates": 400,
    "improvements": 7,
    "duplicates": 442,
    "infeasible": 0,
    "size_history": {
      "9": 129,
      "8": 110,
      "7": 98,
      "6": 53,
      "5": 10
    },
    "weight_history": [
      2717.52,
      2613.03,
      2702.81,
      2745.57,
      2741.0299999999997,
      2610.83,
      2694.12,
      2830.04,
      2698.71,
      2850.4700000000003,
      2728.01,
      2614.83,
      2696.52,
      2683.92,
      2494.17,
      2637.1,
      2630.37,
      2571.38,
      2623.4700000000003,
      2656.49,
      2705.7400000000002,
      2594.4,
      2761.86,
      2711.18,
      2725.08,
      2707.6,
      2719.16,
      2739.59,
      2762.99,
      2661.65,
      2682.38,
      2842.48,
      2688.91,
      2786.55,
      2673.69,
      2671.0299999999997,
      2790.92,
      2660.7200000000003,
      2675.23,
      2854.49,
      2755.13,
      2658.27,
      2707.91,
      2627.68,
      2697.05,
      2591.79,
      2688.21,
      2718.79,
      2826.94,
      2853.36,
      2480.47,
      2638.95,
      2716.39,
      2606.62,
      2684.06,
      2730.03,
      2596.1800000000003,
      2695.37,
      2801.52,
      2730.42,
      2765.29,
      2769.73,
      2738.33,
      2718.76,
      2849.21,
      2622.1,
      2652.96,
      2677.19,
      2657.73,
      2810.66,
      2730.34,
      2730.59,
      2564.21,
      2714.64,
      2722.59,
      2560.83,
      2668.5,
      2831.09,
      2694.28,
      2739.64,
      2808.82,
      2786.59,
      2752.3,
      2812.97,
      2531.8,
      2625.82,
      2872.74,
      2556.05,
      2681.76,
      2529.25,
      2599.57,
      2650.98,
      2645.87,
      2601.95,
      2718.0,
      2668.14,
      2684.09,
      2573.54,
      2450.12,
      2820.77,
      2729.73,
      2712.59,
      2719.32,
      2709.66,
      2767.21,
      2723.69,
      2723.4,
      2597.13,
      2846.63,
      2666.72,
      2735.2,
      2569.52,
      2519.57,
      2717.96,
      2557.04,
      2668.11,
      2661.82,
      2570.74,
      2646.06,
      2695.73,
      2566.53,
      2553.57,
      2458.32,
      2469.01,
      2448.58,
      2427.85,
      2276.23,
      2446.41,
      2470.5099999999998,
      2451.51,
      2378.98,
      2482.38,
      2285.06,
      2491.2799999999997,
      2277.36,
      2373.5,
      2271.38,
      2248.78,
      2227.33,
      2296.07,
      2032.93,
      2304.49,
      2293.65,
      2381.02,
      2425.6800000000003,
      2449.34,
      2545.1,
      2505.89,
      2351.43,
      2560.64,
      2489.11,
      2465.21,
      2469.77,
      2485.79,
      2494.21,
      2552.83,
      2642.26,
      2699.88,
      2648.8,
      2648.99,
      2586.59,
      2704.45,
      2600.4,
      2584.69,
      2722.15,
      2555.02,
      2450.34,
      2536.9,
      2150.65,
      2431.48,
      2563.22,
      2492.04,
      2471.94,
      2358.29,
      2367.32,
      2354.4,
      2294.83,
      2169.54,
      2335.95,
      2267.28,
      2343.03,
      2311.61,
      2097.2,
      2232.31,
      2298.91,
      2166.54,
      2273.34,
      2546.12,
      2474.27,
      2552.5299999999997,
      2501.33,
      2442.17,
      2427.9900000000002,
      2416.24,
      2552.44,
      2480.59,
      2639.27,
      2407.59,
      2624.88,
      2679.45,
      2617.0,
      2632.54,
      2683.65,
      2630.65,
      2605.12,
      2641.39,
      2639.33,
      2664.34,
      2663.96,
      2437.89,
      2365.13,
      2483.62,
      2508.06,
      2465.36,
      2362.96,
      2355.2,
      2464.19,
      2549.09,
      2486.46,
      2559.17,
      2496.13,
      2623.79,
      2698.6,
      2627.39,
      2468.35,
      2623.92,
      2510.68,
      2604.9,
      2625.44,
      2553.89,
      2603.36,
      2275.64,
      2373.11,
      2495.34,
      2428.87,
      2545.8,
      2473.86,
      2400.05,
      2276.64,
      2567.37,
      2356.26,
      2325.4,
      2593.96,
      2505.85,
      2584.8,
      2712.42,
      2710.63,
      2620.25,
      2549.27,
      2628.37,
      2676.09,
      2615.0299999999997,
      2413.75,
      2599.33,
      2682.7,
      2792.14,
      2793.32,
      2678.79,
      2585.06,
      2677.36,
      2806.32,
      2847.76,
      2639.37,
      2640.0,
      2670.02,
      2810.08,
      2707.38,
      2781.24,
      2692.37,
      2749.18,
      2609.77,
      2590.4,
      2674.0099999999998,
      2742.26,
      2866.01,
      2721.28,
      2712.06,
      2806.51,
      2546.09,
      2562.98,
      2716.55,
      2734.3,
      2649.16,
      2615.2400000000002,
      2674.58,
      2586.19,
      2645.51,
      2541.96,
      2685.11,
      2706.15,
      2774.51,
      2641.2200000000003,
      2694.24,
      2725.2,
      2718.35,
      2678.7,
      2714.11,
      2634.69,
      2740.26,
      2731.12,
      2871.52,
      2601.6,
      2634.7400000000002,
      2647.51,
      2689.4,
      2750.4,
      2790.7000000000003,
      2876.91,
      2677.33,
      2647.75,
      2721.67,
      2712.28,
      2653.78,
      2585.08,
      2596.62,
      2631.78,
      2559.54,
      2691.84,
      2635.71,
      2671.07,
      2626.7200000000003,
      2569.64,
      2496.54,
      2472.55,
      2596.57,
      2677.61,
      2508.41,
      2677.46,
      2587.95,
      2544.13,
      2483.52,
      2417.05,
      2365.2799999999997,
      2492.41,
      2463.37,
      2467.87,
      2135.68,
      2511.23,
      2426.63,
      2429.91,
      2484.03,
      2202.3,
      2330.8,
      2260.69,
      2328.69,
      2318.34,
      2228.05,
      2301.56,
      2250.76,
      2377.65,
      2086.46,
      2296.19,
      2430.91,
      2561.77,
      2489.81,
      2456.02,
      2449.52,
      2571.69,
      2484.55,
      2438.29,
      2322.25,
      2466.84,
      2440.48,
      2279.29,
      1952.0500000000002,
      2294.7799999999997,
      2351.23,
      2284.09,
      2166.53,
      2238.4700000000003,
      2248.13,
      2105.89,
      2333.76,
      2291.48,
      2448.2400000000002,
      2446.73,
      2487.72,
      2524.16,
      2167.65,
      2487.5299999999997,
      2443.76,
      2461.25,
      2446.56,
      2359.26,
      2363.07,
      2460.58,
      2350.02,
      2347.1800000000003,
      2269.21,
      2261.82,
      2175.41,
      2282.56,
      2081.66,
      2258.86,
      2282.2200000000003,
      2325.56,
      2099.16,
      1933.66,
      1990.35,
      2064.19
    ],
    "stopping_reason": "max_candidates",
    "operations": {
      "candidate_generation": 842,
      "feasibility_check": 400,
      "weight_evaluation": 400
    }
  }
}