{
  "random": {
    "mean_weight": 2668.09,
    "std_weight": 167.20671358132319,
    "min_weight": 2439.9900000000002,
    "max_weight": 2836.13,
    "absolute_gap": 256.6199999999999,
    "relative_gap": 0.08774203254339742,
    "approximation_ratio": 0.9122579674566026
  },
  "greedy": {
    "mean_weight": 2924.71,
    "std_weight": 0.0,
    "min_weight": 2924.71,
    "max_weight": 2924.71,
    "absolute_gap": 0.0,
    "relative_gap": 0.0,
    "approximation_ratio": 1.0
  },
  "local": {
    "mean_weight": 2924.71,
    "std_weight": 0.0,
    "min_weight": 2924.71,
    "max_weight": 2924.71,
    "absolute_gap": 0.0,
    "relative_gap": 0.0,
    "approximation_ratio": 1.0
  }
}