{
  "graph": "graph_n19_d50_adj_matrix",
  "algorithm": "greedy",
  "result": {
    "graph_name": "graph_n19_d50_adj_matrix",
    "algorithm": "greedy",
    "best_weight": 2768.65,
    "best_matching": [
      6,
      16,
      23,
      34,
      39,
      49,
      61,
      70,
      83
    ],
    "runtime": 0.05243197400159261,
    "candidates": 400,
    "improvements": 6,
    "duplicates": 1788,
    "infeasible": 0,
    "size_history": {
      "9": 32,
      "8": 55,
      "7": 52,
      "6": 59,
      "5": 81,
      "4": 72,
      "3": 35,
      "2": 13,
      "1": 1
    },
    "weight_history": [
      2597.86,
      2625.02,
      2729.4,
      2687.38,
      2646.83,
      2638.78,
      2656.93,
      2594.31,
      2738.93,
      2482.78,
      2541.43,
      2623.13,
      2568.08,
      2681.99,
      2408.46,
      2589.89,
      2706.12,
      2540.01,
      2682.9,
      2564.59,
      2597.71,
      2641.79,
      2528.12,
      2278.34,
      2506.03,
      2446.01,
      2455.35,
      2472.11,
      2551.75,
      2397.68,
      2556.93,
      2379.45,
      2523.2,
      2353.29,
      2204.36,
      2462.18,
      2281.89,
      2351.25,
      2410.11,
      2110.7599999999998,
      2276.56,
      2322.32,
      2353.25,
      2318.01,
      2561.13,
      2402.18,
      2384.96,
      2454.8,
      2564.89,
      2376.51,
      2506.19,
      2432.71,
      2532.32,
      2332.55,
      2472.79,
      2631.53,
      2711.71,
      2473.8,
      2607.9700000000003,
      2612.37,
      2654.39,
      2502.04,
      2598.66,
      2691.24,
      2623.94,
      2651.93,
      2680.07,
      2740.52,
      2654.65,
      2688.4700000000003,
      2662.21,
      2663.05,
      2538.09,
      2702.46,
      2549.83,
      2768.65,
      2739.84,
      2428.69,
      2587.6,
      2568.6,
      2501.52,
      2683.2,
      2665.68,
      2644.56,
      2366.09,
      2682.66,
      2556.96,
      2580.22,
      2451.41,
      2700.65,
      2558.98,
      2613.9,
      2552.4,
      2618.44,
      2758.21,
      2589.08,
      2697.64,
      2591.28,
      2633.5299999999997,
      2614.4,
      2419.26,
      2581.4,
      2623.42,
      2657.81,
      2562.02,
      2545.79,
      2494.94,
      2622.63,
      2530.5299999999997,
      2635.81,
      2287.31,
      2513.17,
      2534.34,
      2324.53,
      2336.57,
      2421.42,
      2389.27,
      2325.98,
      2457.63,
      2241.9,
      2497.15,
      2149.7,
      2233.29,
      2260.4,
      2268.24,
      2257.86,
      2439.43,
      2279.27,
      2210.15,
      2224.3,
      2273.91,
      2193.84,
      2114.64,
      2158.13,
      1996.68,
      1998.05,
      1996.21,
      2007.68,
      2036.23,
      1977.97,
      1987.87,
      2009.97,
      2043.24,
      1666.87,
      1693.13,
      1701.73,
      1674.67,
      1683.06,
      1641.4,
      1696.64,
      1688.8899999999999,
      1722.0900000000001,
      1638.3,
      1692.4,
      2155.64,
      2021.25,
      1949.05,
      1931.8700000000001,
      2067.01,
      2062.77,
      1931.05,
      1716.46,
      1981.42,
      2017.56,
      1938.02,
      1676.56,
      1714.5,
      1588.13,
      1995.61,
      1677.43,
      1675.47,
      1667.66,
      1674.46,
      1599.71,
      1593.1100000000001,
      1301.59,
      2009.64,
      1981.96,
      2005.17,
      1939.73,
      2041.54,
      1959.32,
      2271.18,
      1967.06,
      1997.09,
      1920.01,
      1954.27,
      1567.0900000000001,
      1610.08,
      1323.91,
      1645.06,
      1582.93,
      1625.24,
      1643.3600000000001,
      1648.99,
      1668.83,
      1643.68,
      1664.59,
      1278.38,
      1294.95,
      1292.99,
      1275.1100000000001,
      1192.27,
      1261.76,
      1296.5,
      1283.73,
      1303.55,
      1304.0900000000001,
      1216.79,
      1631.29,
      1922.8500000000001,
      1613.99,
      1619.38,
      1623.07,
      1627.04,
      1621.73,
      1636.09,
      1269.48,
      1618.23,
      1657.6100000000001,
      1276.49,
      1309.18,
      1298.46,
      1267.52,
      905.9100000000001,
      1253.1599999999999,
      1221.12,
      1300.58,
      1220.05,
      1290.71,
      1250.81,
      458.93,
      891.1800000000001,
      835.24,
      911.0,
      883.5899999999999,
      843.76,
      876.9300000000001,
      902.4,
      838.75,
      851.48,
      824.02,
      1249.66,
      1228.86,
      1294.22,
      818.39,
      1256.67,
      1230.99,
      1223.55,
      1212.33,
      1276.28,
      1227.06,
      847.24,
      1589.69,
      1602.49,
      1619.3,
      1594.3999999999999,
      1612.62,
      1638.05,
      1245.42,
      1604.45,
      1580.39,
      1597.4299999999998,
      1637.53,
      2011.93,
      1968.28,
      2189.02,
      2017.01,
      1999.85,
      2075.61,
      1923.07,
      2012.75,
      1962.01,
      1599.87,
      1880.09,
      1603.46,
      1595.6399999999999,
      1607.3,
      1629.48,
      1590.67,
      1245.5,
      1601.67,
      1635.6399999999999,
      1601.78,
      1570.37,
      1597.9099999999999,
      1927.56,
      2216.86,
      1919.03,
      1959.15,
      1929.01,
      1943.48,
      1922.1799999999998,
      1992.1100000000001,
      2290.43,
      2014.69,
      1972.03,
      2276.32,
      2157.68,
      2213.35,
      2381.56,
      1985.65,
      2287.35,
      2382.1,
      2246.25,
      2144.84,
      2157.09,
      2227.35,
      1902.82,
      1917.87,
      1869.06,
      2004.21,
      1920.48,
      2002.63,
      1949.85,
      2173.11,
      1913.17,
      1975.6599999999999,
      2051.78,
      1599.27,
      1621.11,
      1616.51,
      1609.4,
      1653.37,
      1551.67,
      1615.13,
      1585.44,
      1630.33,
      1605.5,
      1581.28,
      1903.29,
      1976.37,
      1892.26,
      1934.6799999999998,
      1845.98,
      1960.94,
      1973.37,
      1915.21,
      1964.21,
      1957.26,
      1989.01,
      2214.5,
      2252.5699999999997,
      2204.62,
      2200.05,
      2292.15,
      2281.12,
      2253.11,
      2196.14,
      2364.35,
      2250.92,
      2201.66,
      1942.1100000000001,
      1942.31,
      1959.41,
      1846.02,
      1849.27,
      2255.15,
      1926.27,
      1872.85,
      1909.45,
      1957.65,
      1875.29,
      2251.3,
      2351.21,
      2196.28,
      2162.54,
      2240.31,
      2245.36,
      2325.83,
      2127.44,
      2363.84,
      2208.3,
      2241.59,
      2391.15,
      2501.35,
      2450.49,
      2410.07,
      2711.17,
      2462.03,
      2466.96,
      2355.31,
      2392.11,
      2450.2,
      2430.67,
      2549.73,
      2498.54,
      2607.54,
      2667.7400000000002,
      2577.42,
      2629.23,
      2666.83,
      2698.95,
      2464.15,
      2499.06,
      2561.5,
      2422.91,
      2426.73,
      2353.27,
      2492.33
    ],
    "stopping_reason": "max_candidates",
    "operations": {
      "candidate_generation": 2188,
      "feasibility_check": 400,
      "weight_evaluation": 400
    }
  }
}