{
  "graph": "graph_n11_d75_adj_matrix",
  "algorithm": "local",
  "result": {
    "graph_name": "graph_n11_d75_adj_matrix",
    "algorithm": "local",
    "best_weight": 1732.1200000000001,
    "best_matching": [
      0,
      13,
      22,
      29,
      36
    ],
    "runtime": 2.001625048000278,
    "candidates": 31,
    "improvements": 2,
    "duplicates": 986,
    "infeasible": 0,
    "size_history": {
      "5": 11,
      "4": 10,
      "3": 9,
      "2": 1
    },
    "weight_history": [
      1672.29,
      1660.18,
      1732.1200000000001,
      1698.3500000000001,
      1700.76,
      1654.91,
      1682.02,
      1517.27,
      1683.79,
      1679.15,
      1686.85,
      1556.93,
      1501.41,
      1563.1200000000001,
      1324.27,
      1515.97,
      1522.54,
      1488.0,
      1548.56,
      1548.52,
      1552.33,
      1686.16,
      1347.35,
      1313.25,
      1318.08,
      1309.67,
      1313.48,
      1277.12,
      917.44,
      1277.28,
      1281.74
    ],
    "stopping_reason": "time_limit",
    "operations": {
      "candidate_generation": 1017,
      "feasibility_check": 31,
      "weight_evaluation": 31
    }
  }
}