{
  "graph": "graph_n9_d25_adj_matrix",
  "algorithm": "random",
  "result": {
    "graph_name": "graph_n9_d25_adj_matrix",
    "algorithm": "random",
    "best_weight": 994.62,
    "best_matching": [
      2,
      6,
      8
    ],
    "runtime": 2.0000167729995155,
    "candidates": 16,
    "improvements": 4,
    "duplicates": 307340,
    "infeasible": 0,
    "size_history": {
      "3": 15,
      "2": 1
    },
    "weight_history": [
      865.27,
      899.4,
      770.05,
      990.03,
      495.64,
      639.48,
      400.41999999999996,
      745.48,
      941.3299999999999,
      692.2,
      994.62,
      538.28,
      616.13,
      787.41,
      408.89,
      787.42
    ],
    "stopping_reason": "time_limit",
    "operations": {
      "candidate_generation": 307356,
      "feasibility_check": 16,
      "weight_evaluation": 16
    }
  }
}