{
  "graph": "graph_n11_d50_adj_matrix",
  "algorithm": "random",
  "result": {
    "graph_name": "graph_n11_d50_adj_matrix",
    "algorithm": "random",
    "best_weight": 1602.76,
    "best_matching": [
      0,
      7,
      18,
      19,
      24
    ],
    "runtime": 0.011326511999868671,
    "candidates": 400,
    "improvements": 7,
    "duplicates": 585,
    "infeasible": 0,
    "size_history": {
      "5": 201,
      "4": 169,
      "3": 16,
      "2": 9,
      "1": 5
    },
    "weight_history": [
      1110.3799999999999,
      787.24,
      1447.23,
      873.02,
      1135.17,
      861.71,
      1240.02,
      436.83,
      1162.66,
      1462.25,
      663.49,
      908.48,
      1050.94,
      883.54,
      980.97,
      840.8199999999999,
      1484.77,
      1096.62,
      836.38,
      1518.21,
      1045.94,
      1597.22,
      1436.62,
      813.29,
      1158.46,
      1324.44,
      1347.66,
      1300.92,
      1061.59,
      1503.25,
      1018.41,
      1327.41,
      1365.8,
      1129.48,
      1240.82,
      955.42,
      1000.91,
      758.99,
      804.94,
      1290.5,
      1109.68,
      1440.8899999999999,
      1018.53,
      1101.1599999999999,
      1193.94,
      1391.81,
      1534.72,
      745.0899999999999,
      1191.23,
      1453.69,
      942.63,
      1445.43,
      818.62,
      809.94,
      556.85,
      902.9599999999999,
      1049.14,
      664.78,
      1527.71,
      1508.84,
      1365.17,
      1433.21,
      1012.99,
      1535.58,
      1078.01,
      1478.59,
      1340.58,
      1264.38,
      1247.21,
      1079.3,
      1310.91,
      608.26,
      970.13,
      1575.02,
      1358.61,
      1023.67,
      868.35,
      1510.3999999999999,
      1459.63,
      692.63,
      626.52,
      475.51,
      1199.62,
      1282.86,
      1318.11,
      1585.31,
      1219.87,
      817.23,
      1496.1,
      788.35,
      879.22,
      1153.49,
      875.92,
      915.38,
      1578.43,
      1171.18,
      1535.16,
      1393.19,
      1312.45,
      1078.91,
      1023.09,
      1448.99,
      1503.39,
      1139.6399999999999,
      1095.27,
      935.2,
      1230.65,
      712.72,
      817.13,
      1049.34,
      1440.01,
      1583.51,
      1279.46,
      971.27,
      1179.55,
      1106.78,
      1042.6599999999999,
      986.5,
      867.0799999999999,
      1212.1100000000001,
      1380.13,
      1124.15,
      671.27,
      1374.32,
      701.06,
      1054.7,
      551.4300000000001,
      1000.35,
      510.25,
      1401.45,
      1513.67,
      1042.15,
      581.65,
      584.38,
      1422.02,
      777.41,
      1243.01,
      1570.3799999999999,
      1380.03,
      851.55,
      1020.19,
      1293.3,
      792.4300000000001,
      770.11,
      1325.11,
      1085.09,
      968.8199999999999,
      1037.31,
      822.39,
      1260.8,
      1351.51,
      786.27,
      799.62,
      903.82,
      665.2,
      1038.13,
      1452.6200000000001,
      1286.11,
      935.6,
      899.51,
      682.29,
      896.18,
      824.4200000000001,
      1182.22,
      1318.1,
      1014.6,
      560.21,
      907.86,
      939.31,
      1397.5,
      1267.81,
      697.04,
      1010.87,
      1232.71,
      1170.1399999999999,
      812.14,
      1311.37,
      1467.44,
      1236.0,
      852.27,
      793.26,
      1164.78,
      609.1800000000001,
      1275.8899999999999,
      1476.54,
      1400.2,
      991.89,
      600.8,
      1300.31,
      773.0799999999999,
      992.65,
      1056.23,
      806.5699999999999,
      933.0699999999999,
      1045.02,
      830.8,
      848.86,
      1510.6399999999999,
      972.26,
      1440.3,
      1227.05,
      1139.9,
      1343.02,
      626.5,
      984.58,
      759.66,
      1035.65,
      1447.31,
      1330.06,
      1261.0,
      1304.48,
      1217.96,
      1349.71,
      858.06,
      920.7,
      993.05,
      1366.18,
      1370.75,
      1294.42,
      1349.62,
      1074.42,
      916.55,
      1362.56,
      761.8399999999999,
      1423.23,
      1081.72,
      1234.06,
      1282.87,
      1431.62,
      1040.65,
      632.24,
      1306.97,
      662.3,
      1015.66,
      879.42,
      1371.6599999999999,
      966.36,
      1011.4,
      1233.1299999999999,
      784.61,
      878.37,
      777.0,
      1086.2,
      761.15,
      1072.56,
      772.25,
      1534.33,
      1268.81,
      1353.48,
      1083.08,
      1253.99,
      967.23,
      1108.6200000000001,
      1418.59,
      1542.78,
      1234.87,
      860.96,
      755.21,
      1320.98,
      861.36,
      1175.83,
      928.01,
      1026.12,
      742.69,
      1160.87,
      1426.81,
      1332.2,
      871.18,
      693.87,
      1206.49,
      942.17,
      1151.43,
      1602.76,
      1190.49,
      1351.07,
      997.06,
      1263.79,
      1368.58,
      867.54,
      1290.85,
      1086.3,
      1218.6399999999999,
      1209.26,
      1130.73,
      1104.48,
      787.52,
      1599.02,
      679.8,
      892.04,
      1362.62,
      894.15,
      1220.67,
      748.49,
      743.53,
      1039.79,
      958.36,
      1286.31,
      774.1899999999999,
      1047.17,
      1192.03,
      667.6800000000001,
      977.3299999999999,
      753.85,
      1482.0,
      1188.69,
      1335.1,
      811.74,
      999.4799999999999,
      734.86,
      956.73,
      1595.75,
      929.1999999999999,
      1298.98,
      1305.46,
      963.13,
      1415.39,
      1324.31,
      1208.19,
      905.8299999999999,
      1076.4,
      1008.71,
      876.35,
      924.0699999999999,
      1020.1800000000001,
      1164.28,
      1224.97,
      925.26,
      597.5,
      1460.9099999999999,
      834.75,
      690.6,
      1234.8899999999999,
      1242.74,
      867.76,
      953.46,
      1155.98,
      1205.92,
      676.46,
      1544.75,
      1389.1299999999999,
      653.86,
      896.9300000000001,
      1317.3899999999999,
      1347.82,
      991.42,
      1128.16,
      1259.69,
      640.4,
      1566.24,
      1037.02,
      925.18,
      1160.5,
      880.64,
      1295.34,
      1101.21,
      1007.86,
      1549.66,
      1090.86,
      645.06,
      806.51,
      811.22,
      626.13,
      1055.64,
      891.28,
      901.37,
      834.1,
      1212.65,
      1161.3899999999999,
      1168.96,
      1064.6399999999999,
      1390.45,
      909.01,
      767.72,
      537.8,
      561.26,
      748.05,
      918.11,
      510.09000000000003,
      780.3,
      1017.72,
      490.80999999999995,
      591.99,
      1066.19,
      1092.6399999999999,
      532.03,
      296.07,
      506.73,
      639.37,
      592.53,
      416.13,
      265.71,
      415.3,
      412.15,
      879.76,
      567.55,
      304.1,
      220.05,
      106.51,
      195.25,
      175.79
    ],
    "stopping_reason": "max_candidates",
    "operations": {
      "candidate_generation": 985,
      "feasibility_check": 400,
      "weight_evaluation": 400
    }
  }
}