{
  "graph": "graph_n8_d25_adj_matrix",
  "algorithm": "random",
  "result": {
    "graph_name": "graph_n8_d25_adj_matrix",
    "algorithm": "random",
    "best_weight": 1373.58,
    "best_matching": [
      0,
      5,
      6
    ],
    "runtime": 2.000017147000108,
    "candidates": 10,
    "improvements": 3,
    "duplicates": 376842,
    "infeasible": 0,
    "size_history": {
      "3": 9,
      "2": 1
    },
    "weight_history": [
      627.54,
      1072.16,
      1373.58,
      928.9599999999999,
      507.99,
      384.94,
      952.61,
      860.1700000000001,
      901.32,
      742.4100000000001
    ],
    "stopping_reason": "time_limit",
    "operations": {
      "candidate_generation": 376852,
      "feasibility_check": 10,
      "weight_evaluation": 10
    }
  }
}