{
  "graph": "graph_n18_d25_adj_matrix",
  "algorithm": "greedy",
  "result": {
    "graph_name": "graph_n18_d25_adj_matrix",
    "algorithm": "greedy",
    "best_weight": 2795.34,
    "best_matching": [
      4,
      8,
      12,
      16,
      19,
      20,
      26,
      28,
      31
    ],
    "runtime": 2.000039567001295,
    "candidates": 78,
    "improvements": 3,
    "duplicates": 143571,
    "infeasible": 0,
    "size_history": {
      "8": 34,
      "7": 29,
      "6": 11,
      "5": 1,
      "9": 3
    },
    "weight_history": [
      2684.68,
      2658.25,
      2524.4700000000003,
      2649.82,
      2443.44,
      2540.04,
      2519.73,
      2469.63,
      2469.87,
      2660.92,
      2363.01,
      2456.8,
      2485.62,
      2477.19,
      2247.15,
      2503.62,
      2367.41,
      2512.05,
      2488.29,
      2499.73,
      2491.3,
      2464.87,
      2327.1,
      2300.67,
      2284.92,
      2318.67,
      2303.34,
      2292.2400000000002,
      2064.14,
      2175.05,
      2178.06,
      2284.17,
      2190.38,
      2467.32,
      2496.06,
      2602.62,
      2460.78,
      2487.21,
      2473.3,
      2347.68,
      2347.02,
      2446.21,
      2593.97,
      2475.97,
      2626.38,
      2634.4900000000002,
      2668.69,
      2676.25,
      2642.26,
      2532.1400000000003,
      2550.9,
      2558.57,
      2617.95,
      2451.71,
      2331.69,
      2326.71,
      2524.71,
      2766.6,
      2358.92,
      2795.34,
      2613.52,
      2580.53,
      2639.95,
      2605.45,
      2535.9500000000003,
      2645.73,
      2622.07,
      2572.86,
      2672.16,
      2648.5,
      2336.0,
      2335.26,
      2528.28,
      2342.9300000000003,
      2457.75,
      2613.86,
      2775.15,
      2622.71
    ],
    "stopping_reason": "time_limit",
    "operations": {
      "candidate_generation": 143649,
      "feasibility_check": 78,
      "weight_evaluation": 78
    }
  }
}