{
  "graph": "graph_n15_d25_adj_matrix",
  "algorithm": "local",
  "result": {
    "graph_name": "graph_n15_d25_adj_matrix",
    "algorithm": "local",
    "best_weight": 2670.74,
    "best_matching": [
      6,
      10,
      11,
      14,
      17,
      20,
      25
    ],
    "runtime": 2.00251052800013,
    "candidates": 36,
    "improvements": 3,
    "duplicates": 772,
    "infeasible": 0,
    "size_history": {
      "7": 22,
      "6": 12,
      "5": 2
    },
    "weight_history": [
      2543.69,
      2332.72,
      2501.54,
      2607.76,
      2670.74,
      2564.52,
      2483.6,
      2438.94,
      2480.71,
      2398.31,
      2446.41,
      2307.15,
      2247.9,
      2375.96,
      2066.82,
      2293.6,
      2301.45,
      2356.58,
      2248.91,
      2252.7,
      2298.62,
      2124.7799999999997,
      2509.39,
      2490.9,
      2538.95,
      2353.7200000000003,
      2395.9900000000002,
      2486.88,
      2405.74,
      2475.9700000000003,
      2427.92,
      2455.84,
      2374.21,
      2423.9,
      2420.62,
      2300.87
    ],
    "stopping_reason": "time_limit",
    "operations": {
      "candidate_generation": 808,
      "feasibility_check": 36,
      "weight_evaluation": 36
    }
  }
}