{
  "graph": "graph_n19_d50_adj_matrix",
  "algorithm": "random",
  "result": {
    "graph_name": "graph_n19_d50_adj_matrix",
    "algorithm": "random",
    "best_weight": 2643.52,
    "best_matching": [
      2,
      14,
      22,
      36,
      45,
      54,
      71,
      72,
      77
    ],
    "runtime": 0.00904395200086583,
    "candidates": 400,
    "improvements": 7,
    "duplicates": 0,
    "infeasible": 0,
    "size_history": {
      "9": 38,
      "8": 49,
      "7": 87,
      "6": 74,
      "5": 27,
      "4": 33,
      "3": 59,
      "2": 31,
      "1": 2
    },
    "weight_history": [
      1845.1,
      2294.13,
      2179.52,
      1838.28,
      2307.49,
      2165.67,
      2190.06,
      2244.65,
      1362.23,
      1855.28,
      2472.1,
      2042.52,
      1760.33,
      2121.8199999999997,
      2152.53,
      1911.1,
      2072.64,
      1789.63,
      1834.1299999999999,
      2164.09,
      1940.5,
      1341.71,
      1919.0,
      1546.33,
      1690.75,
      2218.6,
      1415.65,
      1962.99,
      2159.1,
      1495.48,
      2163.58,
      1918.2,
      1736.47,
      1503.28,
      1595.88,
      1106.88,
      1717.69,
      1648.54,
      1823.02,
      1779.7,
      1491.21,
      1630.39,
      1347.02,
      1683.99,
      991.1899999999999,
      1276.01,
      1834.37,
      1748.05,
      1133.26,
      1289.36,
      1545.95,
      1113.58,
      1237.8,
      1520.29,
      1148.49,
      916.29,
      1786.77,
      865.42,
      1339.58,
      1392.68,
      978.56,
      796.13,
      1313.64,
      1212.1,
      846.04,
      899.03,
      1521.34,
      1252.36,
      1614.58,
      1562.27,
      1309.47,
      1100.27,
      1740.22,
      1535.3899999999999,
      1958.36,
      1616.0,
      1537.1,
      1582.6499999999999,
      1458.15,
      1944.61,
      1736.04,
      1704.46,
      1630.3,
      1787.9099999999999,
      1643.99,
      1772.75,
      2058.68,
      1584.92,
      1524.45,
      1469.75,
      1511.33,
      1450.96,
      813.73,
      1907.69,
      1468.1399999999999,
      1623.76,
      1270.76,
      1432.03,
      1560.54,
      1820.8899999999999,
      1627.61,
      1541.72,
      1579.37,
      1444.07,
      1810.56,
      1551.19,
      1395.2,
      1106.07,
      1139.38,
      1436.89,
      1260.3700000000001,
      1352.65,
      1441.62,
      1208.36,
      1364.8,
      1481.35,
      1074.79,
      1265.29,
      1255.87,
      1214.67,
      1108.76,
      1140.21,
      1704.15,
      1477.87,
      1490.16,
      1027.99,
      1713.43,
      1747.47,
      1886.76,
      1787.33,
      2254.45,
      1316.02,
      2038.8400000000001,
      2338.97,
      1836.42,
      2210.44,
      1712.23,
      1354.1299999999999,
      1828.1,
      1867.05,
      1962.35,
      1837.36,
      2304.81,
      2194.85,
      2255.5,
      2508.15,
      1962.76,
      2590.43,
      1665.3,
      1733.91,
      2145.7,
      1939.77,
      1843.96,
      1916.32,
      2643.52,
      2330.05,
      1917.67,
      2078.1,
      2299.45,
      1337.59,
      2401.4,
      1811.31,
      2462.18,
      2039.6299999999999,
      1965.18,
      1761.71,
      1742.19,
      1930.98,
      1688.07,
      1865.25,
      1970.58,
      1588.19,
      1296.66,
      2011.74,
      1873.96,
      1753.16,
      1442.58,
      1375.63,
      1750.24,
      1782.44,
      1480.87,
      1737.93,
      1435.55,
      1156.53,
      1621.22,
      1178.65,
      1469.55,
      1104.8899999999999,
      1086.27,
      1776.62,
      1660.66,
      1113.11,
      1354.73,
      1590.28,
      917.27,
      1291.21,
      1262.06,
      1663.75,
      1884.65,
      1557.01,
      1641.33,
      1880.8,
      1912.55,
      1147.86,
      1765.49,
      2100.2,
      1767.55,
      2072.09,
      1794.72,
      1691.17,
      1761.08,
      1819.86,
      1736.1499999999999,
      2220.7,
      1407.98,
      1777.21,
      1949.29,
      1611.49,
      2045.85,
      1712.12,
      1384.04,
      1468.78,
      1556.25,
      1470.29,
      1441.25,
      1304.94,
      1638.13,
      1693.41,
      1579.3600000000001,
      2055.4700000000003,
      1813.54,
      1263.97,
      1242.95,
      1571.73,
      1438.87,
      1203.57,
      1296.0,
      1356.67,
      1268.34,
      1688.77,
      1449.39,
      1166.06,
      1889.98,
      1585.55,
      1802.82,
      974.8,
      2140.86,
      1442.34,
      1612.69,
      1646.76,
      1620.76,
      1862.22,
      1762.76,
      1341.06,
      1168.55,
      1865.79,
      1019.29,
      1121.3799999999999,
      1533.61,
      1728.3600000000001,
      1783.41,
      1454.29,
      1260.56,
      1157.99,
      765.52,
      1126.25,
      990.39,
      1334.7,
      1139.6,
      1110.5,
      1229.86,
      1046.05,
      1258.3899999999999,
      679.2,
      865.79,
      947.73,
      550.26,
      608.02,
      990.89,
      1220.79,
      1132.26,
      1032.59,
      890.85,
      562.18,
      988.85,
      884.73,
      412.78,
      756.38,
      702.37,
      855.6,
      393.3,
      763.66,
      794.56,
      1036.38,
      1124.43,
      826.4300000000001,
      778.06,
      772.13,
      1331.35,
      895.09,
      814.27,
      587.4,
      1097.71,
      788.5699999999999,
      623.08,
      1135.67,
      1026.53,
      1020.97,
      621.62,
      688.3,
      628.35,
      214.3,
      790.1700000000001,
      1140.2,
      871.6800000000001,
      989.98,
      935.92,
      800.49,
      866.23,
      860.12,
      556.89,
      1260.6,
      325.26,
      685.4399999999999,
      825.21,
      1017.02,
      747.92,
      1046.54,
      769.67,
      573.98,
      1003.64,
      1125.4,
      939.8,
      768.6,
      714.54,
      584.95,
      662.27,
      517.39,
      311.11,
      705.04,
      509.2,
      477.61,
      403.13,
      507.68999999999994,
      394.57,
      532.6,
      592.83,
      453.96000000000004,
      296.54,
      598.74,
      128.51,
      686.05,
      810.23,
      579.79,
      893.87,
      430.27,
      957.96,
      656.51,
      520.0699999999999,
      672.33,
      880.5500000000001,
      1104.4,
      694.69,
      436.52000000000004,
      747.46,
      344.19,
      405.46000000000004,
      630.51,
      504.52,
      606.59,
      282.08,
      616.24,
      643.6,
      489.64,
      974.62,
      575.52,
      500.45,
      735.46,
      1319.01,
      514.64,
      740.1700000000001,
      767.27,
      767.88,
      647.65,
      804.34,
      306.49,
      452.46000000000004,
      319.54,
      311.65999999999997,
      461.84000000000003,
      410.06,
      649.3199999999999,
      424.85,
      646.01,
      338.87,
      469.97,
      934.18,
      736.4,
      674.71,
      554.5699999999999
    ],
    "stopping_reason": "max_candidates",
    "operations": {
      "candidate_generation": 400,
      "feasibility_check": 400,
      "weight_evaluation": 400
    }
  }
}