{
  "graph": "graph_n16_d75_adj_matrix",
  "algorithm": "random",
  "result": {
    "graph_name": "graph_n16_d75_adj_matrix",
    "algorithm": "random",
    "best_weight": 2845.16,
    "best_matching": [
      9,
      23,
      26,
      40,
      46,
      62,
      64,
      74
    ],
    "runtime": 0.009743422000610735,
    "candidates": 400,
    "improvements": 7,
    "duplicates": 1,
    "infeasible": 0,
    "size_history": {
      "8": 62,
      "7": 58,
      "6": 28,
      "5": 89,
      "4": 112,
      "3": 47,
      "2": 4
    },
    "weight_history": [
      2098.52,
      2291.57,
      1254.8,
      2602.13,
      2684.04,
      1960.35,
      2240.41,
      2555.33,
      2085.81,
      1714.96,
      2127.06,
      2255.85,
      2066.23,
      2196.72,
      1603.52,
      1561.58,
      2099.82,
      2292.2200000000003,
      1949.98,
      2517.5,
      2607.93,
      1456.28,
      2534.16,
      2450.69,
      1987.1,
      2526.57,
      2224.66,
      2190.77,
      1981.51,
      2694.17,
      2246.02,
      2128.05,
      1975.29,
      2154.19,
      2774.24,
      2340.3,
      2522.93,
      1988.32,
      2374.48,
      2370.55,
      2562.8,
      2196.66,
      2406.8,
      2193.23,
      1898.58,
      2601.15,
      2488.73,
      2089.62,
      1562.1299999999999,
      2232.62,
      2205.88,
      2766.5299999999997,
      1971.73,
      2572.85,
      2845.16,
      2150.14,
      1981.8,
      2266.64,
      2006.74,
      2230.49,
      2192.1,
      2180.09,
      2219.05,
      2198.93,
      2043.73,
      2382.46,
      1990.82,
      1961.21,
      1871.27,
      1779.04,
      2153.1,
      2330.85,
      2650.87,
      1822.16,
      1859.16,
      2318.7,
      1934.57,
      2807.0099999999998,
      1831.32,
      2330.64,
      1570.17,
      2604.0,
      2101.71,
      1302.57,
      2417.68,
      2181.25,
      1888.6299999999999,
      1962.93,
      2118.99,
      2552.95,
      2490.57,
      2131.76,
      1855.3999999999999,
      2440.72,
      1957.9,
      2341.72,
      1782.1299999999999,
      2233.38,
      2568.18,
      2167.82,
      2095.35,
      2356.91,
      1744.56,
      2189.1800000000003,
      2313.07,
      2416.42,
      2174.8,
      2034.8999999999999,
      2141.77,
      2209.78,
      2297.69,
      1642.6200000000001,
      2549.9,
      1980.16,
      2408.18,
      2513.8,
      1687.83,
      2242.98,
      1718.71,
      1627.53,
      1891.25,
      1969.45,
      1811.94,
      1863.82,
      2004.34,
      1735.6100000000001,
      1445.3400000000001,
      2252.13,
      1676.55,
      1552.07,
      2359.47,
      2247.83,
      1539.42,
      1053.66,
      1107.5,
      1503.83,
      1398.36,
      1617.05,
      1448.44,
      1353.87,
      1751.17,
      1289.45,
      1854.06,
      1072.12,
      1302.95,
      1184.01,
      1919.3700000000001,
      1494.84,
      1362.08,
      1665.42,
      1472.52,
      1397.37,
      890.81,
      1035.84,
      1173.33,
      1030.54,
      880.51,
      719.22,
      1153.94,
      813.79,
      829.39,
      1409.71,
      1042.49,
      1095.95,
      860.65,
      943.03,
      1051.91,
      926.05,
      1036.6399999999999,
      1553.05,
      1002.01,
      1303.46,
      1004.44,
      1307.39,
      1098.01,
      1138.23,
      1711.8,
      1787.12,
      1453.8,
      1079.83,
      1250.67,
      1385.39,
      2182.3,
      1587.88,
      1685.04,
      1523.73,
      1548.98,
      1258.27,
      1668.72,
      1825.0,
      991.11,
      1697.4,
      1844.3500000000001,
      1947.4,
      1720.1399999999999,
      1912.89,
      1692.88,
      1914.28,
      1510.4,
      1373.08,
      1712.65,
      1500.43,
      1507.6100000000001,
      1052.8500000000001,
      1312.97,
      1668.96,
      1474.27,
      1195.1100000000001,
      1804.94,
      1000.16,
      956.76,
      1324.63,
      1557.8200000000002,
      1223.3700000000001,
      974.21,
      761.39,
      1187.73,
      1328.59,
      1264.88,
      1116.18,
      1000.6200000000001,
      669.14,
      741.22,
      836.59,
      509.75,
      1226.05,
      718.15,
      795.76,
      990.96,
      859.53,
      813.74,
      1005.6199999999999,
      1155.42,
      1095.81,
      1070.06,
      989.2700000000001,
      1282.8,
      1216.3899999999999,
      883.4,
      909.73,
      1097.42,
      981.61,
      473.34000000000003,
      964.86,
      640.84,
      626.5,
      813.03,
      729.85,
      1088.13,
      933.13,
      838.91,
      610.74,
      356.4,
      1413.52,
      1441.14,
      1351.82,
      798.0699999999999,
      1232.77,
      1284.6,
      1773.98,
      1207.17,
      912.47,
      1289.13,
      971.21,
      1519.78,
      1479.06,
      1586.4099999999999,
      1555.13,
      1501.6399999999999,
      1602.45,
      1280.39,
      1816.4,
      1376.97,
      1085.56,
      1710.82,
      1240.14,
      899.38,
      1155.76,
      1295.4,
      1360.1599999999999,
      1419.07,
      996.88,
      1288.82,
      1297.21,
      1039.5,
      1373.57,
      1431.29,
      1103.99,
      1199.81,
      946.7,
      1224.68,
      1684.99,
      1343.35,
      1332.4,
      1698.29,
      1935.3700000000001,
      1528.77,
      1208.84,
      1111.29,
      1240.44,
      1292.92,
      1272.88,
      934.41,
      1270.14,
      870.43,
      846.96,
      999.99,
      1180.97,
      1819.51,
      1950.0,
      1862.62,
      1576.43,
      1557.3700000000001,
      1310.33,
      1510.3400000000001,
      2156.24,
      1206.42,
      1940.13,
      1547.33,
      1035.49,
      936.71,
      1059.51,
      1670.38,
      1265.34,
      1253.31,
      1241.62,
      1148.4,
      978.89,
      1123.84,
      1751.2,
      1317.3400000000001,
      897.6700000000001,
      903.79,
      701.94,
      491.5,
      803.1999999999999,
      496.39,
      745.01,
      879.46,
      971.65,
      650.99,
      1472.24,
      1675.08,
      756.41,
      1113.03,
      1496.04,
      1244.57,
      953.78,
      1250.3,
      1228.3799999999999,
      786.44,
      1160.2,
      1517.52,
      1252.3,
      1801.31,
      1887.97,
      1812.89,
      1460.61,
      1250.14,
      1242.32,
      1581.29,
      1574.18,
      1490.02,
      1193.44,
      954.4,
      1048.38,
      1289.26,
      777.8199999999999,
      1240.93,
      1136.48,
      1679.25,
      885.63,
      1120.69,
      1619.48,
      1342.28,
      1513.32,
      1470.24,
      867.26,
      1807.51,
      2039.58,
      1575.94,
      1719.88,
      1648.25,
      1494.13,
      1526.76,
      1919.27,
      1499.45,
      1652.83,
      1486.33,
      900.1600000000001,
      1550.73,
      1675.63,
      1735.7,
      1391.02,
      1419.19,
      1577.3000000000002,
      951.62,
      613.29,
      971.9300000000001,
      583.36
    ],
    "stopping_reason": "max_candidates",
    "operations": {
      "candidate_generation": 401,
      "feasibility_check": 400,
      "weight_evaluation": 400
    }
  }
}