{
  "random": {
    "mean_weight": 1412.6666666666667,
    "std_weight": 122.7584512591926,
    "min_weight": 1239.06,
    "max_weight": 1499.47,
    "absolute_gap": 86.80333333333328,
    "relative_gap": 0.05788934312345914,
    "approximation_ratio": 0.9421106568765408
  },
  "greedy": {
    "mean_weight": 1499.47,
    "std_weight": 0.0,
    "min_weight": 1499.47,
    "max_weight": 1499.47,
    "absolute_gap": 0.0,
    "relative_gap": 0.0,
    "approximation_ratio": 1.0
  },
  "local": {
    "mean_weight": 1499.47,
    "std_weight": 0.0,
    "min_weight": 1499.47,
    "max_weight": 1499.47,
    "absolute_gap": 0.0,
    "relative_gap": 0.0,
    "approximation_ratio": 1.0
  }
}