{
  "graph": "graph_n8_d75_adj_matrix",
  "algorithm": "random",
  "result": {
    "graph_name": "graph_n8_d75_adj_matrix",
    "algorithm": "random",
    "best_weight": 1782.14,
    "best_matching": [
      1,
      10,
      11,
      19
    ],
    "runtime": 2.0000339950001944,
    "candidates": 139,
    "improvements": 11,
    "duplicates": 215809,
    "infeasible": 0,
    "size_history": {
      "4": 31,
      "3": 93,
      "2": 15
    },
    "weight_history": [
      1106.43,
      1077.22,
      604.5799999999999,
      860.8,
      547.42,
      1165.8,
      1189.81,
      1184.44,
      964.89,
      1282.07,
      635.63,
      889.61,
      1373.67,
      952.32,
      981.75,
      535.12,
      918.6400000000001,
      481.35,
      1237.92,
      1391.49,
      1226.93,
      1125.28,
      1273.01,
      871.2099999999999,
      993.1999999999999,
      1155.68,
      975.3,
      1424.46,
      299.73,
      900.76,
      984.1,
      957.92,
      655.09,
      337.63,
      564.28,
      726.76,
      915.5,
      603.63,
      1339.49,
      914.74,
      288.21,
      1184.8899999999999,
      420.56,
      1156.45,
      328.33,
      1305.07,
      1077.47,
      923.74,
      1061.19,
      930.35,
      877.38,
      1429.83,
      1530.79,
      1073.3600000000001,
      361.96,
      1185.79,
      707.01,
      970.2,
      1181.64,
      999.07,
      559.1800000000001,
      849.52,
      1287.96,
      1180.29,
      1762.3899999999999,
      1782.14,
      1747.96,
      485.01,
      1757.02,
      959.7900000000001,
      698.86,
      1362.46,
      444.89,
      1386.3,
      602.27,
      968.01,
      1266.73,
      1083.92,
      404.03,
      1386.12,
      639.61,
      1281.69,
      822.3,
      335.75,
      792.72,
      1386.28,
      1158.33,
      815.05,
      890.96,
      384.94,
      338.58,
      321.1,
      471.28,
      675.75,
      1276.26,
      958.95,
      460.19,
      576.63,
      1301.0900000000001,
      519.34,
      956.92,
      1301.15,
      695.95,
      813.6999999999999,
      1145.03,
      375.43,
      694.71,
      1257.85,
      991.48,
      461.63,
      110.60999999999999,
      944.62,
      1020.6899999999999,
      649.41,
      1015.38,
      346.99,
      968.75,
      855.95,
      791.05,
      819.86,
      471.71,
      819.65,
      1020.9200000000001,
      1020.15,
      699.68,
      848.46,
      1121.65,
      476.25,
      630.35,
      421.51,
      905.8399999999999,
      439.42999999999995,
      1350.67,
      838.98,
      205.28,
      910.21,
      1426.58,
      740.06,
      642.39
    ],
    "stopping_reason": "time_limit",
    "operations": {
      "candidate_generation": 215948,
      "feasibility_check": 139,
      "weight_evaluation": 139
    }
  }
}