{
  "graph": "graph_n11_d75_adj_matrix",
  "algorithm": "local",
  "result": {
    "graph_name": "graph_n11_d75_adj_matrix",
    "algorithm": "local",
    "best_weight": 1732.1200000000001,
    "best_matching": [
      0,
      13,
      22,
      29,
      36
    ],
    "runtime": 2.0011927930008824,
    "candidates": 43,
    "improvements": 6,
    "duplicates": 900,
    "infeasible": 0,
    "size_history": {
      "5": 21,
      "4": 19,
      "3": 3
    },
    "weight_history": [
      1660.18,
      1620.81,
      1654.91,
      1686.16,
      1694.94,
      1712.29,
      1698.3500000000001,
      1563.1200000000001,
      1694.31,
      1653.61,
      1690.34,
      1548.56,
      1548.52,
      1556.93,
      1515.97,
      1552.33,
      1542.3700000000001,
      1533.96,
      1517.27,
      1537.77,
      1522.54,
      1313.25,
      1700.76,
      1671.6,
      1679.15,
      1707.69,
      1727.52,
      1649.04,
      1682.25,
      1732.1200000000001,
      1675.11,
      1686.2,
      1672.29,
      1488.0,
      1501.41,
      1324.27,
      1483.17,
      1480.81,
      1482.58,
      1485.3600000000001,
      1488.67,
      1488.44,
      1347.35
    ],
    "stopping_reason": "time_limit",
    "operations": {
      "candidate_generation": 943,
      "feasibility_check": 43,
      "weight_evaluation": 43
    }
  }
}