{
  "random": {
    "mean_weight": 2804.1666666666665,
    "std_weight": 29.053377696156932,
    "min_weight": 2781.26,
    "max_weight": 2845.16,
    "absolute_gap": 421.9433333333336,
    "relative_gap": 0.13079012598247847,
    "approximation_ratio": 0.8692098740175216
  },
  "greedy": {
    "mean_weight": 3226.11,
    "std_weight": 0.0,
    "min_weight": 3226.11,
    "max_weight": 3226.11,
    "absolute_gap": 0.0,
    "relative_gap": 0.0,
    "approximation_ratio": 1.0
  },
  "local": {
    "mean_weight": 3197.25,
    "std_weight": 30.081297622720076,
    "min_weight": 3155.03,
    "max_weight": 3222.88,
    "absolute_gap": 28.860000000000127,
    "relative_gap": 0.008945758204153028,
    "approximation_ratio": 0.991054241795847
  }
}