{
  "graph": "graph_n13_d50_adj_matrix",
  "algorithm": "local",
  "result": {
    "graph_name": "graph_n13_d50_adj_matrix",
    "algorithm": "local",
    "best_weight": 2128.93,
    "best_matching": [
      5,
      12,
      14,
      20,
      29,
      37
    ],
    "runtime": 2.0014878310012136,
    "candidates": 50,
    "improvements": 1,
    "duplicates": 857,
    "infeasible": 0,
    "size_history": {
      "6": 30,
      "5": 12,
      "4": 7,
      "3": 1
    },
    "weight_history": [
      2128.93,
      2092.59,
      2109.81,
      1892.75,
      2034.93,
      2091.49,
      1910.52,
      1898.94,
      2073.47,
      1915.1299999999999,
      2017.1299999999999,
      1980.79,
      2072.37,
      1924.8600000000001,
      1933.17,
      2020.48,
      2067.05,
      1991.47,
      2022.3700000000001,
      1890.8600000000001,
      1899.3000000000002,
      2026.62,
      2054.35,
      1969.99,
      1913.26,
      1934.91,
      1941.96,
      1953.26,
      1910.74,
      1903.1399999999999,
      1965.98,
      1973.48,
      2001.06,
      1873.38,
      1918.06,
      1680.75,
      1870.91,
      1854.18,
      1902.43,
      1891.62,
      1861.5,
      1884.44,
      1681.88,
      1883.31,
      1699.87,
      1636.1,
      1655.19,
      1633.8,
      1643.31,
      1417.9099999999999
    ],
    "stopping_reason": "time_limit",
    "operations": {
      "candidate_generation": 907,
      "feasibility_check": 50,
      "weight_evaluation": 50
    }
  }
}