{
  "graph": "graph_n9_d25_adj_matrix",
  "algorithm": "random",
  "result": {
    "graph_name": "graph_n9_d25_adj_matrix",
    "algorithm": "random",
    "best_weight": 994.62,
    "best_matching": [
      2,
      6,
      8
    ],
    "runtime": 2.0000149609986693,
    "candidates": 17,
    "improvements": 6,
    "duplicates": 309606,
    "infeasible": 0,
    "size_history": {
      "3": 15,
      "2": 2
    },
    "weight_history": [
      495.64,
      787.41,
      899.4,
      616.13,
      941.3299999999999,
      990.03,
      400.41999999999996,
      271.03,
      865.27,
      639.48,
      994.62,
      770.05,
      787.42,
      692.2,
      385.33000000000004,
      538.28,
      745.48
    ],
    "stopping_reason": "time_limit",
    "operations": {
      "candidate_generation": 309623,
      "feasibility_check": 17,
      "weight_evaluation": 17
    }
  }
}