{
  "graph": "graph_n20_d25_adj_matrix",
  "algorithm": "local",
  "result": {
    "graph_name": "graph_n20_d25_adj_matrix",
    "algorithm": "local",
    "best_weight": 2854.11,
    "best_matching": [
      5,
      10,
      12,
      15,
      23,
      26,
      35,
      40
    ],
    "runtime": 2.0017844590001914,
    "candidates": 96,
    "improvements": 4,
    "duplicates": 769,
    "infeasible": 0,
    "size_history": {
      "8": 11,
      "9": 1,
      "7": 9,
      "6": 13,
      "5": 19,
      "4": 30,
      "3": 13
    },
    "weight_history": [
      2797.23,
      2769.49,
      2844.34,
      2762.54,
      2849.77,
      2759.52,
      2770.18,
      2811.33,
      2808.08,
      2854.11,
      2787.46,
      2594.43,
      2535.39,
      2559.74,
      2332.59,
      2499.09,
      2582.5,
      2537.55,
      2553.65,
      2497.49,
      2592.27,
      2720.05,
      2215.87,
      2296.29,
      2298.31,
      2252.31,
      2265.94,
      2322.82,
      2212.25,
      2240.44,
      2275.71,
      2296.15,
      2263.62,
      2036.47,
      1951.85,
      1694.35,
      1990.47,
      1952.57,
      1980.7,
      1978.6,
      2026.7,
      1979.5900000000001,
      1684.58,
      1998.57,
      1676.38,
      1658.0500000000002,
      1684.38,
      1682.48,
      1624.74,
      1334.26,
      1630.38,
      1656.45,
      1634.51,
      1674.6100000000001,
      1646.48,
      1962.27,
      1926.29,
      1881.85,
      1969.8200000000002,
      2000.17,
      1954.17,
      1950.4699999999998,
      1930.63,
      2213.85,
      1941.88,
      1972.5,
      1654.35,
      1620.15,
      1610.18,
      1666.6100000000001,
      1324.29,
      1648.08,
      1625.6,
      1626.51,
      1648.2800000000002,
      1548.51,
      1619.5,
      1340.3600000000001,
      1296.3600000000001,
      1330.3899999999999,
      1282.42,
      1322.3899999999999,
      1312.23,
      1304.06,
      1618.05,
      1324.49,
      1314.52,
      1275.93,
      1638.48,
      1636.48,
      1600.74,
      1302.26,
      1638.31,
      1646.18,
      1578.54,
      1589.1399999999999
    ],
    "stopping_reason": "time_limit",
    "operations": {
      "candidate_generation": 865,
      "feasibility_check": 96,
      "weight_evaluation": 96
    }
  }
}