{
  "graph": "graph_n14_d50_adj_matrix",
  "algorithm": "local",
  "result": {
    "graph_name": "graph_n14_d50_adj_matrix",
    "algorithm": "local",
    "best_weight": 2409.17,
    "best_matching": [
      4,
      8,
      12,
      23,
      28,
      37,
      43
    ],
    "runtime": 2.000389163998989,
    "candidates": 73,
    "improvements": 3,
    "duplicates": 690,
    "infeasible": 0,
    "size_history": {
      "7": 7,
      "6": 14,
      "5": 14,
      "4": 20,
      "3": 17,
      "2": 1
    },
    "weight_history": [
      2249.01,
      2388.29,
      2409.17,
      2247.01,
      2278.55,
      2312.49,
      2287.81,
      2245.88,
      2285.7400000000002,
      2334.56,
      2319.45,
      2245.11,
      2324.2200000000003,
      2084.82,
      2377.6,
      2226.13,
      2232.4,
      2232.01,
      2141.0,
      2127.75,
      2113.88,
      1976.26,
      2086.51,
      2000.3600000000001,
      2130.82,
      1903.87,
      2150.73,
      1972.68,
      1789.42,
      2032.73,
      1982.82,
      2087.0,
      1956.19,
      1752.58,
      1704.87,
      2078.34,
      1677.49,
      1732.06,
      1740.47,
      1758.17,
      1749.88,
      1719.5500000000002,
      1415.95,
      1777.26,
      1379.24,
      1367.0,
      1377.33,
      1358.5900000000001,
      1376.9,
      978.88,
      1331.7,
      1351.8600000000001,
      1338.28,
      1358.8899999999999,
      1352.35,
      1750.37,
      1933.8700000000001,
      1723.6100000000001,
      1730.79,
      1684.56,
      1693.31,
      1752.71,
      1738.64,
      2084.92,
      1738.31,
      1674.66,
      1357.81,
      1356.99,
      1319.84,
      1331.21,
      1713.96,
      1340.6200000000001,
      1337.95
    ],
    "stopping_reason": "time_limit",
    "operations": {
      "candidate_generation": 763,
      "feasibility_check": 73,
      "weight_evaluation": 73
    }
  }
}