{
  "graph": "graph_n20_d75_adj_matrix",
  "algorithm": "random",
  "result": {
    "graph_name": "graph_n20_d75_adj_matrix",
    "algorithm": "random",
    "best_weight": 3180.31,
    "best_matching": [
      2,
      22,
      33,
      51,
      58,
      82,
      86,
      101,
      113,
      135
    ],
    "runtime": 0.015134932000364643,
    "candidates": 400,
    "improvements": 5,
    "duplicates": 0,
    "infeasible": 0,
    "size_history": {
      "10": 220,
      "9": 169,
      "8": 11
    },
    "weight_history": [
      2715.9,
      2657.7,
      2584.56,
      2358.11,
      2269.3,
      2362.3,
      2196.48,
      2676.67,
      2062.07,
      2605.1,
      2215.21,
      2403.51,
      2319.17,
      2477.09,
      2269.49,
      2116.96,
      2215.38,
      2503.5099999999998,
      2239.39,
      2075.7599999999998,
      2155.22,
      2200.8,
      1522.06,
      1894.44,
      2027.74,
      2015.22,
      2125.2200000000003,
      1641.5,
      2278.9900000000002,
      2021.69,
      2101.91,
      2047.93,
      2236.67,
      2257.2599999999998,
      2843.5,
      2798.62,
      2084.88,
      2261.55,
      2181.91,
      2500.22,
      2203.9300000000003,
      2110.65,
      2155.22,
      1805.07,
      2222.78,
      2597.13,
      1985.22,
      2897.99,
      2869.12,
      2643.62,
      2587.4900000000002,
      2370.37,
      2858.07,
      2460.91,
      2297.35,
      1865.01,
      2723.4,
      2595.1800000000003,
      1540.59,
      2727.66,
      2080.35,
      1713.3400000000001,
      1398.96,
      1894.97,
      1902.33,
      2311.8,
      1618.17,
      2276.5,
      1465.73,
      2307.11,
      1677.03,
      1982.42,
      1894.45,
      2426.22,
      3012.05,
      1985.52,
      2954.01,
      2098.0,
      2322.65,
      2199.56,
      2066.22,
      2221.54,
      2595.47,
      2823.23,
      2620.96,
      2079.91,
      2264.39,
      2556.44,
      3009.71,
      2375.91,
      2103.13,
      2025.29,
      2725.16,
      1575.03,
      2270.12,
      2412.82,
      2388.93,
      1749.12,
      1815.65,
      2704.62,
      2485.51,
      2950.78,
      2020.6100000000001,
      2464.94,
      2589.91,
      1974.31,
      2194.71,
      2541.93,
      2500.93,
      2587.11,
      2522.4700000000003,
      2216.86,
      1858.96,
      1795.63,
      2863.81,
      2500.4,
      2622.53,
      3180.31,
      2333.51,
      2113.65,
      2750.56,
      2665.25,
      2054.48,
      2334.96,
      2377.57,
      2821.7200000000003,
      2401.5,
      2677.58,
      2709.9500000000003,
      2790.06,
      2948.18,
      2085.81,
      2696.45,
      2535.36,
      1445.43,
      2712.02,
      2618.91,
      2907.05,
      2610.53,
      2744.84,
      2620.37,
      2435.67,
      2302.68,
      2719.49,
      2699.2799999999997,
      2364.3199999999997,
      2416.9300000000003,
      2387.13,
      2079.55,
      1685.31,
      2027.47,
      2012.8899999999999,
      2347.54,
      2049.6,
      2848.68,
      2174.85,
      1796.84,
      2816.26,
      1751.58,
      2308.83,
      2404.29,
      2545.11,
      2279.61,
      1906.27,
      2168.64,
      2237.88,
      2469.5699999999997,
      2342.7599999999998,
      1871.71,
      1988.41,
      2316.55,
      2608.51,
      1999.33,
      2347.08,
      2143.15,
      2127.41,
      2150.55,
      2514.35,
      2432.91,
      2359.64,
      2085.82,
      1910.06,
      2111.02,
      1790.18,
      1914.5,
      1895.81,
      2384.22,
      2261.5,
      2589.5,
      1883.17,
      2500.69,
      3051.27,
      2194.26,
      2280.5099999999998,
      2231.83,
      2558.87,
      1893.6200000000001,
      2981.16,
      2388.41,
      2289.72,
      2626.26,
      1856.73,
      2448.9,
      1981.6399999999999,
      2435.68,
      2271.29,
      2385.65,
      2393.29,
      2236.99,
      2254.77,
      2245.92,
      2310.08,
      2135.04,
      2166.68,
      2500.08,
      2554.36,
      2540.63,
      1857.62,
      1745.7,
      2091.87,
      2020.89,
      1962.17,
      2153.43,
      2624.08,
      2120.93,
      2439.35,
      2752.38,
      2437.68,
      2489.89,
      3031.34,
      1483.95,
      1798.6399999999999,
      2209.76,
      2271.67,
      2480.04,
      2387.5,
      1839.62,
      2504.85,
      2012.97,
      2375.47,
      2273.06,
      2809.49,
      2071.85,
      1725.65,
      1740.93,
      1373.08,
      2302.72,
      1916.79,
      2066.4500000000003,
      2796.61,
      2206.93,
      1939.53,
      2057.12,
      1901.46,
      1908.0500000000002,
      2038.47,
      1891.64,
      2197.41,
      2790.59,
      2165.32,
      2280.58,
      2288.68,
      2460.04,
      1883.36,
      2061.97,
      1932.3,
      2246.31,
      1846.94,
      2438.44,
      2813.77,
      2455.85,
      2191.09,
      1867.82,
      1831.46,
      2439.77,
      2391.63,
      2980.88,
      1991.71,
      2093.55,
      2673.6,
      2847.88,
      2391.71,
      2313.09,
      2011.19,
      2554.86,
      2505.23,
      2498.21,
      2511.71,
      2207.71,
      2172.58,
      2446.15,
      2459.3,
      2848.66,
      2300.01,
      2298.35,
      2527.38,
      1876.6399999999999,
      2715.03,
      2288.6,
      2218.11,
      2890.47,
      2454.63,
      2523.37,
      2039.45,
      2490.73,
      2173.1,
      2556.69,
      2755.15,
      1636.86,
      2395.78,
      1717.6,
      2140.28,
      2293.17,
      2146.38,
      2373.16,
      2580.07,
      2240.46,
      2452.3,
      2476.09,
      2181.1800000000003,
      2079.4700000000003,
      2113.96,
      2234.01,
      1946.79,
      2777.9900000000002,
      2617.68,
      2558.45,
      2432.65,
      2829.5,
      2238.7599999999998,
      2659.18,
      2631.95,
      2615.98,
      2618.68,
      2718.6,
      2651.7200000000003,
      2796.69,
      2206.17,
      2126.12,
      2475.2799999999997,
      2231.3,
      2772.63,
      2348.8,
      2036.7,
      2278.77,
      2571.82,
      2295.23,
      2370.28,
      2463.31,
      2451.46,
      2241.12,
      1987.2,
      2343.13,
      2527.0299999999997,
      2279.89,
      1890.41,
      2217.12,
      2640.81,
      2091.48,
      3063.8199999999997,
      1985.88,
      2595.3,
      2653.46,
      2810.36,
      2133.19,
      2311.32,
      3056.71,
      2193.12,
      2291.32,
      2216.69,
      2506.61,
      2599.73,
      2246.67,
      2587.74,
      1807.96,
      2287.61,
      1924.6,
      2165.23,
      2733.19,
      2446.66,
      1988.43,
      2174.5299999999997,
      2670.46,
      2226.5299999999997,
      2386.75,
      2173.99,
      2387.3,
      2580.07,
      2740.12,
      2308.72,
      1981.16,
      2904.59,
      2688.96,
      2415.17,
      2544.34,
      2328.75,
      1877.43,
      2476.05,
      2030.02,
      1730.49
    ],
    "stopping_reason": "max_candidates",
    "operations": {
      "candidate_generation": 400,
      "feasibility_check": 400,
      "weight_evaluation": 400
    }
  }
}