{
  "graph": "graph_n6_d50_adj_matrix",
  "algorithm": "random",
  "result": {
    "graph_name": "graph_n6_d50_adj_matrix",
    "algorithm": "random",
    "best_weight": 940.58,
    "best_matching": [
      0,
      2
    ],
    "runtime": 2.000014483999621,
    "candidates": 10,
    "improvements": 2,
    "duplicates": 373264,
    "infeasible": 0,
    "size_history": {
      "2": 9,
      "1": 1
    },
    "weight_history": [
      792.73,
      743.34,
      417.56,
      394.91999999999996,
      536.34,
      940.58,
      544.3199999999999,
      378.11,
      550.75,
      799.1600000000001
    ],
    "stopping_reason": "time_limit",
    "operations": {
      "candidate_generation": 373274,
      "feasibility_check": 10,
      "weight_evaluation": 10
    }
  }
}