{
  "graph": "graph_n14_d25_adj_matrix",
  "algorithm": "local",
  "result": {
    "graph_name": "graph_n14_d25_adj_matrix",
    "algorithm": "local",
    "best_weight": 2049.7799999999997,
    "best_matching": [
      0,
      5,
      6,
      11,
      12,
      20
    ],
    "runtime": 2.000105351999082,
    "candidates": 11,
    "improvements": 2,
    "duplicates": 814,
    "infeasible": 0,
    "size_history": {
      "6": 9,
      "5": 2
    },
    "weight_history": [
      2026.47,
      2049.7799999999997,
      1968.33,
      2006.0,
      1885.9,
      2011.07,
      1838.62,
      1924.55,
      1982.69,
      1987.76,
      1872.3
    ],
    "stopping_reason": "time_limit",
    "operations": {
      "candidate_generation": 825,
      "feasibility_check": 11,
      "weight_evaluation": 11
    }
  }
}