{
  "graph": "graph_n12_d50_adj_matrix",
  "algorithm": "local",
  "result": {
    "graph_name": "graph_n12_d50_adj_matrix",
    "algorithm": "local",
    "best_weight": 1974.08,
    "best_matching": [
      3,
      12,
      15,
      17,
      18,
      30
    ],
    "runtime": 2.001324286000454,
    "candidates": 39,
    "improvements": 4,
    "duplicates": 966,
    "infeasible": 0,
    "size_history": {
      "6": 8,
      "5": 13,
      "4": 12,
      "3": 5,
      "2": 1
    },
    "weight_history": [
      1801.56,
      1793.22,
      1962.74,
      1791.02,
      1795.1200000000001,
      1964.84,
      1826.78,
      1708.19,
      1797.38,
      1974.08,
      1799.13,
      1835.39,
      1710.02,
      1700.21,
      1523.5700000000002,
      1837.49,
      1830.63,
      1721.16,
      1752.46,
      1689.91,
      1777.1200000000001,
      1736.92,
      1649.77,
      1602.08,
      1567.47,
      1564.74,
      1593.47,
      1563.62,
      1547.81,
      1573.35,
      1556.76,
      1544.9,
      1561.52,
      1291.97,
      1314.5,
      935.76,
      1285.77,
      1271.03,
      1273.94
    ],
    "stopping_reason": "time_limit",
    "operations": {
      "candidate_generation": 1005,
      "feasibility_check": 39,
      "weight_evaluation": 39
    }
  }
}