{
  "graph": "graph_n14_d12.5_adj_matrix",
  "algorithm": "random",
  "result": {
    "graph_name": "graph_n14_d12.5_adj_matrix",
    "algorithm": "random",
    "best_weight": 1034.83,
    "best_matching": [
      1,
      2,
      4,
      5
    ],
    "runtime": 2.0000232579986914,
    "candidates": 48,
    "improvements": 3,
    "duplicates": 259119,
    "infeasible": 0,
    "size_history": {
      "4": 19,
      "3": 26,
      "2": 3
    },
    "weight_history": [
      852.67,
      800.76,
      874.26,
      631.85,
      1034.83,
      884.88,
      964.65,
      807.22,
      955.06,
      705.35,
      585.78,
      800.77,
      793.3,
      627.69,
      659.9,
      873.0699999999999,
      711.62,
      414.78,
      688.79,
      870.95,
      671.0500000000001,
      565.51,
      617.99,
      850.58,
      586.4,
      889.91,
      855.3,
      604.17,
      770.6800000000001,
      859.82,
      818.53,
      775.53,
      839.43,
      421.9,
      654.65,
      435.15,
      673.14,
      643.3399999999999,
      761.44,
      649.62,
      686.7,
      438.46000000000004,
      639.01,
      424.02,
      932.44,
      842.0500000000001,
      892.03,
      857.7
    ],
    "stopping_reason": "time_limit",
    "operations": {
      "candidate_generation": 259167,
      "feasibility_check": 48,
      "weight_evaluation": 48
    }
  }
}