{
  "random": {
    "mean_weight": 1851.0,
    "std_weight": 66.34075821092189,
    "min_weight": 1757.18,
    "max_weight": 1897.91,
    "absolute_gap": 46.91000000000008,
    "relative_gap": 0.024716662012424236,
    "approximation_ratio": 0.9752833379875757
  },
  "greedy": {
    "mean_weight": 1795.83,
    "std_weight": 0.0,
    "min_weight": 1795.83,
    "max_weight": 1795.83,
    "absolute_gap": 102.08000000000015,
    "relative_gap": 0.05378547981727276,
    "approximation_ratio": 0.9462145201827272
  },
  "local": {
    "mean_weight": 1897.91,
    "std_weight": 0.0,
    "min_weight": 1897.91,
    "max_weight": 1897.91,
    "absolute_gap": 0.0,
    "relative_gap": 0.0,
    "approximation_ratio": 1.0
  }
}