{
  "graph": "graph_n10_d50_adj_matrix",
  "algorithm": "random",
  "result": {
    "graph_name": "graph_n10_d50_adj_matrix",
    "algorithm": "random",
    "best_weight": 1759.1599999999999,
    "best_matching": [
      3,
      4,
      12,
      15,
      20
    ],
    "runtime": 2.0000263510009972,
    "candidates": 186,
    "improvements": 4,
    "duplicates": 239775,
    "infeasible": 0,
    "size_history": {
      "5": 25,
      "4": 116,
      "3": 14,
      "1": 22,
      "2": 9
    },
    "weight_history": [
      1302.69,
      922.25,
      1278.09,
      1237.54,
      796.16,
      868.64,
      1448.76,
      1044.62,
      1200.1200000000001,
      1051.71,
      991.01,
      1174.05,
      1080.17,
      1515.77,
      1305.02,
      1167.89,
      1194.49,
      1424.72,
      1238.28,
      1437.46,
      1184.52,
      604.99,
      1336.88,
      1015.83,
      1030.27,
      1111.82,
      1252.63,
      824.51,
      637.04,
      1419.71,
      1094.39,
      1155.25,
      903.62,
      1431.83,
      1289.73,
      1759.1599999999999,
      1038.75,
      859.37,
      1260.71,
      1161.04,
      1214.51,
      1395.48,
      959.71,
      998.1,
      1085.8,
      1534.18,
      963.24,
      1077.56,
      1455.06,
      815.1700000000001,
      1213.5,
      1081.75,
      986.55,
      1270.23,
      846.06,
      1251.17,
      1339.88,
      1389.85,
      1534.03,
      897.85,
      1539.81,
      1202.68,
      1234.54,
      802.96,
      758.8499999999999,
      1132.96,
      1196.26,
      1508.18,
      1092.04,
      1265.21,
      1454.57,
      1093.21,
      1068.54,
      818.0899999999999,
      1094.54,
      1298.6,
      1194.78,
      872.48,
      1053.67,
      1005.6,
      771.8100000000001,
      1069.54,
      1123.46,
      1233.05,
      981.21,
      903.09,
      1041.82,
      1097.39,
      1176.68,
      1320.46,
      907.26,
      1034.91,
      1170.88,
      1088.52,
      1717.18,
      977.19,
      1038.39,
      863.99,
      1138.83,
      1134.02,
      1000.19,
      1479.1,
      1486.74,
      1080.46,
      884.62,
      1110.03,
      1234.19,
      1162.87,
      1093.51,
      1118.73,
      1236.36,
      1130.15,
      1380.78,
      1195.55,
      1196.73,
      992.9599999999999,
      1112.98,
      1131.85,
      743.72,
      960.17,
      1172.22,
      905.3,
      1194.28,
      952.86,
      1263.38,
      943.86,
      1287.51,
      1194.38,
      1239.36,
      1107.18,
      947.0699999999999,
      984.21,
      1147.8600000000001,
      941.73,
      1178.51,
      1103.0900000000001,
      1223.18,
      1051.03,
      718.35,
      1488.9099999999999,
      661.0,
      982.91,
      1382.7,
      871.78,
      867.9,
      1066.08,
      1217.56,
      763.55,
      600.8900000000001,
      813.53,
      920.22,
      1023.26,
      769.93,
      588.6800000000001,
      319.78,
      650.8,
      177.75,
      393.98,
      664.3,
      789.5699999999999,
      892.26,
      798.09,
      488.52,
      637.46,
      795.4300000000001,
      380.55,
      445.12,
      420.3,
      126.09,
      211.01,
      151.33,
      26.42,
      391.95,
      471.96,
      344.45,
      128.0,
      323.47,
      166.97,
      214.28,
      405.31,
      107.97,
      316.62,
      270.25,
      201.64,
      280.22,
      192.34
    ],
    "stopping_reason": "time_limit",
    "operations": {
      "candidate_generation": 239961,
      "feasibility_check": 186,
      "weight_evaluation": 186
    }
  }
}