{
  "graph": "graph_n18_d12.5_adj_matrix",
  "algorithm": "random",
  "result": {
    "graph_name": "graph_n18_d12.5_adj_matrix",
    "algorithm": "random",
    "best_weight": 2215.7400000000002,
    "best_matching": [
      2,
      4,
      6,
      8,
      12,
      14,
      17
    ],
    "runtime": 2.000036383000406,
    "candidates": 263,
    "improvements": 3,
    "duplicates": 217671,
    "infeasible": 0,
    "size_history": {
      "6": 103,
      "5": 82,
      "4": 37,
      "3": 11,
      "7": 30
    },
    "weight_history": [
      1686.38,
      1590.69,
      1592.52,
      1282.65,
      2013.54,
      1656.0900000000001,
      1265.29,
      1799.2,
      1956.1100000000001,
      1936.29,
      1533.73,
      1297.58,
      906.4599999999999,
      1558.44,
      1160.27,
      1208.38,
      1385.15,
      1347.46,
      1395.24,
      1154.84,
      1151.04,
      815.9200000000001,
      1151.92,
      1359.49,
      801.8199999999999,
      1112.01,
      1328.55,
      983.3399999999999,
      490.63,
      670.94,
      792.5,
      862.3199999999999,
      1027.3200000000002,
      800.1899999999999,
      415.82,
      681.66,
      944.55,
      918.98,
      509.82,
      562.14,
      739.42,
      751.9100000000001,
      638.84,
      971.0799999999999,
      844.69,
      1051.33,
      1124.88,
      1041.36,
      934.84,
      900.52,
      1124.95,
      754.36,
      943.01,
      743.03,
      1170.05,
      1095.92,
      1270.12,
      1240.62,
      1451.55,
      1508.53,
      1429.0900000000001,
      1243.62,
      1405.96,
      1448.78,
      1484.89,
      1543.81,
      1530.33,
      1813.5900000000001,
      1796.0500000000002,
      1234.96,
      1439.0900000000001,
      1876.15,
      1634.24,
      1767.66,
      1523.13,
      1696.46,
      1045.94,
      1714.45,
      1731.11,
      2215.7400000000002,
      1452.72,
      1218.02,
      2151.56,
      1231.28,
      1259.35,
      2146.3,
      1096.19,
      1450.07,
      983.6,
      1501.04,
      1690.06,
      1921.08,
      1465.98,
      1409.02,
      2000.63,
      1639.5,
      1939.99,
      1344.99,
      1622.8700000000001,
      1898.6200000000001,
      1000.26,
      2048.29,
      1920.54,
      1517.0700000000002,
      1280.6399999999999,
      1905.17,
      1291.64,
      1493.77,
      1735.74,
      1909.8,
      1903.88,
      1689.78,
      1465.44,
      1419.13,
      2174.69,
      1785.99,
      1782.05,
      1639.53,
      1827.04,
      1776.79,
      2041.68,
      1864.1200000000001,
      1469.38,
      1234.68,
      1962.13,
      1167.77,
      1629.42,
      1495.75,
      1673.4,
      1415.45,
      1650.15,
      1473.3700000000001,
      1673.1200000000001,
      1609.88,
      1310.83,
      1460.18,
      2094.6,
      1586.58,
      1218.3,
      1657.54,
      1746.74,
      1965.53,
      1874.23,
      1948.8700000000001,
      1567.39,
      2022.49,
      1981.44,
      1783.94,
      1551.29,
      2105.25,
      1857.5700000000002,
      1483.48,
      2089.34,
      1870.55,
      1174.32,
      1519.05,
      1907.8200000000002,
      1371.94,
      1924.48,
      1719.5900000000001,
      1438.7,
      1276.01,
      1501.01,
      1760.64,
      1510.43,
      1466.8200000000002,
      1714.5,
      1507.03,
      1526.3400000000001,
      1443.52,
      1950.85,
      1402.47,
      1454.7,
      1915.28,
      1330.8899999999999,
      1358.49,
      1545.53,
      1224.24,
      1763.33,
      1512.97,
      1545.59,
      1725.22,
      1161.15,
      1335.81,
      1762.23,
      1498.74,
      1528.39,
      1315.71,
      1172.38,
      1638.05,
      1316.77,
      1122.96,
      1297.97,
      1311.17,
      1136.97,
      1268.3600000000001,
      1829.8400000000001,
      1118.28,
      934.4300000000001,
      1115.68,
      1111.33,
      968.95,
      1128.31,
      1387.29,
      1031.8600000000001,
      1118.94,
      938.13,
      940.71,
      948.55,
      1611.73,
      1331.7,
      1471.26,
      1577.47,
      1527.5,
      1463.99,
      1208.0,
      1076.08,
      1476.48,
      1079.75,
      1175.53,
      1725.53,
      1311.42,
      1719.1100000000001,
      1663.04,
      1136.76,
      1673.46,
      1414.96,
      1665.69,
      1899.28,
      1548.99,
      1542.44,
      1033.53,
      1249.15,
      1533.13,
      1343.36,
      1495.4,
      842.81,
      1084.57,
      1083.08,
      1522.75,
      1406.56,
      1464.2,
      1666.19,
      1551.47,
      1781.5,
      1320.93,
      1702.4,
      1765.93,
      1621.99,
      1475.32,
      1624.64,
      1456.01,
      1517.42,
      1299.31,
      1691.2,
      1455.36,
      1184.43,
      1326.95,
      1220.0,
      1726.6100000000001,
      1675.1,
      1593.19,
      1321.69
    ],
    "stopping_reason": "time_limit",
    "operations": {
      "candidate_generation": 217934,
      "feasibility_check": 263,
      "weight_evaluation": 263
    }
  }
}