{
  "graph": "graph_n11_d75_adj_matrix",
  "algorithm": "random",
  "result": {
    "graph_name": "graph_n11_d75_adj_matrix",
    "algorithm": "random",
    "best_weight": 1567.21,
    "best_matching": [
      0,
      18,
      19,
      26,
      33
    ],
    "runtime": 2.0000291950000246,
    "candidates": 164,
    "improvements": 7,
    "duplicates": 186070,
    "infeasible": 0,
    "size_history": {
      "5": 30,
      "4": 48,
      "3": 31,
      "2": 14,
      "1": 41
    },
    "weight_history": [
      1216.67,
      1266.01,
      1269.28,
      1236.67,
      1324.38,
      1346.6,
      1305.76,
      1285.79,
      1281.75,
      1329.91,
      1511.04,
      1358.07,
      1491.28,
      1567.21,
      1253.06,
      1465.1399999999999,
      860.81,
      867.8100000000001,
      864.97,
      1313.93,
      962.31,
      721.79,
      731.55,
      1128.8600000000001,
      1093.52,
      1177.53,
      622.99,
      1182.4,
      1250.51,
      930.16,
      550.78,
      1054.46,
      1024.05,
      1103.96,
      1227.9,
      1260.43,
      1504.59,
      1303.64,
      1094.6399999999999,
      1167.9099999999999,
      1386.26,
      1552.3799999999999,
      1065.3700000000001,
      1489.8,
      1047.77,
      1112.64,
      1000.64,
      1066.23,
      1040.05,
      1106.79,
      1017.99,
      794.34,
      1164.71,
      996.74,
      1205.43,
      555.9,
      894.36,
      763.74,
      920.42,
      664.49,
      836.33,
      894.41,
      946.16,
      870.89,
      721.81,
      725.39,
      1053.68,
      1324.37,
      1119.1100000000001,
      1003.37,
      1016.25,
      996.7,
      1059.89,
      815.62,
      1025.12,
      1264.96,
      1343.21,
      1021.3499999999999,
      727.04,
      806.67,
      1018.54,
      908.55,
      835.49,
      387.42,
      647.78,
      587.54,
      497.9,
      556.29,
      1248.98,
      827.89,
      844.83,
      1119.81,
      1125.78,
      1090.31,
      955.78,
      1082.1200000000001,
      1268.9,
      1208.96,
      751.23,
      908.85,
      854.36,
      660.91,
      1137.74,
      1097.8899999999999,
      978.6,
      967.37,
      555.65,
      440.38,
      580.55,
      537.41,
      530.9,
      303.73,
      637.48,
      610.7,
      605.1,
      264.13,
      483.88,
      707.8299999999999,
      332.0,
      320.39,
      655.69,
      138.01,
      137.64,
      191.38,
      220.05,
      106.51,
      689.1800000000001,
      96.8,
      175.79,
      292.5,
      460.44,
      65.8,
      195.53,
      415.02,
      422.9,
      27.89,
      419.32,
      427.73,
      203.53,
      169.92,
      190.16,
      220.05,
      126.7,
      70.46,
      336.81,
      224.29,
      261.28,
      282.62,
      98.84,
      195.25,
      166.09,
      205.3,
      396.56,
      497.8,
      390.37,
      419.64,
      429.91,
      238.85,
      240.8,
      311.27,
      364.3,
      87.09,
      385.77,
      236.24
    ],
    "stopping_reason": "time_limit",
    "operations": {
      "candidate_generation": 186234,
      "feasibility_check": 164,
      "weight_evaluation": 164
    }
  }
}