{
  "graph": "graph_n18_d50_adj_matrix",
  "algorithm": "greedy",
  "result": {
    "graph_name": "graph_n18_d50_adj_matrix",
    "algorithm": "greedy",
    "best_weight": 3290.24,
    "best_matching": [
      1,
      6,
      13,
      33,
      44,
      58,
      63,
      71,
      73
    ],
    "runtime": 0.10241184799997427,
    "candidates": 400,
    "improvements": 7,
    "duplicates": 4031,
    "infeasible": 0,
    "size_history": {
      "8": 120,
      "7": 81,
      "6": 73,
      "5": 63,
      "4": 27,
      "3": 3,
      "9": 33
    },
    "weight_history": [
      3047.85,
      3143.51,
      3189.83,
      3022.64,
      3138.63,
      3108.08,
      3115.68,
      3029.4700000000003,
      3125.44,
      3139.58,
      3147.79,
      2929.95,
      2978.68,
      2847.87,
      2843.4700000000003,
      2841.66,
      2990.18,
      2959.38,
      2904.56,
      2968.11,
      2972.04,
      2918.75,
      2988.86,
      3118.11,
      3003.7000000000003,
      3166.38,
      3071.29,
      3020.77,
      3121.13,
      3046.54,
      3142.04,
      3123.89,
      3161.5,
      3021.26,
      2967.16,
      2904.27,
      2935.82,
      2875.07,
      2863.72,
      2877.7,
      2976.32,
      2935.31,
      3099.69,
      2893.21,
      2741.11,
      2749.32,
      2585.91,
      2691.89,
      2648.17,
      2374.77,
      2767.17,
      2654.92,
      2650.04,
      2758.96,
      2660.04,
      2945.99,
      2632.19,
      2844.07,
      2899.39,
      2909.6800000000003,
      2990.03,
      2890.3599999999997,
      2944.21,
      2629.4700000000003,
      2940.19,
      2894.51,
      2704.91,
      2643.26,
      2614.12,
      2684.06,
      2394.17,
      2686.42,
      2649.87,
      2625.12,
      2678.5,
      2582.89,
      2672.82,
      1958.65,
      2343.28,
      2369.3,
      2328.5,
      2351.45,
      2376.32,
      2307.3,
      2348.1,
      2317.97,
      2333.9700000000003,
      2361.13,
      1940.33,
      1891.98,
      1912.3799999999999,
      1478.44,
      1863.32,
      1931.98,
      1894.56,
      1880.43,
      1879.59,
      1899.53,
      1499.34,
      2319.27,
      2240.21,
      2323.44,
      2320.33,
      2353.37,
      2285.08,
      2308.0299999999997,
      2282.45,
      2239.0,
      2351.05,
      2300.3,
      2665.2200000000003,
      2646.65,
      2330.25,
      2665.92,
      2711.29,
      2601.46,
      2624.41,
      2590.9300000000003,
      2577.63,
      2851.17,
      2690.67,
      2952.42,
      2875.92,
      2881.11,
      2953.77,
      2839.8199999999997,
      2940.81,
      2894.1,
      2899.82,
      2786.7799999999997,
      2998.2400000000002,
      2861.65,
      3032.14,
      2958.65,
      3090.2200000000003,
      3064.6800000000003,
      3135.95,
      3125.24,
      3078.54,
      3112.28,
      3099.4700000000003,
      3047.39,
      3192.73,
      3115.3,
      3149.34,
      3152.99,
      3095.61,
      3150.15,
      3130.12,
      3012.7599999999998,
      3014.94,
      3124.44,
      3059.5,
      3112.78,
      3274.0,
      3219.9,
      3265.69,
      2959.56,
      3224.78,
      3120.56,
      3257.48,
      3271.1,
      3098.89,
      3040.78,
      3182.58,
      3057.39,
      3112.05,
      3200.94,
      3138.22,
      3144.46,
      2966.86,
      2900.5699999999997,
      3169.71,
      3021.93,
      3067.66,
      2980.62,
      3164.44,
      3211.39,
      3171.4900000000002,
      3086.08,
      3077.28,
      3257.71,
      2940.51,
      3282.21,
      3189.19,
      3154.02,
      3073.79,
      2924.47,
      3022.17,
      3144.9700000000003,
      3199.37,
      3113.89,
      3158.6,
      3061.83,
      3059.0,
      3136.68,
      2775.43,
      3207.58,
      2886.0,
      2886.73,
      2770.41,
      2946.83,
      2927.42,
      2654.5699999999997,
      2854.5099999999998,
      2939.34,
      2927.53,
      2917.46,
      2909.62,
      2948.6,
      3177.4,
      3155.98,
      3076.92,
      3174.2799999999997,
      3073.92,
      2937.56,
      3018.75,
      2942.8,
      3001.74,
      3065.57,
      2764.15,
      2941.48,
      2952.97,
      2889.01,
      2625.2200000000003,
      2794.72,
      2906.0299999999997,
      2839.19,
      2904.07,
      2873.33,
      2901.28,
      2325.88,
      2592.16,
      2726.37,
      2617.39,
      2641.5299999999997,
      2698.63,
      2619.24,
      2892.64,
      2718.16,
      2642.26,
      2567.7200000000003,
      2309.65,
      2141.84,
      2361.38,
      1945.01,
      2293.09,
      2273.85,
      2278.92,
      2212.01,
      2274.75,
      2308.1,
      1899.83,
      1917.85,
      1940.63,
      1927.16,
      1893.53,
      1921.23,
      1935.33,
      1426.52,
      1953.1799999999998,
      1891.18,
      1915.46,
      1889.74,
      2281.0099999999998,
      2266.42,
      1920.3899999999999,
      2267.3,
      2320.58,
      2310.25,
      2313.33,
      2233.0499999999997,
      2325.63,
      2282.64,
      2278.4700000000003,
      2617.42,
      2600.73,
      2581.77,
      2609.24,
      2610.21,
      2853.63,
      2588.67,
      2613.77,
      2610.4,
      2661.56,
      2602.13,
      2296.77,
      1912.22,
      2318.26,
      2327.5,
      2273.74,
      2225.62,
      2333.2,
      2272.53,
      1914.13,
      2334.71,
      2252.29,
      2674.44,
      2636.65,
      2611.02,
      2610.23,
      2868.16,
      2585.57,
      2678.88,
      2598.71,
      2568.3599999999997,
      2550.13,
      2663.11,
      1865.31,
      2250.79,
      2255.9700000000003,
      2291.59,
      2248.9700000000003,
      2272.83,
      2295.78,
      1907.84,
      2281.43,
      2231.12,
      2229.33,
      2618.8,
      2537.56,
      2654.22,
      2223.88,
      2583.54,
      2638.08,
      2595.85,
      2639.54,
      2578.3599999999997,
      2628.87,
      2660.74,
      2930.43,
      3027.9,
      2869.31,
      2817.71,
      2864.13,
      2908.96,
      2527.56,
      2944.03,
      2754.1499999999996,
      2895.67,
      2970.57,
      2934.35,
      3056.95,
      2891.17,
      2989.26,
      2941.88,
      3101.91,
      3038.88,
      3108.15,
      3112.13,
      2751.92,
      3183.08,
      3103.2,
      3290.24,
      3146.84,
      3205.71,
      3206.5099999999998,
      3231.52,
      3070.07,
      3076.15,
      3026.54,
      3043.7599999999998,
      3026.41,
      3112.9500000000003,
      3254.58,
      3176.44,
      2939.92,
      2972.41,
      3055.0,
      3087.22,
      3017.79,
      3155.02,
      2958.25,
      3063.89,
      3143.1,
      3106.11,
      3036.43,
      3108.2,
      3110.81,
      3107.17,
      3093.21,
      3141.66,
      3218.63,
      3136.7599999999998,
      3064.35,
      3194.2200000000003,
      3054.64,
      3001.1,
      3285.36,
      3035.6,
      3204.27,
      2979.9,
      3099.39,
      3116.41,
      3180.96,
      3015.0499999999997,
      3018.49,
      3223.31,
      3131.07,
      3068.46
    ],
    "stopping_reason": "max_candidates",
    "operations": {
      "candidate_generation": 4431,
      "feasibility_check": 400,
      "weight_evaluation": 400
    }
  }
}