{
  "graph": "graph_n16_d25_adj_matrix",
  "algorithm": "local",
  "result": {
    "graph_name": "graph_n16_d25_adj_matrix",
    "algorithm": "local",
    "best_weight": 2477.92,
    "best_matching": [
      0,
      10,
      12,
      16,
      19,
      20,
      28
    ],
    "runtime": 2.000632246999885,
    "candidates": 39,
    "improvements": 2,
    "duplicates": 755,
    "infeasible": 0,
    "size_history": {
      "7": 21,
      "6": 16,
      "5": 2
    },
    "weight_history": [
      2397.09,
      2335.28,
      2341.62,
      2477.92,
      2400.23,
      2455.12,
      2464.4300000000003,
      2347.46,
      2408.15,
      2460.96,
      2406.07,
      2333.9700000000003,
      2328.13,
      2321.19,
      2423.03,
      2288.14,
      2270.75,
      2283.59,
      2292.57,
      2304.23,
      2247.41,
      2190.73,
      2318.52,
      2401.64,
      2305.6800000000003,
      2353.26,
      2341.94,
      2386.09,
      2390.17,
      2377.87,
      2342.2,
      2373.25,
      2331.2,
      2298.39,
      2257.26,
      2184.89,
      2286.73,
      2251.42,
      2270.1
    ],
    "stopping_reason": "time_limit",
    "operations": {
      "candidate_generation": 794,
      "feasibility_check": 39,
      "weight_evaluation": 39
    }
  }
}