{
  "random": {
    "mean_weight": 2658.0733333333333,
    "std_weight": 100.12648678324611,
    "min_weight": 2543.37,
    "max_weight": 2787.33,
    "absolute_gap": 201.8466666666668,
    "relative_gap": 0.07057773177804512,
    "approximation_ratio": 0.9294222682219548
  },
  "greedy": {
    "mean_weight": 2813.56,
    "std_weight": 31.865150242859375,
    "min_weight": 2768.65,
    "max_weight": 2839.2400000000002,
    "absolute_gap": 46.36000000000013,
    "relative_gap": 0.016210243643178874,
    "approximation_ratio": 0.9837897563568211
  },
  "local": {
    "mean_weight": 2852.456666666667,
    "std_weight": 5.648140303576771,
    "min_weight": 2846.26,
    "max_weight": 2859.92,
    "absolute_gap": 7.463333333333139,
    "relative_gap": 0.002609630106203369,
    "approximation_ratio": 0.9973903698937966
  }
}