{
  "graph": "graph_n16_d75_adj_matrix",
  "algorithm": "random",
  "result": {
    "graph_name": "graph_n16_d75_adj_matrix",
    "algorithm": "random",
    "best_weight": 2786.08,
    "best_matching": [
      7,
      14,
      29,
      47,
      50,
      57,
      82,
      89
    ],
    "runtime": 0.011384704001102364,
    "candidates": 400,
    "improvements": 3,
    "duplicates": 87,
    "infeasible": 0,
    "size_history": {
      "8": 9,
      "7": 65,
      "6": 81,
      "5": 74,
      "4": 58,
      "3": 26,
      "2": 21,
      "1": 66
    },
    "weight_history": [
      2506.78,
      1800.61,
      2064.89,
      2115.39,
      2178.48,
      2579.2599999999998,
      2355.75,
      2174.9,
      2321.5,
      2786.08,
      2531.07,
      2256.13,
      1531.48,
      1741.99,
      2263.25,
      2160.86,
      1538.75,
      2293.4300000000003,
      2277.05,
      1936.46,
      2138.69,
      2080.63,
      1952.68,
      1987.3,
      1875.78,
      1858.45,
      1830.5800000000002,
      1831.77,
      1678.51,
      1202.28,
      1845.43,
      1814.58,
      1955.56,
      785.06,
      1067.2,
      1942.72,
      1183.0,
      1487.27,
      1535.3700000000001,
      1198.17,
      2245.56,
      1664.72,
      2204.45,
      1752.84,
      1019.93,
      1225.6399999999999,
      1480.04,
      1181.8799999999999,
      1160.59,
      1809.6299999999999,
      1362.0,
      1030.78,
      1191.16,
      1234.07,
      746.29,
      1052.42,
      1429.98,
      961.5,
      895.81,
      1735.42,
      1304.32,
      1782.24,
      1683.46,
      1495.92,
      1833.95,
      1844.94,
      1143.37,
      1120.93,
      1378.78,
      1566.78,
      1031.23,
      892.86,
      963.78,
      915.38,
      1030.18,
      704.15,
      955.9,
      1632.27,
      1525.64,
      1222.89,
      1793.59,
      1500.44,
      1457.13,
      1467.48,
      2195.81,
      1223.34,
      1521.8899999999999,
      1847.01,
      993.48,
      974.32,
      854.3,
      1482.79,
      883.5,
      1030.27,
      1632.74,
      1247.47,
      1211.15,
      1506.94,
      827.65,
      1537.6399999999999,
      1532.3899999999999,
      1495.68,
      1102.06,
      1338.8899999999999,
      1712.18,
      2048.37,
      1479.51,
      1649.85,
      1382.54,
      1074.47,
      1327.1299999999999,
      1867.81,
      1569.55,
      1592.99,
      2165.04,
      1744.06,
      1996.38,
      2198.17,
      1369.07,
      1769.13,
      1875.64,
      1708.15,
      2505.66,
      1504.98,
      2067.96,
      2309.46,
      2267.1,
      2170.54,
      2354.14,
      1840.49,
      2403.38,
      2126.89,
      1788.75,
      1336.21,
      2087.2,
      2274.2599999999998,
      1751.64,
      1589.74,
      1746.19,
      1897.46,
      1978.93,
      1827.05,
      1827.97,
      2304.93,
      1892.56,
      2232.41,
      2007.48,
      1414.9,
      2329.65,
      1910.1200000000001,
      2036.86,
      2424.2,
      1811.43,
      2436.48,
      1189.31,
      1967.08,
      1471.83,
      1732.4,
      1374.37,
      1759.58,
      1996.88,
      1673.2,
      1335.8899999999999,
      1508.97,
      1584.2,
      2161.72,
      1831.8899999999999,
      1695.95,
      1438.38,
      2208.76,
      2364.08,
      1992.56,
      1676.52,
      1711.06,
      2239.63,
      2346.71,
      2223.41,
      1779.87,
      1396.99,
      1419.8,
      1719.03,
      1765.69,
      1710.85,
      1959.38,
      1834.25,
      2105.05,
      1875.02,
      1720.54,
      2212.81,
      2558.59,
      2137.83,
      2653.17,
      2167.05,
      1770.22,
      1862.94,
      1894.67,
      2162.6,
      2311.5,
      1677.17,
      1592.71,
      1911.3799999999999,
      2233.11,
      1506.91,
      1944.01,
      2091.2400000000002,
      1893.9099999999999,
      1431.28,
      1679.19,
      1583.1,
      2421.57,
      1589.96,
      2236.37,
      2072.03,
      2005.23,
      1945.94,
      2158.1,
      2018.0700000000002,
      1203.7,
      1544.39,
      1589.17,
      1665.1399999999999,
      2025.35,
      2078.59,
      2117.75,
      2374.09,
      1769.06,
      1595.2,
      1950.25,
      2081.9,
      2000.55,
      1211.58,
      969.75,
      1411.31,
      1373.76,
      1413.33,
      1441.1399999999999,
      1792.6,
      788.1899999999999,
      1148.29,
      1185.68,
      1286.0,
      1723.88,
      1049.75,
      1269.03,
      844.35,
      1280.26,
      1158.97,
      881.24,
      1490.54,
      1216.78,
      948.1899999999999,
      1310.27,
      592.76,
      1095.11,
      869.1500000000001,
      926.56,
      887.49,
      1058.13,
      1106.57,
      1343.14,
      866.53,
      773.5899999999999,
      1231.28,
      1067.95,
      423.21000000000004,
      699.01,
      1208.33,
      411.06,
      629.63,
      572.65,
      517.79,
      590.4300000000001,
      448.9,
      253.16,
      483.63,
      616.6,
      92.76,
      229.68,
      101.14,
      367.79,
      319.13,
      130.46,
      328.25,
      169.55,
      264.17,
      364.54,
      123.58,
      489.29,
      154.06,
      400.96,
      250.14,
      471.51,
      220.59,
      196.16,
      442.01,
      553.01,
      229.47,
      93.02,
      316.36,
      163.6,
      324.23,
      434.06,
      247.16,
      486.78,
      292.75,
      258.15,
      311.6,
      441.49,
      235.97,
      170.55,
      490.37,
      335.04,
      41.05,
      135.0,
      288.51,
      344.68,
      228.97,
      318.11,
      324.08,
      91.09,
      398.15,
      156.73,
      544.45,
      331.39,
      152.45,
      213.22,
      120.02,
      257.0,
      141.87,
      286.11,
      321.71,
      383.39,
      436.23,
      129.4,
      159.76,
      422.3,
      393.73,
      446.45,
      229.86,
      281.82,
      341.12,
      625.94,
      657.48,
      382.77,
      609.04,
      659.23,
      682.65,
      593.8199999999999,
      349.88,
      653.1500000000001,
      611.56,
      515.08,
      710.5899999999999,
      642.14,
      702.81,
      1211.39,
      511.78,
      900.1,
      976.74,
      872.32,
      1059.89,
      1037.98,
      1231.97,
      1103.23,
      851.91,
      1417.8600000000001,
      677.56,
      1137.11,
      1086.97,
      910.68,
      1151.96,
      1620.99,
      846.6,
      1026.13,
      1490.31,
      1323.9,
      1363.24,
      1553.51,
      1134.7,
      1673.78,
      1252.22,
      1455.82,
      1760.43,
      1354.63,
      1213.4,
      895.37,
      1357.47,
      1013.27,
      1237.28,
      1218.39,
      768.47,
      1045.09,
      1354.97,
      619.56,
      1471.58,
      1071.07,
      1576.7,
      1582.96,
      1696.48,
      1031.3
    ],
    "stopping_reason": "max_candidates",
    "operations": {
      "candidate_generation": 487,
      "feasibility_check": 400,
      "weight_evaluation": 400
    }
  }
}