{
  "graph": "graph_n16_d50_adj_matrix",
  "algorithm": "local",
  "result": {
    "graph_name": "graph_n16_d50_adj_matrix",
    "algorithm": "local",
    "best_weight": 2924.71,
    "best_matching": [
      3,
      12,
      18,
      21,
      29,
      45,
      54,
      59
    ],
    "runtime": 2.000330741000653,
    "candidates": 241,
    "improvements": 4,
    "duplicates": 444,
    "infeasible": 0,
    "size_history": {
      "8": 128,
      "7": 77,
      "6": 24,
      "5": 10,
      "4": 2
    },
    "weight_history": [
      2690.39,
      2624.13,
      2738.64,
      2830.44,
      2924.71,
      2642.3,
      2860.58,
      2899.11,
      2856.04,
      2729.5,
      2632.03,
      2499.9900000000002,
      2635.28,
      2507.87,
      2536.32,
      2754.9,
      2593.09,
      2648.2,
      2658.42,
      2637.46,
      2662.48,
      2436.86,
      2703.52,
      2523.77,
      2725.96,
      2569.94,
      2766.97,
      2836.13,
      2784.78,
      2728.15,
      2774.13,
      2737.11,
      2733.36,
      2683.19,
      2629.6,
      2526.05,
      2622.23,
      2692.02,
      2699.22,
      2697.3,
      2662.62,
      2764.2400000000002,
      2702.7,
      2683.01,
      2713.7,
      2771.19,
      2643.41,
      2839.86,
      2707.54,
      2542.96,
      2788.67,
      2613.45,
      2727.42,
      2696.51,
      2747.11,
      2436.96,
      2694.4,
      2619.06,
      2579.07,
      2729.3,
      2712.66,
      2644.66,
      2495.2400000000002,
      2364.9900000000002,
      2585.92,
      2665.83,
      2389.76,
      2357.41,
      2388.16,
      2501.78,
      2209.21,
      2333.96,
      2345.95,
      2387.34,
      2476.18,
      2411.05,
      2309.42,
      1840.38,
      2066.37,
      2211.82,
      2206.04,
      2077.74,
      2073.7,
      2075.94,
      1765.71,
      2061.57,
      2086.34,
      2071.8,
      2371.17,
      2337.6,
      2336.26,
      2385.55,
      2525.93,
      2419.23,
      2331.61,
      2384.7200000000003,
      2500.33,
      2365.61,
      2505.75,
      2797.9700000000003,
      2469.64,
      2632.95,
      2553.46,
      2823.57,
      2597.9,
      2606.43,
      2708.57,
      2701.98,
      2593.09,
      2445.13,
      2581.97,
      2759.18,
      2630.2400000000002,
      2650.64,
      2706.73,
      2745.8,
      2731.16,
      2543.84,
      2497.07,
      2652.55,
      2635.65,
      2678.68,
      2868.67,
      2671.69,
      2619.14,
      2545.13,
      2765.44,
      2651.83,
      2749.34,
      2614.85,
      2684.05,
      2759.44,
      2698.83,
      2729.48,
      2854.55,
      2720.0,
      2714.81,
      2750.9,
      2768.46,
      2721.01,
      2723.77,
      2739.3,
      2757.52,
      2547.17,
      2677.9,
      2675.58,
      2682.48,
      2518.39,
      2602.48,
      2435.23,
      2662.9500000000003,
      2734.5,
      2681.41,
      2612.01,
      2695.48,
      2543.19,
      2594.48,
      2636.03,
      2545.65,
      2803.17,
      2904.8,
      2737.44,
      2622.52,
      2638.01,
      2756.86,
      2697.04,
      2604.64,
      2582.05,
      2703.01,
      2784.01,
      2743.52,
      2828.95,
      2628.08,
      2650.7400000000002,
      2614.52,
      2607.36,
      2498.94,
      2645.8,
      2556.32,
      2647.7400000000002,
      2800.0,
      2630.84,
      2589.75,
      2614.57,
      2742.44,
      2580.95,
      2532.7400000000002,
      2700.98,
      2699.11,
      2633.9900000000002,
      2689.9300000000003,
      2762.48,
      2631.66,
      2590.73,
      2673.78,
      2632.22,
      2605.98,
      2691.31,
      2763.07,
      2559.26,
      2782.46,
      2562.26,
      2621.36,
      2668.89,
      2709.7400000000002,
      2693.81,
      2637.01,
      2740.1800000000003,
      2605.89,
      2717.54,
      2470.57,
      2491.65,
      2586.33,
      2757.38,
      2738.44,
      2495.1,
      2690.9300000000003,
      2698.7200000000003,
      2474.84,
      2720.2000000000003,
      2522.95,
      2495.38,
      2767.78,
      2642.03,
      2680.52,
      2607.6,
      2455.79,
      2660.93,
      2713.5,
      2571.86,
      2732.44,
      2623.8,
      2725.83,
      2581.92,
      2591.62,
      2658.14,
      2643.34,
      2557.27,
      2645.9700000000003,
      2621.0,
      2633.2
    ],
    "stopping_reason": "time_limit",
    "operations": {
      "candidate_generation": 685,
      "feasibility_check": 241,
      "weight_evaluation": 241
    }
  }
}