{
  "graph": "graph_n15_d75_adj_matrix",
  "algorithm": "random",
  "result": {
    "graph_name": "graph_n15_d75_adj_matrix",
    "algorithm": "random",
    "best_weight": 2789.36,
    "best_matching": [
      17,
      26,
      34,
      35,
      54,
      60,
      63
    ],
    "runtime": 0.009600445999240037,
    "candidates": 400,
    "improvements": 9,
    "duplicates": 0,
    "infeasible": 0,
    "size_history": {
      "7": 161,
      "6": 90,
      "5": 94,
      "4": 53,
      "3": 2
    },
    "weight_history": [
      2208.4,
      2243.63,
      2132.58,
      1836.54,
      2506.71,
      2277.42,
      2068.01,
      1651.75,
      2542.52,
      2318.88,
      1847.59,
      1869.68,
      2525.05,
      1798.53,
      1487.79,
      2573.15,
      1891.05,
      1808.22,
      1834.18,
      2264.67,
      2362.14,
      1456.8600000000001,
      1078.44,
      1374.63,
      2140.9700000000003,
      1830.33,
      2247.26,
      1937.66,
      2253.8,
      1975.54,
      1919.31,
      1440.44,
      2135.58,
      1270.37,
      2226.66,
      2222.03,
      1948.9,
      1923.93,
      2167.28,
      1939.56,
      2338.38,
      2132.93,
      1819.75,
      2653.76,
      1887.65,
      1923.1000000000001,
      1995.48,
      1209.01,
      2040.97,
      2136.36,
      2548.21,
      2599.82,
      2147.72,
      2152.82,
      1706.67,
      1861.64,
      2222.21,
      2452.56,
      2638.05,
      2129.13,
      2099.4,
      1820.71,
      1904.1000000000001,
      1889.13,
      2300.68,
      2122.69,
      1522.08,
      2049.13,
      1718.32,
      2142.7799999999997,
      1987.73,
      1979.88,
      1936.12,
      1952.01,
      2316.37,
      2364.9300000000003,
      2247.03,
      2219.76,
      1351.93,
      1818.69,
      2036.79,
      1913.38,
      1723.15,
      1955.27,
      1876.06,
      1805.94,
      1995.1100000000001,
      2058.02,
      1481.48,
      872.59,
      1446.8600000000001,
      1333.3,
      1677.33,
      1765.24,
      1374.3,
      670.26,
      1299.62,
      1421.14,
      1260.46,
      1055.42,
      976.8399999999999,
      1188.72,
      1073.64,
      874.32,
      1326.36,
      1776.13,
      1193.47,
      1089.67,
      1008.97,
      688.79,
      1576.65,
      1354.12,
      1849.34,
      1733.93,
      1449.29,
      1134.12,
      1824.01,
      1768.6200000000001,
      1732.1499999999999,
      1322.98,
      1233.62,
      1598.46,
      1929.18,
      1398.77,
      1565.73,
      2035.27,
      2400.46,
      1661.64,
      1538.41,
      2200.96,
      1600.93,
      1542.94,
      1261.08,
      1782.09,
      1861.0,
      1323.81,
      1309.12,
      1449.8400000000001,
      1530.2,
      1715.48,
      1918.53,
      1146.2,
      1710.6,
      1090.3,
      1292.08,
      1185.46,
      1616.6299999999999,
      1192.68,
      1071.63,
      1405.3400000000001,
      1264.88,
      1297.48,
      1275.69,
      766.65,
      1045.63,
      1393.91,
      1361.28,
      1398.3400000000001,
      2037.6200000000001,
      1954.22,
      1298.67,
      1825.21,
      1894.15,
      1915.22,
      1459.0900000000001,
      1312.4,
      1281.65,
      986.81,
      714.51,
      1361.6599999999999,
      772.4200000000001,
      1071.48,
      1102.6399999999999,
      1427.17,
      931.17,
      1843.31,
      1680.29,
      1381.23,
      1170.72,
      1533.3899999999999,
      1703.62,
      1717.6100000000001,
      1856.49,
      1690.5700000000002,
      582.38,
      1202.6,
      1578.84,
      1902.24,
      2024.59,
      1699.96,
      1826.65,
      1870.3,
      1436.55,
      2124.34,
      2008.5,
      1889.51,
      1691.54,
      1237.8600000000001,
      2100.4,
      2218.94,
      1942.94,
      1751.52,
      1411.15,
      2169.1,
      1898.8899999999999,
      1999.26,
      1886.5500000000002,
      1749.09,
      1922.8999999999999,
      1962.3,
      2229.13,
      1607.14,
      2139.81,
      1750.3899999999999,
      2334.6800000000003,
      1896.57,
      2464.01,
      1652.9099999999999,
      2708.58,
      2214.91,
      1926.3600000000001,
      2073.7400000000002,
      2045.72,
      2534.23,
      1883.98,
      2152.16,
      1870.1000000000001,
      1284.33,
      2104.41,
      2049.28,
      1300.74,
      1306.95,
      2121.08,
      2345.29,
      2127.91,
      2008.06,
      2710.64,
      1978.87,
      1404.84,
      2306.46,
      1860.34,
      2304.9,
      2191.37,
      2014.15,
      1954.72,
      1990.24,
      2472.71,
      1823.96,
      1754.42,
      2055.26,
      2146.4,
      1727.19,
      1221.9,
      1706.55,
      2032.42,
      1818.44,
      1750.0600000000002,
      1891.1000000000001,
      2158.9300000000003,
      1968.15,
      2378.52,
      1773.37,
      2085.73,
      1837.92,
      2492.41,
      1722.09,
      1949.89,
      2246.02,
      2162.04,
      2164.21,
      2119.51,
      2174.96,
      1999.55,
      2222.8,
      1971.81,
      2416.99,
      1772.66,
      1986.8000000000002,
      2789.36,
      1808.41,
      1690.28,
      1764.3500000000001,
      2075.74,
      2165.15,
      2209.41,
      1559.2,
      2188.28,
      2659.15,
      1825.8,
      1652.06,
      2124.86,
      1762.13,
      1530.18,
      2037.19,
      1547.35,
      1982.11,
      1389.8300000000002,
      1698.24,
      1698.78,
      1781.76,
      1254.32,
      1897.93,
      1720.3200000000002,
      1616.59,
      1787.24,
      1359.03,
      1077.26,
      1440.37,
      1123.6599999999999,
      1360.63,
      562.34,
      1192.47,
      1134.45,
      1192.8799999999999,
      1621.15,
      878.43,
      917.77,
      1393.3,
      1233.84,
      1050.01,
      1459.78,
      1455.35,
      1287.18,
      803.24,
      2014.1,
      1795.57,
      1571.23,
      1055.45,
      1283.43,
      1474.63,
      1685.41,
      2182.87,
      1428.35,
      1334.9,
      1465.49,
      1835.39,
      1512.6399999999999,
      1669.42,
      1778.5,
      1463.3600000000001,
      1852.6,
      1504.6200000000001,
      1230.77,
      1646.45,
      1174.14,
      1672.72,
      1654.94,
      1064.0,
      1331.48,
      1562.96,
      1853.31,
      1559.67,
      1519.23,
      1289.52,
      892.04,
      582.7,
      1432.98,
      1968.03,
      1686.14,
      1232.6799999999998,
      1043.04,
      1172.75,
      1321.36,
      1790.1399999999999,
      1854.39,
      1647.97,
      1669.98,
      1392.27,
      1511.72,
      1820.07,
      1338.73,
      2017.81,
      1100.65,
      1592.56,
      1634.98,
      2299.29,
      2335.32,
      1625.08,
      1610.0,
      1827.8999999999999,
      2206.99,
      1984.17,
      1413.73,
      2400.07,
      1486.23,
      1195.54,
      1651.58,
      2189.29,
      2413.85,
      2117.81,
      2540.22,
      1966.46,
      1835.27,
      1720.9,
      2702.38,
      2458.58,
      1744.5,
      1652.98,
      1523.6100000000001,
      2088.3
    ],
    "stopping_reason": "max_candidates",
    "operations": {
      "candidate_generation": 400,
      "feasibility_check": 400,
      "weight_evaluation": 400
    }
  }
}