{
  "graph": "graph_n15_d75_adj_matrix",
  "algorithm": "local",
  "result": {
    "graph_name": "graph_n15_d75_adj_matrix",
    "algorithm": "local",
    "best_weight": 3030.98,
    "best_matching": [
      11,
      22,
      35,
      54,
      64,
      69,
      72
    ],
    "runtime": 2.000206992999665,
    "candidates": 192,
    "improvements": 4,
    "duplicates": 499,
    "infeasible": 0,
    "size_history": {
      "7": 147,
      "6": 31,
      "5": 14
    },
    "weight_history": [
      2773.0299999999997,
      2852.26,
      2919.78,
      2868.83,
      3030.98,
      2821.2799999999997,
      2868.5,
      2716.38,
      2875.25,
      2799.54,
      2850.99,
      2932.9,
      2926.69,
      2874.73,
      2887.31,
      2874.4,
      2851.93,
      2930.28,
      2867.85,
      2943.46,
      2870.62,
      2906.94,
      2874.92,
      2859.02,
      2904.03,
      2873.98,
      3001.6,
      2854.78,
      2748.23,
      2782.07,
      2857.26,
      2867.52,
      2863.31,
      2691.25,
      2685.69,
      2335.54,
      2676.4,
      2725.2400000000002,
      2647.47,
      2702.38,
      2716.71,
      2635.35,
      2408.5,
      2727.95,
      2300.64,
      2299.59,
      2402.2200000000003,
      2408.17,
      2351.9,
      2655.3,
      2332.92,
      2321.16,
      2388.55,
      2297.71,
      2337.9,
      2661.2400000000002,
      2341.49,
      2584.31,
      2724.91,
      2747.9,
      2618.17,
      2650.5,
      2633.46,
      2666.07,
      2681.2200000000003,
      2670.92,
      2914.44,
      2800.26,
      2807.37,
      3027.39,
      2856.9300000000003,
      2812.71,
      2917.81,
      2938.31,
      2794.33,
      2862.98,
      2787.42,
      2812.12,
      2711.2400000000002,
      2598.58,
      2722.33,
      2701.66,
      2683.3,
      2728.28,
      2334.23,
      2693.91,
      2687.66,
      2642.26,
      2997.46,
      2829.16,
      2917.33,
      2884.56,
      2885.99,
      2844.53,
      2860.86,
      2940.65,
      2813.04,
      2806.62,
      2803.16,
      3024.59,
      2854.45,
      2911.8,
      2828.25,
      2789.9,
      3007.99,
      2780.43,
      2970.29,
      2936.49,
      2844.86,
      2779.59,
      2962.38,
      2813.84,
      2838.81,
      2892.46,
      2867.36,
      2866.15,
      2772.93,
      2781.73,
      2934.07,
      2724.37,
      2952.51,
      2930.48,
      2867.87,
      2902.14,
      2773.31,
      2954.53,
      2854.03,
      2855.79,
      2867.03,
      2843.16,
      2845.65,
      3008.33,
      2894.96,
      2835.7,
      2820.98,
      2790.07,
      2842.9300000000003,
      2829.64,
      2836.99,
      2892.13,
      2968.77,
      2855.46,
      2814.1800000000003,
      2880.97,
      3003.85,
      2845.38,
      2810.32,
      2903.19,
      2854.9700000000003,
      2883.88,
      2879.13,
      2841.79,
      2814.89,
      2843.32,
      2790.98,
      2504.57,
      2790.98,
      2847.63,
      2908.92,
      2896.55,
      2835.7000000000003,
      2902.32,
      2818.4900000000002,
      2867.38,
      2787.74,
      2833.99,
      2855.3,
      2889.83,
      2918.91,
      2836.33,
      2798.63,
      2911.81,
      2869.89,
      2800.57,
      2817.76,
      2879.48,
      2942.41,
      2777.18,
      2943.13,
      2775.9,
      2805.31,
      2886.24,
      2858.69,
      2963.89,
      2870.9500000000003,
      2983.29,
      2986.88,
      2965.18,
      2835.1,
      2991.73,
      2947.05,
      2790.7799999999997
    ],
    "stopping_reason": "time_limit",
    "operations": {
      "candidate_generation": 691,
      "feasibility_check": 192,
      "weight_evaluation": 192
    }
  }
}