{
  "random": {
    "mean_weight": 512.9566666666666,
    "std_weight": 148.0493037996314,
    "min_weight": 408.27,
    "max_weight": 722.3299999999999,
    "absolute_gap": 209.37333333333333,
    "relative_gap": 0.2898582826870452,
    "approximation_ratio": 0.7101417173129548
  },
  "greedy": {
    "mean_weight": 722.3299999999999,
    "std_weight": 0.0,
    "min_weight": 722.3299999999999,
    "max_weight": 722.3299999999999,
    "absolute_gap": 0.0,
    "relative_gap": 0.0,
    "approximation_ratio": 1.0
  },
  "local": {
    "mean_weight": 722.3299999999999,
    "std_weight": 0.0,
    "min_weight": 722.3299999999999,
    "max_weight": 722.3299999999999,
    "absolute_gap": 0.0,
    "relative_gap": 0.0,
    "approximation_ratio": 1.0
  }
}