{
  "graph": "graph_n20_d25_adj_matrix",
  "algorithm": "random",
  "result": {
    "graph_name": "graph_n20_d25_adj_matrix",
    "algorithm": "random",
    "best_weight": 2616.56,
    "best_matching": [
      4,
      10,
      11,
      15,
      19,
      21,
      26,
      33
    ],
    "runtime": 0.006876555000417284,
    "candidates": 400,
    "improvements": 10,
    "duplicates": 1,
    "infeasible": 0,
    "size_history": {
      "7": 163,
      "6": 114,
      "8": 78,
      "9": 7,
      "5": 37,
      "4": 1
    },
    "weight_history": [
      1635.69,
      1503.3,
      1622.97,
      2010.21,
      1993.86,
      1911.75,
      2156.08,
      1949.4,
      1819.05,
      1498.53,
      1888.96,
      1338.04,
      1568.24,
      2006.88,
      1900.04,
      1426.08,
      1258.8,
      1895.74,
      1471.75,
      1284.29,
      1409.04,
      1908.1,
      1958.21,
      1439.04,
      1672.88,
      1169.53,
      1672.22,
      2334.48,
      1965.54,
      1659.2,
      2242.25,
      1347.75,
      2327.8,
      1894.8500000000001,
      2341.86,
      2040.23,
      2431.46,
      1796.05,
      1934.39,
      1800.24,
      1886.93,
      2281.6,
      2399.19,
      1576.69,
      1938.48,
      1768.22,
      2047.82,
      2506.5,
      1907.0300000000002,
      1773.26,
      2408.31,
      2047.01,
      2437.6,
      2131.33,
      2022.5900000000001,
      1795.98,
      2299.21,
      2274.67,
      2174.17,
      1623.34,
      1777.14,
      1954.11,
      1776.81,
      2356.2400000000002,
      2213.34,
      1765.71,
      2026.0900000000001,
      2531.22,
      2412.55,
      2000.3799999999999,
      1904.0900000000001,
      1795.71,
      2066.87,
      2228.03,
      2436.66,
      2319.33,
      2326.97,
      2301.63,
      1323.32,
      1825.53,
      2269.53,
      1297.99,
      2115.81,
      2439.01,
      2601.26,
      2550.53,
      2135.49,
      1645.67,
      2169.08,
      2085.27,
      2167.9300000000003,
      2091.68,
      2077.13,
      1602.19,
      2381.9,
      2062.02,
      1476.8700000000001,
      2313.95,
      1960.1200000000001,
      2026.69,
      1902.67,
      2232.17,
      1519.85,
      1716.82,
      1753.38,
      1543.34,
      1562.57,
      1488.5,
      1557.29,
      2158.92,
      1762.6599999999999,
      1699.96,
      1073.3,
      1524.0,
      1977.73,
      1360.67,
      1523.4,
      1604.3,
      1863.03,
      1534.1399999999999,
      1782.25,
      1563.24,
      1383.67,
      1263.66,
      1165.16,
      1401.8799999999999,
      851.5699999999999,
      1234.95,
      1456.72,
      1197.4,
      1316.8400000000001,
      1426.9,
      1483.92,
      1099.93,
      1662.67,
      1385.9,
      1258.02,
      2000.44,
      1981.12,
      1366.6100000000001,
      1808.48,
      1195.58,
      1675.3300000000002,
      1720.8300000000002,
      1965.79,
      1471.3799999999999,
      1725.73,
      1434.27,
      1905.3300000000002,
      1603.24,
      1919.67,
      1607.51,
      2139.32,
      1362.1000000000001,
      1932.26,
      1908.06,
      1454.3700000000001,
      1649.09,
      1548.86,
      1369.35,
      1652.47,
      2207.04,
      1389.66,
      1746.5,
      1391.71,
      1312.6100000000001,
      1058.74,
      1079.98,
      1755.59,
      1331.1,
      1101.8700000000001,
      1174.92,
      1444.09,
      1424.27,
      1498.06,
      1437.93,
      1202.73,
      1742.1100000000001,
      1501.3700000000001,
      1494.13,
      1437.57,
      1484.97,
      1628.32,
      1476.88,
      1228.25,
      1692.4,
      1671.07,
      1577.37,
      1649.51,
      1403.72,
      1422.75,
      2036.6100000000001,
      1914.43,
      1617.51,
      1577.24,
      1764.69,
      1220.77,
      1582.55,
      1964.39,
      985.26,
      1867.53,
      2616.56,
      1962.3799999999999,
      2037.41,
      2359.41,
      2226.84,
      1712.22,
      1956.05,
      2473.68,
      1768.18,
      1820.0800000000002,
      1850.22,
      2045.32,
      1429.1100000000001,
      1648.06,
      1830.49,
      1629.33,
      1995.15,
      1639.0900000000001,
      1893.3200000000002,
      1820.47,
      1146.81,
      1451.1200000000001,
      1438.59,
      1724.14,
      1431.4199999999998,
      1599.01,
      1666.24,
      1604.05,
      1141.79,
      1481.74,
      1736.6100000000001,
      1172.13,
      1028.11,
      1577.3600000000001,
      1645.05,
      1050.47,
      1589.37,
      1059.51,
      1263.05,
      1211.17,
      1076.3400000000001,
      1011.37,
      1693.3600000000001,
      1935.4299999999998,
      991.89,
      1243.24,
      1615.11,
      1534.51,
      1759.48,
      1311.45,
      1696.23,
      1280.1200000000001,
      1723.8500000000001,
      1705.96,
      1805.1599999999999,
      1556.01,
      1942.65,
      1861.95,
      1902.78,
      1865.17,
      2018.52,
      1724.7,
      1321.27,
      2192.37,
      1572.01,
      2318.79,
      1950.63,
      1225.62,
      2008.33,
      1512.16,
      2090.01,
      2298.96,
      1874.06,
      1668.63,
      1934.0800000000002,
      1584.89,
      1724.08,
      1427.46,
      1608.3,
      2036.59,
      1656.78,
      2308.08,
      1707.58,
      1737.07,
      1514.73,
      1457.3600000000001,
      1387.3600000000001,
      1478.3600000000001,
      1782.89,
      1156.65,
      1338.26,
      1988.4,
      1905.95,
      1619.1,
      1370.1599999999999,
      1273.16,
      2061.61,
      2183.37,
      1868.89,
      1546.5900000000001,
      1482.65,
      1380.2,
      2019.77,
      1642.77,
      1354.3899999999999,
      1773.08,
      1329.59,
      1245.22,
      1196.3799999999999,
      1670.64,
      1262.9,
      1520.06,
      1528.6100000000001,
      2170.74,
      1650.99,
      1706.0900000000001,
      1411.1200000000001,
      1396.72,
      1863.2,
      2214.57,
      1714.8500000000001,
      1300.78,
      1607.55,
      1939.7,
      1951.08,
      1827.02,
      1787.73,
      2090.7200000000003,
      1619.16,
      2152.11,
      1570.21,
      1743.3600000000001,
      1859.0700000000002,
      1812.9499999999998,
      1917.19,
      2216.9,
      2436.57,
      1698.34,
      1206.52,
      1943.28,
      1915.06,
      2012.77,
      1787.98,
      1417.86,
      2160.4,
      1500.8,
      1826.64,
      1245.28,
      1677.6299999999999,
      1793.8,
      1778.05,
      1300.9,
      1360.88,
      1258.67,
      1487.8700000000001,
      1771.56,
      1480.05,
      1705.06,
      1382.7,
      1789.82,
      1393.33,
      1254.91,
      1904.74,
      1135.47,
      2134.6800000000003,
      1821.04,
      1711.69,
      1421.05,
      1724.5900000000001,
      1645.8500000000001,
      1469.3,
      1188.72,
      1800.79,
      2528.6,
      2023.99,
      1636.27,
      1889.51,
      1580.92,
      1700.51,
      1613.72,
      2306.32,
      1753.43,
      1533.33,
      2235.08,
      1459.63,
      1647.26,
      1868.46,
      2035.43,
      1879.09,
      2185.78,
      1483.06,
      2485.99,
      2102.4900000000002,
      2003.97,
      1905.96,
      1638.22,
      1716.5600000000002,
      1484.81,
      1224.59
    ],
    "stopping_reason": "max_candidates",
    "operations": {
      "candidate_generation": 401,
      "feasibility_check": 400,
      "weight_evaluation": 400
    }
  }
}