{
  "graph": "graph_n20_d75_adj_matrix",
  "algorithm": "local",
  "result": {
    "graph_name": "graph_n20_d75_adj_matrix",
    "algorithm": "local",
    "best_weight": 3487.11,
    "best_matching": [
      2,
      22,
      33,
      53,
      57,
      83,
      90,
      102,
      116,
      140
    ],
    "runtime": 2.0019253530008427,
    "candidates": 391,
    "improvements": 11,
    "duplicates": 184,
    "infeasible": 0,
    "size_history": {
      "9": 119,
      "8": 41,
      "7": 37,
      "10": 129,
      "6": 43,
      "5": 22
    },
    "weight_history": [
      3230.89,
      3286.2200000000003,
      3270.14,
      3310.19,
      3199.01,
      3212.7,
      3241.6,
      3219.64,
      3269.7799999999997,
      3191.39,
      3305.8199999999997,
      2941.5,
      3097.93,
      3078.91,
      2741.61,
      3047.14,
      3095.06,
      3068.14,
      3036.83,
      2997.45,
      3030.62,
      3204.84,
      3251.92,
      3260.56,
      3295.14,
      3206.35,
      3193.34,
      3304.94,
      3257.29,
      3153.0299999999997,
      3153.91,
      3218.9700000000003,
      3240.09,
      3380.66,
      3364.32,
      3408.09,
      3401.29,
      3446.63,
      3418.87,
      3248.1,
      3367.01,
      3373.62,
      3410.0299999999997,
      3376.77,
      3437.79,
      3452.5299999999997,
      3338.91,
      3295.71,
      3420.95,
      3228.48,
      3433.65,
      3197.29,
      3381.55,
      3323.22,
      3164.89,
      3326.82,
      3418.6,
      3412.11,
      3321.15,
      3409.99,
      3401.68,
      3308.45,
      3329.99,
      3255.83,
      3246.99,
      3436.0,
      3473.9,
      3440.25,
      3447.97,
      3293.57,
      3237.04,
      3469.35,
      3201.77,
      3351.33,
      3333.92,
      3435.74,
      3442.5,
      3256.14,
      3220.34,
      3234.88,
      3224.06,
      3253.89,
      3226.34,
      3237.22,
      2976.68,
      3203.43,
      3240.13,
      3199.53,
      2964.52,
      3025.3199999999997,
      3063.22,
      3244.87,
      3059.7200000000003,
      3044.62,
      3025.97,
      2991.65,
      3062.07,
      3087.75,
      3229.85,
      2802.06,
      2661.15,
      2727.21,
      2751.16,
      2775.4,
      2747.16,
      2379.0,
      2763.77,
      2776.18,
      2697.58,
      2760.07,
      2460.5,
      2447.88,
      2089.21,
      2437.01,
      2444.39,
      2396.19,
      2500.06,
      2416.13,
      2439.33,
      2802.29,
      2508.9,
      2131.43,
      2107.14,
      2089.88,
      2121.41,
      2147.97,
      2459.1,
      2124.05,
      2132.89,
      2063.19,
      2156.81,
      2132.52,
      2410.49,
      2453.27,
      2459.04,
      2474.52,
      2468.58,
      2444.0699999999997,
      2450.26,
      2401.66,
      2790.45,
      2438.41,
      2404.07,
      2108.6,
      2100.7799999999997,
      2122.59,
      2114.84,
      2462.11,
      2105.96,
      2064.98,
      2092.57,
      2101.79,
      2116.23,
      2092.0099999999998,
      2125.07,
      2437.34,
      2392.94,
      2374.23,
      2465.68,
      2474.68,
      2391.33,
      2426.48,
      2465.89,
      2450.2,
      2442.02,
      2754.93,
      2771.19,
      2817.98,
      3055.06,
      2750.16,
      2725.48,
      2752.55,
      2777.1,
      2826.8199999999997,
      2784.51,
      2783.6,
      2450.63,
      2397.69,
      2427.47,
      2426.52,
      2461.74,
      2456.13,
      2453.23,
      2408.5,
      2398.77,
      2477.16,
      2417.0699999999997,
      2714.81,
      2758.6,
      2766.56,
      2756.96,
      2752.88,
      2766.14,
      2673.37,
      2682.15,
      2768.55,
      2717.35,
      2761.48,
      3017.73,
      3017.17,
      3033.16,
      3004.18,
      3068.56,
      2774.05,
      3011.24,
      3009.8199999999997,
      3010.95,
      3061.7,
      3014.43,
      3264.98,
      3132.7599999999998,
      3285.62,
      3250.21,
      3214.2799999999997,
      3251.68,
      3303.62,
      3251.27,
      2955.5299999999997,
      3297.34,
      3223.12,
      3430.94,
      3063.7400000000002,
      3478.19,
      3295.69,
      3296.98,
      3365.18,
      3307.6,
      3282.13,
      3432.92,
      3421.42,
      3465.74,
      3442.49,
      3243.45,
      3221.31,
      3350.9,
      3280.93,
      3293.8,
      3203.0299999999997,
      3245.79,
      3426.99,
      3465.66,
      3309.86,
      3322.58,
      3453.93,
      3383.95,
      3482.87,
      3151.4,
      3441.7599999999998,
      3436.55,
      3392.57,
      3411.1,
      3474.58,
      3198.7,
      3460.27,
      3359.89,
      3303.29,
      3286.6099999999997,
      3404.55,
      3384.01,
      3321.46,
      3404.38,
      3160.22,
      3255.38,
      3405.03,
      3451.43,
      3129.12,
      3144.05,
      3149.5,
      3414.41,
      3454.0099999999998,
      3447.06,
      3242.12,
      3465.06,
      3413.33,
      3427.44,
      3199.54,
      3200.65,
      3188.04,
      3174.04,
      3218.48,
      3111.05,
      3215.94,
      3227.05,
      3206.72,
      3273.65,
      3283.09,
      3139.75,
      3214.8799999999997,
      3236.36,
      3407.62,
      3439.31,
      3398.78,
      3222.11,
      3438.22,
      3241.89,
      3407.7799999999997,
      3478.27,
      3204.35,
      3180.16,
      3198.7,
      3078.79,
      3272.09,
      3235.71,
      3256.42,
      3146.17,
      3232.8,
      3259.32,
      3234.15,
      3422.1,
      3213.48,
      3404.28,
      3389.63,
      3408.48,
      3332.9,
      3156.0,
      3232.39,
      3389.5,
      3336.83,
      3415.21,
      3414.93,
      3323.4,
      3254.46,
      3146.14,
      3421.13,
      3184.32,
      3459.7799999999997,
      3338.45,
      3330.3,
      3487.11,
      3268.96,
      3236.95,
      3303.98,
      3249.93,
      3232.9,
      3253.71,
      3233.2799999999997,
      3005.96,
      3186.95,
      3209.12,
      3241.31,
      3204.91,
      3023.4,
      3039.9,
      2775.0299999999997,
      3068.27,
      3050.88,
      2847.2200000000003,
      3042.41,
      3070.8,
      3031.37,
      2781.48,
      3085.13,
      3278.65,
      3278.98,
      3199.7799999999997,
      3150.15,
      3146.7,
      3215.34,
      3252.0,
      3242.9700000000003,
      3190.4,
      3269.4,
      3212.27,
      3397.59,
      3287.33,
      3385.61,
      3401.72,
      3164.2,
      3372.79,
      3335.7799999999997,
      3255.45,
      3375.17,
      3395.71,
      3383.73,
      3452.59,
      3268.83,
      3277.9,
      3304.6,
      3471.7,
      3372.05,
      3417.32,
      3371.71,
      3315.61,
      3456.81,
      3306.93,
      3123.69,
      3420.29,
      3213.8399999999997,
      3233.79,
      3240.79,
      3232.09
    ],
    "stopping_reason": "time_limit",
    "operations": {
      "candidate_generation": 575,
      "feasibility_check": 391,
      "weight_evaluation": 391
    }
  }
}