{
  "graph": "graph_n11_d25_adj_matrix",
  "algorithm": "random",
  "result": {
    "graph_name": "graph_n11_d25_adj_matrix",
    "algorithm": "random",
    "best_weight": 1413.28,
    "best_matching": [
      1,
      6,
      9,
      10
    ],
    "runtime": 2.000026114999855,
    "candidates": 41,
    "improvements": 4,
    "duplicates": 272632,
    "infeasible": 0,
    "size_history": {
      "4": 16,
      "3": 24,
      "2": 1
    },
    "weight_history": [
      1196.44,
      650.88,
      932.19,
      1219.61,
      790.96,
      703.67,
      751.4,
      695.14,
      1152.18,
      831.67,
      998.12,
      1055.21,
      1377.22,
      759.93,
      1112.97,
      932.1800000000001,
      941.86,
      972.89,
      1178.9,
      1153.68,
      1025.68,
      789.4399999999999,
      1115.94,
      1152.0,
      903.94,
      1188.99,
      915.48,
      610.17,
      485.56999999999994,
      773.8299999999999,
      680.58,
      890.9,
      442.39,
      1413.28,
      1137.05,
      1347.35,
      1207.98,
      875.9300000000001,
      1166.56,
      1159.48,
      1317.84
    ],
    "stopping_reason": "time_limit",
    "operations": {
      "candidate_generation": 272673,
      "feasibility_check": 41,
      "weight_evaluation": 41
    }
  }
}