{
  "graph": "graph_n14_d50_adj_matrix",
  "algorithm": "local",
  "result": {
    "graph_name": "graph_n14_d50_adj_matrix",
    "algorithm": "local",
    "best_weight": 2474.65,
    "best_matching": [
      4,
      10,
      12,
      24,
      29,
      32,
      43
    ],
    "runtime": 2.002935727001386,
    "candidates": 177,
    "improvements": 5,
    "duplicates": 468,
    "infeasible": 0,
    "size_history": {
      "7": 94,
      "6": 72,
      "4": 1,
      "5": 10
    },
    "weight_history": [
      2411.17,
      2226.13,
      2245.11,
      2215.57,
      2185.1,
      2377.73,
      2294.68,
      2363.24,
      2409.17,
      2317.14,
      2183.01,
      2413.94,
      2419.73,
      2271.94,
      2312.49,
      2199.5,
      2365.22,
      2161.07,
      2185.83,
      2278.55,
      2159.36,
      2168.59,
      2332.9,
      2412.81,
      2213.62,
      2324.2200000000003,
      2180.61,
      2127.75,
      2078.8,
      2348.56,
      2192.86,
      2220.89,
      2248.84,
      2232.6,
      2260.65,
      2151.79,
      2288.89,
      2319.45,
      2350.54,
      2202.2400000000002,
      2242.94,
      2156.24,
      2213.49,
      2223.91,
      2260.82,
      2120.82,
      2205.02,
      2286.89,
      2334.56,
      2248.27,
      2168.04,
      2155.15,
      2255.44,
      2215.44,
      2247.08,
      2131.02,
      2154.39,
      2285.7400000000002,
      2240.5,
      2248.76,
      2232.01,
      2287.81,
      2424.5,
      2375.78,
      2226.73,
      2187.25,
      2084.82,
      2197.47,
      2171.05,
      2116.16,
      2315.76,
      2230.01,
      2212.8,
      2171.38,
      2296.62,
      2276.71,
      2176.4,
      1789.42,
      2078.34,
      2067.42,
      1951.57,
      1933.8700000000001,
      1982.82,
      1903.87,
      2086.51,
      2065.83,
      2150.73,
      2126.05,
      2229.18,
      2292.58,
      2114.7599999999998,
      2474.65,
      2198.57,
      2388.29,
      2152.27,
      2312.89,
      2255.45,
      2378.83,
      2245.86,
      2111.83,
      2057.56,
      2196.81,
      2138.41,
      2200.51,
      2245.88,
      2377.6,
      2208.03,
      2141.0,
      2138.02,
      2214.67,
      2268.05,
      2263.8,
      2361.1,
      2203.06,
      2263.28,
      2203.06,
      2167.0,
      2275.33,
      2274.24,
      2226.01,
      2260.21,
      2198.06,
      2232.62,
      2136.0,
      2214.37,
      2247.01,
      2202.67,
      2188.38,
      2128.67,
      2088.35,
      2227.99,
      2167.63,
      2202.46,
      2347.58,
      2232.4,
      2191.02,
      2137.43,
      2164.78,
      2215.36,
      2271.06,
      2121.19,
      2141.56,
      2249.01,
      2251.01,
      2143.59,
      2240.69,
      2137.3599999999997,
      2093.26,
      2240.96,
      2215.57,
      2186.43,
      2248.4700000000003,
      2301.4,
      2201.08,
      2211.3,
      2163.42,
      2186.06,
      2113.73,
      2117.95,
      2146.06,
      2273.94,
      2197.69,
      2249.01,
      2185.42,
      2186.25,
      2182.46,
      2051.83,
      2231.5,
      2183.08,
      2189.22,
      2175.48,
      2200.9900000000002,
      2138.82,
      2196.22,
      2182.79,
      2198.81,
      2006.93
    ],
    "stopping_reason": "time_limit",
    "operations": {
      "candidate_generation": 645,
      "feasibility_check": 177,
      "weight_evaluation": 177
    }
  }
}