{
  "graph": "graph_n18_d12.5_adj_matrix",
  "algorithm": "random",
  "result": {
    "graph_name": "graph_n18_d12.5_adj_matrix",
    "algorithm": "random",
    "best_weight": 2174.69,
    "best_matching": [
      2,
      4,
      8,
      12,
      13,
      14,
      17
    ],
    "runtime": 2.000036776998968,
    "candidates": 325,
    "improvements": 9,
    "duplicates": 254635,
    "infeasible": 0,
    "size_history": {
      "6": 63,
      "5": 36,
      "4": 48,
      "7": 12,
      "3": 85,
      "1": 19,
      "2": 62
    },
    "weight_history": [
      1299.31,
      1231.28,
      1485.48,
      1498.74,
      1799.2,
      1725.53,
      1870.89,
      1465.98,
      1813.5900000000001,
      1507.03,
      1673.1200000000001,
      1463.99,
      1613.3600000000001,
      1401.3,
      1022.0600000000001,
      1543.81,
      842.81,
      989.54,
      1169.54,
      1297.58,
      1174.32,
      1160.72,
      1530.33,
      1483.48,
      1473.3700000000001,
      1714.5,
      1765.93,
      1782.05,
      1590.69,
      1545.53,
      1697.14,
      1672.8,
      1469.38,
      2041.68,
      1956.1100000000001,
      1696.46,
      2022.49,
      1719.5900000000001,
      1920.54,
      1259.35,
      1609.88,
      2094.6,
      1625.14,
      1234.68,
      1760.64,
      1629.42,
      1586.58,
      1526.3400000000001,
      1673.4,
      1690.06,
      2000.63,
      1167.77,
      1939.99,
      2151.56,
      1731.11,
      2174.69,
      1218.02,
      1783.94,
      1689.78,
      1735.74,
      1455.36,
      1218.3,
      1622.8700000000001,
      1813.93,
      1551.29,
      1567.39,
      1326.95,
      1623.21,
      1450.07,
      1184.43,
      1495.75,
      1448.78,
      1632.41,
      1449.46,
      1532.28,
      1621.99,
      1763.33,
      1371.94,
      1510.43,
      983.6,
      1827.04,
      1864.1200000000001,
      1282.65,
      1950.85,
      1840.25,
      1965.53,
      1438.7,
      1465.44,
      1785.99,
      1770.81,
      1533.73,
      1317.11,
      1673.46,
      1460.18,
      1766.58,
      1690.12,
      1592.07,
      1280.6399999999999,
      1192.19,
      1415.45,
      1093.89,
      1083.17,
      1166.95,
      1427.79,
      1326.4,
      989.28,
      1580.62,
      1675.1,
      923.82,
      1400.02,
      1252.43,
      1085.69,
      1574.59,
      958.19,
      1051.5,
      1019.75,
      907.94,
      815.9200000000001,
      1025.73,
      1267.94,
      1088.0,
      543.79,
      441.84000000000003,
      378.87,
      863.1,
      836.6,
      569.91,
      1003.05,
      746.7,
      749.39,
      772.25,
      763.17,
      1138.85,
      1034.32,
      971.85,
      727.77,
      1118.09,
      997.99,
      1283.03,
      900.5699999999999,
      739.42,
      945.08,
      844.69,
      662.72,
      645.85,
      740.8100000000001,
      509.79,
      1204.22,
      760.38,
      609.87,
      646.57,
      924.0,
      947.8,
      939.8,
      172.63,
      550.86,
      571.54,
      399.55,
      541.66,
      490.64,
      371.29999999999995,
      168.96,
      421.54999999999995,
      271.41999999999996,
      261.03999999999996,
      582.7,
      787.0799999999999,
      692.8399999999999,
      487.49,
      683.88,
      774.05,
      695.99,
      673.03,
      743.86,
      847.3,
      1083.97,
      501.02,
      413.94,
      393.18,
      387.41,
      284.63,
      498.64,
      388.78,
      524.53,
      545.36,
      324.58,
      656.62,
      817.07,
      985.8000000000001,
      800.6700000000001,
      879.39,
      712.42,
      749.9399999999999,
      810.25,
      860.19,
      765.88,
      817.33,
      717.08,
      457.59000000000003,
      213.62,
      440.6,
      360.78,
      302.8,
      1050.57,
      824.6500000000001,
      473.98,
      618.12,
      376.42,
      329.84000000000003,
      378.64,
      122.38,
      91.24,
      275.41,
      161.15,
      202.2,
      449.16,
      238.4,
      95.34,
      112.0,
      301.94,
      534.84,
      671.9300000000001,
      260.2,
      674.64,
      648.11,
      551.27,
      293.44,
      577.69,
      314.2,
      387.68,
      748.19,
      910.33,
      635.69,
      436.58,
      562.98,
      870.5699999999999,
      594.87,
      693.54,
      745.6,
      1063.05,
      973.69,
      558.94,
      470.9,
      751.1,
      424.45000000000005,
      773.45,
      319.46000000000004,
      624.41,
      586.1,
      408.44,
      283.53,
      456.38,
      598.2,
      923.56,
      565.22,
      581.88,
      767.34,
      746.79,
      650.24,
      797.88,
      405.44,
      681.44,
      705.6500000000001,
      843.53,
      1293.2,
      1072.43,
      689.69,
      780.93,
      1075.71,
      875.17,
      1022.66,
      1194.73,
      1032.82,
      1426.18,
      957.4,
      1029.54,
      623.75,
      749.12,
      668.93,
      629.19,
      1157.64,
      857.6,
      1203.29,
      646.91,
      572.95,
      950.1800000000001,
      951.46,
      726.37,
      527.8199999999999,
      1053.6,
      1138.51,
      968.52,
      1152.69,
      1122.68,
      1359.38,
      1159.54,
      942.61,
      997.11,
      936.6500000000001,
      767.1600000000001,
      989.5,
      959.29,
      569.59,
      335.62,
      592.26,
      826.6800000000001,
      689.44,
      383.41999999999996,
      375.49,
      580.16,
      333.78,
      273.15,
      627.56,
      827.8,
      468.03999999999996,
      844.04,
      540.34,
      466.73,
      267.97,
      372.7,
      248.92,
      207.46,
      724.57,
      296.44,
      149.04
    ],
    "stopping_reason": "time_limit",
    "operations": {
      "candidate_generation": 254960,
      "feasibility_check": 325,
      "weight_evaluation": 325
    }
  }
}