{
  "random": {
    "mean_weight": 2479.346666666667,
    "std_weight": 66.16569621454568,
    "min_weight": 2386.15,
    "max_weight": 2533.2,
    "absolute_gap": 289.8833333333332,
    "relative_gap": 0.10468012167040412,
    "approximation_ratio": 0.8953198783295959
  },
  "greedy": {
    "mean_weight": 2736.376666666667,
    "std_weight": 41.20075511713621,
    "min_weight": 2678.11,
    "max_weight": 2765.51,
    "absolute_gap": 32.85333333333301,
    "relative_gap": 0.011863706999177754,
    "approximation_ratio": 0.9881362930008223
  },
  "local": {
    "mean_weight": 2769.23,
    "std_weight": 0.0,
    "min_weight": 2769.23,
    "max_weight": 2769.23,
    "absolute_gap": 0.0,
    "relative_gap": 0.0,
    "approximation_ratio": 1.0
  }
}