{
  "random": {
    "mean_weight": 1825.2033333333334,
    "std_weight": 174.57995022975075,
    "min_weight": 1578.31,
    "max_weight": 1948.65,
    "absolute_gap": 123.44666666666672,
    "relative_gap": 0.06334984048785913,
    "approximation_ratio": 0.9366501595121408
  },
  "greedy": {
    "mean_weight": 1895.3300000000002,
    "std_weight": 75.40586714573344,
    "min_weight": 1788.69,
    "max_weight": 1948.65,
    "absolute_gap": 53.319999999999936,
    "relative_gap": 0.027362533035691344,
    "approximation_ratio": 0.9726374669643086
  },
  "local": {
    "mean_weight": 1948.65,
    "std_weight": 0.0,
    "min_weight": 1948.65,
    "max_weight": 1948.65,
    "absolute_gap": 0.0,
    "relative_gap": 0.0,
    "approximation_ratio": 1.0
  }
}