{
  "graph": "graph_n12_d75_adj_matrix",
  "algorithm": "random",
  "result": {
    "graph_name": "graph_n12_d75_adj_matrix",
    "algorithm": "random",
    "best_weight": 1963.6,
    "best_matching": [
      3,
      9,
      16,
      24,
      44,
      48
    ],
    "runtime": 0.006566315998497885,
    "candidates": 400,
    "improvements": 5,
    "duplicates": 22,
    "infeasible": 0,
    "size_history": {
      "6": 77,
      "5": 104,
      "4": 74,
      "3": 73,
      "2": 45,
      "1": 27
    },
    "weight_history": [
      1247.23,
      1613.28,
      1298.24,
      1855.85,
      1021.22,
      1141.52,
      1020.83,
      1379.88,
      1758.06,
      1431.15,
      1679.83,
      1223.75,
      697.84,
      1395.15,
      1546.6100000000001,
      1547.19,
      1017.08,
      884.55,
      1466.23,
      1108.8600000000001,
      914.19,
      1760.32,
      1500.21,
      1556.46,
      1315.67,
      1651.1000000000001,
      1431.65,
      1179.1299999999999,
      1548.07,
      1686.81,
      1875.09,
      1135.97,
      1963.6,
      1596.34,
      1029.58,
      1326.93,
      1049.65,
      1503.57,
      1449.65,
      1340.95,
      1252.79,
      1466.47,
      995.62,
      1352.49,
      1372.97,
      1532.92,
      1639.43,
      918.1999999999999,
      1003.29,
      1792.33,
      1236.22,
      1154.1200000000001,
      1054.16,
      1396.35,
      1046.62,
      1259.29,
      1855.0,
      1480.99,
      1057.31,
      1435.66,
      1791.4,
      1580.59,
      1486.66,
      1658.34,
      1670.49,
      1023.04,
      1424.61,
      990.8,
      1379.93,
      1309.96,
      734.75,
      812.77,
      1470.55,
      1082.05,
      1563.41,
      1395.88,
      1716.73,
      1128.3,
      1197.13,
      939.65,
      1249.7,
      817.24,
      1142.47,
      770.97,
      1224.4,
      611.31,
      890.32,
      778.97,
      422.82,
      761.19,
      809.38,
      620.49,
      713.17,
      838.4,
      818.23,
      719.74,
      951.73,
      667.95,
      976.35,
      631.6899999999999,
      1263.05,
      937.74,
      794.27,
      1001.64,
      607.59,
      1464.3899999999999,
      1255.06,
      1317.33,
      764.78,
      1241.6000000000001,
      503.61,
      621.67,
      476.03000000000003,
      603.15,
      1090.53,
      647.6,
      1048.65,
      411.6,
      1186.88,
      444.79999999999995,
      861.0600000000001,
      453.69,
      524.16,
      571.88,
      376.4,
      464.75,
      594.74,
      439.59000000000003,
      502.09,
      606.1800000000001,
      593.76,
      721.25,
      872.3,
      638.15,
      563.28,
      754.8199999999999,
      522.23,
      892.08,
      841.4100000000001,
      309.87,
      452.14,
      850.5600000000001,
      590.29,
      792.77,
      1089.28,
      1079.41,
      994.4300000000001,
      1038.74,
      1009.66,
      1007.23,
      895.95,
      966.83,
      670.5600000000001,
      732.75,
      858.39,
      1032.5,
      1299.85,
      1415.17,
      1028.63,
      1160.83,
      1605.67,
      1405.76,
      1426.66,
      1304.81,
      1135.8600000000001,
      715.71,
      711.34,
      534.88,
      408.07000000000005,
      863.74,
      1124.78,
      485.54,
      1010.14,
      1032.55,
      942.53,
      1200.04,
      988.72,
      660.59,
      815.13,
      596.61,
      661.96,
      620.97,
      856.1700000000001,
      859.55,
      591.08,
      822.56,
      826.9100000000001,
      683.37,
      732.73,
      91.05,
      766.1800000000001,
      387.4,
      284.78,
      535.95,
      253.3,
      280.45,
      133.15,
      416.64,
      824.4100000000001,
      841.49,
      530.31,
      1146.66,
      559.49,
      682.94,
      876.09,
      598.61,
      352.78999999999996,
      551.97,
      785.24,
      615.9300000000001,
      286.26,
      451.95,
      845.86,
      266.42,
      685.26,
      517.85,
      590.41,
      618.3,
      689.63,
      518.42,
      740.81,
      405.39,
      803.15,
      408.71,
      561.54,
      670.6700000000001,
      779.6800000000001,
      887.34,
      277.96000000000004,
      780.44,
      1113.8600000000001,
      439.82,
      871.35,
      735.5699999999999,
      1258.5,
      1037.63,
      847.56,
      532.66,
      717.34,
      958.05,
      865.12,
      1023.87,
      1294.9,
      1213.47,
      1508.8799999999999,
      1142.62,
      1433.3,
      1498.79,
      1435.5,
      1394.58,
      1174.29,
      962.97,
      1643.97,
      1768.1,
      1201.1299999999999,
      1303.98,
      1398.77,
      1534.44,
      1789.76,
      1331.74,
      1056.1,
      1500.32,
      1886.25,
      1167.61,
      1681.85,
      1775.0700000000002,
      1288.98,
      1506.05,
      1344.36,
      1423.1100000000001,
      1214.0,
      1300.06,
      1576.54,
      1775.66,
      1535.45,
      1173.3,
      1605.1200000000001,
      1620.22,
      1447.45,
      1611.58,
      1524.52,
      1094.03,
      1470.68,
      1591.8899999999999,
      1346.06,
      856.46,
      1658.9,
      1552.0,
      1813.73,
      1242.9199999999998,
      1411.29,
      1811.16,
      1485.58,
      1290.39,
      1781.34,
      1391.1200000000001,
      1390.81,
      1575.48,
      1504.8,
      671.3199999999999,
      1504.72,
      1283.8700000000001,
      1411.98,
      1158.4,
      963.76,
      1686.66,
      1604.62,
      1120.49,
      1763.83,
      1002.16,
      1158.14,
      986.09,
      1289.22,
      1356.57,
      1216.24,
      1019.5600000000001,
      789.31,
      1102.84,
      1247.5,
      1345.82,
      825.12,
      704.12,
      793.32,
      785.4200000000001,
      635.28,
      1122.75,
      1196.59,
      1276.7,
      1165.84,
      1229.26,
      1445.55,
      929.35,
      1179.0,
      1026.2,
      1444.31,
      1358.15,
      582.0,
      1502.0,
      1128.6,
      1482.94,
      902.49,
      941.0400000000001,
      998.0,
      1555.21,
      844.27,
      644.27,
      837.3,
      730.34,
      859.47,
      1105.48,
      1336.73,
      1009.27,
      604.6,
      630.85,
      807.98,
      725.72,
      949.29,
      1113.13,
      715.98,
      1218.24,
      865.88,
      1025.1200000000001,
      660.03,
      556.0,
      638.21,
      511.43,
      335.21,
      427.21999999999997,
      583.03,
      431.09999999999997,
      674.73,
      370.6,
      506.20000000000005,
      740.45,
      111.65,
      93.94,
      273.19,
      252.23,
      471.39,
      186.51,
      268.0,
      214.68,
      394.55,
      274.24,
      369.49,
      406.77,
      127.35,
      107.17,
      237.19,
      384.7,
      154.77,
      117.39,
      357.8,
      461.59,
      134.63,
      159.36,
      224.1,
      176.26,
      292.59,
      336.55
    ],
    "stopping_reason": "max_candidates",
    "operations": {
      "candidate_generation": 422,
      "feasibility_check": 400,
      "weight_evaluation": 400
    }
  }
}