{
  "graph": "graph_n16_d75_adj_matrix",
  "algorithm": "random",
  "result": {
    "graph_name": "graph_n16_d75_adj_matrix",
    "algorithm": "random",
    "best_weight": 2781.26,
    "best_matching": [
      9,
      18,
      31,
      38,
      43,
      51,
      74,
      87
    ],
    "runtime": 0.010885544999837293,
    "candidates": 400,
    "improvements": 9,
    "duplicates": 82,
    "infeasible": 0,
    "size_history": {
      "8": 29,
      "7": 58,
      "6": 33,
      "5": 24,
      "4": 43,
      "3": 70,
      "2": 65,
      "1": 78
    },
    "weight_history": [
      1825.96,
      2058.54,
      2302.72,
      2294.87,
      2039.74,
      2136.36,
      1957.09,
      2289.98,
      1705.21,
      2331.9900000000002,
      1829.65,
      2041.44,
      1937.32,
      2558.8,
      2283.49,
      2351.87,
      2286.25,
      2183.75,
      2122.46,
      1875.54,
      2394.3,
      1950.34,
      1922.15,
      1517.96,
      2529.18,
      2292.1800000000003,
      1736.6100000000001,
      2183.25,
      1905.64,
      2268.77,
      2545.43,
      2307.0,
      2657.7799999999997,
      2293.2000000000003,
      1858.08,
      2492.06,
      2187.08,
      2353.91,
      2259.46,
      2101.14,
      1878.1299999999999,
      2674.93,
      2016.3,
      1479.26,
      2029.14,
      2515.21,
      2489.2,
      2465.13,
      1797.43,
      2747.04,
      2445.28,
      2336.24,
      2045.97,
      2781.26,
      1960.11,
      2000.9,
      2192.4,
      2283.84,
      2333.88,
      2530.42,
      2330.82,
      1441.29,
      2203.19,
      1894.21,
      1909.22,
      2123.74,
      1613.72,
      1985.17,
      1787.8,
      2017.84,
      1958.91,
      1667.46,
      1794.5700000000002,
      1923.87,
      2024.05,
      1826.76,
      1953.5900000000001,
      2150.63,
      2269.4,
      2138.9700000000003,
      2402.73,
      1853.99,
      2210.95,
      1857.28,
      1914.98,
      1830.77,
      2136.88,
      1899.48,
      1152.82,
      1887.45,
      1526.55,
      2017.7,
      1395.21,
      2255.32,
      1603.27,
      1763.78,
      1387.02,
      1752.85,
      2179.42,
      2208.74,
      1844.66,
      1997.75,
      2283.36,
      2513.09,
      1808.11,
      1701.41,
      1944.92,
      2014.49,
      1977.79,
      2159.19,
      1785.28,
      1161.44,
      1556.98,
      1639.3500000000001,
      2070.73,
      2170.7200000000003,
      1406.41,
      1300.16,
      1319.63,
      1261.7,
      2297.56,
      1533.43,
      1717.01,
      1401.52,
      1358.5,
      1740.92,
      2020.93,
      1015.1,
      1398.62,
      1300.28,
      1919.03,
      1801.15,
      963.4200000000001,
      1311.4,
      1309.71,
      1186.94,
      1164.64,
      1253.01,
      1330.28,
      933.17,
      687.8,
      1219.53,
      1508.38,
      1206.91,
      1069.8200000000002,
      727.37,
      1241.9,
      1176.51,
      1027.06,
      739.61,
      999.8599999999999,
      824.37,
      942.28,
      767.2,
      721.51,
      990.9499999999999,
      640.32,
      1567.84,
      1195.98,
      1203.6100000000001,
      1119.19,
      702.05,
      1111.87,
      1266.21,
      1442.2,
      1109.44,
      451.65999999999997,
      1240.03,
      710.6800000000001,
      917.61,
      1157.14,
      596.03,
      972.3199999999999,
      1058.32,
      729.56,
      1281.8,
      449.56,
      421.11,
      614.36,
      631.27,
      503.29999999999995,
      476.15,
      206.82,
      740.51,
      562.51,
      445.87,
      484.53,
      372.53999999999996,
      733.11,
      671.31,
      606.38,
      1016.38,
      1237.06,
      950.1700000000001,
      864.47,
      815.6800000000001,
      659.12,
      1169.06,
      930.06,
      1342.41,
      1532.14,
      933.05,
      1185.95,
      615.6800000000001,
      956.0,
      975.0699999999999,
      1574.5,
      1025.24,
      975.82,
      996.62,
      1417.12,
      1527.77,
      1196.08,
      1774.87,
      1177.45,
      1097.66,
      1434.22,
      1590.45,
      2171.22,
      1805.6299999999999,
      1172.3600000000001,
      839.35,
      582.01,
      1263.03,
      1164.66,
      1264.47,
      1411.28,
      836.41,
      1124.28,
      1182.77,
      1321.92,
      1352.13,
      784.49,
      909.66,
      1194.11,
      765.14,
      990.71,
      512.2,
      1241.44,
      855.3000000000001,
      1033.75,
      1088.85,
      453.98,
      458.27,
      780.9100000000001,
      576.28,
      607.47,
      647.56,
      677.5699999999999,
      585.9,
      336.8,
      446.78,
      427.75,
      1181.5,
      1150.35,
      676.34,
      677.68,
      463.18,
      1059.89,
      1395.34,
      912.61,
      1006.64,
      1098.74,
      796.91,
      806.17,
      873.5799999999999,
      537.34,
      967.71,
      651.77,
      322.44,
      801.97,
      421.75,
      786.35,
      901.42,
      683.34,
      570.29,
      947.8,
      813.72,
      291.2,
      645.6700000000001,
      717.37,
      574.11,
      733.63,
      959.63,
      1032.93,
      1056.77,
      606.3900000000001,
      422.3,
      329.49,
      814.85,
      412.28,
      501.77,
      572.06,
      349.49,
      969.9100000000001,
      457.21,
      699.75,
      91.09,
      356.07,
      324.23,
      286.11,
      486.78,
      78.16,
      229.47,
      355.88,
      355.69,
      490.37,
      247.16,
      400.96,
      213.22,
      120.02,
      152.45,
      324.08,
      141.87,
      135.0,
      288.51,
      206.19,
      123.58,
      163.6,
      420.06,
      446.45,
      129.4,
      568.91,
      341.12,
      311.6,
      257.0,
      328.25,
      544.45,
      170.55,
      349.32,
      459.16,
      321.71,
      454.23,
      253.16,
      235.97,
      92.76,
      156.73,
      253.95,
      169.55,
      227.0,
      169.73,
      226.4,
      386.8,
      331.39,
      318.11,
      539.87,
      258.15,
      101.14,
      41.05,
      173.14,
      414.7,
      292.75,
      436.23,
      250.14,
      229.3,
      297.06,
      316.36,
      344.68,
      434.06,
      93.02,
      471.51,
      553.01,
      616.6,
      809.28,
      577.28,
      487.45,
      304.56,
      774.3100000000001,
      299.58,
      564.51,
      911.59,
      326.84,
      380.46000000000004,
      512.82,
      398.15,
      367.79,
      228.97,
      383.39,
      229.68,
      264.17,
      319.13,
      159.76,
      342.22,
      220.59,
      229.86,
      895.99,
      448.9,
      380.35,
      515.29,
      739.19,
      542.3,
      463.3,
      832.49,
      471.58000000000004,
      783.8399999999999,
      718.05,
      761.82,
      1071.0900000000001,
      898.2,
      821.02
    ],
    "stopping_reason": "max_candidates",
    "operations": {
      "candidate_generation": 482,
      "feasibility_check": 400,
      "weight_evaluation": 400
    }
  }
}