{
  "graph": "graph_n15_d12.5_adj_matrix",
  "algorithm": "random",
  "result": {
    "graph_name": "graph_n15_d12.5_adj_matrix",
    "algorithm": "random",
    "best_weight": 1783.74,
    "best_matching": [
      2,
      3,
      6,
      7,
      8
    ],
    "runtime": 2.0000353720006387,
    "candidates": 221,
    "improvements": 6,
    "duplicates": 296416,
    "infeasible": 0,
    "size_history": {
      "5": 31,
      "4": 89,
      "6": 2,
      "3": 61,
      "2": 26,
      "1": 12
    },
    "weight_history": [
      1198.38,
      1148.99,
      1275.24,
      1318.19,
      872.09,
      773.8,
      907.23,
      1218.69,
      1322.25,
      1089.69,
      877.13,
      1294.8500000000001,
      1236.27,
      1098.6000000000001,
      648.63,
      1768.44,
      1539.66,
      1783.74,
      1312.39,
      1412.91,
      1445.45,
      1313.15,
      1041.0900000000001,
      863.16,
      1077.19,
      1171.65,
      959.37,
      812.77,
      1333.49,
      1013.83,
      1400.43,
      832.38,
      1186.83,
      1639.44,
      786.02,
      1762.64,
      1240.1000000000001,
      1476.3,
      1287.74,
      1567.46,
      1189.19,
      1523.63,
      864.91,
      1053.77,
      1451.25,
      1173.9,
      1217.73,
      1176.97,
      924.77,
      1250.27,
      997.26,
      1119.16,
      1186.95,
      825.27,
      1321.27,
      1011.26,
      516.25,
      1016.3,
      772.5,
      1147.67,
      409.62,
      509.12,
      794.9,
      685.76,
      869.76,
      809.38,
      895.7,
      748.13,
      1234.97,
      1379.27,
      1300.17,
      735.91,
      1136.01,
      945.12,
      1041.55,
      1048.73,
      1257.37,
      1028.5900000000001,
      743.97,
      731.5400000000001,
      1034.93,
      547.01,
      769.4300000000001,
      678.12,
      368.57,
      711.43,
      916.8,
      487.46000000000004,
      525.3499999999999,
      374.75,
      615.75,
      269.07,
      666.9200000000001,
      570.37,
      439.11,
      648.29,
      620.77,
      573.44,
      624.15,
      317.19,
      286.34,
      239.01,
      349.73,
      462.47,
      298.56,
      368.01,
      140.55,
      107.9,
      70.01,
      334.43,
      567.0699999999999,
      425.09000000000003,
      306.96000000000004,
      127.57000000000001,
      748.81,
      438.07,
      457.63,
      537.5699999999999,
      654.3499999999999,
      57.56,
      407.29,
      850.6800000000001,
      515.19,
      760.0,
      534.79,
      444.76,
      425.57,
      854.46,
      887.3,
      756.19,
      1083.24,
      626.21,
      977.6600000000001,
      1073.38,
      912.55,
      912.0400000000001,
      1237.77,
      1415.73,
      686.52,
      1205.23,
      1206.44,
      909.98,
      1092.49,
      1035.91,
      1029.54,
      807.12,
      971.54,
      710.9200000000001,
      802.08,
      988.78,
      842.03,
      872.0,
      508.08,
      1180.21,
      775.3,
      1233.99,
      1237.29,
      995.2,
      962.66,
      636.13,
      1434.01,
      1497.4,
      1482.1,
      1126.57,
      950.4399999999999,
      696.64,
      953.26,
      771.49,
      532.48,
      578.57,
      755.21,
      890.63,
      1004.0799999999999,
      449.57,
      965.48,
      856.71,
      1353.1,
      1086.6200000000001,
      1170.0900000000001,
      730.59,
      1041.04,
      982.98,
      1057.83,
      768.48,
      1222.47,
      1061.16,
      1466.55,
      665.9,
      637.08,
      309.02,
      937.96,
      995.96,
      673.54,
      901.5,
      268.12,
      724.36,
      210.56,
      1001.0,
      777.63,
      1192.27,
      1008.44,
      1204.49,
      1128.37,
      1552.16,
      1095.72,
      1337.55,
      970.5500000000001,
      1305.01,
      1104.99,
      1111.1000000000001,
      1327.38,
      1554.96,
      1375.02,
      1681.16,
      1325.63,
      1696.46,
      1436.3500000000001,
      1675.3600000000001,
      1504.02,
      1212.89,
      1416.74
    ],
    "stopping_reason": "time_limit",
    "operations": {
      "candidate_generation": 296637,
      "feasibility_check": 221,
      "weight_evaluation": 221
    }
  }
}