{
  "graph": "graph_n20_d25_adj_matrix",
  "algorithm": "greedy",
  "result": {
    "graph_name": "graph_n20_d25_adj_matrix",
    "algorithm": "greedy",
    "best_weight": 2851.93,
    "best_matching": [
      10,
      12,
      15,
      16,
      23,
      26,
      35,
      40
    ],
    "runtime": 2.0000280659987766,
    "candidates": 96,
    "improvements": 3,
    "duplicates": 148315,
    "infeasible": 0,
    "size_history": {
      "8": 11,
      "7": 10,
      "6": 14,
      "5": 20,
      "4": 21,
      "3": 10,
      "2": 9,
      "1": 1
    },
    "weight_history": [
      2797.23,
      2844.34,
      2769.49,
      2787.46,
      2762.54,
      2691.92,
      2851.93,
      2759.33,
      2849.77,
      2819.42,
      2699.49,
      2538.63,
      2590.09,
      2535.39,
      2332.59,
      2537.55,
      2556.5299999999997,
      2594.43,
      2461.19,
      2499.65,
      2554.37,
      2275.71,
      2294.69,
      2250.15,
      2212.25,
      2247.9700000000003,
      2165.07,
      2258.39,
      2525.62,
      2177.97,
      2265.94,
      2171.82,
      2293.97,
      1969.8200000000002,
      2026.7,
      1684.38,
      1980.7,
      1944.4,
      1921.5,
      1979.5900000000001,
      1892.73,
      1918.29,
      2036.47,
      1962.27,
      1682.48,
      1658.0500000000002,
      1572.05,
      1694.35,
      1656.45,
      1324.49,
      1666.6100000000001,
      1684.58,
      1676.38,
      1648.2800000000002,
      1638.48,
      1998.57,
      2201.37,
      2000.17,
      1990.47,
      1954.17,
      1951.85,
      1933.52,
      1916.27,
      2237.81,
      1919.75,
      1946.42,
      1674.6100000000001,
      1636.48,
      1596.61,
      1646.48,
      1941.69,
      1608.35,
      1620.15,
      1654.35,
      1646.18,
      1610.18,
      1624.74,
      980.27,
      1282.42,
      1334.26,
      1324.29,
      1294.26,
      1340.3600000000001,
      1272.65,
      970.3,
      1322.3899999999999,
      1302.26,
      1330.3899999999999,
      942.17,
      952.14,
      900.3,
      488.8,
      928.4300000000001,
      884.8299999999999,
      894.8,
      842.96
    ],
    "stopping_reason": "time_limit",
    "operations": {
      "candidate_generation": 148411,
      "feasibility_check": 96,
      "weight_evaluation": 96
    }
  }
}