{
  "graph": "graph_n20_d75_adj_matrix",
  "algorithm": "random",
  "result": {
    "graph_name": "graph_n20_d75_adj_matrix",
    "algorithm": "random",
    "best_weight": 3074.13,
    "best_matching": [
      5,
      26,
      33,
      41,
      71,
      81,
      93,
      97,
      103,
      117
    ],
    "runtime": 0.014227547000700724,
    "candidates": 400,
    "improvements": 3,
    "duplicates": 33,
    "infeasible": 0,
    "size_history": {
      "10": 41,
      "9": 57,
      "8": 36,
      "7": 9,
      "6": 11,
      "4": 42,
      "5": 23,
      "3": 56,
      "1": 79,
      "2": 46
    },
    "weight_history": [
      2914.92,
      1851.48,
      2061.94,
      2410.79,
      2447.5899999999997,
      2694.8,
      2260.29,
      2438.81,
      2731.17,
      2762.79,
      2296.9900000000002,
      2422.22,
      1914.42,
      2475.75,
      2117.93,
      2292.15,
      2092.03,
      2277.97,
      2173.48,
      1876.03,
      2066.76,
      1710.77,
      1724.8,
      2148.11,
      2590.4900000000002,
      2405.96,
      2206.09,
      1952.06,
      2375.27,
      2721.56,
      2680.2,
      2854.0699999999997,
      2666.34,
      1806.29,
      2994.59,
      2295.51,
      1833.22,
      2753.08,
      2000.41,
      2507.14,
      2638.17,
      2560.11,
      2415.73,
      2420.02,
      2342.15,
      1836.24,
      2270.65,
      2326.95,
      2685.53,
      2521.81,
      1567.06,
      2602.0299999999997,
      1760.41,
      2438.79,
      2223.85,
      2667.45,
      2507.56,
      2261.35,
      2083.67,
      3074.13,
      2524.75,
      2414.34,
      2266.24,
      2480.48,
      1942.42,
      1979.32,
      2090.05,
      2078.02,
      1974.8500000000001,
      1847.69,
      1700.17,
      2454.78,
      1969.8899999999999,
      2204.5299999999997,
      2470.2200000000003,
      2600.7400000000002,
      2125.17,
      2400.51,
      1969.7,
      1739.98,
      1673.64,
      1844.8600000000001,
      1944.8899999999999,
      2056.82,
      1622.1200000000001,
      2411.21,
      1909.1499999999999,
      1865.4,
      1933.95,
      2082.23,
      2448.18,
      2198.17,
      2235.52,
      2290.48,
      2008.02,
      2552.77,
      2057.66,
      1786.3400000000001,
      2556.9,
      1890.66,
      1893.65,
      1576.1299999999999,
      2242.16,
      2200.62,
      1908.85,
      2346.39,
      1702.05,
      2034.58,
      1880.52,
      2346.04,
      2231.18,
      2566.42,
      2355.06,
      2058.58,
      2307.65,
      2396.38,
      1880.63,
      2011.31,
      1640.14,
      2235.18,
      1776.6200000000001,
      1575.72,
      1971.47,
      1756.78,
      1800.69,
      2033.79,
      2314.17,
      2233.1,
      2084.1,
      1806.29,
      1588.97,
      1830.22,
      1806.77,
      2574.8,
      1814.9,
      1770.39,
      1186.55,
      2083.96,
      1390.9,
      1782.3,
      2667.17,
      2093.21,
      1918.31,
      1643.82,
      1472.6499999999999,
      1255.67,
      1307.2,
      1443.6499999999999,
      1610.9499999999998,
      972.34,
      1237.09,
      1621.71,
      1392.23,
      1018.46,
      1211.75,
      1061.8400000000001,
      1207.73,
      1460.75,
      1011.99,
      1304.8,
      1144.26,
      1199.48,
      1570.21,
      1309.1799999999998,
      1217.8700000000001,
      844.98,
      1265.1100000000001,
      1075.99,
      1381.6399999999999,
      1130.73,
      1052.17,
      914.1800000000001,
      727.19,
      1265.2800000000002,
      1115.09,
      904.75,
      918.4,
      1444.25,
      1305.2,
      1451.97,
      996.57,
      1381.67,
      1095.58,
      1405.56,
      1382.1100000000001,
      1116.22,
      866.47,
      1213.26,
      1339.0,
      1273.98,
      978.5500000000001,
      800.17,
      1532.1799999999998,
      609.91,
      770.1700000000001,
      1191.5800000000002,
      349.03,
      1068.46,
      587.52,
      648.51,
      694.95,
      832.9100000000001,
      655.73,
      1055.5700000000002,
      345.24,
      553.71,
      648.89,
      685.1899999999999,
      657.11,
      1006.4599999999999,
      814.07,
      391.35,
      1151.0,
      714.38,
      1121.53,
      1080.25,
      705.81,
      697.77,
      698.96,
      1005.33,
      787.87,
      616.9100000000001,
      998.5699999999999,
      480.03999999999996,
      702.57,
      758.2,
      678.6600000000001,
      913.45,
      966.91,
      705.26,
      777.87,
      161.97,
      678.3800000000001,
      423.95000000000005,
      346.93,
      772.21,
      329.67,
      438.95000000000005,
      759.81,
      256.39,
      318.93,
      369.94,
      112.15,
      352.09,
      454.25,
      555.0799999999999,
      131.03,
      133.06,
      117.18,
      265.05,
      315.6,
      316.08,
      285.36,
      539.56,
      524.76,
      589.52,
      759.99,
      431.06,
      525.74,
      795.45,
      579.72,
      498.96999999999997,
      480.12,
      489.27,
      665.2099999999999,
      850.0899999999999,
      700.0699999999999,
      718.4200000000001,
      609.12,
      844.21,
      477.31,
      1238.3899999999999,
      783.46,
      567.45,
      702.03,
      262.7,
      773.6099999999999,
      353.47,
      245.85000000000002,
      332.92,
      600.47,
      593.62,
      692.61,
      390.71000000000004,
      579.45,
      566.28,
      777.3599999999999,
      679.9,
      573.47,
      472.83000000000004,
      738.55,
      805.8399999999999,
      934.24,
      711.93,
      477.93,
      480.92999999999995,
      813.6,
      1157.95,
      1009.46,
      833.21,
      1083.7,
      1082.73,
      921.21,
      1029.48,
      1285.28,
      1169.17,
      757.85,
      1399.43,
      1248.0,
      719.5,
      1051.95,
      583.28,
      800.61,
      846.3599999999999,
      504.38,
      659.6500000000001,
      526.91,
      876.73,
      954.59,
      329.14,
      361.32,
      541.04,
      592.21,
      423.21000000000004,
      184.82999999999998,
      521.83,
      535.08,
      555.78,
      187.87,
      177.23,
      197.23,
      103.32,
      317.92,
      298.0,
      343.65,
      278.35,
      179.51,
      226.38,
      308.0,
      110.17,
      45.61,
      353.53,
      243.19,
      350.56,
      250.23,
      209.47,
      237.41,
      96.69,
      141.99,
      310.36,
      259.68,
      463.34,
      274.53,
      241.92,
      172.0,
      429.96,
      45.4,
      370.95,
      410.3,
      65.22,
      260.93,
      302.24,
      42.19,
      161.45,
      622.3800000000001,
      250.59,
      101.4,
      140.77,
      81.86,
      86.47,
      158.66,
      341.22,
      229.16,
      359.98,
      163.38,
      429.96,
      144.59,
      126.59,
      170.85,
      261.84,
      178.16,
      330.8,
      143.59,
      123.94,
      149.62,
      181.65,
      30.0,
      231.51,
      209.12,
      291.53,
      163.99,
      138.71,
      385.22,
      285.24,
      329.67,
      436.96,
      279.79,
      349.45,
      334.34,
      299.67
    ],
    "stopping_reason": "max_candidates",
    "operations": {
      "candidate_generation": 433,
      "feasibility_check": 400,
      "weight_evaluation": 400
    }
  }
}