{
  "random": {
    "mean_weight": 2202.056666666667,
    "std_weight": 19.351155578471936,
    "min_weight": 2174.69,
    "max_weight": 2215.7400000000002,
    "absolute_gap": 13.683333333333394,
    "relative_gap": 0.006175513974262951,
    "approximation_ratio": 0.993824486025737
  },
  "greedy": {
    "mean_weight": 2215.7400000000002,
    "std_weight": 0.0,
    "min_weight": 2215.7400000000002,
    "max_weight": 2215.7400000000002,
    "absolute_gap": 0.0,
    "relative_gap": 0.0,
    "approximation_ratio": 1.0
  },
  "local": {
    "mean_weight": 2215.7400000000002,
    "std_weight": 0.0,
    "min_weight": 2215.7400000000002,
    "max_weight": 2215.7400000000002,
    "absolute_gap": 0.0,
    "relative_gap": 0.0,
    "approximation_ratio": 1.0
  }
}