{
  "graph": "graph_n17_d50_adj_matrix",
  "algorithm": "local",
  "result": {
    "graph_name": "graph_n17_d50_adj_matrix",
    "algorithm": "local",
    "best_weight": 2733.07,
    "best_matching": [
      7,
      9,
      22,
      26,
      36,
      38,
      42,
      60
    ],
    "runtime": 2.000951205000092,
    "candidates": 110,
    "improvements": 2,
    "duplicates": 605,
    "infeasible": 0,
    "size_history": {
      "8": 23,
      "7": 32,
      "6": 32,
      "5": 21,
      "4": 2
    },
    "weight_history": [
      2624.22,
      2502.93,
      2733.07,
      2636.64,
      2423.48,
      2610.66,
      2470.21,
      2450.99,
      2422.59,
      2603.7599999999998,
      2455.22,
      2277.41,
      2421.05,
      2415.0,
      2485.13,
      2413.57,
      2432.91,
      2417.22,
      2547.42,
      2443.5099999999998,
      2391.5499999999997,
      2629.16,
      2246.89,
      2236.94,
      2263.23,
      2239.7799999999997,
      2247.2599999999998,
      2266.83,
      1959.19,
      2229.35,
      2213.49,
      2237.83,
      2178.7799999999997,
      1982.6399999999999,
      1946.73,
      2214.38,
      1966.67,
      1966.3,
      1948.76,
      1962.7,
      1949.65,
      1937.3,
      1649.12,
      1954.81,
      2209.72,
      2230.24,
      2235.4,
      2246.52,
      2105.66,
      2205.9,
      2210.01,
      2204.2,
      2206.79,
      2122.73,
      2107.77,
      1936.41,
      1682.1100000000001,
      1925.31,
      1913.85,
      1928.82,
      1912.42,
      1849.67,
      1926.1999999999998,
      1929.71,
      1939.25,
      1842.08,
      2147.54,
      2201.63,
      2110.87,
      2227.92,
      1870.0,
      2194.04,
      2233.17,
      2154.19,
      2238.2,
      2162.81,
      2196.61,
      2407.47,
      2469.05,
      2372.16,
      2388.17,
      2413.45,
      2425.43,
      2418.11,
      2493.23,
      2395.37,
      2389.85,
      2418.82,
      2617.04,
      2559.3199999999997,
      2586.8599999999997,
      2684.97,
      2602.87,
      2574.88,
      2537.19,
      2563.93,
      2664.66,
      2469.59,
      2537.34,
      2401.45,
      2392.44,
      2326.46,
      2427.66,
      2415.89,
      2264.7,
      2555.3,
      2380.58,
      2462.97,
      2522.39,
      2382.2599999999998
    ],
    "stopping_reason": "time_limit",
    "operations": {
      "candidate_generation": 715,
      "feasibility_check": 110,
      "weight_evaluation": 110
    }
  }
}