{
  "graph": "graph_n17_d25_adj_matrix",
  "algorithm": "random",
  "result": {
    "graph_name": "graph_n17_d25_adj_matrix",
    "algorithm": "random",
    "best_weight": 2252.81,
    "best_matching": [
      0,
      7,
      10,
      11,
      18,
      22,
      28,
      29
    ],
    "runtime": 2.000055054999393,
    "candidates": 323,
    "improvements": 7,
    "duplicates": 197077,
    "infeasible": 0,
    "size_history": {
      "7": 70,
      "6": 71,
      "5": 48,
      "8": 9,
      "4": 34,
      "3": 33,
      "2": 24,
      "1": 34
    },
    "weight_history": [
      1508.55,
      1480.1399999999999,
      1339.87,
      1302.4,
      1542.92,
      1469.83,
      1710.84,
      1582.44,
      1832.69,
      1619.18,
      1249.35,
      1481.32,
      1022.87,
      1318.1299999999999,
      1211.37,
      1026.17,
      1550.88,
      1203.67,
      1683.46,
      1303.5,
      1288.6,
      1259.96,
      1049.03,
      1586.7,
      1310.15,
      1335.23,
      1245.0900000000001,
      740.96,
      1301.17,
      1205.16,
      820.3199999999999,
      1119.88,
      1081.51,
      1426.3,
      1022.16,
      1072.03,
      1515.08,
      1293.6200000000001,
      1010.79,
      1518.74,
      1427.36,
      1408.53,
      810.71,
      1500.26,
      1686.95,
      2072.29,
      1237.22,
      1206.47,
      1585.83,
      1350.5,
      1143.3799999999999,
      1446.3799999999999,
      1448.26,
      1541.19,
      1569.3999999999999,
      1227.8799999999999,
      2171.27,
      2115.07,
      1651.24,
      1607.8500000000001,
      2020.52,
      1670.78,
      1800.93,
      1515.52,
      1817.95,
      1756.52,
      1682.07,
      1813.94,
      2027.79,
      1602.49,
      1587.36,
      1886.49,
      1634.03,
      1861.02,
      1721.8,
      1497.39,
      1585.84,
      2252.81,
      1385.05,
      1923.81,
      1877.8,
      1686.65,
      1267.82,
      1674.6399999999999,
      1881.41,
      1555.91,
      1962.54,
      1500.48,
      1182.67,
      1605.95,
      1605.29,
      1477.95,
      1952.06,
      1732.45,
      1493.68,
      1436.81,
      1394.97,
      1219.93,
      1446.53,
      1411.58,
      1761.62,
      1462.8,
      1589.79,
      1671.69,
      1554.21,
      1116.8899999999999,
      1975.22,
      1372.73,
      1447.1299999999999,
      1501.36,
      1975.81,
      1404.68,
      1283.0900000000001,
      1970.59,
      1523.62,
      1558.04,
      1985.08,
      1573.8,
      1696.5,
      1802.95,
      1606.98,
      1296.76,
      1190.08,
      1074.77,
      1404.8899999999999,
      1138.16,
      1427.85,
      1182.7,
      1442.63,
      1609.99,
      1139.6399999999999,
      1522.88,
      1852.8,
      1541.44,
      1781.5,
      1459.91,
      1872.98,
      1770.68,
      2051.69,
      1781.1,
      1452.22,
      1287.5,
      1873.09,
      1418.91,
      1292.76,
      1489.19,
      1041.18,
      946.41,
      1435.6399999999999,
      1214.8899999999999,
      1002.48,
      1434.52,
      1093.53,
      1021.8399999999999,
      1111.35,
      1469.29,
      1208.43,
      1375.59,
      1447.82,
      1219.96,
      880.97,
      904.72,
      1286.88,
      1146.14,
      1371.97,
      1342.6299999999999,
      930.91,
      1056.67,
      1147.76,
      882.6500000000001,
      1014.5,
      1071.78,
      1238.37,
      923.6800000000001,
      1011.49,
      851.95,
      1239.07,
      753.93,
      833.9399999999999,
      450.26,
      623.24,
      599.13,
      806.93,
      616.4300000000001,
      720.79,
      792.61,
      533.7,
      860.08,
      1432.29,
      1051.6100000000001,
      1030.52,
      647.33,
      969.95,
      764.99,
      810.8,
      1237.6200000000001,
      1013.95,
      1015.69,
      1261.88,
      838.47,
      1454.43,
      1434.14,
      1208.68,
      1454.3899999999999,
      1156.52,
      1143.69,
      1093.68,
      1524.52,
      962.25,
      1146.52,
      1899.85,
      1522.6,
      1264.3700000000001,
      1554.44,
      1478.99,
      1239.1,
      1378.03,
      1803.85,
      1088.64,
      1295.46,
      944.43,
      1282.03,
      1404.1599999999999,
      1329.86,
      1010.85,
      1535.33,
      743.23,
      1192.8899999999999,
      1477.26,
      1312.38,
      1150.07,
      1062.96,
      1119.69,
      1103.01,
      1171.59,
      1286.87,
      941.77,
      779.56,
      1316.74,
      1211.8,
      1178.72,
      951.6,
      729.77,
      739.75,
      635.69,
      588.5699999999999,
      484.36,
      695.34,
      952.88,
      1047.81,
      857.0699999999999,
      834.21,
      805.69,
      393.31,
      228.8,
      638.9,
      556.4,
      594.0899999999999,
      494.09,
      373.74,
      338.68,
      377.2,
      358.95,
      316.23,
      648.05,
      522.1,
      1085.45,
      492.24,
      755.66,
      736.94,
      398.02,
      874.86,
      478.71000000000004,
      671.65,
      723.0600000000001,
      324.68,
      566.96,
      470.26,
      244.19,
      356.01,
      988.7,
      259.41999999999996,
      500.15,
      520.43,
      529.3299999999999,
      611.43,
      206.32,
      496.53999999999996,
      153.83,
      172.59,
      188.1,
      360.9,
      329.3,
      170.85,
      173.53,
      463.76,
      350.08,
      63.07,
      405.71,
      323.01,
      160.12,
      70.66,
      281.2,
      159.53,
      288.18,
      53.94,
      299.41,
      235.59,
      467.37,
      233.19,
      513.02,
      115.41,
      262.29,
      174.86,
      212.0,
      761.37,
      396.71,
      396.68,
      364.66,
      229.73,
      144.01,
      166.09,
      250.53
    ],
    "stopping_reason": "time_limit",
    "operations": {
      "candidate_generation": 197400,
      "feasibility_check": 323,
      "weight_evaluation": 323
    }
  }
}