{
  "graph": "graph_n18_d25_adj_matrix",
  "algorithm": "local",
  "result": {
    "graph_name": "graph_n18_d25_adj_matrix",
    "algorithm": "local",
    "best_weight": 2684.68,
    "best_matching": [
      3,
      8,
      12,
      16,
      19,
      20,
      26,
      35
    ],
    "runtime": 2.0016802339996502,
    "candidates": 52,
    "improvements": 2,
    "duplicates": 715,
    "infeasible": 0,
    "size_history": {
      "8": 12,
      "7": 9,
      "6": 12,
      "5": 10,
      "4": 8,
      "3": 1
    },
    "weight_history": [
      2676.25,
      2684.68,
      2649.82,
      2658.25,
      2622.07,
      2642.26,
      2672.16,
      2634.19,
      2569.56,
      2660.92,
      2648.5,
      2464.87,
      2469.63,
      2503.62,
      2645.73,
      2477.19,
      2485.62,
      2461.56,
      2443.44,
      2499.73,
      2512.05,
      2327.1,
      2258.4900000000002,
      2284.92,
      2318.67,
      2300.67,
      2292.6,
      2292.2400000000002,
      2303.34,
      2192.9,
      2221.4100000000003,
      2233.26,
      2190.38,
      2073.15,
      2072.57,
      2064.14,
      2023.28,
      2005.43,
      2064.7200000000003,
      2030.97,
      2049.39,
      2019.63,
      1777.18,
      2030.39,
      1753.42,
      1735.0,
      1750.9,
      1768.75,
      1723.66,
      1401.46,
      1697.92,
      1735.5700000000002
    ],
    "stopping_reason": "time_limit",
    "operations": {
      "candidate_generation": 767,
      "feasibility_check": 52,
      "weight_evaluation": 52
    }
  }
}