{
  "graph": "graph_n14_d75_adj_matrix",
  "algorithm": "local",
  "result": {
    "graph_name": "graph_n14_d75_adj_matrix",
    "algorithm": "local",
    "best_weight": 2503.75,
    "best_matching": [
      6,
      14,
      20,
      26,
      32,
      53,
      58
    ],
    "runtime": 2.001676490999671,
    "candidates": 89,
    "improvements": 4,
    "duplicates": 628,
    "infeasible": 0,
    "size_history": {
      "7": 60,
      "6": 26,
      "5": 3
    },
    "weight_history": [
      2365.6,
      2197.01,
      2412.74,
      2279.91,
      2310.93,
      2321.28,
      2269.96,
      2445.86,
      2342.2400000000002,
      2332.48,
      2435.78,
      2239.52,
      2286.75,
      2232.28,
      2060.38,
      2270.8,
      2250.82,
      2222.14,
      2186.37,
      2274.02,
      2220.53,
      2073.17,
      2423.49,
      2432.56,
      2362.18,
      2503.75,
      2403.94,
      2283.53,
      2370.92,
      2406.57,
      2350.2200000000003,
      2378.52,
      2260.79,
      2318.51,
      2370.23,
      2363.79,
      2199.43,
      2461.24,
      2230.96,
      2367.61,
      2208.24,
      2169.42,
      2490.18,
      2316.6,
      2259.23,
      2469.96,
      2458.78,
      2155.87,
      2466.74,
      2358.11,
      2347.12,
      2310.54,
      2016.67,
      2209.23,
      2298.56,
      2365.91,
      2094.51,
      2347.48,
      2323.7799999999997,
      2345.1,
      2263.73,
      2294.58,
      2043.94,
      2310.86,
      2289.93,
      2326.78,
      2374.84,
      2259.98,
      2286.09,
      2399.04,
      2236.59,
      2409.92,
      2248.9,
      2356.5299999999997,
      2118.5,
      2364.4,
      2322.88,
      2290.17,
      2276.6,
      2199.16,
      2219.4900000000002,
      2137.42,
      2178.02,
      2206.4900000000002,
      1958.0,
      2215.97,
      2219.9,
      2190.36,
      2330.0
    ],
    "stopping_reason": "time_limit",
    "operations": {
      "candidate_generation": 717,
      "feasibility_check": 89,
      "weight_evaluation": 89
    }
  }
}