{
  "graph": "graph_n15_d25_adj_matrix",
  "algorithm": "random",
  "result": {
    "graph_name": "graph_n15_d25_adj_matrix",
    "algorithm": "random",
    "best_weight": 2486.88,
    "best_matching": [
      0,
      6,
      11,
      14,
      17,
      20,
      25
    ],
    "runtime": 0.006073652999475598,
    "candidates": 400,
    "improvements": 4,
    "duplicates": 70,
    "infeasible": 0,
    "size_history": {
      "6": 207,
      "5": 109,
      "7": 47,
      "4": 34,
      "3": 3
    },
    "weight_history": [
      2012.96,
      2356.58,
      1960.93,
      2247.9,
      2037.38,
      1543.57,
      1785.19,
      1909.66,
      1646.22,
      1747.31,
      1761.23,
      2206.71,
      1906.5,
      2065.32,
      2159.53,
      2423.9,
      1718.8,
      1761.28,
      1731.48,
      1885.48,
      1924.08,
      2098.34,
      2057.23,
      1840.31,
      2118.78,
      1987.49,
      1486.95,
      1656.6399999999999,
      1554.31,
      1780.3,
      1947.8999999999999,
      1559.65,
      1723.74,
      1962.36,
      2052.08,
      1732.0,
      2219.29,
      2186.55,
      2109.59,
      1831.75,
      2180.1,
      2216.25,
      1943.45,
      1721.57,
      2042.8400000000001,
      1829.2,
      2217.23,
      1124.83,
      1721.81,
      1941.71,
      1519.8,
      1979.8600000000001,
      1879.18,
      2004.0900000000001,
      2037.39,
      2249.16,
      1781.69,
      1140.43,
      1300.36,
      1231.99,
      2152.32,
      1963.53,
      2156.31,
      2143.27,
      1850.12,
      2273.26,
      2061.25,
      1606.33,
      1731.04,
      2164.19,
      1088.6399999999999,
      1583.2,
      1660.74,
      2064.39,
      1386.5,
      1800.3,
      1687.6100000000001,
      1127.27,
      1665.85,
      1211.3600000000001,
      1451.58,
      1598.77,
      1594.73,
      1802.68,
      1929.85,
      1451.76,
      1398.63,
      1405.88,
      1591.85,
      1914.07,
      1757.21,
      1715.17,
      1396.4,
      2034.1,
      2127.36,
      1325.64,
      1431.28,
      1835.59,
      2332.72,
      1964.05,
      1561.63,
      2307.15,
      1881.46,
      1700.9,
      1781.42,
      1777.06,
      1829.42,
      1750.84,
      2202.2599999999998,
      1682.1899999999998,
      1809.33,
      1686.72,
      2031.55,
      1702.08,
      1912.75,
      1887.32,
      2117.12,
      1587.69,
      1890.88,
      1587.18,
      2016.98,
      1675.83,
      1683.23,
      1412.53,
      1669.76,
      1681.9,
      1033.2,
      1480.99,
      1496.14,
      1755.66,
      1408.29,
      1445.13,
      1072.64,
      1026.52,
      1207.61,
      1229.54,
      1163.4,
      1438.4,
      1274.0,
      1233.94,
      1622.2,
      1691.62,
      1511.5,
      1460.79,
      1669.85,
      1929.27,
      1346.87,
      949.82,
      1393.44,
      1618.4,
      1569.9,
      1793.58,
      1523.88,
      1742.7800000000002,
      2166.51,
      1448.04,
      1872.02,
      1643.01,
      1654.37,
      1956.17,
      1901.56,
      2114.54,
      1876.52,
      1937.96,
      1193.8899999999999,
      2112.05,
      2486.88,
      1480.8799999999999,
      2110.98,
      1899.76,
      1886.43,
      1624.68,
      1793.8700000000001,
      1624.76,
      2363.85,
      1589.08,
      1700.1599999999999,
      2190.84,
      1849.06,
      1579.7,
      1884.92,
      1927.55,
      1917.21,
      1978.77,
      1836.87,
      1796.1100000000001,
      1875.3,
      1179.64,
      1430.67,
      1634.17,
      1600.41,
      1205.41,
      1569.55,
      1701.73,
      1140.08,
      1097.32,
      1598.94,
      1833.52,
      1734.53,
      1580.46,
      2024.77,
      2081.86,
      1986.0,
      2283.88,
      1744.72,
      1480.54,
      1619.21,
      1920.15,
      1873.3,
      1492.97,
      2375.96,
      2348.92,
      2398.31,
      2143.89,
      2081.92,
      2051.56,
      2041.46,
      1813.23,
      2015.6100000000001,
      1725.07,
      1603.5,
      2055.44,
      1943.8500000000001,
      1745.99,
      2065.3,
      1801.17,
      1893.51,
      2270.78,
      1849.22,
      1965.23,
      1803.48,
      2092.25,
      2120.16,
      1888.56,
      1707.15,
      2374.21,
      1965.02,
      2182.46,
      1873.59,
      1973.0,
      1756.75,
      1924.6000000000001,
      2065.56,
      1724.4,
      1464.03,
      1838.3799999999999,
      2020.11,
      1883.4,
      1983.96,
      1641.5,
      1810.3899999999999,
      1908.5,
      1873.32,
      1798.44,
      1277.33,
      1309.84,
      1737.4,
      1195.74,
      1339.73,
      1663.3,
      1640.62,
      1741.51,
      1699.99,
      1684.89,
      2072.52,
      1907.84,
      1370.61,
      2006.8500000000001,
      1844.72,
      1726.57,
      1695.67,
      2098.99,
      1971.62,
      2071.59,
      1928.58,
      1943.01,
      1895.13,
      2095.7400000000002,
      2237.79,
      2359.83,
      1662.08,
      1625.1,
      1960.03,
      1702.86,
      2156.4,
      1384.17,
      2097.24,
      1826.35,
      1738.38,
      1630.13,
      2146.9,
      1753.8,
      1781.74,
      1608.59,
      1834.36,
      1989.33,
      1835.8200000000002,
      1391.6399999999999,
      1413.4,
      1521.22,
      1541.75,
      1452.2,
      1103.52,
      1200.06,
      1252.54,
      1879.21,
      1904.17,
      1448.9299999999998,
      1336.6100000000001,
      1309.5,
      992.1,
      1429.37,
      1327.88,
      991.11,
      1323.84,
      1723.23,
      1350.6000000000001,
      1138.1599999999999,
      1200.22,
      1574.15,
      1597.57,
      1473.3600000000001,
      1675.99,
      1590.18,
      1670.5,
      1938.54,
      1344.68,
      1199.67,
      1233.73,
      2196.82,
      1704.04,
      1781.94,
      1453.6000000000001,
      1519.61,
      1724.5,
      1865.97,
      1628.51,
      1338.45,
      1856.88,
      1785.29,
      1879.8,
      1380.31,
      1726.33,
      1211.96,
      1763.37,
      1610.12,
      1399.6,
      1836.58,
      1627.08,
      1388.81,
      1099.99,
      1401.68,
      1108.02,
      1211.19,
      1326.89,
      1160.18,
      1117.63,
      873.11,
      979.3299999999999,
      1250.08,
      1287.03,
      1190.04,
      1257.1399999999999,
      1412.1299999999999,
      1977.2,
      1409.32,
      1241.54,
      1684.66,
      1548.05,
      1710.8400000000001,
      1467.0,
      1681.88,
      1612.97,
      1332.48,
      1771.67,
      1977.95,
      1666.12,
      1556.91,
      1467.44,
      1869.77,
      1351.4,
      2005.47,
      1944.47,
      2214.61,
      1683.9,
      2395.9900000000002,
      2165.35,
      2277.59,
      1933.55,
      2346.86,
      1491.73,
      1894.9,
      1703.66,
      1726.6599999999999,
      1983.93,
      2037.15,
      2262.9,
      2093.91,
      2269.74,
      1572.8899999999999
    ],
    "stopping_reason": "max_candidates",
    "operations": {
      "candidate_generation": 470,
      "feasibility_check": 400,
      "weight_evaluation": 400
    }
  }
}