{
  "graph": "graph_n19_d50_adj_matrix",
  "algorithm": "local",
  "result": {
    "graph_name": "graph_n19_d50_adj_matrix",
    "algorithm": "local",
    "best_weight": 2859.92,
    "best_matching": [
      6,
      18,
      23,
      37,
      45,
      49,
      61,
      68,
      70
    ],
    "runtime": 2.0031340519999503,
    "candidates": 337,
    "improvements": 10,
    "duplicates": 281,
    "infeasible": 0,
    "size_history": {
      "9": 197,
      "8": 107,
      "7": 31,
      "6": 2
    },
    "weight_history": [
      2738.93,
      2728.7,
      2680.07,
      2739.84,
      2729.4,
      2698.95,
      2688.93,
      2723.0299999999997,
      2753.0,
      2666.58,
      2701.62,
      2695.2400000000002,
      2597.86,
      2580.16,
      2653.9700000000003,
      2719.61,
      2768.65,
      2720.97,
      2606.62,
      2637.54,
      2691.24,
      2778.08,
      2688.4700000000003,
      2674.69,
      2552.02,
      2618.96,
      2663.46,
      2681.03,
      2681.99,
      2676.11,
      2613.71,
      2758.21,
      2705.2799999999997,
      2548.54,
      2635.81,
      2611.6,
      2699.77,
      2654.39,
      2696.62,
      2589.12,
      2614.92,
      2606.03,
      2577.25,
      2623.13,
      2366.44,
      2564.89,
      2498.17,
      2439.43,
      2528.12,
      2622.12,
      2506.03,
      2560.59,
      2435.83,
      2561.13,
      2567.36,
      2552.07,
      2488.06,
      2561.5,
      2640.3,
      2587.6,
      2613.46,
      2590.15,
      2682.9,
      2594.31,
      2576.07,
      2622.63,
      2685.78,
      2740.8,
      2677.5,
      2795.7400000000002,
      2813.37,
      2653.31,
      2706.12,
      2758.42,
      2698.75,
      2776.96,
      2603.46,
      2757.21,
      2631.91,
      2636.4,
      2703.09,
      2552.4,
      2589.32,
      2673.2999999999997,
      2689.48,
      2624.46,
      2788.44,
      2596.95,
      2711.0,
      2605.9,
      2651.93,
      2594.62,
      2646.83,
      2558.46,
      2769.61,
      2729.02,
      2709.67,
      2763.86,
      2607.9700000000003,
      2622.36,
      2629.23,
      2683.2,
      2568.08,
      2479.33,
      2568.6,
      2500.56,
      2589.89,
      2562.02,
      2684.57,
      2545.79,
      2603.33,
      2637.4,
      2558.98,
      2660.69,
      2574.95,
      2642.91,
      2690.03,
      2502.77,
      2574.4900000000002,
      2656.9,
      2643.34,
      2638.78,
      2566.08,
      2656.93,
      2697.64,
      2788.33,
      2832.79,
      2702.73,
      2739.07,
      2653.3,
      2731.51,
      2747.92,
      2672.32,
      2650.66,
      2757.78,
      2532.66,
      2619.56,
      2658.93,
      2556.96,
      2533.28,
      2380.9,
      2585.7,
      2551.75,
      2779.8,
      2647.84,
      2675.84,
      2757.67,
      2719.3,
      2750.34,
      2791.5299999999997,
      2698.5,
      2794.71,
      2692.06,
      2589.6,
      2532.32,
      2597.71,
      2552.11,
      2710.96,
      2607.54,
      2494.94,
      2563.77,
      2430.92,
      2623.94,
      2636.44,
      2543.23,
      2523.2,
      2556.39,
      2377.46,
      2583.2200000000003,
      2526.85,
      2422.91,
      2508.07,
      2471.11,
      2472.11,
      2434.34,
      2157.68,
      2716.09,
      2550.9,
      2631.15,
      2501.52,
      2576.5699999999997,
      2711.17,
      2583.82,
      2589.94,
      2510.03,
      2707.7200000000003,
      2602.95,
      2740.52,
      2608.0699999999997,
      2673.9,
      2654.65,
      2612.12,
      2794.26,
      2632.71,
      2784.28,
      2602.73,
      2784.66,
      2697.24,
      2593.83,
      2770.21,
      2736.96,
      2838.6800000000003,
      2665.46,
      2655.23,
      2703.75,
      2735.9700000000003,
      2757.88,
      2699.16,
      2622.05,
      2757.56,
      2763.65,
      2789.59,
      2701.35,
      2725.61,
      2724.14,
      2726.42,
      2687.38,
      2617.44,
      2736.18,
      2642.64,
      2644.39,
      2715.26,
      2561.33,
      2671.3,
      2522.9300000000003,
      2625.02,
      2598.29,
      2768.11,
      2694.81,
      2694.52,
      2637.54,
      2746.08,
      2596.73,
      2586.74,
      2612.61,
      2519.89,
      2604.59,
      2598.1,
      2572.45,
      2578.58,
      2541.43,
      2502.04,
      2570.78,
      2655.95,
      2709.83,
      2651.98,
      2674.4,
      2618.44,
      2663.98,
      2599.87,
      2657.9,
      2681.52,
      2669.89,
      2599.61,
      2586.31,
      2647.79,
      2634.3,
      2545.93,
      2636.77,
      2588.45,
      2667.7400000000002,
      2605.61,
      2526.4,
      2644.56,
      2711.57,
      2635.81,
      2625.54,
      2677.43,
      2751.84,
      2796.22,
      2671.66,
      2711.96,
      2859.92,
      2672.14,
      2605.54,
      2729.61,
      2609.04,
      2656.36,
      2727.74,
      2531.33,
      2555.48,
      2720.33,
      2517.41,
      2686.08,
      2776.03,
      2742.59,
      2572.9,
      2703.74,
      2705.64,
      2708.62,
      2785.05,
      2824.7200000000003,
      2687.18,
      2728.81,
      2667.62,
      2695.78,
      2669.84,
      2763.62,
      2671.96,
      2693.99,
      2675.83,
      2712.51,
      2658.35,
      2658.55,
      2620.13,
      2697.11,
      2641.0,
      2656.42,
      2731.5,
      2751.2999999999997,
      2749.33,
      2668.79,
      2702.15,
      2701.5,
      2793.07,
      2548.99,
      2758.59,
      2553.17,
      2664.9500000000003,
      2625.15,
      2612.37,
      2577.94,
      2397.68,
      2520.02,
      2580.37,
      2603.71,
      2501.99,
      2636.35,
      2606.66,
      2727.06,
      2549.73,
      2472.79,
      2462.58,
      2461.52,
      2451.15,
      2454.1,
      2200.05
    ],
    "stopping_reason": "time_limit",
    "operations": {
      "candidate_generation": 618,
      "feasibility_check": 337,
      "weight_evaluation": 337
    }
  }
}