{
  "graph": "graph_n17_d75_adj_matrix",
  "algorithm": "greedy",
  "result": {
    "graph_name": "graph_n17_d75_adj_matrix",
    "algorithm": "greedy",
    "best_weight": 2809.13,
    "best_matching": [
      7,
      12,
      27,
      40,
      58,
      62,
      73,
      83
    ],
    "runtime": 2.000060215001213,
    "candidates": 323,
    "improvements": 6,
    "duplicates": 75146,
    "infeasible": 0,
    "size_history": {
      "8": 86,
      "7": 52,
      "6": 39,
      "5": 49,
      "4": 54,
      "3": 27,
      "2": 11,
      "1": 5
    },
    "weight_history": [
      2771.7,
      2752.38,
      2776.98,
      2731.23,
      2783.3199999999997,
      2746.04,
      2804.47,
      2604.83,
      2687.42,
      2666.02,
      2703.39,
      2579.59,
      2531.27,
      2511.18,
      2363.0,
      2618.82,
      2545.58,
      2548.65,
      2566.73,
      2597.67,
      2518.87,
      2345.62,
      2333.22,
      2341.85,
      2311.8,
      2283.56,
      2334.41,
      2356.66,
      2269.5,
      2319.44,
      2320.86,
      2280.41,
      2368.29,
      2567.62,
      2623.48,
      2484.14,
      2522.0299999999997,
      2512.95,
      2480.37,
      2495.32,
      2610.19,
      2567.97,
      2393.94,
      2527.5,
      2581.28,
      2768.89,
      2501.09,
      2697.05,
      2753.27,
      2798.13,
      2748.41,
      2539.62,
      2735.0,
      2653.53,
      2658.7,
      2701.9,
      2678.35,
      2696.69,
      2699.44,
      2546.54,
      2727.77,
      2574.78,
      2701.18,
      2627.5699999999997,
      2669.79,
      2802.79,
      2561.34,
      2707.68,
      2665.04,
      2808.24,
      2517.74,
      2705.13,
      2665.75,
      2556.5299999999997,
      2795.84,
      2647.22,
      2568.03,
      2549.35,
      2591.33,
      2560.39,
      2612.48,
      2622.59,
      2515.5299999999997,
      2491.98,
      2288.25,
      2511.92,
      2462.29,
      2603.85,
      2692.12,
      2773.7,
      2687.07,
      2569.97,
      2721.52,
      2711.45,
      2548.48,
      2636.69,
      2789.5,
      2809.13,
      2516.25,
      2775.47,
      2687.5699999999997,
      2660.17,
      2698.6,
      2801.9,
      2515.6,
      2653.1,
      2700.15,
      2686.5,
      2665.22,
      2666.66,
      2677.63,
      2777.47,
      2767.36,
      2671.85,
      2524.61,
      2663.87,
      2744.57,
      2479.76,
      2551.23,
      2633.58,
      2668.81,
      2690.84,
      2603.59,
      2709.46,
      2610.83,
      2746.93,
      2604.1,
      2686.15,
      2741.65,
      2584.44,
      2778.36,
      2599.87,
      2769.04,
      2567.69,
      2788.88,
      2635.97,
      2456.21,
      2555.0,
      2640.88,
      2740.29,
      2501.77,
      2727.71,
      2629.71,
      2549.54,
      2455.23,
      2473.05,
      2616.25,
      2242.0,
      2542.86,
      2537.92,
      2542.31,
      2501.92,
      2466.06,
      2525.8,
      2318.3,
      2268.0099999999998,
      2387.6,
      2276.64,
      2288.97,
      2312.52,
      2275.84,
      2091.32,
      2326.27,
      2262.41,
      2260.02,
      2093.41,
      2063.36,
      1975.31,
      1611.82,
      2062.47,
      2038.09,
      2067.77,
      2057.44,
      2057.8,
      2026.8600000000001,
      1741.28,
      1734.62,
      1687.1299999999999,
      1628.4099999999999,
      1732.53,
      1713.22,
      1737.56,
      1351.9099999999999,
      1670.46,
      1651.2,
      1721.22,
      1640.46,
      1992.23,
      1987.6599999999999,
      2308.29,
      2026.11,
      2067.76,
      1970.99,
      2041.81,
      2032.68,
      2061.27,
      1680.23,
      2014.1,
      2272.01,
      2328.07,
      2361.95,
      2314.63,
      2363.89,
      2013.75,
      2269.44,
      2313.1,
      2230.36,
      2296.11,
      2357.21,
      1971.84,
      1671.31,
      2031.75,
      2037.56,
      2035.1499999999999,
      2011.91,
      1939.38,
      1958.07,
      1959.49,
      2027.75,
      2032.15,
      1699.01,
      1708.98,
      1701.95,
      1606.58,
      1707.4,
      1649.12,
      1663.49,
      1605.8600000000001,
      1679.34,
      1707.76,
      1708.97,
      1607.67,
      2001.3600000000001,
      1915.44,
      2034.77,
      2033.88,
      2028.81,
      1964.65,
      2317.44,
      2037.72,
      1988.46,
      1985.03,
      1711.23,
      1624.78,
      1682.1100000000001,
      1354.4299999999998,
      1677.6100000000001,
      1653.12,
      1667.32,
      1636.58,
      1660.12,
      1604.86,
      1362.4299999999998,
      1382.49,
      1311.67,
      1348.97,
      1318.82,
      1245.49,
      1304.6999999999998,
      1323.32,
      1327.57,
      1328.1,
      1243.96,
      1305.52,
      1682.12,
      1682.6399999999999,
      1308.04,
      1673.3600000000001,
      1631.28,
      1657.37,
      1633.79,
      1627.88,
      1653.29,
      1600.97,
      1633.26,
      1981.32,
      2018.9099999999999,
      1996.06,
      2008.94,
      2015.41,
      2213.33,
      1937.11,
      2009.13,
      2003.16,
      2033.8899999999999,
      1930.77,
      1681.71,
      1301.1599999999999,
      1691.17,
      1651.52,
      1634.85,
      1677.71,
      1636.75,
      1624.51,
      1278.37,
      1629.61,
      1648.23,
      1301.48,
      1285.6599999999999,
      1335.57,
      1284.81,
      968.78,
      1277.84,
      1294.58,
      1276.06,
      1281.67,
      1269.09,
      1267.6399999999999,
      513.02,
      976.78,
      922.39,
      919.05,
      918.73,
      926.02,
      872.66,
      505.02,
      898.67,
      871.63,
      887.45,
      463.76,
      458.63,
      414.03,
      864.3399999999999
    ],
    "stopping_reason": "time_limit",
    "operations": {
      "candidate_generation": 75469,
      "feasibility_check": 323,
      "weight_evaluation": 323
    }
  }
}