{
  "graph": "graph_n20_d75_adj_matrix",
  "algorithm": "greedy",
  "result": {
    "graph_name": "graph_n20_d75_adj_matrix",
    "algorithm": "greedy",
    "best_weight": 3473.9,
    "best_matching": [
      2,
      26,
      33,
      53,
      57,
      78,
      90,
      102,
      116,
      140
    ],
    "runtime": 2.0000764279993746,
    "candidates": 317,
    "improvements": 3,
    "duplicates": 55593,
    "infeasible": 0,
    "size_history": {
      "10": 52,
      "9": 81,
      "8": 64,
      "7": 32,
      "6": 14,
      "5": 10,
      "4": 23,
      "3": 19,
      "2": 13,
      "1": 9
    },
    "weight_history": [
      3451.43,
      3231.2999999999997,
      3176.61,
      3433.65,
      3410.56,
      3236.64,
      3441.7599999999998,
      3410.13,
      3248.93,
      3401.68,
      3371.0299999999997,
      3237.22,
      3235.96,
      3260.56,
      3059.35,
      3269.7799999999997,
      3154.05,
      3189.84,
      3213.27,
      3220.52,
      3275.3,
      3448.15,
      3012.67,
      2995.68,
      2876.63,
      2981.17,
      3074.04,
      3048.74,
      3021.78,
      3035.14,
      3068.14,
      2905.17,
      3025.0699999999997,
      2780.0299999999997,
      2826.8199999999997,
      2968.94,
      2740.34,
      2777.14,
      2732.99,
      2762.58,
      2802.29,
      2732.97,
      3078.91,
      2744.87,
      3024.85,
      3016.09,
      2998.97,
      3017.89,
      3060.5,
      2748.89,
      3015.86,
      3006.06,
      3076.34,
      3065.43,
      3083.61,
      3287.17,
      3278.98,
      3063.7400000000002,
      3241.37,
      3254.9,
      3264.98,
      3232.9,
      3214.06,
      3430.94,
      3251.69,
      3195.12,
      3261.27,
      3245.58,
      3404.55,
      3286.85,
      3245.2,
      3149.15,
      3252.75,
      3462.86,
      3236.64,
      3264.06,
      3442.5,
      3332.9,
      3194.48,
      3301.27,
      3236.95,
      3173.08,
      3286.2200000000003,
      3207.85,
      3376.77,
      3211.6,
      3222.9,
      3210.49,
      3201.77,
      3309.86,
      3286.6099999999997,
      3254.5499999999997,
      3380.66,
      3216.66,
      3418.87,
      3389.5,
      3374.74,
      3195.19,
      3295.06,
      3447.97,
      3375.53,
      3437.79,
      3281.82,
      3326.86,
      3297.89,
      3427.44,
      3375.17,
      3278.85,
      3473.9,
      3418.6,
      3217.13,
      3171.56,
      3280.93,
      3228.48,
      3060.52,
      3265.86,
      3254.35,
      3256.14,
      3269.4,
      3220.45,
      3230.46,
      3063.22,
      3072.06,
      3042.41,
      3005.69,
      3001.77,
      3240.41,
      3026.73,
      3041.57,
      3048.9,
      2955.27,
      3076.29,
      2784.51,
      2378.31,
      2768.91,
      2756.96,
      2758.42,
      2817.98,
      2729.37,
      2804.77,
      2775.4,
      2754.93,
      2770.82,
      3059.9,
      3030.62,
      2998.5099999999998,
      3045.67,
      3150.15,
      3059.3,
      3057.74,
      3040.59,
      3068.74,
      3018.09,
      3059.7200000000003,
      3203.95,
      3244.7200000000003,
      3259.32,
      3296.98,
      3163.92,
      3246.99,
      3189.86,
      2912.74,
      3215.34,
      3159.93,
      3295.37,
      3359.2599999999998,
      3339.87,
      3261.98,
      3305.8199999999997,
      3230.15,
      3291.95,
      3260.44,
      3413.8,
      3198.93,
      3345.29,
      3326.94,
      3227.0499999999997,
      3181.67,
      3214.81,
      3269.81,
      3099.29,
      3284.2799999999997,
      3199.01,
      3212.27,
      3193.09,
      3192.93,
      3183.84,
      3038.73,
      3044.21,
      2780.2,
      2966.95,
      3068.27,
      3087.75,
      3016.65,
      3016.74,
      3068.56,
      2701.8,
      2988.1,
      3310.06,
      3242.96,
      3163.77,
      3202.18,
      3206.35,
      3247.77,
      3295.14,
      3251.68,
      3241.89,
      3192.78,
      3197.75,
      3009.16,
      3260.84,
      2959.88,
      3036.83,
      2945.04,
      2989.54,
      3035.92,
      3016.1,
      2975.31,
      3014.44,
      3017.73,
      2767.26,
      2763.77,
      2669.39,
      2733.84,
      2417.21,
      2766.56,
      2725.55,
      2723.49,
      2723.65,
      2787.97,
      2779.66,
      2441.97,
      2474.68,
      2442.87,
      2453.27,
      2401.42,
      2508.9,
      2434.63,
      2441.84,
      2453.23,
      2477.16,
      2442.02,
      2080.71,
      2051.46,
      2090.7799999999997,
      1777.02,
      2085.73,
      2065.83,
      2132.89,
      2089.75,
      2137.95,
      2156.81,
      2426.48,
      1771.96,
      1710.99,
      1761.57,
      1743.8899999999999,
      1756.51,
      1726.19,
      1780.8,
      1785.86,
      1736.19,
      1713.1699999999998,
      1731.01,
      1386.74,
      1375.56,
      981.5,
      1308.5,
      1315.77,
      1391.8,
      1377.65,
      1382.71,
      1353.36,
      1705.73,
      1358.42,
      1721.92,
      1717.35,
      1687.67,
      1762.75,
      1680.36,
      2059.47,
      1628.78,
      1704.43,
      1661.42,
      1737.37,
      1738.83,
      1343.36,
      910.53,
      1294.01,
      1347.4099999999999,
      1352.4499999999998,
      1334.31,
      1290.07,
      1336.23,
      1351.27,
      1343.3999999999999,
      1304.07,
      942.17,
      921.31,
      933.0799999999999,
      972.41,
      463.34,
      928.46,
      886.24,
      886.24,
      885.16,
      866.5799999999999,
      948.1199999999999,
      478.83,
      518.16,
      456.28,
      455.2,
      436.96,
      454.25,
      429.96,
      948.1199999999999,
      429.96
    ],
    "stopping_reason": "time_limit",
    "operations": {
      "candidate_generation": 55910,
      "feasibility_check": 317,
      "weight_evaluation": 317
    }
  }
}