{
  "graph": "graph_n16_d75_adj_matrix",
  "algorithm": "greedy",
  "result": {
    "graph_name": "graph_n16_d75_adj_matrix",
    "algorithm": "greedy",
    "best_weight": 3226.11,
    "best_matching": [
      9,
      21,
      29,
      35,
      42,
      63,
      81,
      87
    ],
    "runtime": 2.000068135001129,
    "candidates": 334,
    "improvements": 5,
    "duplicates": 83151,
    "infeasible": 0,
    "size_history": {
      "8": 79,
      "7": 52,
      "6": 44,
      "5": 66,
      "4": 42,
      "3": 32,
      "2": 17,
      "1": 2
    },
    "weight_history": [
      3128.21,
      3140.5,
      3213.06,
      3081.29,
      3176.2,
      3200.05,
      3100.53,
      3039.36,
      3127.4900000000002,
      2961.69,
      3132.48,
      3016.2,
      2960.23,
      3203.35,
      2911.91,
      2966.79,
      3037.7000000000003,
      3132.4900000000002,
      3177.73,
      3081.27,
      3153.85,
      2986.81,
      3087.52,
      3000.76,
      3073.28,
      2985.35,
      3079.5099999999998,
      2960.85,
      2967.86,
      3016.18,
      3009.89,
      2996.98,
      3143.7,
      2912.5299999999997,
      2959.91,
      3116.99,
      3076.32,
      3138.05,
      3092.52,
      3206.58,
      3119.48,
      2967.88,
      2993.6,
      3131.46,
      3031.67,
      3031.69,
      2927.92,
      3096.78,
      3022.1,
      3079.89,
      2989.38,
      2947.18,
      3110.26,
      3012.09,
      2983.89,
      2975.76,
      2770.42,
      3026.35,
      2993.64,
      2980.15,
      2974.05,
      2978.37,
      2936.56,
      2757.41,
      2991.25,
      2999.39,
      3197.26,
      2992.83,
      2901.38,
      3155.03,
      3006.65,
      3129.41,
      3163.19,
      3029.61,
      2997.73,
      3126.26,
      2886.71,
      3171.04,
      3077.25,
      2996.6,
      2978.8,
      2913.37,
      3158.26,
      2930.17,
      3025.38,
      3136.46,
      2764.85,
      2885.26,
      3144.4700000000003,
      3056.43,
      3094.28,
      2833.46,
      3086.27,
      2953.78,
      2887.06,
      3169.34,
      3091.81,
      3113.25,
      2986.38,
      2935.5699999999997,
      2687.03,
      2934.17,
      2999.38,
      2764.77,
      3085.26,
      2879.6,
      2949.41,
      3119.28,
      2948.2799999999997,
      3088.77,
      3222.88,
      2850.93,
      3043.51,
      3028.0,
      3226.11,
      3184.25,
      2952.44,
      2754.01,
      2998.77,
      2984.3,
      3209.87,
      2991.38,
      2959.86,
      2863.73,
      3027.71,
      3030.5,
      2781.21,
      2927.44,
      2947.44,
      2723.77,
      2955.29,
      2995.64,
      2715.9,
      2479.69,
      2730.9300000000003,
      2768.2,
      2562.25,
      2776.9700000000003,
      2750.85,
      2717.61,
      2481.91,
      2678.41,
      2737.84,
      2433.4900000000002,
      2492.7000000000003,
      2390.88,
      2372.9300000000003,
      2000.4,
      2389.9,
      2398.55,
      2442.22,
      2375.39,
      2399.54,
      2393.77,
      1632.56,
      2035.3400000000001,
      2070.4,
      2072.6400000000003,
      2057.39,
      2059.63,
      2054.86,
      1615.2800000000002,
      2006.54,
      2061.85,
      2044.07,
      2344.34,
      2386.25,
      2468.9,
      2030.71,
      2457.76,
      2387.71,
      2417.73,
      2338.4,
      2403.31,
      2444.75,
      2327.07,
      2730.73,
      2786.9,
      2813.83,
      2655.2400000000002,
      2763.96,
      2773.2000000000003,
      2722.0,
      2719.67,
      2760.19,
      2682.61,
      2754.62,
      2314.25,
      2428.52,
      2322.9,
      2366.73,
      2361.88,
      2415.51,
      2352.96,
      2457.71,
      2339.39,
      2371.2200000000003,
      2421.09,
      2019.92,
      2048.84,
      2022.45,
      2037.7,
      2013.43,
      1615.4,
      2024.69,
      1918.1200000000001,
      1982.3899999999999,
      1993.72,
      2035.46,
      1650.3400000000001,
      1161.0500000000002,
      1637.33,
      1547.27,
      1581.1100000000001,
      1597.62,
      1602.3899999999999,
      1555.83,
      1126.1100000000001,
      1549.3,
      1584.24,
      1995.75,
      1995.77,
      1978.49,
      2006.22,
      2358.11,
      1963.73,
      2046.2,
      1997.3200000000002,
      2000.7,
      1994.75,
      2003.41,
      2613.12,
      2368.19,
      2341.58,
      2351.2200000000003,
      2393.9,
      2334.56,
      2448.98,
      2691.64,
      2423.0,
      2369.31,
      2364.6,
      2802.39,
      2605.58,
      2738.58,
      2691.82,
      2717.76,
      2737.4900000000002,
      2713.9900000000002,
      2656.7,
      2659.73,
      2596.55,
      2337.93,
      2325.64,
      2403.48,
      2388.75,
      2408.08,
      2406.53,
      2334.37,
      2379.11,
      2388.42,
      2352.42,
      2304.1,
      2375.99,
      2732.39,
      2800.82,
      2800.2400000000002,
      2670.32,
      2767.68,
      2701.13,
      2684.07,
      2733.1,
      2630.09,
      3031.35,
      2754.82,
      2393.58,
      2356.4700000000003,
      2354.99,
      2324.61,
      2380.57,
      1993.98,
      2404.72,
      2417.32,
      2379.16,
      2414.04,
      2315.84,
      1993.21,
      1473.91,
      1948.13,
      2011.26,
      1981.01,
      2028.92,
      1950.0500000000002,
      1999.66,
      2408.63,
      1992.62,
      1985.78,
      1574.69,
      1548.41,
      1539.75,
      1520.8899999999999,
      1039.79,
      1539.33,
      1583.3500000000001,
      1580.3400000000001,
      1572.56,
      1529.19,
      1529.99,
      616.6,
      1092.88,
      1105.89,
      1084.3200000000002,
      1097.46,
      1062.52,
      1088.1100000000001,
      553.01,
      1075.76,
      1030.24,
      1049.38,
      1538.5500000000002,
      1546.17,
      1522.21,
      1951.49,
      1495.8200000000002,
      1552.3400000000001,
      1498.06,
      1508.97,
      1503.6100000000001,
      1486.24,
      1063.05,
      1019.6800000000001,
      1070.83,
      1011.38,
      1012.1700000000001
    ],
    "stopping_reason": "time_limit",
    "operations": {
      "candidate_generation": 83485,
      "feasibility_check": 334,
      "weight_evaluation": 334
    }
  }
}