{
  "graph": "graph_n13_d25_adj_matrix",
  "algorithm": "random",
  "result": {
    "graph_name": "graph_n13_d25_adj_matrix",
    "algorithm": "random",
    "best_weight": 1897.91,
    "best_matching": [
      2,
      4,
      5,
      8,
      14,
      17
    ],
    "runtime": 2.0000460840001324,
    "candidates": 368,
    "improvements": 9,
    "duplicates": 258374,
    "infeasible": 0,
    "size_history": {
      "4": 132,
      "5": 86,
      "6": 5,
      "3": 81,
      "2": 45,
      "1": 19
    },
    "weight_history": [
      1142.56,
      1431.52,
      1005.58,
      1512.47,
      1263.8600000000001,
      1250.48,
      1408.56,
      1451.41,
      1405.56,
      941.76,
      657.79,
      1437.48,
      1280.97,
      1098.16,
      1117.9,
      1293.14,
      1294.11,
      1111.3,
      1106.2,
      1574.82,
      958.83,
      1128.8700000000001,
      1010.99,
      1533.84,
      1449.65,
      982.47,
      1078.64,
      1356.2,
      1552.7,
      1637.56,
      1386.91,
      1117.1,
      1443.53,
      1488.78,
      1058.96,
      1425.85,
      1471.89,
      1481.05,
      1524.18,
      1010.8,
      1055.86,
      977.0600000000001,
      1739.6399999999999,
      1126.68,
      1180.06,
      1127.1100000000001,
      1319.49,
      1562.8600000000001,
      1513.97,
      1240.32,
      1392.42,
      1469.1,
      1064.3700000000001,
      1285.38,
      1011.78,
      962.33,
      717.12,
      1295.3,
      1363.5,
      849.4000000000001,
      910.36,
      792.8,
      1411.97,
      575.7,
      977.1700000000001,
      1166.29,
      707.46,
      1154.57,
      1025.56,
      397.19,
      790.5,
      700.69,
      1007.8800000000001,
      813.49,
      830.14,
      682.57,
      1090.07,
      609.13,
      486.08000000000004,
      800.08,
      685.31,
      379.03,
      348.53,
      903.52,
      749.95,
      401.33000000000004,
      456.53,
      560.06,
      971.76,
      950.83,
      524.5,
      534.74,
      940.46,
      787.39,
      839.38,
      882.6500000000001,
      820.84,
      996.3,
      614.8,
      594.52,
      1262.71,
      744.1700000000001,
      720.53,
      823.3,
      753.6600000000001,
      669.39,
      803.77,
      888.81,
      783.66,
      1324.56,
      970.6,
      1375.33,
      972.26,
      967.19,
      1332.08,
      1757.18,
      1298.24,
      1077.68,
      1244.56,
      1243.6100000000001,
      1592.5,
      1302.8,
      1123.46,
      1059.94,
      773.48,
      921.07,
      1314.22,
      945.76,
      955.1800000000001,
      1023.38,
      890.57,
      1218.21,
      1264.0900000000001,
      743.37,
      990.13,
      1795.83,
      1307.54,
      1639.32,
      1450.62,
      1189.13,
      1486.11,
      1351.9,
      1487.77,
      1367.02,
      1069.24,
      1228.07,
      1345.3799999999999,
      1081.19,
      1139.03,
      1273.1299999999999,
      1217.65,
      1360.61,
      1336.52,
      907.69,
      1356.01,
      1309.49,
      1420.94,
      802.32,
      1750.77,
      1123.7,
      1607.92,
      1404.5900000000001,
      1466.0,
      1659.61,
      1533.6,
      1152.41,
      773.04,
      1025.69,
      1003.37,
      751.83,
      746.94,
      1154.12,
      1075.97,
      1131.41,
      1187.55,
      890.36,
      934.05,
      885.4,
      847.04,
      1062.02,
      903.5,
      989.77,
      615.36,
      782.19,
      449.99,
      716.88,
      407.58,
      1234.19,
      1042.67,
      676.92,
      1053.79,
      1301.6499999999999,
      985.95,
      994.49,
      918.88,
      1432.18,
      1154.81,
      698.31,
      505.07,
      1142.0900000000001,
      558.61,
      1076.92,
      807.9100000000001,
      719.15,
      630.08,
      1077.32,
      681.16,
      683.64,
      590.34,
      986.72,
      560.61,
      814.0,
      878.8,
      902.63,
      1025.79,
      974.28,
      1169.53,
      1236.6,
      732.3,
      1002.02,
      1598.91,
      1072.04,
      959.63,
      1377.33,
      1467.19,
      1194.52,
      1456.51,
      1572.9099999999999,
      1501.34,
      1329.5,
      1441.05,
      1178.76,
      1280.21,
      1230.8,
      954.22,
      755.36,
      803.19,
      1393.11,
      956.22,
      1348.05,
      1020.49,
      833.74,
      715.69,
      738.76,
      1193.22,
      747.28,
      788.6,
      918.51,
      1034.95,
      744.14,
      864.85,
      695.51,
      1102.88,
      1295.54,
      1308.92,
      722.29,
      1347.86,
      1392.87,
      826.07,
      921.5699999999999,
      1218.05,
      1328.37,
      1007.6700000000001,
      774.6700000000001,
      1329.6,
      1449.47,
      688.29,
      899.35,
      1146.79,
      1192.52,
      1076.28,
      1082.05,
      1161.22,
      1897.91,
      896.09,
      913.77,
      1057.2,
      1148.4,
      1401.07,
      940.17,
      1590.2,
      1149.27,
      1031.1,
      1187.73,
      1446.9,
      1382.4,
      1199.1799999999998,
      777.4100000000001,
      1054.8400000000001,
      1422.13,
      1276.7,
      1248.71,
      1162.77,
      1092.06,
      792.61,
      1208.6,
      1354.2,
      611.1,
      508.64,
      852.14,
      1128.72,
      895.11,
      970.1999999999999,
      721.9,
      694.83,
      1044.25,
      960.9599999999999,
      800.74,
      325.1,
      757.6700000000001,
      829.47,
      777.78,
      527.2,
      742.77,
      569.61,
      364.31,
      521.09,
      613.8,
      489.45000000000005,
      914.11,
      1183.83,
      770.24,
      402.65,
      664.33,
      1222.77,
      703.1700000000001,
      663.25,
      1072.38,
      630.1800000000001,
      792.0,
      631.58,
      816.72,
      582.5,
      469.24,
      140.76,
      903.79,
      309.26,
      391.78,
      352.81,
      215.49,
      444.27,
      92.1,
      218.19,
      164.35,
      395.61,
      140.73,
      251.05,
      309.01,
      238.3,
      539.48,
      289.7,
      260.6,
      531.14,
      654.01,
      839.02,
      475.84000000000003,
      446.1,
      578.42,
      633.9100000000001,
      456.40999999999997,
      634.11,
      507.89,
      459.98,
      166.83,
      212.08,
      319.25,
      48.66,
      207.8
    ],
    "stopping_reason": "time_limit",
    "operations": {
      "candidate_generation": 258742,
      "feasibility_check": 368,
      "weight_evaluation": 368
    }
  }
}