{
  "graph": "graph_n6_d75_adj_matrix",
  "algorithm": "random",
  "result": {
    "graph_name": "graph_n6_d75_adj_matrix",
    "algorithm": "random",
    "best_weight": 1179.1399999999999,
    "best_matching": [
      0,
      3,
      10
    ],
    "runtime": 2.000019606999558,
    "candidates": 26,
    "improvements": 5,
    "duplicates": 281891,
    "infeasible": 0,
    "size_history": {
      "2": 20,
      "1": 2,
      "3": 4
    },
    "weight_history": [
      493.81,
      722.3299999999999,
      770.87,
      394.91999999999996,
      493.69,
      544.3199999999999,
      671.8199999999999,
      408.27,
      536.34,
      421.78,
      801.03,
      573.63,
      625.53,
      417.56,
      561.48,
      557.74,
      786.38,
      409.89,
      550.75,
      360.5,
      623.02,
      180.87,
      715.97,
      1179.1399999999999,
      959.02,
      723.95
    ],
    "stopping_reason": "time_limit",
    "operations": {
      "candidate_generation": 281917,
      "feasibility_check": 26,
      "weight_evaluation": 26
    }
  }
}