{
  "graph": "graph_n13_d25_adj_matrix",
  "algorithm": "random",
  "result": {
    "graph_name": "graph_n13_d25_adj_matrix",
    "algorithm": "random",
    "best_weight": 1757.18,
    "best_matching": [
      4,
      5,
      8,
      14,
      17
    ],
    "runtime": 2.000030297000194,
    "candidates": 84,
    "improvements": 5,
    "duplicates": 251991,
    "infeasible": 0,
    "size_history": {
      "5": 9,
      "4": 24,
      "3": 22,
      "2": 10,
      "1": 19
    },
    "weight_history": [
      1126.68,
      895.11,
      1280.97,
      1194.52,
      802.32,
      1377.33,
      1123.7,
      1456.51,
      1386.91,
      1757.18,
      1106.2,
      938.99,
      856.57,
      1262.71,
      1064.3700000000001,
      1148.6100000000001,
      1059.94,
      871.0500000000001,
      1246.18,
      1053.79,
      675.47,
      732.3,
      651.27,
      669.39,
      348.56,
      1003.37,
      767.76,
      1232.4299999999998,
      807.9100000000001,
      494.75,
      453.79,
      864.85,
      839.38,
      1280.21,
      1367.02,
      590.34,
      1217.41,
      1090.44,
      996.4000000000001,
      1073.17,
      1123.3600000000001,
      956.22,
      783.66,
      1124.28,
      728.89,
      885.98,
      979.11,
      996.3,
      814.69,
      1078.64,
      460.01,
      1034.95,
      778.25,
      971.76,
      1142.0900000000001,
      486.08000000000004,
      164.35,
      563.4000000000001,
      547.31,
      468.40000000000003,
      536.34,
      550.3,
      405.13,
      745.25,
      903.52,
      839.02,
      207.8,
      238.3,
      251.05,
      309.01,
      48.66,
      212.08,
      260.6,
      92.1,
      578.42,
      218.19,
      395.61,
      319.25,
      140.73,
      539.48,
      325.1,
      364.31,
      289.7,
      166.83
    ],
    "stopping_reason": "time_limit",
    "operations": {
      "candidate_generation": 252075,
      "feasibility_check": 84,
      "weight_evaluation": 84
    }
  }
}