{
  "random": {
    "mean_weight": 1630.8533333333335,
    "std_weight": 190.29504133202096,
    "min_weight": 1362.46,
    "max_weight": 1782.14,
    "absolute_gap": 151.28666666666663,
    "relative_gap": 0.08489045005816974,
    "approximation_ratio": 0.9151095499418302
  },
  "greedy": {
    "mean_weight": 1614.5733333333333,
    "std_weight": 118.48752630082588,
    "min_weight": 1530.79,
    "max_weight": 1782.14,
    "absolute_gap": 167.56666666666683,
    "relative_gap": 0.09402553484387692,
    "approximation_ratio": 0.9059744651561231
  },
  "local": {
    "mean_weight": 1782.14,
    "std_weight": 0.0,
    "min_weight": 1782.14,
    "max_weight": 1782.14,
    "absolute_gap": 0.0,
    "relative_gap": 0.0,
    "approximation_ratio": 1.0
  }
}