{
  "graph": "graph_n18_d75_adj_matrix",
  "algorithm": "greedy",
  "result": {
    "graph_name": "graph_n18_d75_adj_matrix",
    "algorithm": "greedy",
    "best_weight": 3410.2,
    "best_matching": [
      7,
      13,
      31,
      46,
      61,
      82,
      87,
      95,
      110
    ],
    "runtime": 0.6931681569985813,
    "candidates": 400,
    "improvements": 4,
    "duplicates": 19207,
    "infeasible": 0,
    "size_history": {
      "9": 54,
      "8": 315,
      "7": 28,
      "6": 3
    },
    "weight_history": [
      3263.82,
      3125.34,
      3124.12,
      3178.28,
      3075.1,
      3230.33,
      3210.24,
      3074.65,
      3137.01,
      3208.78,
      3126.15,
      3080.51,
      3121.34,
      3136.56,
      3139.87,
      3071.1,
      3105.62,
      3105.6,
      3242.64,
      3124.4,
      3163.77,
      3263.1800000000003,
      3088.38,
      3238.49,
      2945.53,
      3211.05,
      3174.79,
      3160.0,
      3256.86,
      3143.37,
      3104.98,
      3143.07,
      3154.62,
      3186.36,
      3250.44,
      3151.8,
      3107.86,
      3131.7799999999997,
      3198.31,
      3073.43,
      3139.42,
      3221.0,
      3187.64,
      3175.4700000000003,
      3156.65,
      3194.04,
      3122.15,
      3105.15,
      3194.4900000000002,
      3114.32,
      3174.41,
      3197.95,
      3047.64,
      3264.27,
      3081.16,
      2994.2200000000003,
      3229.88,
      3132.21,
      3137.19,
      3025.5099999999998,
      3390.11,
      3049.7,
      2997.4,
      3173.95,
      2918.77,
      3097.69,
      3202.12,
      3078.0,
      3048.62,
      3157.69,
      3174.34,
      3155.36,
      3051.48,
      3166.92,
      3168.65,
      3184.34,
      3185.55,
      3189.7,
      3135.36,
      3051.76,
      3048.45,
      3219.05,
      3204.74,
      3132.23,
      3021.5099999999998,
      3155.84,
      3190.51,
      3232.88,
      3166.56,
      3121.82,
      3011.89,
      3157.92,
      3025.87,
      3168.87,
      3209.97,
      3070.65,
      3008.13,
      3246.83,
      3089.19,
      3138.43,
      3089.87,
      3179.93,
      3126.05,
      2995.44,
      3168.06,
      3233.32,
      3108.34,
      3142.36,
      3257.22,
      3139.39,
      3074.5699999999997,
      3066.04,
      3117.82,
      3061.22,
      3061.98,
      3176.74,
      3024.57,
      2985.89,
      3023.93,
      3152.61,
      3108.0299999999997,
      3054.82,
      3155.77,
      3180.38,
      3179.87,
      3208.26,
      3173.96,
      3072.05,
      3038.14,
      3019.83,
      3147.0,
      2990.52,
      3050.86,
      3036.58,
      3036.33,
      2908.36,
      3134.82,
      3027.73,
      3299.77,
      3061.48,
      3266.2400000000002,
      3139.46,
      3159.55,
      3079.59,
      3198.78,
      3332.79,
      3110.43,
      3159.9300000000003,
      2946.32,
      2913.2,
      3196.31,
      3117.37,
      3213.92,
      3156.13,
      3011.53,
      3410.2,
      3309.35,
      3109.62,
      3130.07,
      2894.14,
      2996.25,
      3111.68,
      3189.12,
      2947.81,
      3170.33,
      2999.81,
      2948.17,
      3255.75,
      2956.0,
      3044.67,
      3153.98,
      3388.33,
      3097.24,
      3194.39,
      3125.6,
      3063.63,
      2996.95,
      3143.02,
      3159.78,
      3010.5299999999997,
      3073.73,
      3071.16,
      3209.49,
      3212.35,
      3125.69,
      3090.23,
      3139.0099999999998,
      3213.87,
      3196.59,
      3174.92,
      3276.64,
      3228.87,
      2941.9700000000003,
      3210.18,
      3388.54,
      3078.14,
      3080.85,
      3144.18,
      3078.95,
      3142.57,
      3181.58,
      3096.8,
      3214.32,
      2979.83,
      3198.94,
      3142.26,
      3050.67,
      2886.77,
      3148.37,
      3039.77,
      3138.02,
      3356.94,
      3163.58,
      3091.21,
      3277.09,
      3209.52,
      2986.27,
      3126.4700000000003,
      3105.79,
      3052.57,
      3127.38,
      3109.24,
      2969.82,
      3116.65,
      3044.92,
      3165.95,
      3024.98,
      2895.63,
      3117.96,
      3127.83,
      3213.47,
      3028.98,
      3105.17,
      3238.69,
      3162.56,
      3048.38,
      3196.14,
      3200.55,
      3019.47,
      3073.2799999999997,
      2926.41,
      3096.54,
      2890.44,
      3353.96,
      3037.81,
      3172.26,
      3169.68,
      3180.85,
      3238.24,
      2883.08,
      3054.67,
      3116.2,
      3151.9300000000003,
      3089.69,
      3180.98,
      2929.14,
      3065.06,
      3094.86,
      3214.2,
      3060.38,
      3207.85,
      3218.38,
      3227.96,
      3095.31,
      2925.87,
      3007.44,
      3008.25,
      2879.5,
      2929.7400000000002,
      2967.6,
      2968.05,
      3023.82,
      3036.11,
      2698.29,
      2945.06,
      3168.58,
      3115.13,
      3161.91,
      2904.95,
      3163.2,
      2957.2,
      3118.2999999999997,
      3021.87,
      3049.69,
      3021.95,
      3007.29,
      2948.38,
      2660.3,
      2921.38,
      3014.31,
      2947.21,
      2945.12,
      2907.61,
      3089.05,
      3005.7400000000002,
      2923.11,
      3068.51,
      3108.48,
      3054.74,
      3131.51,
      3057.64,
      2993.93,
      3197.79,
      3090.14,
      3175.83,
      3117.39,
      3090.87,
      3165.44,
      3220.73,
      3018.8,
      2959.39,
      3321.75,
      3214.84,
      3113.35,
      3110.21,
      3166.25,
      3073.32,
      2882.29,
      3121.01,
      3084.67,
      3035.0099999999998,
      2988.55,
      3054.21,
      3197.24,
      3171.74,
      3223.18,
      3119.79,
      3180.6,
      3199.57,
      3075.7799999999997,
      3325.75,
      3191.79,
      3182.08,
      3193.56,
      3017.39,
      3162.71,
      3072.46,
      3130.43,
      3358.37,
      3169.88,
      3272.83,
      3227.41,
      3069.55,
      3216.43,
      2956.27,
      3088.7,
      3075.73,
      3103.93,
      3232.87,
      3042.34,
      3016.46,
      3336.05,
      3004.99,
      3190.52,
      2990.18,
      3001.52,
      3247.64,
      3131.21,
      3005.15,
      3050.5099999999998,
      3169.32,
      3314.28,
      3136.9700000000003,
      3216.26,
      3034.99,
      3024.58,
      3199.49,
      3164.13,
      3261.68,
      3176.7,
      3037.69,
      3171.29,
      3130.67,
      3095.89,
      2917.62,
      3087.84,
      3174.98,
      2972.0099999999998,
      3058.75,
      3147.8199999999997,
      2994.2200000000003,
      3087.36,
      2986.36,
      2922.41,
      3198.49,
      2961.11,
      3193.14,
      3147.92,
      3019.61,
      3196.67,
      2890.92,
      3102.5099999999998,
      3001.34,
      3213.75,
      2964.25,
      3116.94,
      3011.42,
      3024.18,
      2942.81,
      2651.39
    ],
    "stopping_reason": "max_candidates",
    "operations": {
      "candidate_generation": 19607,
      "feasibility_check": 400,
      "weight_evaluation": 400
    }
  }
}