{
  "graph": "graph_n11_d50_adj_matrix",
  "algorithm": "random",
  "result": {
    "graph_name": "graph_n11_d50_adj_matrix",
    "algorithm": "random",
    "best_weight": 1602.76,
    "best_matching": [
      0,
      7,
      18,
      19,
      24
    ],
    "runtime": 0.0059481400003278395,
    "candidates": 400,
    "improvements": 5,
    "duplicates": 69,
    "infeasible": 0,
    "size_history": {
      "5": 83,
      "4": 126,
      "3": 101,
      "2": 70,
      "1": 20
    },
    "weight_history": [
      1101.1599999999999,
      1317.3899999999999,
      1086.3,
      551.4300000000001,
      1030.51,
      943.1,
      1000.35,
      1172.03,
      1570.3799999999999,
      1351.72,
      1325.11,
      932.33,
      935.2,
      851.92,
      1534.33,
      671.55,
      804.94,
      940.46,
      1379.74,
      902.18,
      901.37,
      636.59,
      1496.1,
      1038.13,
      883.54,
      1139.9,
      1332.2,
      793.26,
      1290.85,
      688.82,
      1045.02,
      1426.81,
      991.89,
      777.41,
      1431.62,
      1542.78,
      1270.54,
      679.8,
      1018.53,
      980.97,
      1448.99,
      894.15,
      1503.25,
      1391.81,
      915.38,
      1324.31,
      626.5,
      1160.5,
      1023.09,
      1268.81,
      1355.3899999999999,
      984.58,
      373.42,
      806.51,
      879.22,
      1203.6799999999998,
      1040.65,
      1208.19,
      1447.23,
      868.35,
      1452.6200000000001,
      908.48,
      956.73,
      1400.2,
      824.4200000000001,
      1478.59,
      1282.86,
      876.35,
      1436.62,
      761.15,
      892.22,
      1453.69,
      1595.75,
      1081.72,
      1327.41,
      1293.3,
      1247.21,
      899.51,
      1129.48,
      902.9599999999999,
      1549.66,
      1110.3799999999999,
      1366.18,
      811.74,
      1320.98,
      933.0699999999999,
      1240.02,
      1520.41,
      1510.3999999999999,
      861.71,
      925.18,
      1117.1100000000001,
      1589.98,
      896.18,
      1460.9099999999999,
      1335.1,
      1096.62,
      1279.46,
      903.21,
      729.93,
      1321.99,
      1350.49,
      1124.48,
      469.76,
      822.39,
      842.88,
      995.39,
      1028.99,
      1130.73,
      1252.51,
      692.79,
      655.87,
      628.3299999999999,
      533.26,
      928.9,
      1036.32,
      1059.02,
      606.78,
      587.46,
      452.52,
      577.74,
      1106.78,
      574.86,
      653.86,
      361.6,
      686.23,
      820.8199999999999,
      763.11,
      1365.66,
      1290.5,
      1228.94,
      796.45,
      712.03,
      422.45000000000005,
      1031.77,
      510.13,
      495.38,
      710.22,
      479.89,
      1028.3600000000001,
      761.8399999999999,
      823.6899999999999,
      1163.28,
      1353.48,
      671.27,
      1298.16,
      996.6099999999999,
      840.8199999999999,
      663.49,
      1141.45,
      838.17,
      925.35,
      1170.93,
      791.56,
      1263.79,
      867.54,
      1602.76,
      1497.9,
      1396.08,
      489.67,
      1012.99,
      1182.22,
      1218.6399999999999,
      1401.45,
      777.0,
      1074.42,
      878.12,
      902.64,
      1096.91,
      1010.85,
      774.1899999999999,
      882.32,
      1324.44,
      841.48,
      619.12,
      1021.06,
      420.35,
      889.8399999999999,
      928.6899999999999,
      864.0,
      808.96,
      610.02,
      932.1500000000001,
      493.57000000000005,
      648.6999999999999,
      1014.4,
      708.2,
      333.26,
      387.07,
      655.01,
      650.65,
      176.97,
      581.3,
      616.61,
      181.92000000000002,
      270.62,
      186.43,
      250.41000000000003,
      1003.91,
      468.77,
      889.47,
      797.11,
      804.64,
      757.16,
      905.93,
      537.09,
      1037.46,
      408.26,
      352.8,
      489.78,
      205.3,
      493.07,
      502.9,
      168.37,
      591.0699999999999,
      710.4,
      549.79,
      909.01,
      585.41,
      592.09,
      569.6700000000001,
      458.40999999999997,
      1256.95,
      1014.7,
      592.53,
      815.55,
      993.17,
      797.83,
      1100.2,
      520.14,
      694.87,
      1262.56,
      1293.62,
      1183.6,
      597.5,
      1190.9,
      693.87,
      1368.58,
      1578.43,
      661.4,
      1078.01,
      1148.56,
      812.14,
      672.59,
      1037.31,
      1124.87,
      836.38,
      1459.63,
      830.8,
      1261.0,
      1171.18,
      963.13,
      999.4799999999999,
      1205.3799999999999,
      879.42,
      985.89,
      656.51,
      939.76,
      1465.12,
      907.86,
      1188.69,
      891.28,
      864.86,
      854.09,
      942.17,
      1015.66,
      1389.1299999999999,
      1310.91,
      690.6,
      925.26,
      1306.97,
      1298.98,
      692.63,
      786.27,
      1164.78,
      1039.06,
      747.05,
      662.3,
      1223.27,
      890.12,
      1198.35,
      1035.65,
      1012.66,
      953.56,
      917.97,
      817.13,
      960.8100000000001,
      944.14,
      749.21,
      871.01,
      569.28,
      770.21,
      553.31,
      724.65,
      988.99,
      897.64,
      572.47,
      561.56,
      605.8199999999999,
      766.72,
      117.45,
      412.4,
      584.9399999999999,
      509.70000000000005,
      728.8599999999999,
      367.17,
      224.73,
      632.2,
      994.96,
      599.58,
      556.06,
      975.64,
      495.76,
      388.05,
      519.99,
      702.23,
      936.64,
      991.52,
      638.85,
      357.69,
      307.14,
      524.74,
      396.56,
      642.6600000000001,
      560.62,
      722.5799999999999,
      292.39,
      287.61,
      193.60000000000002,
      429.91,
      401.75,
      716.25,
      518.91,
      745.48,
      972.4,
      825.89,
      352.52,
      727.03,
      1002.26,
      597.73,
      356.92,
      485.47999999999996,
      415.58000000000004,
      70.46,
      605.75,
      225.61,
      381.68,
      489.63,
      467.02,
      300.13,
      524.15,
      837.63,
      562.74,
      927.88,
      620.98,
      792.25,
      372.22,
      685.64,
      777.24,
      844.6700000000001,
      803.62,
      659.17,
      750.52,
      725.99,
      736.41,
      375.22,
      451.84999999999997,
      826.47,
      572.35,
      400.92999999999995,
      165.29,
      195.53,
      341.88,
      304.24,
      460.44,
      385.77,
      195.25,
      30.36,
      412.15,
      415.02,
      313.84,
      87.09,
      175.79,
      336.81,
      106.51,
      1219.8600000000001,
      336.01,
      578.24,
      591.81,
      639.37,
      244.14999999999998,
      240.38,
      490.8,
      601.45,
      361.62,
      572.2,
      419.32,
      137.64,
      94.83,
      406.48
    ],
    "stopping_reason": "max_candidates",
    "operations": {
      "candidate_generation": 469,
      "feasibility_check": 400,
      "weight_evaluation": 400
    }
  }
}