{
  "graph": "graph_n15_d75_adj_matrix",
  "algorithm": "random",
  "result": {
    "graph_name": "graph_n15_d75_adj_matrix",
    "algorithm": "random",
    "best_weight": 2540.9900000000002,
    "best_matching": [
      6,
      14,
      30,
      41,
      49,
      54,
      64
    ],
    "runtime": 2.0000366950007447,
    "candidates": 234,
    "improvements": 4,
    "duplicates": 107492,
    "infeasible": 0,
    "size_history": {
      "7": 42,
      "6": 14,
      "5": 10,
      "4": 14,
      "3": 30,
      "2": 46,
      "1": 78
    },
    "weight_history": [
      2004.96,
      2460.95,
      1751.3100000000002,
      1958.31,
      2113.56,
      2260.61,
      2135.39,
      1822.6299999999999,
      2267.67,
      1670.51,
      2039.0500000000002,
      2356.08,
      2430.39,
      2105.46,
      2027.21,
      1995.53,
      1839.96,
      1801.46,
      1553.75,
      2113.86,
      2434.35,
      2475.99,
      2277.9300000000003,
      1735.63,
      2215.05,
      2208.99,
      1820.3,
      1917.59,
      1868.64,
      2422.35,
      2209.25,
      1814.08,
      2056.34,
      2001.8400000000001,
      2382.27,
      1700.72,
      2540.9900000000002,
      1698.83,
      1480.44,
      1517.52,
      2214.06,
      2028.71,
      2044.71,
      2093.71,
      1240.54,
      1963.4099999999999,
      2379.42,
      1858.3400000000001,
      2152.27,
      2208.42,
      1618.46,
      1622.93,
      1989.0900000000001,
      1870.8700000000001,
      1461.21,
      1675.82,
      2417.42,
      1711.0,
      1467.77,
      1206.22,
      1409.19,
      1735.53,
      1557.49,
      1519.77,
      1345.25,
      1126.12,
      1255.0,
      1013.53,
      1395.35,
      1391.52,
      947.73,
      1120.39,
      1241.8,
      1770.3600000000001,
      1553.53,
      1097.55,
      1094.87,
      346.88,
      622.05,
      719.47,
      565.71,
      782.84,
      962.18,
      935.1,
      1528.22,
      864.13,
      604.73,
      779.76,
      801.97,
      658.6,
      775.9200000000001,
      633.86,
      698.51,
      763.1400000000001,
      652.72,
      514.52,
      712.47,
      544.3,
      274.59,
      308.87,
      166.94,
      322.69,
      371.47,
      110.37,
      281.49,
      530.77,
      228.18,
      388.21,
      455.69,
      60.42,
      411.14,
      220.06,
      231.72,
      28.84,
      559.73,
      141.15,
      234.18,
      57.31,
      102.96,
      239.01,
      175.17,
      302.04,
      525.53,
      178.76,
      263.05,
      408.9,
      314.16,
      462.47,
      119.62,
      476.47,
      368.88,
      265.0,
      245.73,
      743.56,
      381.27,
      352.77,
      110.79,
      349.76,
      57.56,
      127.02,
      445.38,
      522.04,
      258.5,
      199.06,
      355.35,
      300.67,
      377.72,
      511.57,
      399.96,
      66.12,
      378.76,
      349.73,
      391.62,
      320.23,
      140.55,
      418.04,
      364.91,
      484.48,
      440.99,
      403.75,
      436.74,
      113.15,
      242.24,
      218.83,
      230.05,
      351.57,
      330.68,
      107.9,
      653.21,
      216.09,
      500.25,
      437.14,
      403.45,
      286.34,
      194.55,
      60.54,
      712.6600000000001,
      393.75,
      717.9100000000001,
      694.8,
      484.03999999999996,
      623.51,
      1137.23,
      825.73,
      667.19,
      602.04,
      409.13,
      903.1,
      970.77,
      1184.27,
      1066.21,
      886.01,
      1242.73,
      753.59,
      911.3,
      612.71,
      1166.83,
      1029.6100000000001,
      714.53,
      452.74,
      786.16,
      236.32,
      114.87,
      338.55,
      638.97,
      433.78000000000003,
      918.1600000000001,
      763.6800000000001,
      603.49,
      1114.55,
      1401.05,
      1005.42,
      649.74,
      640.35,
      927.55,
      778.96,
      733.33,
      628.96,
      1189.74,
      854.7,
      739.1800000000001,
      334.68,
      449.71,
      653.3499999999999,
      1046.31,
      484.74,
      617.02,
      618.79,
      501.45,
      876.4300000000001,
      516.6,
      482.42,
      152.07,
      339.73
    ],
    "stopping_reason": "time_limit",
    "operations": {
      "candidate_generation": 107726,
      "feasibility_check": 234,
      "weight_evaluation": 234
    }
  }
}