{
  "graph": "graph_n19_d50_adj_matrix",
  "algorithm": "random",
  "result": {
    "graph_name": "graph_n19_d50_adj_matrix",
    "algorithm": "random",
    "best_weight": 2787.33,
    "best_matching": [
      3,
      16,
      21,
      33,
      44,
      60,
      68,
      70,
      77
    ],
    "runtime": 0.009947425998689141,
    "candidates": 400,
    "improvements": 4,
    "duplicates": 0,
    "infeasible": 0,
    "size_history": {
      "9": 229,
      "8": 146,
      "7": 24,
      "6": 1
    },
    "weight_history": [
      1691.0,
      2622.84,
      1736.53,
      2342.44,
      1822.53,
      2378.16,
      2566.95,
      1864.92,
      1618.27,
      1937.56,
      2448.23,
      1887.85,
      1853.47,
      1750.35,
      1436.97,
      2033.72,
      2370.77,
      1623.4199999999998,
      1675.03,
      1953.19,
      1962.04,
      2007.31,
      1351.3600000000001,
      2085.79,
      1607.69,
      1126.66,
      1813.32,
      1659.81,
      1673.19,
      1411.42,
      1371.12,
      1610.66,
      1599.49,
      2144.21,
      1915.76,
      1835.98,
      2034.97,
      2135.87,
      1678.46,
      1686.0,
      1764.58,
      1588.12,
      1941.07,
      1902.45,
      2061.04,
      2111.69,
      1885.38,
      2090.31,
      2434.4,
      1656.41,
      1972.8500000000001,
      1880.59,
      1475.27,
      1880.02,
      1993.34,
      2276.48,
      2381.34,
      2363.92,
      1522.04,
      2143.62,
      2346.54,
      1806.14,
      1610.1,
      1631.49,
      1665.31,
      2094.0,
      2329.71,
      1804.8799999999999,
      1791.43,
      2138.62,
      1808.75,
      2248.98,
      1849.8799999999999,
      2227.74,
      2614.95,
      2199.54,
      2184.75,
      2472.18,
      1994.78,
      2054.28,
      2288.14,
      2284.03,
      2239.23,
      1613.49,
      2194.77,
      1489.69,
      2348.75,
      2055.83,
      2178.71,
      1775.36,
      1950.85,
      1552.37,
      1918.35,
      1732.63,
      2249.61,
      2044.7,
      1954.77,
      1669.52,
      2037.41,
      2022.3700000000001,
      1869.15,
      1984.66,
      1586.5,
      2056.31,
      2097.58,
      1500.84,
      1883.84,
      1717.42,
      1831.28,
      1459.35,
      2410.07,
      1538.47,
      1980.3899999999999,
      2057.42,
      1721.76,
      1855.94,
      1570.11,
      1317.6,
      1882.49,
      2438.63,
      1406.78,
      1523.62,
      2431.26,
      2032.99,
      2150.16,
      1644.29,
      1857.52,
      1903.52,
      1705.05,
      1792.1299999999999,
      1809.54,
      1601.58,
      1580.29,
      1465.04,
      1326.09,
      1448.81,
      1041.75,
      1656.55,
      1724.91,
      1368.73,
      2057.51,
      1930.29,
      1758.2,
      1698.42,
      2046.1499999999999,
      2092.14,
      1622.09,
      1822.3,
      1438.29,
      2067.12,
      1699.3600000000001,
      1791.88,
      1499.8,
      1530.52,
      1903.73,
      1697.46,
      2599.57,
      1727.82,
      2068.46,
      1869.77,
      2047.04,
      2340.33,
      1503.93,
      1867.17,
      1780.84,
      1570.95,
      2202.99,
      2072.75,
      1914.3899999999999,
      1752.48,
      1824.74,
      1661.31,
      1950.72,
      2277.2799999999997,
      2249.69,
      1710.65,
      1756.09,
      1886.6,
      2408.16,
      2061.4900000000002,
      2051.88,
      1971.9099999999999,
      1807.01,
      1019.94,
      2186.42,
      2070.5,
      2370.35,
      2165.15,
      1586.7,
      2076.61,
      2244.21,
      1790.09,
      1512.42,
      2026.8899999999999,
      2247.65,
      2099.05,
      1389.1299999999999,
      1731.92,
      1987.59,
      2070.53,
      1854.74,
      2367.89,
      1907.6699999999998,
      2003.09,
      2458.68,
      2376.34,
      2130.37,
      1953.45,
      2523.3,
      2328.47,
      1583.15,
      2451.43,
      2483.37,
      2245.16,
      2417.64,
      2167.5,
      2298.83,
      1555.61,
      2182.98,
      2124.77,
      1689.81,
      2015.02,
      2333.9,
      1915.1699999999998,
      1977.99,
      2263.29,
      1885.85,
      1961.92,
      2280.24,
      1408.8,
      2264.61,
      2128.07,
      2272.37,
      1595.93,
      2262.92,
      2346.18,
      2332.6,
      2010.29,
      1881.72,
      1446.41,
      1999.47,
      2291.71,
      1822.62,
      2216.0,
      1947.22,
      2052.47,
      1693.22,
      2129.35,
      1358.86,
      2086.42,
      1899.55,
      1745.1,
      1923.6799999999998,
      1917.8799999999999,
      2528.94,
      1824.44,
      2192.65,
      2395.81,
      2138.67,
      2127.81,
      2257.9,
      2239.63,
      2191.29,
      1452.1100000000001,
      1807.36,
      1761.21,
      1631.76,
      2075.08,
      1951.08,
      1929.18,
      2156.36,
      2349.72,
      1867.03,
      1607.36,
      2493.29,
      2309.1,
      2226.04,
      2221.38,
      2071.42,
      1854.6,
      1879.6399999999999,
      1959.13,
      2146.46,
      2745.43,
      2432.29,
      1896.75,
      2037.8799999999999,
      2245.74,
      1523.6499999999999,
      2446.81,
      2294.77,
      1819.67,
      2257.86,
      2342.42,
      2141.59,
      2129.74,
      2117.06,
      1726.01,
      2066.95,
      1886.3400000000001,
      1788.98,
      2236.98,
      2115.02,
      1986.94,
      1662.65,
      1946.97,
      2391.8199999999997,
      2132.84,
      2547.34,
      1660.68,
      1483.23,
      2217.85,
      2157.01,
      2359.07,
      2096.18,
      2107.39,
      1405.83,
      2260.46,
      2418.89,
      2464.26,
      2191.52,
      1293.34,
      1889.83,
      2186.86,
      2093.84,
      2524.2,
      1797.76,
      1855.68,
      2217.86,
      1733.09,
      1983.86,
      2089.87,
      2008.34,
      2304.56,
      1898.18,
      2175.78,
      2102.21,
      1954.03,
      2161.89,
      2018.93,
      1963.5,
      2224.61,
      2151.97,
      2340.07,
      1506.49,
      1983.4,
      1821.69,
      2526.9,
      2457.78,
      2083.75,
      2551.0699999999997,
      1987.19,
      2153.11,
      1905.87,
      2002.98,
      1500.79,
      1867.99,
      1544.36,
      2101.94,
      2035.01,
      2303.79,
      1838.56,
      2067.28,
      2022.22,
      2188.47,
      2101.66,
      2787.33,
      1968.22,
      1809.63,
      1730.91,
      1600.72,
      2012.1299999999999,
      2076.98,
      1723.1200000000001,
      2201.23,
      1849.1200000000001,
      2140.17,
      1936.17,
      2191.53,
      1640.35,
      1725.75,
      1359.94,
      2187.96,
      1828.79,
      2281.67,
      1660.18,
      1881.44,
      1833.57,
      1969.23,
      2167.44,
      1871.06,
      1843.21,
      2250.2200000000003,
      1815.26,
      1615.12,
      1836.58,
      1601.46,
      1708.33,
      1404.3,
      1421.06
    ],
    "stopping_reason": "max_candidates",
    "operations": {
      "candidate_generation": 400,
      "feasibility_check": 400,
      "weight_evaluation": 400
    }
  }
}