{
  "graph": "graph_n15_d25_adj_matrix",
  "algorithm": "greedy",
  "result": {
    "graph_name": "graph_n15_d25_adj_matrix",
    "algorithm": "greedy",
    "best_weight": 2670.74,
    "best_matching": [
      6,
      10,
      11,
      14,
      17,
      20,
      25
    ],
    "runtime": 2.000020309998945,
    "candidates": 40,
    "improvements": 5,
    "duplicates": 182931,
    "infeasible": 0,
    "size_history": {
      "6": 23,
      "7": 2,
      "5": 14,
      "4": 1
    },
    "weight_history": [
      2127.36,
      2298.62,
      2438.94,
      2311.89,
      2342.76,
      2375.96,
      2241.09,
      2607.76,
      2670.74,
      2009.29,
      2248.91,
      2405.74,
      2246.5,
      2293.6,
      2066.82,
      2141.72,
      2301.45,
      2356.58,
      2238.4700000000003,
      2215.71,
      2020.11,
      2045.28,
      2061.8,
      2091.58,
      2124.7799999999997,
      2028.6,
      2033.6200000000001,
      1976.0900000000001,
      1731.12,
      2069.65,
      2012.08,
      2006.67,
      1981.5,
      2278.69,
      2191.37,
      2036.45,
      2076.64,
      2247.9,
      2164.19,
      2217.23
    ],
    "stopping_reason": "time_limit",
    "operations": {
      "candidate_generation": 182971,
      "feasibility_check": 40,
      "weight_evaluation": 40
    }
  }
}