{
  "graph": "graph_n19_d75_adj_matrix",
  "algorithm": "local",
  "result": {
    "graph_name": "graph_n19_d75_adj_matrix",
    "algorithm": "local",
    "best_weight": 2872.74,
    "best_matching": [
      8,
      19,
      26,
      36,
      53,
      59,
      76,
      97,
      116
    ],
    "runtime": 2.0025220710012945,
    "candidates": 308,
    "improvements": 12,
    "duplicates": 226,
    "infeasible": 0,
    "size_history": {
      "9": 192,
      "8": 72,
      "7": 31,
      "6": 12,
      "5": 1
    },
    "weight_history": [
      2691.27,
      2728.01,
      2584.15,
      2717.75,
      2682.7,
      2739.59,
      2755.13,
      2709.66,
      2662.1,
      2716.39,
      2683.92,
      2719.32,
      2762.99,
      2793.83,
      2643.74,
      2648.6,
      2722.14,
      2615.67,
      2808.82,
      2739.06,
      2701.94,
      2739.04,
      2684.09,
      2661.41,
      2645.87,
      2671.07,
      2639.27,
      2648.8,
      2661.79,
      2551.19,
      2593.21,
      2668.14,
      2677.36,
      2484.55,
      2501.33,
      2708.32,
      2447.6,
      2402.82,
      2443.39,
      2525.38,
      2485.79,
      2458.32,
      2427.85,
      2464.19,
      2553.89,
      2642.7,
      2630.65,
      2569.86,
      2692.37,
      2699.88,
      2640.4,
      2608.38,
      2588.36,
      2603.94,
      2585.53,
      2589.9,
      2682.38,
      2842.43,
      2647.75,
      2568.23,
      2712.62,
      2741.0299999999997,
      2843.61,
      2619.9900000000002,
      2694.28,
      2746.37,
      2761.86,
      2637.1,
      2725.2,
      2654.5299999999997,
      2661.65,
      2722.0,
      2642.44,
      2702.81,
      2854.49,
      2641.69,
      2612.94,
      2831.09,
      2730.42,
      2673.69,
      2715.93,
      2630.04,
      2684.06,
      2769.04,
      2725.08,
      2571.69,
      2712.59,
      2614.83,
      2732.23,
      2643.0,
      2609.77,
      2688.91,
      2654.12,
      2682.9,
      2625.02,
      2697.05,
      2590.4,
      2719.16,
      2665.94,
      2718.35,
      2666.35,
      2801.17,
      2846.63,
      2630.62,
      2747.47,
      2594.4,
      2678.56,
      2769.73,
      2692.71,
      2602.37,
      2617.04,
      2652.96,
      2735.2,
      2734.3,
      2627.68,
      2694.12,
      2718.76,
      2572.9,
      2761.62,
      2719.45,
      2685.31,
      2722.15,
      2646.28,
      2592.57,
      2577.48,
      2646.06,
      2664.3,
      2620.25,
      2613.03,
      2733.98,
      2581.41,
      2727.22,
      2545.1,
      2318.34,
      2487.72,
      2480.59,
      2543.13,
      2495.48,
      2466.84,
      2524.16,
      2406.2,
      2508.06,
      2491.2799999999997,
      2273.34,
      2269.21,
      2243.59,
      2149.6800000000003,
      1945.98,
      2279.29,
      2293.65,
      2258.3,
      2275.64,
      2260.4,
      2304.49,
      2683.65,
      2365.2799999999997,
      2469.01,
      2483.62,
      2462.75,
      2438.29,
      2410.52,
      2296.07,
      2536.9,
      2494.45,
      2567.37,
      2631.78,
      2643.89,
      2695.76,
      2463.19,
      2613.15,
      2617.0,
      2582.54,
      2730.59,
      2566.53,
      2628.32,
      2487.48,
      2623.4700000000003,
      2714.94,
      2656.4,
      2722.59,
      2842.48,
      2692.34,
      2688.21,
      2698.33,
      2714.79,
      2806.2400000000002,
      2826.94,
      2630.37,
      2849.21,
      2659.46,
      2748.2200000000003,
      2762.78,
      2685.2200000000003,
      2668.5,
      2813.6,
      2757.06,
      2711.18,
      2678.59,
      2700.83,
      2847.76,
      2733.35,
      2755.18,
      2728.93,
      2602.08,
      2823.82,
      2705.68,
      2740.78,
      2717.52,
      2721.67,
      2622.92,
      2743.76,
      2671.94,
      2733.9,
      2632.54,
      2772.39,
      2714.64,
      2735.64,
      2743.9900000000002,
      2748.2,
      2694.24,
      2703.76,
      2785.42,
      2596.1800000000003,
      2606.62,
      2693.44,
      2746.43,
      2774.51,
      2696.38,
      2765.29,
      2711.61,
      2786.55,
      2748.32,
      2617.13,
      2596.57,
      2651.7400000000002,
      2714.55,
      2785.41,
      2709.6,
      2806.32,
      2676.09,
      2569.52,
      2709.82,
      2677.33,
      2799.0,
      2704.45,
      2719.77,
      2829.83,
      2726.17,
      2716.55,
      2717.17,
      2707.91,
      2721.28,
      2720.45,
      2775.33,
      2677.19,
      2773.89,
      2563.83,
      2613.42,
      2702.21,
      2706.71,
      2710.75,
      2748.57,
      2866.01,
      2724.52,
      2620.95,
      2602.45,
      2685.4900000000002,
      2717.4,
      2741.48,
      2754.06,
      2634.6,
      2872.74,
      2628.31,
      2706.31,
      2735.63,
      2670.44,
      2689.26,
      2705.7400000000002,
      2640.12,
      2672.4300000000003,
      2641.2200000000003,
      2700.12,
      2812.97,
      2714.82,
      2677.71,
      2639.04,
      2745.19,
      2703.6,
      2737.11,
      2660.5,
      2578.68,
      2605.27,
      2719.32,
      2610.83,
      2737.62,
      2723.86,
      2781.24,
      2717.11,
      2747.43,
      2718.79,
      2628.39,
      2782.75,
      2667.2200000000003,
      2726.7,
      2712.31,
      2605.23,
      2696.73,
      2790.92
    ],
    "stopping_reason": "time_limit",
    "operations": {
      "candidate_generation": 534,
      "feasibility_check": 308,
      "weight_evaluation": 308
    }
  }
}