{
  "graph": "graph_n10_d50_adj_matrix",
  "algorithm": "random",
  "result": {
    "graph_name": "graph_n10_d50_adj_matrix",
    "algorithm": "random",
    "best_weight": 1473.47,
    "best_matching": [
      3,
      4,
      11,
      21
    ],
    "runtime": 2.000038221000068,
    "candidates": 112,
    "improvements": 3,
    "duplicates": 229844,
    "infeasible": 0,
    "size_history": {
      "4": 12,
      "3": 32,
      "2": 46,
      "1": 22
    },
    "weight_history": [
      1233.05,
      1080.17,
      1400.56,
      1264.82,
      1094.54,
      977.83,
      802.96,
      1074.02,
      1473.47,
      868.64,
      907.26,
      977.0,
      1019.48,
      745.4300000000001,
      588.6800000000001,
      701.98,
      779.21,
      1208.88,
      738.1800000000001,
      633.37,
      303.84000000000003,
      916.5799999999999,
      664.3,
      444.62,
      240.7,
      638.93,
      446.72,
      508.96000000000004,
      635.05,
      599.96,
      474.80000000000007,
      296.67,
      471.89,
      597.63,
      984.54,
      673.18,
      913.07,
      827.74,
      895.75,
      849.9300000000001,
      762.58,
      933.58,
      612.09,
      498.31,
      449.56000000000006,
      742.21,
      342.28,
      484.53,
      602.96,
      525.11,
      352.97,
      521.42,
      640.09,
      462.59000000000003,
      472.45,
      610.62,
      431.73,
      661.47,
      766.93,
      704.72,
      563.31,
      852.5,
      683.57,
      965.5,
      645.72,
      845.59,
      646.76,
      892.26,
      586.87,
      309.61,
      676.44,
      152.51,
      582.19,
      467.95000000000005,
      425.28999999999996,
      571.21,
      498.38,
      166.97,
      405.31,
      323.47,
      420.3,
      270.25,
      211.01,
      214.28,
      800.85,
      445.12,
      126.09,
      151.33,
      619.59,
      533.31,
      393.98,
      596.84,
      340.37,
      329.64,
      513.28,
      543.28,
      370.87,
      406.62,
      812.25,
      344.45,
      201.64,
      316.62,
      391.95,
      319.78,
      107.97,
      636.4,
      471.96,
      380.55,
      26.42,
      128.0,
      192.34,
      280.22
    ],
    "stopping_reason": "time_limit",
    "operations": {
      "candidate_generation": 229956,
      "feasibility_check": 112,
      "weight_evaluation": 112
    }
  }
}