{
  "graph": "graph_n15_d50_adj_matrix",
  "algorithm": "greedy",
  "result": {
    "graph_name": "graph_n15_d50_adj_matrix",
    "algorithm": "greedy",
    "best_weight": 2897.42,
    "best_matching": [
      5,
      8,
      12,
      22,
      32,
      41,
      51
    ],
    "runtime": 2.0000232250004046,
    "candidates": 71,
    "improvements": 3,
    "duplicates": 140308,
    "infeasible": 0,
    "size_history": {
      "7": 11,
      "6": 11,
      "5": 10,
      "4": 10,
      "3": 13,
      "2": 10,
      "1": 6
    },
    "weight_history": [
      2857.05,
      2856.27,
      2657.09,
      2813.34,
      2868.84,
      2792.78,
      2897.42,
      2625.67,
      2871.16,
      2488.89,
      2859.07,
      2668.6,
      2704.98,
      2589.91,
      2703.06,
      2699.98,
      2691.63,
      2618.22,
      2497.75,
      2505.02,
      2683.49,
      2569.87,
      2317.9700000000003,
      2366.5,
      2341.0,
      2402.24,
      2382.29,
      2249.1,
      1919.88,
      2337.92,
      2323.63,
      2310.08,
      2260.28,
      1998.49,
      1851.65,
      1440.24,
      1950.6999999999998,
      1896.93,
      1862.69,
      1942.9099999999999,
      1892.04,
      1869.0900000000001,
      1460.19,
      1882.64,
      1451.05,
      1541.8,
      1561.75,
      1516.07,
      1458.94,
      1433.6100000000001,
      1483.14,
      1437.46,
      1463.19,
      1445.9,
      1478.89,
      1042.15,
      559.73,
      1079.33,
      1023.75,
      1000.72,
      1002.67,
      1022.2,
      996.47,
      557.29,
      1039.71,
      996.87,
      482.42,
      522.04,
      466.46,
      462.47,
      1019.76
    ],
    "stopping_reason": "time_limit",
    "operations": {
      "candidate_generation": 140379,
      "feasibility_check": 71,
      "weight_evaluation": 71
    }
  }
}