{
  "graph": "graph_n19_d50_adj_matrix",
  "algorithm": "greedy",
  "result": {
    "graph_name": "graph_n19_d50_adj_matrix",
    "algorithm": "greedy",
    "best_weight": 2832.79,
    "best_matching": [
      6,
      19,
      23,
      36,
      50,
      57,
      61,
      68,
      70
    ],
    "runtime": 0.04583786200055329,
    "candidates": 400,
    "improvements": 3,
    "duplicates": 1504,
    "infeasible": 0,
    "size_history": {
      "9": 120,
      "8": 50,
      "7": 48,
      "6": 84,
      "5": 72,
      "3": 2,
      "4": 24
    },
    "weight_history": [
      2738.93,
      2625.54,
      2821.4900000000002,
      2729.4,
      2680.07,
      2625.02,
      2633.5299999999997,
      2682.9,
      2739.84,
      2698.95,
      2688.4700000000003,
      2636.77,
      2682.66,
      2570.54,
      2450.31,
      2677.61,
      2630.95,
      2597.71,
      2517.94,
      2487.57,
      2563.77,
      2501.52,
      2549.73,
      2439.43,
      2379.45,
      2506.03,
      2391.15,
      2490.3,
      2287.31,
      2501.35,
      2603.0,
      2528.12,
      2492.33,
      2241.9,
      2271.18,
      2430.67,
      2410.11,
      2351.25,
      2322.32,
      2193.84,
      2353.29,
      2318.7,
      2488.13,
      2227.35,
      1949.05,
      2004.21,
      2114.64,
      2005.17,
      1954.27,
      1927.56,
      1931.05,
      1938.02,
      1996.68,
      2041.54,
      2062.77,
      2273.91,
      1922.1799999999998,
      2117.13,
      2250.92,
      2168.06,
      2240.31,
      2214.5,
      2287.35,
      1996.21,
      2233.29,
      2224.3,
      2002.63,
      2011.93,
      2067.01,
      2009.97,
      2184.7200000000003,
      2036.23,
      1920.48,
      1985.65,
      2075.61,
      1997.09,
      2007.68,
      1275.1100000000001,
      1714.5,
      1627.04,
      1696.64,
      1664.59,
      1688.8899999999999,
      1619.3,
      1674.67,
      1593.1799999999998,
      1683.06,
      1716.46,
      1929.01,
      1968.28,
      1854.08,
      1987.87,
      1976.37,
      1959.15,
      1975.6599999999999,
      1972.03,
      2043.24,
      2021.25,
      2241.8,
      2204.36,
      2376.51,
      2200.05,
      2292.15,
      2189.02,
      2157.68,
      2313.3,
      2255.66,
      2381.56,
      2180.9,
      2297.2799999999997,
      1923.07,
      2012.75,
      2204.62,
      1981.96,
      2017.56,
      2017.01,
      1994.54,
      1920.8899999999999,
      1992.1100000000001,
      1693.13,
      1981.42,
      2210.88,
      2139.46,
      2205.16,
      2281.89,
      2382.1,
      1962.01,
      2251.3,
      2260.4,
      2193.33,
      2335.8,
      2155.64,
      2009.64,
      1607.3,
      1969.5,
      1964.45,
      1920.01,
      1998.05,
      1964.21,
      1995.61,
      1636.09,
      2014.69,
      1999.85,
      2368.42,
      2247.68,
      2159.46,
      2318.01,
      2281.12,
      2364.35,
      2267.54,
      2224.68,
      2268.24,
      2252.5699999999997,
      2126.64,
      2196.28,
      1995.78,
      1935.6599999999999,
      1983.96,
      1917.87,
      2051.78,
      1926.27,
      1722.0900000000001,
      1989.01,
      1943.48,
      1903.29,
      1701.73,
      1641.4,
      1667.66,
      1602.49,
      1648.99,
      1674.46,
      1631.29,
      1666.87,
      1675.47,
      1604.8,
      1294.95,
      1942.13,
      1919.03,
      1977.97,
      1966.17,
      1931.8700000000001,
      1841.67,
      2227.34,
      1970.6100000000001,
      1865.1100000000001,
      1870.42,
      1959.32,
      2245.36,
      2248.29,
      2561.13,
      2205.09,
      2128.42,
      2222.26,
      2276.56,
      2210.15,
      2258.55,
      1942.27,
      2246.25,
      2556.93,
      2420.73,
      2564.89,
      2355.31,
      2490.87,
      2546.46,
      2450.49,
      2400.14,
      2508.07,
      2372.87,
      2348.62,
      2279.27,
      2458.3,
      2149.7,
      2162.54,
      2175.24,
      2106.25,
      2166.21,
      2144.84,
      2250.46,
      2161.5,
      2236.7,
      2532.32,
      2402.18,
      2401.74,
      2428.69,
      2282.45,
      2555.54,
      2419.9,
      2353.25,
      2323.87,
      2480.61,
      2441.7,
      2462.18,
      2222.37,
      2213.01,
      2201.66,
      2247.52,
      2290.43,
      2253.11,
      2446.01,
      2206.11,
      2185.95,
      2251.65,
      2500.56,
      2536.34,
      2328.73,
      2502.04,
      2408.46,
      2421.93,
      2472.79,
      2395.35,
      2386.22,
      2457.63,
      2587.6,
      2623.13,
      2654.39,
      2545.79,
      2613.46,
      2540.92,
      2683.2,
      2697.64,
      2525.5,
      2568.08,
      2495.46,
      2494.34,
      2617.75,
      2651.93,
      2551.88,
      2545.93,
      2558.98,
      2832.79,
      2735.9700000000003,
      2646.83,
      2655.38,
      2768.65,
      2728.7,
      2674.92,
      2558.46,
      2643.6,
      2596.95,
      2711.96,
      2595.9,
      2704.1,
      2687.38,
      2697.24,
      2673.9,
      2768.11,
      2759.36,
      2653.36,
      2597.85,
      2769.25,
      2663.46,
      2538.09,
      2692.06,
      2701.5,
      2729.61,
      2614.92,
      2707.55,
      2530.2200000000003,
      2740.8,
      2621.47,
      2654.65,
      2618.44,
      2686.44,
      2758.42,
      2642.91,
      2747.33,
      2656.79,
      2753.6,
      2758.21,
      2552.4,
      2785.05,
      2631.91,
      2660.65,
      2597.86,
      2740.52,
      2723.0299999999997,
      2698.64,
      2757.67,
      2557.56,
      2638.78,
      2655.23,
      2599.97,
      2618.96,
      2642.64,
      2707.9900000000002,
      2607.04,
      2532.26,
      2769.61,
      2699.16,
      2569.86,
      2716.19,
      2655.95,
      2611.13,
      2681.03,
      2608.69,
      2502.77,
      2605.54,
      2751.84,
      2576.52,
      2753.14,
      2574.95,
      2484.67,
      2549.32,
      2721.1,
      2549.83,
      2529.34,
      2709.67,
      2640.8,
      2731.5,
      2602.73,
      2530.7400000000002,
      2574.67,
      2603.46,
      2577.94,
      2698.5,
      2591.28,
      2494.9,
      2487.05,
      2616.06,
      2748.88,
      2705.64,
      2571.7000000000003,
      2603.69,
      2824.01,
      2601.37,
      2495.42,
      2813.55,
      2665.82,
      2675.83,
      2747.02,
      2476.2,
      2571.7200000000003,
      2705.2799999999997,
      2520.02,
      2655.27,
      2527.26,
      2589.08,
      2447.17,
      2633.47,
      2691.24,
      2669.84,
      2590.56,
      2613.9,
      2605.93,
      2588.89,
      2430.92,
      2528.45,
      2681.99,
      2494.94,
      2581.4,
      2578.58,
      2568.6,
      2454.62,
      2572.9,
      2556.96,
      2615.8,
      2579.18,
      2444.36,
      2824.55,
      2585.7
    ],
    "stopping_reason": "max_candidates",
    "operations": {
      "candidate_generation": 1904,
      "feasibility_check": 400,
      "weight_evaluation": 400
    }
  }
}