{
  "random": {
    "mean_weight": 62.80545,
    "std_weight": 0.016746738986043966,
    "min_weight": 62.78795,
    "max_weight": 62.82802,
    "absolute_gap": 21.172959999999996,
    "relative_gap": 0.2521238494513054,
    "approximation_ratio": 0.7478761505486946
  },
  "greedy": {
    "mean_weight": 83.88421,
    "std_weight": 0.07395692259687511,
    "min_weight": 83.79775,
    "max_weight": 83.97841,
    "absolute_gap": 0.09420000000000073,
    "relative_gap": 0.0011217168793741241,
    "approximation_ratio": 0.9988782831206259
  },
  "local": {
    "mean_weight": 83.64779666666666,
    "std_weight": 0.11977032724714799,
    "min_weight": 83.49179,
    "max_weight": 83.78293,
    "absolute_gap": 0.3306133333333321,
    "relative_gap": 0.003936884889024835,
    "approximation_ratio": 0.9960631151109751
  }
}