{
  "random": {
    "mean_weight": 118.66666666666667,
    "std_weight": 1.247219128924647,
    "min_weight": 117.0,
    "max_weight": 120.0,
    "absolute_gap": 2.3333333333333286,
    "relative_gap": 0.01928374655647379,
    "approximation_ratio": 0.9807162534435262
  },
  "greedy": {
    "mean_weight": 120.33333333333333,
    "std_weight": 0.4714045207910317,
    "min_weight": 120.0,
    "max_weight": 121.0,
    "absolute_gap": 0.6666666666666714,
    "relative_gap": 0.005509641873278276,
    "approximation_ratio": 0.9944903581267217
  },
  "local": {
    "mean_weight": 120.0,
    "std_weight": 0.0,
    "min_weight": 120.0,
    "max_weight": 120.0,
    "absolute_gap": 1.0,
    "relative_gap": 0.008264462809917356,
    "approximation_ratio": 0.9917355371900827
  }
}