{
  "random": {
    "mean_weight": 1.9000000000000001,
    "std_weight": 0.0,
    "min_weight": 1.9000000000000001,
    "max_weight": 1.9000000000000001,
    "absolute_gap": 0.0,
    "relative_gap": 0.0,
    "approximation_ratio": 1.0
  },
  "greedy": {
    "mean_weight": 1.8133333333333335,
    "std_weight": 0.12256517540566825,
    "min_weight": 1.6400000000000001,
    "max_weight": 1.9000000000000001,
    "absolute_gap": 0.08666666666666667,
    "relative_gap": 0.045614035087719294,
    "approximation_ratio": 0.9543859649122807
  },
  "local": {
    "mean_weight": 1.9000000000000001,
    "std_weight": 0.0,
    "min_weight": 1.9000000000000001,
    "max_weight": 1.9000000000000001,
    "absolute_gap": 0.0,
    "relative_gap": 0.0,
    "approximation_ratio": 1.0
  }
}