{
  "graph": "SWtinyEWD",
  "algorithm": "random",
  "result": {
    "graph_name": "SWtinyEWD",
    "algorithm": "random",
    "best_weight": 1.9000000000000001,
    "best_matching": [
      3,
      5,
      6,
      12
    ],
    "runtime": 2.0000294189994747,
    "candidates": 51,
    "improvements": 1,
    "duplicates": 272448,
    "infeasible": 0,
    "size_history": {
      "4": 7,
      "3": 31,
      "2": 13
    },
    "weight_history": [
      1.9000000000000001,
      1.76,
      1.47,
      1.59,
      1.27,
      1.49,
      1.04,
      1.35,
      1.56,
      1.56,
      1.56,
      1.15,
      0.98,
      1.1400000000000001,
      1.09,
      1.11,
      1.1800000000000002,
      1.06,
      1.24,
      1.01,
      1.24,
      1.24,
      1.27,
      0.7,
      0.75,
      0.65,
      0.72,
      0.79,
      0.77,
      0.61,
      0.66,
      0.89,
      0.9,
      0.97,
      1.21,
      0.6699999999999999,
      1.5,
      1.09,
      1.15,
      0.9199999999999999,
      1.13,
      0.97,
      0.69,
      1.1,
      1.21,
      1.1800000000000002,
      1.0,
      1.06,
      1.3199999999999998,
      1.29,
      0.8999999999999999
    ],
    "stopping_reason": "time_limit",
    "operations": {
      "candidate_generation": 272499,
      "feasibility_check": 51,
      "weight_evaluation": 51
    }
  }
}