{
  "random": {
    "mean_weight": 1645.9833333333333,
    "std_weight": 192.55460460751272,
    "min_weight": 1373.67,
    "max_weight": 1782.14,
    "absolute_gap": 136.15666666666675,
    "relative_gap": 0.07640065688816072,
    "approximation_ratio": 0.9235993431118393
  },
  "greedy": {
    "mean_weight": 1698.3566666666668,
    "std_weight": 118.48752630082588,
    "min_weight": 1530.79,
    "max_weight": 1782.14,
    "absolute_gap": 83.7833333333333,
    "relative_gap": 0.0470127674219384,
    "approximation_ratio": 0.9529872325780616
  },
  "local": {
    "mean_weight": 1782.14,
    "std_weight": 0.0,
    "min_weight": 1782.14,
    "max_weight": 1782.14,
    "absolute_gap": 0.0,
    "relative_gap": 0.0,
    "approximation_ratio": 1.0
  }
}