{
  "graph": "graph_n8_d75_adj_matrix",
  "algorithm": "random",
  "result": {
    "graph_name": "graph_n8_d75_adj_matrix",
    "algorithm": "random",
    "best_weight": 1782.14,
    "best_matching": [
      1,
      10,
      11,
      19
    ],
    "runtime": 2.0000223940005526,
    "candidates": 135,
    "improvements": 3,
    "duplicates": 215939,
    "infeasible": 0,
    "size_history": {
      "4": 31,
      "3": 72,
      "2": 21,
      "1": 11
    },
    "weight_history": [
      1386.3,
      1287.96,
      1373.67,
      999.07,
      1282.07,
      1184.44,
      444.89,
      1021.59,
      1757.02,
      1184.8899999999999,
      471.28,
      734.83,
      307.08,
      552.6999999999999,
      1073.3600000000001,
      1077.47,
      338.58,
      806.0,
      205.28,
      1273.01,
      862.36,
      1386.28,
      152.68,
      320.81,
      582.4,
      478.19000000000005,
      678.26,
      259.61,
      620.74,
      772.55,
      780.06,
      817.55,
      506.86,
      135.53,
      446.87,
      142.95,
      164.2,
      69.46,
      568.51,
      446.81,
      370.74,
      28.6,
      41.15,
      124.08,
      741.64,
      841.15,
      570.95,
      574.78,
      698.16,
      957.92,
      539.31,
      789.47,
      939.25,
      826.2,
      792.72,
      1121.65,
      1188.51,
      630.35,
      399.59,
      1237.92,
      576.63,
      564.28,
      1061.19,
      871.2099999999999,
      1350.67,
      1305.07,
      915.5,
      860.8,
      1180.29,
      1155.68,
      929.61,
      958.95,
      1782.14,
      1106.43,
      559.1800000000001,
      1762.3899999999999,
      1181.64,
      867.35,
      939.43,
      1424.46,
      604.56,
      910.21,
      747.72,
      1264.42,
      1165.8,
      741.8499999999999,
      848.46,
      849.52,
      604.5799999999999,
      970.2,
      964.89,
      1156.45,
      959.7900000000001,
      675.75,
      1747.96,
      602.27,
      384.94,
      889.61,
      335.75,
      460.19,
      1281.69,
      1189.81,
      1077.22,
      975.3,
      968.01,
      642.39,
      1362.46,
      1266.73,
      337.63,
      420.56,
      984.1,
      1185.79,
      361.96,
      1429.83,
      914.74,
      740.06,
      993.1999999999999,
      547.42,
      655.09,
      982.35,
      890.96,
      603.63,
      1257.85,
      1339.49,
      1276.26,
      404.03,
      485.01,
      698.86,
      421.51,
      635.63,
      695.95,
      1426.58,
      288.21,
      1243.35,
      694.71
    ],
    "stopping_reason": "time_limit",
    "operations": {
      "candidate_generation": 216074,
      "feasibility_check": 135,
      "weight_evaluation": 135
    }
  }
}