{
  "graph": "graph_n20_d12.5_adj_matrix",
  "algorithm": "greedy",
  "result": {
    "graph_name": "graph_n20_d12.5_adj_matrix",
    "algorithm": "greedy",
    "best_weight": 1948.65,
    "best_matching": [
      0,
      5,
      6,
      11,
      17,
      20,
      22
    ],
    "runtime": 2.000047393999921,
    "candidates": 33,
    "improvements": 3,
    "duplicates": 188644,
    "infeasible": 0,
    "size_history": {
      "6": 14,
      "5": 12,
      "4": 2,
      "7": 5
    },
    "weight_history": [
      1727.18,
      1788.69,
      1787.2,
      1696.93,
      1699.47,
      1567.22,
      1758.44,
      1530.58,
      1536.97,
      1775.0,
      1756.95,
      1565.73,
      1560.83,
      1494.16,
      1251.1799999999998,
      1524.41,
      1559.34,
      1535.48,
      1522.92,
      1529.09,
      1489.76,
      1275.59,
      1773.51,
      1656.66,
      1654.12,
      1729.81,
      1669.79,
      1699.56,
      1948.65,
      1934.96,
      1920.94,
      1918.4,
      1891.26
    ],
    "stopping_reason": "time_limit",
    "operations": {
      "candidate_generation": 188677,
      "feasibility_check": 33,
      "weight_evaluation": 33
    }
  }
}