{
  "graph": "graph_n8_d50_adj_matrix",
  "algorithm": "random",
  "result": {
    "graph_name": "graph_n8_d50_adj_matrix",
    "algorithm": "random",
    "best_weight": 1781.89,
    "best_matching": [
      1,
      4,
      12,
      13
    ],
    "runtime": 2.0000170719995367,
    "candidates": 37,
    "improvements": 3,
    "duplicates": 247734,
    "infeasible": 0,
    "size_history": {
      "4": 8,
      "3": 29
    },
    "weight_history": [
      1362.21,
      1762.14,
      998.42,
      1155.8,
      957.92,
      915.27,
      877.76,
      915.59,
      871.2099999999999,
      985.1199999999999,
      687.32,
      1153.32,
      642.39,
      1454.63,
      376.60999999999996,
      1219.26,
      1115.3,
      442.67999999999995,
      1335.27,
      1429.74,
      862.36,
      849.52,
      1188.47,
      1315.52,
      890.96,
      1264.38,
      1781.89,
      1373.58,
      953.1,
      471.28,
      1257.76,
      604.56,
      1426.58,
      795.72,
      1077.47,
      1350.67,
      953.6700000000001
    ],
    "stopping_reason": "time_limit",
    "operations": {
      "candidate_generation": 247771,
      "feasibility_check": 37,
      "weight_evaluation": 37
    }
  }
}