{
  "graph": "graph_n15_d75_adj_matrix",
  "algorithm": "greedy",
  "result": {
    "graph_name": "graph_n15_d75_adj_matrix",
    "algorithm": "greedy",
    "best_weight": 3001.6,
    "best_matching": [
      13,
      22,
      27,
      53,
      65,
      69,
      72
    ],
    "runtime": 2.000081697000496,
    "candidates": 204,
    "improvements": 2,
    "duplicates": 91287,
    "infeasible": 0,
    "size_history": {
      "7": 12,
      "6": 14,
      "5": 43,
      "4": 52,
      "3": 40,
      "2": 33,
      "1": 10
    },
    "weight_history": [
      2874.73,
      2874.4,
      2789.9,
      3001.6,
      2851.93,
      2806.29,
      2943.13,
      2887.31,
      2868.5,
      2854.9700000000003,
      2807.37,
      2678.91,
      2701.66,
      2727.95,
      2402.2200000000003,
      2716.71,
      2722.66,
      2649.35,
      2716.38,
      2722.33,
      2747.9,
      2844.53,
      2285.59,
      2402.55,
      2388.55,
      2408.5,
      2299.59,
      2408.17,
      2684.86,
      2326.34,
      2265.99,
      2188.7200000000003,
      2312.9700000000003,
      1976.58,
      1946.82,
      1553.72,
      1984.51,
      1970.63,
      1951.81,
      1971.76,
      1998.47,
      1952.77,
      1533.77,
      1938.99,
      1522.0,
      1561.73,
      1547.77,
      1508.2,
      1477.89,
      1085.26,
      1567.68,
      1516.03,
      1547.73,
      1496.08,
      1502.25,
      2004.42,
      1932.48,
      1971.43,
      1990.46,
      1862.24,
      1956.63,
      1944.94,
      1984.47,
      2344.15,
      1929.17,
      1943.0,
      2352.62,
      2296.58,
      2388.2200000000003,
      2302.5299999999997,
      2622.31,
      2340.2200000000003,
      2323.63,
      2335.54,
      2336.67,
      2300.64,
      2305.54,
      1965.81,
      1970.51,
      1951.48,
      1965.48,
      1901.5900000000001,
      1926.53,
      1924.99,
      1929.0,
      1926.08,
      1855.15,
      1932.82,
      2230.12,
      2334.27,
      2276.29,
      2292.5,
      2341.49,
      2294.7,
      2272.4900000000002,
      2338.33,
      2259.1,
      2269.51,
      2728.28,
      1915.21,
      1886.0900000000001,
      1932.5900000000001,
      1836.45,
      1896.8899999999999,
      1906.74,
      2297.71,
      1896.18,
      1876.23,
      1881.64,
      1919.88,
      2285.94,
      2337.9,
      2619.01,
      2291.76,
      2288.75,
      2261.42,
      2334.23,
      2306.39,
      2313.3,
      2748.23,
      2336.34,
      1886.79,
      1929.04,
      1909.22,
      1891.35,
      1883.52,
      2267.98,
      1859.72,
      1843.38,
      1882.19,
      1901.33,
      1934.58,
      1508.04,
      1025.78,
      1510.08,
      1472.48,
      1497.8400000000001,
      1392.68,
      1488.25,
      1414.47,
      1071.3,
      1478.89,
      1492.43,
      1033.61,
      1022.2,
      996.05,
      1004.46,
      559.73,
      1007.95,
      1042.15,
      976.72,
      984.51,
      1036.2,
      993.99,
      1849.1,
      1445.45,
      1478.47,
      1460.15,
      1423.66,
      1483.14,
      1439.5,
      998.51,
      1477.19,
      1418.76,
      1462.52,
      977.73,
      1010.01,
      1002.0,
      525.53,
      1015.4200000000001,
      982.6700000000001,
      966.9000000000001,
      988.04,
      959.18,
      1000.72,
      522.04,
      1440.2,
      1435.25,
      1441.2,
      1438.3600000000001,
      1463.19,
      1425.5,
      1877.35,
      1458.52,
      1470.35,
      1362.9299999999998,
      1432.79,
      921.62,
      963.03,
      484.48,
      988.0,
      962.72,
      941.24,
      955.94,
      958.78,
      974.04,
      500.25,
      946.95,
      511.57,
      482.42,
      476.47,
      462.47,
      455.69,
      996.87
    ],
    "stopping_reason": "time_limit",
    "operations": {
      "candidate_generation": 91491,
      "feasibility_check": 204,
      "weight_evaluation": 204
    }
  }
}