{
  "graph": "graph_n15_d75_adj_matrix",
  "algorithm": "greedy",
  "result": {
    "graph_name": "graph_n15_d75_adj_matrix",
    "algorithm": "greedy",
    "best_weight": 3030.98,
    "best_matching": [
      11,
      22,
      35,
      54,
      64,
      69,
      72
    ],
    "runtime": 2.000038827998651,
    "candidates": 131,
    "improvements": 3,
    "duplicates": 92355,
    "infeasible": 0,
    "size_history": {
      "7": 18,
      "6": 25,
      "5": 35,
      "4": 19,
      "3": 12,
      "2": 12,
      "1": 10
    },
    "weight_history": [
      2855.79,
      2844.86,
      2997.46,
      2938.31,
      2868.5,
      2852.26,
      2850.99,
      2789.9,
      2845.05,
      2787.42,
      2874.92,
      2687.66,
      2647.15,
      2635.35,
      3030.98,
      2806.62,
      2867.03,
      2867.52,
      3007.99,
      3000.26,
      2836.03,
      2724.91,
      2728.28,
      2716.38,
      2653.41,
      2747.9,
      2638.71,
      2727.95,
      2748.23,
      2677.63,
      2722.66,
      2711.2400000000002,
      2685.69,
      2408.17,
      2296.58,
      2408.5,
      2299.59,
      2388.2200000000003,
      2402.2200000000003,
      2351.9,
      2352.62,
      2332.67,
      2388.55,
      2305.54,
      2676.4,
      2614.48,
      2655.3,
      2612.58,
      2642.26,
      2333.25,
      2725.2400000000002,
      2722.33,
      2619.27,
      2716.71,
      2641.52,
      2347.08,
      2402.55,
      2302.5299999999997,
      2338.33,
      2292.5,
      2337.9,
      2335.54,
      2334.23,
      2294.7,
      2282.58,
      2297.71,
      1990.46,
      1970.51,
      2004.42,
      1984.51,
      1533.77,
      1971.76,
      1998.47,
      1976.58,
      1965.81,
      1984.47,
      1956.63,
      2312.9700000000003,
      2279.99,
      2313.3,
      2333.08,
      2260.98,
      2354.18,
      2341.49,
      2291.76,
      2259.1,
      2284.67,
      2288.75,
      1951.81,
      1915.04,
      1934.58,
      2316.31,
      1887.5,
      1952.77,
      1951.48,
      1881.38,
      1946.82,
      1944.94,
      1516.03,
      1567.68,
      1553.72,
      1547.77,
      1510.08,
      1561.73,
      1547.73,
      1033.61,
      1492.43,
      1470.35,
      1508.04,
      1460.15,
      1010.01,
      1071.3,
      525.53,
      1085.26,
      1022.2,
      1025.78,
      1042.15,
      996.05,
      936.99,
      998.51,
      984.51,
      559.73,
      522.04,
      511.57,
      482.42,
      500.25,
      963.03,
      476.47,
      484.48,
      462.47,
      455.69
    ],
    "stopping_reason": "time_limit",
    "operations": {
      "candidate_generation": 92486,
      "feasibility_check": 131,
      "weight_evaluation": 131
    }
  }
}