{
  "graph": "graph_n11_d50_adj_matrix",
  "algorithm": "local",
  "result": {
    "graph_name": "graph_n11_d50_adj_matrix",
    "algorithm": "local",
    "best_weight": 1606.93,
    "best_matching": [
      0,
      7,
      16,
      19,
      26
    ],
    "runtime": 2.000629972000752,
    "candidates": 19,
    "improvements": 4,
    "duplicates": 948,
    "infeasible": 0,
    "size_history": {
      "5": 19
    },
    "weight_history": [
      1595.75,
      1597.22,
      1575.02,
      1602.76,
      1599.02,
      1606.93,
      1589.98,
      1535.58,
      1578.43,
      1549.66,
      1544.75,
      1566.24,
      1583.51,
      1570.3799999999999,
      1585.31,
      1542.78,
      1534.72,
      1535.16,
      1527.71
    ],
    "stopping_reason": "time_limit",
    "operations": {
      "candidate_generation": 967,
      "feasibility_check": 19,
      "weight_evaluation": 19
    }
  }
}