{
  "graph": "graph_n14_d75_adj_matrix",
  "algorithm": "greedy",
  "result": {
    "graph_name": "graph_n14_d75_adj_matrix",
    "algorithm": "greedy",
    "best_weight": 2503.75,
    "best_matching": [
      6,
      14,
      20,
      26,
      32,
      53,
      58
    ],
    "runtime": 2.0000556369996048,
    "candidates": 273,
    "improvements": 4,
    "duplicates": 100703,
    "infeasible": 0,
    "size_history": {
      "7": 30,
      "6": 61,
      "5": 54,
      "4": 48,
      "3": 53,
      "2": 24,
      "1": 3
    },
    "weight_history": [
      2432.56,
      2208.24,
      2445.86,
      2412.74,
      2365.6,
      2403.94,
      2342.2400000000002,
      2298.56,
      2461.24,
      2363.79,
      2423.49,
      2286.75,
      2186.37,
      2199.16,
      2209.23,
      2270.8,
      2220.53,
      2137.42,
      2159.81,
      2274.02,
      2250.82,
      2073.17,
      2503.75,
      2239.52,
      2279.91,
      2332.48,
      2458.78,
      2169.42,
      2197.01,
      2321.28,
      2370.23,
      2043.94,
      2326.1,
      2219.4900000000002,
      2290.17,
      2222.14,
      2110.86,
      2155.92,
      2171.58,
      2247.66,
      2016.67,
      2175.23,
      2224.43,
      2277.38,
      1994.16,
      2060.38,
      2057.2200000000003,
      2006.95,
      1978.85,
      1788.41,
      2005.4099999999999,
      2060.44,
      1933.7,
      1967.6,
      1975.33,
      1695.63,
      1946.3,
      1722.19,
      1610.88,
      1673.24,
      1690.57,
      1639.42,
      1738.25,
      1365.41,
      1623.96,
      1664.01,
      1349.35,
      1300.4,
      1326.12,
      1381.23,
      1331.07,
      1315.01,
      1335.28,
      1265.98,
      1317.73,
      1331.21,
      1237.44,
      1288.45,
      1538.86,
      1646.68,
      1704.05,
      1648.94,
      1713.39,
      1659.67,
      1677.49,
      1543.12,
      1594.93,
      1714.21,
      1945.21,
      1962.54,
      1895.93,
      2010.22,
      1949.46,
      1964.44,
      1892.77,
      1998.97,
      1824.46,
      1958.0,
      1918.65,
      2202.39,
      2206.4900000000002,
      2232.41,
      2129.07,
      2158.01,
      2248.9,
      1988.67,
      2088.14,
      2178.02,
      2190.36,
      2112.93,
      2435.78,
      2370.92,
      2283.53,
      2230.96,
      2322.88,
      2041.46,
      2323.6800000000003,
      2326.78,
      2215.97,
      2350.2200000000003,
      2406.57,
      2106.35,
      2107.7,
      2178.39,
      2137.7599999999998,
      2055.04,
      2212.36,
      2177.57,
      2165.32,
      2108.57,
      2156.65,
      2147.94,
      1976.02,
      2116.36,
      1928.2,
      1954.76,
      1911.3899999999999,
      1915.49,
      1988.81,
      1948.81,
      2191.18,
      1985.3600000000001,
      1935.98,
      1711.69,
      1632.57,
      1615.76,
      1612.86,
      1256.87,
      1652.18,
      1603.29,
      1598.0900000000001,
      1548.75,
      1551.05,
      1524.49,
      2123.85,
      2023.01,
      1781.11,
      1920.99,
      1937.26,
      1803.09,
      1904.65,
      2049.39,
      1986.18,
      1931.64,
      2033.88,
      2247.46,
      2006.8799999999999,
      2028.02,
      1998.15,
      2109.57,
      2015.23,
      2171.54,
      2147.28,
      2037.2,
      2150.21,
      2155.87,
      1884.83,
      1944.43,
      1881.67,
      1926.95,
      1924.15,
      1932.82,
      2134.57,
      1894.35,
      1820.72,
      1835.81,
      1836.6999999999998,
      1622.38,
      1602.02,
      1236.67,
      1553.29,
      1556.8600000000001,
      1516.56,
      1602.47,
      1512.3,
      1526.12,
      1245.0,
      1616.37,
      1252.49,
      1266.06,
      1201.72,
      1283.3899999999999,
      1307.03,
      928.1,
      1256.19,
      1266.58,
      1256.83,
      1215.82,
      1239.5,
      958.23,
      505.1,
      893.22,
      942.1700000000001,
      910.55,
      864.6,
      903.12,
      912.28,
      457.42,
      858.8,
      855.44,
      1290.39,
      1275.96,
      1228.28,
      1306.21,
      876.13,
      1276.1,
      1209.19,
      1208.58,
      1229.18,
      1243.53,
      1304.51,
      1920.91,
      1664.05,
      1588.99,
      1629.85,
      1589.81,
      1508.4,
      1598.15,
      1924.1799999999998,
      1537.84,
      1558.37,
      1601.0700000000002,
      1242.71,
      1166.02,
      1192.38,
      829.49,
      1285.12,
      1291.21,
      1178.21,
      1249.4,
      1283.31,
      1170.28,
      842.98,
      860.31,
      835.53,
      844.25,
      822.0,
      884.03,
      808.78,
      453.13,
      830.26,
      836.35,
      883.21,
      878.08,
      1194.84,
      1257.01,
      808.64,
      1210.56,
      1250.92,
      1182.63,
      1202.47,
      1194.98,
      1191.56
    ],
    "stopping_reason": "time_limit",
    "operations": {
      "candidate_generation": 100976,
      "feasibility_check": 273,
      "weight_evaluation": 273
    }
  }
}