{
  "graph": "graph_n12_d75_adj_matrix",
  "algorithm": "local",
  "result": {
    "graph_name": "graph_n12_d75_adj_matrix",
    "algorithm": "local",
    "best_weight": 1993.92,
    "best_matching": [
      3,
      8,
      20,
      27,
      32,
      48
    ],
    "runtime": 2.0001132520010287,
    "candidates": 59,
    "improvements": 3,
    "duplicates": 901,
    "infeasible": 0,
    "size_history": {
      "6": 11,
      "5": 12,
      "4": 22,
      "3": 13,
      "2": 1
    },
    "weight_history": [
      1879.05,
      1865.54,
      1980.1,
      1845.54,
      1993.92,
      1787.44,
      1976.07,
      1911.65,
      1893.87,
      1893.8600000000001,
      1890.3700000000001,
      1852.75,
      1770.23,
      1782.26,
      1525.09,
      1713.88,
      1734.69,
      1746.52,
      1864.58,
      1862.3,
      1695.1,
      1890.68,
      1555.18,
      1618.37,
      1675.79,
      1524.48,
      1541.47,
      1523.3600000000001,
      1836.25,
      1581.69,
      1561.52,
      1663.96,
      1539.19,
      1352.68,
      1336.18,
      967.98,
      1325.78,
      1317.99,
      1314.5,
      1289.66,
      1306.16,
      1307.45,
      1273.94,
      1309.28,
      1647.46,
      1550.97,
      1548.18,
      1597.82,
      1601.87,
      1796.47,
      1524.97,
      1570.92,
      1547.81,
      1573.35,
      1560.01,
      1285.28,
      1608.75,
      1280.55,
      1228.35
    ],
    "stopping_reason": "time_limit",
    "operations": {
      "candidate_generation": 960,
      "feasibility_check": 59,
      "weight_evaluation": 59
    }
  }
}