{
  "graph": "graph_n19_d50_adj_matrix",
  "algorithm": "greedy",
  "result": {
    "graph_name": "graph_n19_d50_adj_matrix",
    "algorithm": "greedy",
    "best_weight": 2832.79,
    "best_matching": [
      6,
      19,
      23,
      36,
      50,
      57,
      61,
      68,
      70
    ],
    "runtime": 2.000068214001658,
    "candidates": 391,
    "improvements": 4,
    "duplicates": 83998,
    "infeasible": 0,
    "size_history": {
      "9": 49,
      "8": 28,
      "7": 61,
      "6": 82,
      "5": 59,
      "4": 47,
      "3": 34,
      "2": 23,
      "1": 8
    },
    "weight_history": [
      2638.78,
      2769.07,
      2596.95,
      2642.91,
      2740.8,
      2680.07,
      2729.4,
      2495.46,
      2681.03,
      2740.52,
      2602.73,
      2738.93,
      2553.26,
      2625.54,
      2699.16,
      2663.46,
      2694.4,
      2697.64,
      2758.21,
      2618.44,
      2655.38,
      2706.12,
      2692.2,
      2647.79,
      2612.12,
      2646.83,
      2747.33,
      2739.84,
      2701.74,
      2656.93,
      2730.49,
      2558.98,
      2622.2,
      2622.63,
      2518.0099999999998,
      2428.69,
      2563.77,
      2568.08,
      2481.15,
      2757.78,
      2636.77,
      2494.94,
      2683.2,
      2682.9,
      2494.9,
      2676.68,
      2552.02,
      2549.83,
      2698.95,
      2687.38,
      2538.09,
      2709.67,
      2502.77,
      2769.61,
      2690.81,
      2753.14,
      2692.58,
      2603.46,
      2558.46,
      2605.54,
      2698.06,
      2597.85,
      2757.67,
      2832.79,
      2488.7,
      2677.96,
      2607.9700000000003,
      2613.46,
      2623.13,
      2496.69,
      2597.71,
      2681.99,
      2556.96,
      2588.45,
      2473.28,
      2654.39,
      2651.93,
      2322.32,
      2561.13,
      2353.25,
      2501.35,
      2532.32,
      2489.5299999999997,
      2528.12,
      2281.12,
      2497.15,
      2391.15,
      2441.7,
      2353.29,
      2281.89,
      2351.25,
      2410.11,
      2382.1,
      2287.35,
      2155.64,
      2247.52,
      2204.36,
      2218.06,
      2204.62,
      2603.0,
      2280.48,
      2462.18,
      2472.79,
      2454.1,
      2506.03,
      2406.38,
      2490.3,
      2460.98,
      2395.35,
      2435.75,
      2252.5699999999997,
      2271.18,
      2036.23,
      2318.01,
      2292.15,
      2319.24,
      2162.54,
      2144.84,
      2268.24,
      1949.05,
      2276.32,
      2422.91,
      2555.54,
      2379.45,
      2551.34,
      2412.77,
      2582.03,
      2403.75,
      2549.73,
      2567.36,
      2466.38,
      2556.93,
      2368.42,
      2564.89,
      2222.26,
      2236.7,
      2193.33,
      2216.62,
      2166.21,
      2241.8,
      1996.21,
      2245.36,
      2195.34,
      1985.65,
      2075.61,
      1931.05,
      2041.54,
      2227.35,
      1923.07,
      2114.64,
      1931.8700000000001,
      2062.77,
      1981.42,
      2067.01,
      2161.5,
      2153.8199999999997,
      2095.56,
      2168.74,
      2241.9,
      2200.05,
      2364.35,
      2446.01,
      2233.29,
      2218.32,
      2247.68,
      1959.41,
      1903.29,
      1964.21,
      1714.5,
      1975.87,
      1942.1100000000001,
      2017.56,
      2009.97,
      2043.24,
      1938.02,
      1693.13,
      1641.4,
      1722.0900000000001,
      1667.66,
      1636.09,
      1716.46,
      1692.4,
      1300.58,
      1619.3,
      1674.46,
      1701.73,
      1648.99,
      1929.01,
      1922.1799999999998,
      1664.59,
      2005.17,
      2051.78,
      1919.03,
      1964.45,
      1971.8,
      1947.32,
      1612.62,
      1926.27,
      2137.42,
      2272.25,
      2157.68,
      2253.11,
      2237.6,
      2368.15,
      2255.66,
      2347.25,
      2224.3,
      2117.64,
      2381.56,
      2392.97,
      2439.5299999999997,
      2363.84,
      2372.87,
      2480.61,
      2451.15,
      2421.93,
      2413.53,
      2477.06,
      2500.56,
      2489.7799999999997,
      2250.92,
      2091.74,
      2273.91,
      2216.32,
      2351.21,
      2313.3,
      2260.4,
      2334.82,
      2142.8,
      2136.86,
      2279.27,
      1621.73,
      1996.68,
      2011.93,
      2017.01,
      1995.61,
      2002.63,
      1981.96,
      2175.24,
      1959.15,
      2014.69,
      1962.01,
      2251.3,
      2288.39,
      2214.5,
      2459.33,
      2158.23,
      2193.84,
      2257.86,
      2101.45,
      2180.9,
      2259.9,
      2523.2,
      2560.59,
      2490.87,
      2479.52,
      2432.71,
      2430.67,
      2492.33,
      2397.68,
      2450.31,
      2397.43,
      2325.79,
      2519.11,
      2214.46,
      2180.76,
      2510.9,
      2185.5,
      2205.09,
      2208.3,
      2077.16,
      2213.01,
      2062.49,
      2431.6,
      2251.65,
      2009.64,
      2021.25,
      1997.09,
      1902.82,
      1994.54,
      1643.3600000000001,
      1920.48,
      1969.5,
      1943.48,
      1976.37,
      1998.05,
      1676.56,
      1674.67,
      1621.11,
      1668.83,
      1666.87,
      1688.8899999999999,
      1580.39,
      1645.06,
      1303.55,
      1631.29,
      1613.99,
      1294.95,
      1276.28,
      1275.1100000000001,
      1309.18,
      891.1800000000001,
      1237.46,
      1253.1599999999999,
      1249.66,
      1296.5,
      1267.52,
      1323.91,
      1298.46,
      1638.3,
      1696.64,
      1643.68,
      1683.06,
      1653.37,
      1623.54,
      1269.48,
      1677.43,
      1675.47,
      1601.99,
      1909.45,
      1875.29,
      1922.8500000000001,
      1638.05,
      1999.85,
      1975.6599999999999,
      2004.21,
      1959.32,
      2007.68,
      1987.87,
      2201.66,
      1625.24,
      1597.4299999999998,
      1569.36,
      1603.46,
      1598.15,
      1627.04,
      1568.8799999999999,
      1593.93,
      1594.3999999999999,
      1554.08,
      1570.9299999999998,
      1301.59,
      1209.05,
      876.9300000000001,
      1284.88,
      1292.99,
      1290.71,
      1190.31,
      1294.22,
      1261.76,
      902.4,
      1215.81,
      863.5799999999999,
      905.9100000000001,
      911.0,
      849.52,
      831.4000000000001,
      493.0,
      857.11,
      885.55,
      847.24,
      854.98,
      820.74,
      1245.5,
      1229.58,
      1304.0900000000001,
      1217.6399999999999,
      1245.42,
      1225.3600000000001,
      1223.4,
      1233.42,
      1276.49,
      1283.73,
      1238.74,
      883.5899999999999,
      858.49,
      866.88,
      816.43,
      458.93,
      824.02,
      835.24,
      881.31,
      851.48,
      830.9100000000001,
      843.76,
      445.58,
      425.84,
      409.4,
      418.0,
      412.91,
      398.18
    ],
    "stopping_reason": "time_limit",
    "operations": {
      "candidate_generation": 84389,
      "feasibility_check": 391,
      "weight_evaluation": 391
    }
  }
}