{
  "graph": "graph_n12_d50_adj_matrix",
  "algorithm": "random",
  "result": {
    "graph_name": "graph_n12_d50_adj_matrix",
    "algorithm": "random",
    "best_weight": 1797.38,
    "best_matching": [
      2,
      7,
      17,
      26,
      29,
      30
    ],
    "runtime": 0.006449702999816509,
    "candidates": 400,
    "improvements": 7,
    "duplicates": 24,
    "infeasible": 0,
    "size_history": {
      "5": 137,
      "4": 160,
      "3": 76,
      "2": 23,
      "1": 1,
      "6": 3
    },
    "weight_history": [
      1423.68,
      1306.72,
      1531.53,
      1449.93,
      1570.43,
      911.23,
      1272.18,
      1301.81,
      1309.59,
      771.63,
      1508.35,
      909.28,
      1087.66,
      1113.23,
      942.73,
      1241.15,
      1025.52,
      1381.06,
      1015.89,
      899.16,
      1129.55,
      869.21,
      685.94,
      1285.77,
      698.98,
      871.52,
      778.1899999999999,
      995.91,
      522.9200000000001,
      1039.46,
      1064.89,
      533.53,
      693.61,
      598.9200000000001,
      555.53,
      865.38,
      420.21000000000004,
      649.09,
      650.72,
      371.82,
      687.31,
      598.27,
      644.74,
      550.22,
      934.62,
      848.1199999999999,
      902.97,
      669.31,
      685.21,
      964.84,
      1063.11,
      589.83,
      889.4300000000001,
      899.8199999999999,
      835.95,
      349.39,
      369.49,
      406.64,
      552.86,
      175.32999999999998,
      257.65,
      492.43,
      512.81,
      716.85,
      481.63,
      285.36,
      400.46,
      1136.5900000000001,
      1016.33,
      639.8199999999999,
      303.17,
      1036.5,
      982.51,
      977.48,
      786.6700000000001,
      727.49,
      895.26,
      1298.47,
      809.82,
      1118.27,
      1123.19,
      780.96,
      859.05,
      1044.71,
      1231.35,
      1044.42,
      1256.48,
      1025.34,
      637.35,
      832.16,
      1265.53,
      967.13,
      1051.18,
      750.48,
      857.21,
      917.11,
      908.36,
      821.6800000000001,
      573.24,
      1023.73,
      906.74,
      968.86,
      908.3,
      997.85,
      1094.55,
      1406.79,
      818.16,
      1301.39,
      952.61,
      1033.24,
      1240.02,
      1168.71,
      836.63,
      825.4,
      1374.26,
      1575.6,
      1141.31,
      1439.91,
      1399.22,
      1359.11,
      945.06,
      1319.1000000000001,
      1536.8,
      1634.77,
      1261.95,
      1126.0,
      1295.79,
      1342.51,
      1248.36,
      1737.6100000000001,
      1797.38,
      1493.48,
      1058.4099999999999,
      1257.31,
      1426.27,
      1281.05,
      1432.11,
      1553.89,
      1483.85,
      1381.02,
      1217.13,
      1381.26,
      1393.71,
      1131.77,
      1160.6,
      1002.86,
      963.0300000000001,
      1196.2,
      1157.41,
      790.25,
      926.86,
      1079.46,
      1106.58,
      1398.3200000000002,
      1252.49,
      1193.8400000000001,
      1752.46,
      1485.92,
      1357.98,
      1384.98,
      1380.28,
      1172.02,
      1586.04,
      1509.13,
      1357.77,
      1690.97,
      1312.3999999999999,
      1231.76,
      881.97,
      1372.42,
      1589.53,
      1318.2,
      1530.57,
      1385.0,
      1517.15,
      1585.3400000000001,
      1277.1399999999999,
      1469.6100000000001,
      1438.13,
      1358.26,
      1615.17,
      1400.74,
      1394.47,
      1086.17,
      1295.64,
      1355.18,
      980.37,
      1407.09,
      1163.2,
      1377.54,
      1274.6200000000001,
      1193.77,
      952.32,
      1394.13,
      805.13,
      960.46,
      997.1500000000001,
      694.64,
      1518.74,
      1153.51,
      1261.76,
      1382.71,
      1089.19,
      1232.69,
      1254.2,
      1255.6200000000001,
      1223.22,
      1577.3500000000001,
      1408.69,
      977.78,
      1511.33,
      1152.73,
      1302.56,
      1125.55,
      886.52,
      1332.2,
      1014.6600000000001,
      1419.32,
      1364.94,
      1109.95,
      530.53,
      1271.03,
      904.24,
      918.3900000000001,
      580.79,
      713.94,
      901.18,
      696.97,
      897.1800000000001,
      1019.92,
      605.53,
      1327.49,
      1336.46,
      1035.82,
      1302.9,
      1030.04,
      1058.8700000000001,
      1011.74,
      789.49,
      1342.41,
      1315.67,
      1269.3700000000001,
      825.08,
      1658.41,
      1399.25,
      1551.64,
      1188.03,
      1578.04,
      1567.02,
      1410.56,
      1388.8500000000001,
      1521.02,
      1334.99,
      1406.45,
      968.1700000000001,
      1277.08,
      1224.4,
      635.6800000000001,
      1209.5,
      869.91,
      1362.82,
      1129.83,
      1239.1,
      867.67,
      731.78,
      443.33,
      1033.91,
      775.1800000000001,
      840.02,
      890.28,
      1205.82,
      575.5699999999999,
      954.97,
      518.42,
      806.8100000000001,
      1204.1200000000001,
      1112.71,
      842.09,
      1151.97,
      1330.47,
      351.55,
      856.1700000000001,
      1048.79,
      971.41,
      1056.78,
      1027.7,
      1335.73,
      1058.58,
      1303.71,
      1279.73,
      1436.2,
      1550.04,
      1435.16,
      1065.38,
      1231.71,
      975.03,
      1263.33,
      839.09,
      1184.81,
      906.16,
      1101.33,
      1026.92,
      1019.91,
      873.8,
      1111.75,
      1280.04,
      1061.3,
      927.75,
      1305.41,
      1304.6000000000001,
      1402.75,
      1514.39,
      1142.3600000000001,
      1246.2,
      1441.0,
      1453.6,
      1629.74,
      1683.47,
      1287.71,
      1230.92,
      1126.47,
      888.44,
      862.02,
      1212.88,
      1282.95,
      1144.67,
      1183.03,
      1213.55,
      965.25,
      626.42,
      834.44,
      1437.32,
      1687.15,
      1410.3600000000001,
      1451.74,
      1532.23,
      983.37,
      1191.14,
      1604.94,
      1292.6,
      1521.43,
      1465.51,
      1152.56,
      756.16,
      891.21,
      1351.88,
      1368.42,
      1224.0700000000002,
      1221.12,
      1185.45,
      927.94,
      1171.31,
      1322.69,
      1332.74,
      1166.3799999999999,
      1270.73,
      1516.97,
      1163.22,
      1422.59,
      1360.72,
      1573.78,
      1460.95,
      1694.82,
      967.49,
      987.54,
      820.54,
      623.53,
      1229.65,
      1063.5,
      1353.08,
      1148.67,
      748.86,
      1221.46,
      1198.79,
      1265.25,
      1417.23,
      1381.8600000000001,
      1543.95,
      1043.93,
      1657.48,
      1426.1399999999999,
      1043.61,
      1492.7,
      1438.46,
      1424.4,
      803.15,
      1180.95,
      1169.5700000000002,
      1118.1200000000001,
      1237.13,
      871.68,
      1179.25,
      1027.77,
      1102.25,
      1167.1,
      1131.3500000000001,
      878.5,
      716.22,
      869.39,
      725.9
    ],
    "stopping_reason": "max_candidates",
    "operations": {
      "candidate_generation": 424,
      "feasibility_check": 400,
      "weight_evaluation": 400
    }
  }
}