{
  "graph": "graph_n12_d75_adj_matrix",
  "algorithm": "local",
  "result": {
    "graph_name": "graph_n12_d75_adj_matrix",
    "algorithm": "local",
    "best_weight": 2005.75,
    "best_matching": [
      3,
      8,
      20,
      27,
      35,
      45
    ],
    "runtime": 2.0018989289983438,
    "candidates": 50,
    "improvements": 4,
    "duplicates": 987,
    "infeasible": 0,
    "size_history": {
      "6": 11,
      "5": 10,
      "4": 12,
      "3": 10,
      "2": 6,
      "1": 1
    },
    "weight_history": [
      1845.54,
      1821.03,
      1963.6,
      1985.51,
      1980.1,
      1893.8600000000001,
      2005.75,
      1808.5900000000001,
      1993.92,
      1962.74,
      1864.32,
      1864.58,
      1734.69,
      1779.73,
      1850.47,
      1801.39,
      1748.8,
      1836.25,
      1852.75,
      1769.62,
      1713.88,
      1663.96,
      1602.08,
      1581.69,
      1647.46,
      1573.1399999999999,
      1564.74,
      1573.35,
      1352.68,
      1675.79,
      1618.37,
      1539.19,
      1547.81,
      1336.18,
      1273.94,
      967.98,
      1285.77,
      1314.5,
      1325.78,
      1317.99,
      1309.28,
      1306.16,
      1597.82,
      1289.66,
      935.76,
      913.69,
      951.48,
      922.75,
      907.73,
      528.99
    ],
    "stopping_reason": "time_limit",
    "operations": {
      "candidate_generation": 1037,
      "feasibility_check": 50,
      "weight_evaluation": 50
    }
  }
}