{
  "graph": "graph_n14_d50_adj_matrix",
  "algorithm": "random",
  "result": {
    "graph_name": "graph_n14_d50_adj_matrix",
    "algorithm": "random",
    "best_weight": 2260.21,
    "best_matching": [
      0,
      12,
      27,
      29,
      34,
      35,
      40
    ],
    "runtime": 0.0063602450009057065,
    "candidates": 400,
    "improvements": 4,
    "duplicates": 2,
    "infeasible": 0,
    "size_history": {
      "6": 111,
      "5": 125,
      "4": 84,
      "3": 53,
      "2": 18,
      "7": 8,
      "1": 1
    },
    "weight_history": [
      1863.79,
      1419.99,
      1549.66,
      1861.8799999999999,
      2033.8799999999999,
      1932.17,
      1829.06,
      1393.57,
      1636.23,
      1614.28,
      1937.3200000000002,
      1720.93,
      1293.2,
      1446.44,
      1777.48,
      1126.08,
      1484.25,
      1423.6,
      1447.35,
      1521.1799999999998,
      1479.15,
      1437.76,
      950.1,
      987.1500000000001,
      897.5899999999999,
      1198.58,
      1039.82,
      1299.01,
      738.76,
      865.16,
      794.36,
      1254.95,
      1184.46,
      899.51,
      859.9,
      762.7900000000001,
      1113.44,
      676.31,
      595.62,
      1098.19,
      907.75,
      773.76,
      540.69,
      1083.93,
      1238.9,
      980.85,
      1622.87,
      795.87,
      1306.88,
      1371.9099999999999,
      812.22,
      983.82,
      1302.4,
      1135.37,
      1320.67,
      1458.37,
      1631.65,
      1126.33,
      1311.58,
      1551.46,
      1683.23,
      1026.0,
      1612.05,
      1632.4,
      1223.1599999999999,
      1415.97,
      1485.4,
      1623.1200000000001,
      1062.18,
      1599.4,
      1759.57,
      1613.2,
      1575.53,
      1288.93,
      1789.18,
      1525.24,
      1352.97,
      1847.21,
      1607.99,
      1372.81,
      1406.11,
      1615.88,
      1534.83,
      1286.44,
      1739.21,
      1822.63,
      1539.57,
      1716.7,
      1325.46,
      1077.06,
      1360.19,
      1326.04,
      1210.83,
      1244.67,
      1200.3,
      1103.78,
      1188.92,
      823.5799999999999,
      703.8,
      1588.65,
      1431.5900000000001,
      1527.33,
      1366.06,
      1561.95,
      1215.44,
      1165.13,
      1530.4,
      1390.01,
      1516.53,
      1354.65,
      1344.48,
      1292.53,
      863.46,
      815.4,
      1067.93,
      1313.0,
      995.75,
      918.39,
      1068.24,
      1058.33,
      1216.78,
      674.98,
      1061.08,
      1033.23,
      742.31,
      1046.11,
      1214.15,
      727.6800000000001,
      893.12,
      1099.4099999999999,
      869.98,
      793.91,
      999.45,
      1554.33,
      1322.92,
      1294.65,
      1297.58,
      1228.26,
      883.0899999999999,
      1236.75,
      894.9399999999999,
      1200.85,
      1149.3899999999999,
      1074.13,
      1174.1599999999999,
      1454.79,
      1460.98,
      1395.48,
      1165.3,
      1412.49,
      1249.33,
      1410.75,
      1508.35,
      1580.75,
      1068.24,
      1582.33,
      1887.3500000000001,
      1609.1,
      1736.77,
      1519.1100000000001,
      1932.57,
      1843.4399999999998,
      1489.74,
      2078.93,
      1491.17,
      1625.04,
      2260.21,
      1621.55,
      1719.28,
      2013.58,
      1455.45,
      2157.1,
      1790.62,
      1796.95,
      1540.66,
      1708.85,
      2068.05,
      1747.8500000000001,
      1602.72,
      1453.74,
      1313.8600000000001,
      1817.46,
      2008.6,
      1232.34,
      1929.47,
      1648.44,
      1519.14,
      1294.87,
      1811.28,
      1351.88,
      1335.21,
      1671.65,
      1188.1,
      1487.48,
      1083.98,
      1172.1599999999999,
      1273.13,
      1220.26,
      1333.18,
      1152.28,
      1625.91,
      1216.29,
      1159.69,
      760.27,
      1256.1299999999999,
      1324.87,
      982.64,
      1307.54,
      1377.3899999999999,
      1601.28,
      1670.68,
      1161.31,
      1025.04,
      1497.04,
      1607.99,
      1131.14,
      1124.82,
      1178.97,
      1100.1399999999999,
      1705.6200000000001,
      1870.52,
      1804.3899999999999,
      1740.35,
      1412.2,
      2030.7,
      1531.27,
      1575.42,
      1321.37,
      1584.9,
      1465.02,
      1419.34,
      1319.18,
      1427.26,
      1750.53,
      1555.74,
      1315.17,
      1902.23,
      1294.72,
      1366.07,
      1252.83,
      1385.6200000000001,
      1137.49,
      1634.18,
      1601.59,
      1793.78,
      1863.81,
      1789.54,
      1643.02,
      1513.65,
      1936.92,
      1677.0,
      1595.22,
      1711.33,
      1781.2,
      1820.62,
      1552.83,
      1595.47,
      1738.5,
      1907.68,
      1796.43,
      1493.15,
      1340.18,
      1489.38,
      1845.3999999999999,
      1920.17,
      1637.97,
      1856.89,
      1457.69,
      1745.58,
      1615.38,
      1457.33,
      1772.24,
      1827.51,
      1402.08,
      1516.32,
      1530.81,
      1517.22,
      1377.33,
      1925.66,
      1368.67,
      1182.26,
      1560.1100000000001,
      1462.3700000000001,
      1257.59,
      1431.5,
      1522.8,
      1626.32,
      1590.5,
      1976.04,
      1857.97,
      1285.92,
      1372.3799999999999,
      1629.6499999999999,
      1750.49,
      1589.56,
      1794.58,
      1614.45,
      1458.55,
      1291.05,
      1391.21,
      1457.0,
      2005.92,
      841.48,
      1824.1100000000001,
      1320.19,
      1252.34,
      1567.33,
      1703.07,
      1041.13,
      1475.27,
      1511.1399999999999,
      1581.82,
      1587.06,
      1443.6299999999999,
      1606.56,
      1924.82,
      1835.97,
      1831.77,
      1642.91,
      1108.56,
      1455.53,
      1872.92,
      1963.37,
      1442.44,
      1417.3,
      1242.62,
      1483.92,
      1429.44,
      1552.48,
      1778.61,
      1069.47,
      754.37,
      1174.69,
      1122.24,
      1258.1,
      1276.8,
      1465.3,
      1234.07,
      1065.35,
      1047.16,
      1253.54,
      752.6899999999999,
      850.46,
      987.3,
      786.4399999999999,
      843.4300000000001,
      735.79,
      1132.18,
      885.65,
      941.05,
      640.55,
      974.9300000000001,
      1523.48,
      918.67,
      1310.48,
      965.64,
      1379.51,
      1636.27,
      1124.17,
      1228.02,
      1247.75,
      988.65,
      1309.81,
      810.95,
      864.1700000000001,
      805.1400000000001,
      1156.1100000000001,
      707.6800000000001,
      775.4,
      853.53,
      1071.35,
      1195.45,
      709.12,
      790.6899999999999,
      385.61,
      491.21,
      624.44,
      639.89,
      378.11,
      513.53,
      488.18,
      687.8199999999999,
      364.97,
      653.66,
      468.43,
      559.78,
      843.4200000000001,
      816.12,
      818.63,
      795.0600000000001,
      931.59,
      776.24,
      1208.8,
      824.47,
      797.31,
      920.89,
      599.36,
      695.0,
      732.05,
      358.18
    ],
    "stopping_reason": "max_candidates",
    "operations": {
      "candidate_generation": 402,
      "feasibility_check": 400,
      "weight_evaluation": 400
    }
  }
}