{
  "graph": "graph_n19_d25_adj_matrix",
  "algorithm": "local",
  "result": {
    "graph_name": "graph_n19_d25_adj_matrix",
    "algorithm": "local",
    "best_weight": 2765.51,
    "best_matching": [
      0,
      9,
      13,
      15,
      18,
      22,
      23,
      38,
      40
    ],
    "runtime": 2.001780250999218,
    "candidates": 96,
    "improvements": 2,
    "duplicates": 717,
    "infeasible": 0,
    "size_history": {
      "9": 8,
      "8": 13,
      "7": 12,
      "6": 12,
      "5": 20,
      "4": 19,
      "3": 11,
      "2": 1
    },
    "weight_history": [
      2697.12,
      2646.2,
      2678.11,
      2765.51,
      2715.0,
      2613.35,
      2718.21,
      2706.04,
      2456.02,
      2629.02,
      2728.02,
      2559.7,
      2505.42,
      2646.87,
      2342.73,
      2627.6,
      2554.51,
      2504.84,
      2647.21,
      2583.79,
      2443.13,
      2557.98,
      2439.34,
      2466.91,
      2294.04,
      2421.4900000000002,
      2415.15,
      2297.31,
      2163.05,
      2439.68,
      2397.59,
      2400.82,
      2470.58,
      2190.06,
      2259.38,
      2484.76,
      2159.17,
      2308.4700000000003,
      2135.2000000000003,
      2171.45,
      2115.84,
      2120.94,
      2185.14,
      2171.99,
      1965.82,
      1959.0,
      1963.92,
      1924.4,
      1951.64,
      1948.81,
      1947.97,
      1919.48,
      1997.06,
      1946.72,
      1934.5900000000001,
      1623.18,
      1586.8700000000001,
      1612.99,
      1652.51,
      1642.3200000000002,
      1581.75,
      1640.23,
      1604.51,
      1266.35,
      1561.18,
      1629.01,
      1215.77,
      1259.96,
      1247.68,
      1249.77,
      873.8,
      1244.94,
      1256.16,
      1215.45,
      1255.13,
      1230.63,
      1236.46,
      1926.13,
      1576.68,
      1574.5900000000001,
      1591.94,
      1557.54,
      1571.22,
      1570.27,
      1876.76,
      1573.27,
      1526.65,
      1583.5,
      1953.73,
      1908.49,
      1878.65,
      2254.46,
      1888.24,
      1940.42,
      1877.04,
      1929.67
    ],
    "stopping_reason": "time_limit",
    "operations": {
      "candidate_generation": 813,
      "feasibility_check": 96,
      "weight_evaluation": 96
    }
  }
}