{
  "graph": "graph_n6_d50_adj_matrix",
  "algorithm": "random",
  "result": {
    "graph_name": "graph_n6_d50_adj_matrix",
    "algorithm": "random",
    "best_weight": 940.58,
    "best_matching": [
      0,
      2
    ],
    "runtime": 2.0000400680000894,
    "candidates": 10,
    "improvements": 3,
    "duplicates": 340984,
    "infeasible": 0,
    "size_history": {
      "2": 9,
      "1": 1
    },
    "weight_history": [
      550.75,
      799.1600000000001,
      792.73,
      940.58,
      394.91999999999996,
      536.34,
      544.3199999999999,
      230.26,
      417.56,
      743.34
    ],
    "stopping_reason": "time_limit",
    "operations": {
      "candidate_generation": 340994,
      "feasibility_check": 10,
      "weight_evaluation": 10
    }
  }
}