{
  "graph": "graph_n12_d75_adj_matrix",
  "algorithm": "greedy",
  "result": {
    "graph_name": "graph_n12_d75_adj_matrix",
    "algorithm": "greedy",
    "best_weight": 2005.75,
    "best_matching": [
      3,
      8,
      20,
      27,
      35,
      45
    ],
    "runtime": 2.0000313889995596,
    "candidates": 48,
    "improvements": 3,
    "duplicates": 113635,
    "infeasible": 0,
    "size_history": {
      "6": 33,
      "5": 15
    },
    "weight_history": [
      1980.1,
      1864.32,
      1993.92,
      1689.1,
      1754.24,
      1713.88,
      1878.1399999999999,
      1697.38,
      1770.74,
      1963.6,
      1991.93,
      1696.24,
      1818.35,
      1911.65,
      1834.85,
      1675.7,
      1829.8899999999999,
      1732.56,
      1977.42,
      1821.03,
      1987.69,
      1679.74,
      1897.83,
      1788.5900000000001,
      2005.75,
      1876.15,
      1804.88,
      1879.05,
      1852.75,
      1794.56,
      1658.06,
      1664.09,
      1845.54,
      1804.53,
      1782.85,
      1788.38,
      1782.26,
      1889.97,
      1680.59,
      1796.67,
      1841.72,
      1863.4,
      1642.41,
      1896.04,
      1744.55,
      1795.11,
      1857.37,
      1846.03
    ],
    "stopping_reason": "time_limit",
    "operations": {
      "candidate_generation": 113683,
      "feasibility_check": 48,
      "weight_evaluation": 48
    }
  }
}