{
  "graph": "graph_n12_d50_adj_matrix",
  "algorithm": "local",
  "result": {
    "graph_name": "graph_n12_d50_adj_matrix",
    "algorithm": "local",
    "best_weight": 1974.08,
    "best_matching": [
      3,
      12,
      15,
      17,
      18,
      30
    ],
    "runtime": 2.0006938709993847,
    "candidates": 69,
    "improvements": 3,
    "duplicates": 804,
    "infeasible": 0,
    "size_history": {
      "5": 32,
      "4": 10,
      "6": 27
    },
    "weight_history": [
      1835.39,
      1793.22,
      1830.63,
      1748.33,
      1837.49,
      1782.94,
      1700.21,
      1754.21,
      1761.42,
      1697.89,
      1690.97,
      1563.62,
      1567.47,
      1547.81,
      1704.43,
      1649.77,
      1561.52,
      1529.16,
      1573.35,
      1602.08,
      1552.91,
      1523.5700000000002,
      1706.17,
      1752.46,
      1710.02,
      1777.1200000000001,
      1691.26,
      1826.78,
      1974.08,
      1795.1200000000001,
      1970.23,
      1799.13,
      1741.46,
      1962.74,
      1797.71,
      1673.17,
      1781.78,
      1809.54,
      1705.1200000000001,
      1744.48,
      1801.56,
      1769.13,
      1762.1100000000001,
      1964.84,
      1696.3600000000001,
      1798.8000000000002,
      1747.52,
      1791.02,
      1729.43,
      1688.8700000000001,
      1758.54,
      1745.94,
      1754.8600000000001,
      1769.28,
      1797.38,
      1706.93,
      1739.6200000000001,
      1736.92,
      1771.23,
      1736.72,
      1781.19,
      1741.72,
      1701.47,
      1710.14,
      1722.8200000000002,
      1694.82,
      1673.47,
      1696.46,
      1703.08
    ],
    "stopping_reason": "time_limit",
    "operations": {
      "candidate_generation": 873,
      "feasibility_check": 69,
      "weight_evaluation": 69
    }
  }
}