{
  "graph": "graph_n19_d50_adj_matrix",
  "algorithm": "local",
  "result": {
    "graph_name": "graph_n19_d50_adj_matrix",
    "algorithm": "local",
    "best_weight": 2776.03,
    "best_matching": [
      3,
      16,
      23,
      36,
      46,
      61,
      70,
      77,
      79
    ],
    "runtime": 2.0013109350002196,
    "candidates": 198,
    "improvements": 4,
    "duplicates": 551,
    "infeasible": 0,
    "size_history": {
      "9": 20,
      "8": 14,
      "7": 20,
      "6": 23,
      "5": 34,
      "4": 49,
      "3": 34,
      "2": 4
    },
    "weight_history": [
      2680.07,
      2738.93,
      2625.02,
      2699.91,
      2589.6,
      2625.54,
      2744.39,
      2478.24,
      2627.87,
      2696.06,
      2741.95,
      2776.03,
      2763.99,
      2699.16,
      2563.77,
      2709.67,
      2687.38,
      2733.23,
      2532.26,
      2673.9,
      2613.7200000000003,
      2638.78,
      2679.37,
      2623.13,
      2682.9,
      2654.39,
      2535.23,
      2603.25,
      2528.12,
      2623.94,
      2613.46,
      2492.89,
      2530.63,
      2532.32,
      2523.2,
      2379.45,
      2448.55,
      2516.33,
      2463.33,
      2556.93,
      2506.03,
      2447.27,
      2581.78,
      2508.04,
      2157.68,
      2271.18,
      2353.29,
      2149.7,
      2382.1,
      2114.64,
      2318.01,
      2233.29,
      2281.89,
      2273.91,
      2313.3,
      2436.67,
      2287.35,
      2415.69,
      2439.43,
      2488.13,
      2373.77,
      2501.35,
      2353.25,
      2587.6,
      2372.87,
      2459.33,
      2250.92,
      2214.5,
      2168.74,
      2334.37,
      2041.54,
      2410.11,
      2204.62,
      2351.25,
      2325.26,
      2139.46,
      2252.5699999999997,
      1970.6100000000001,
      2009.64,
      1975.87,
      2036.23,
      1971.8,
      2075.61,
      1998.05,
      2067.01,
      1985.65,
      1996.68,
      2062.77,
      1668.83,
      1643.3600000000001,
      1693.13,
      1949.05,
      1666.87,
      1568.8799999999999,
      1667.66,
      1716.46,
      1722.0900000000001,
      1714.5,
      1292.99,
      2017.56,
      1995.61,
      1931.05,
      1903.29,
      1969.5,
      1972.03,
      2200.06,
      1998.17,
      1892.26,
      2043.24,
      2017.01,
      1674.67,
      1627.04,
      1304.0900000000001,
      1641.4,
      1675.47,
      1676.56,
      1593.93,
      1683.06,
      1696.64,
      1294.95,
      1692.4,
      1229.34,
      1309.18,
      1303.55,
      1261.76,
      1276.49,
      1267.52,
      1296.5,
      1294.22,
      1323.91,
      1256.67,
      1279.49,
      1674.46,
      1630.33,
      1643.68,
      1653.37,
      1638.05,
      1645.06,
      1599.27,
      1631.29,
      1300.58,
      1688.8899999999999,
      1664.59,
      1997.09,
      1998.64,
      2012.75,
      1989.01,
      2294.11,
      1920.01,
      1923.07,
      1963.56,
      1996.21,
      2011.93,
      1944.5900000000001,
      1701.73,
      1582.93,
      1595.6399999999999,
      1636.09,
      1629.71,
      1638.3,
      1635.6399999999999,
      1613.99,
      1648.99,
      1623.54,
      1677.43,
      1269.48,
      1298.46,
      1301.59,
      911.0,
      1275.1100000000001,
      1238.74,
      1223.4,
      1290.71,
      1284.88,
      1257.47,
      885.55,
      1657.6100000000001,
      1625.24,
      1589.69,
      1621.73,
      1619.3,
      1610.04,
      1225.68,
      1607.3,
      1606.03,
      1599.56,
      1629.48,
      1245.5,
      1221.12,
      881.31,
      1232.09,
      1245.42,
      1253.1599999999999,
      1259.43,
      1232.15,
      1265.06,
      843.76,
      1230.99
    ],
    "stopping_reason": "time_limit",
    "operations": {
      "candidate_generation": 749,
      "feasibility_check": 198,
      "weight_evaluation": 198
    }
  }
}