{
  "random": {
    "mean_weight": 1193.28,
    "std_weight": 0.0,
    "min_weight": 1193.28,
    "max_weight": 1193.28,
    "absolute_gap": 0.0,
    "relative_gap": 0.0,
    "approximation_ratio": 1.0
  },
  "greedy": {
    "mean_weight": 1193.25,
    "std_weight": 0.04242640687115427,
    "min_weight": 1193.19,
    "max_weight": 1193.28,
    "absolute_gap": 0.029999999999972715,
    "relative_gap": 2.5140788415101834e-05,
    "approximation_ratio": 0.9999748592115849
  },
  "local": {
    "mean_weight": 1193.28,
    "std_weight": 0.0,
    "min_weight": 1193.28,
    "max_weight": 1193.28,
    "absolute_gap": 0.0,
    "relative_gap": 0.0,
    "approximation_ratio": 1.0
  }
}