{
  "graph": "graph_n19_d75_adj_matrix",
  "algorithm": "greedy",
  "result": {
    "graph_name": "graph_n19_d75_adj_matrix",
    "algorithm": "greedy",
    "best_weight": 2872.74,
    "best_matching": [
      8,
      19,
      26,
      36,
      53,
      59,
      76,
      97,
      116
    ],
    "runtime": 0.053035708000606974,
    "candidates": 400,
    "improvements": 6,
    "duplicates": 889,
    "infeasible": 0,
    "size_history": {
      "8": 152,
      "7": 42,
      "9": 203,
      "6": 3
    },
    "weight_history": [
      2723.86,
      2591.79,
      2617.0,
      2668.14,
      2663.96,
      2583.55,
      2642.26,
      2623.79,
      2668.11,
      2626.98,
      2614.83,
      2545.1,
      2469.01,
      2346.11,
      2471.94,
      2482.38,
      2545.8,
      2448.2400000000002,
      2560.64,
      2501.33,
      2446.41,
      2594.4,
      2599.18,
      2648.8,
      2603.94,
      2477.03,
      2671.07,
      2582.63,
      2396.73,
      2687.36,
      2632.54,
      2664.34,
      2560.03,
      2761.86,
      2615.2400000000002,
      2695.73,
      2721.28,
      2768.65,
      2721.9,
      2694.12,
      2569.52,
      2661.65,
      2665.94,
      2741.0299999999997,
      2617.34,
      2642.94,
      2613.98,
      2618.93,
      2660.7200000000003,
      2670.04,
      2725.08,
      2637.1,
      2673.69,
      2853.36,
      2697.05,
      2599.56,
      2364.17,
      2648.99,
      2684.09,
      2640.4,
      2542.64,
      2695.69,
      2635.97,
      2450.12,
      2645.87,
      2604.9,
      2681.48,
      2730.03,
      2755.13,
      2559.2,
      2716.55,
      2688.91,
      2702.81,
      2610.83,
      2728.63,
      2728.01,
      2850.4700000000003,
      2849.21,
      2627.68,
      2871.52,
      2710.79,
      2652.96,
      2739.59,
      2639.37,
      2668.48,
      2609.77,
      2518.37,
      2762.99,
      2630.37,
      2714.64,
      2558.04,
      2866.01,
      2661.94,
      2625.82,
      2831.09,
      2709.66,
      2812.97,
      2613.03,
      2718.35,
      2534.95,
      2745.57,
      2667.28,
      2595.4900000000002,
      2718.76,
      2716.39,
      2606.62,
      2755.18,
      2642.44,
      2769.73,
      2704.45,
      2719.16,
      2663.68,
      2826.94,
      2623.4700000000003,
      2752.3,
      2678.56,
      2658.13,
      2666.72,
      2677.19,
      2712.59,
      2599.33,
      2494.17,
      2608.9700000000003,
      2830.04,
      2654.18,
      2854.49,
      2570.74,
      2621.55,
      2617.89,
      2694.39,
      2634.7400000000002,
      2806.2400000000002,
      2566.53,
      2688.21,
      2603.4900000000002,
      2619.9900000000002,
      2557.04,
      2580.46,
      2606.42,
      2580.06,
      2533.46,
      2553.89,
      2646.06,
      2489.11,
      2386.65,
      2465.88,
      2474.27,
      2282.11,
      2373.76,
      2440.67,
      2460.58,
      2351.43,
      2495.34,
      2537.15,
      2440.82,
      2699.88,
      2679.5,
      2552.83,
      2480.47,
      2711.27,
      2686.23,
      2790.7000000000003,
      2497.19,
      2627.39,
      2639.27,
      2668.5,
      2675.23,
      2719.32,
      2630.54,
      2660.36,
      2770.27,
      2674.55,
      2786.55,
      2730.42,
      2638.95,
      2586.19,
      2549.6800000000003,
      2661.41,
      2600.4,
      2604.71,
      2658.65,
      2681.76,
      2741.48,
      2630.65,
      2593.07,
      2496.34,
      2512.29,
      2705.7400000000002,
      2698.33,
      2670.02,
      2846.63,
      2802.09,
      2735.79,
      2743.02,
      2694.28,
      2684.06,
      2707.91,
      2625.25,
      2714.11,
      2790.92,
      2700.83,
      2739.64,
      2769.06,
      2682.76,
      2711.18,
      2872.74,
      2717.52,
      2641.36,
      2691.84,
      2685.31,
      2763.0,
      2717.9,
      2750.4,
      2737.62,
      2696.52,
      2477.32,
      2842.48,
      2738.33,
      2734.3,
      2680.12,
      2674.0099999999998,
      2645.51,
      2717.69,
      2725.52,
      2850.34,
      2720.92,
      2683.92,
      2644.44,
      2687.9,
      2660.4300000000003,
      2682.7,
      2675.9700000000003,
      2711.24,
      2682.38,
      2676.09,
      2661.79,
      2632.53,
      2766.12,
      2802.74,
      2718.79,
      2744.36,
      2562.69,
      2663.87,
      2627.32,
      2633.93,
      2611.59,
      2712.06,
      2550.5099999999998,
      2781.24,
      2703.2200000000003,
      2635.71,
      2765.29,
      2843.61,
      2643.89,
      2529.43,
      2535.46,
      2661.82,
      2472.55,
      2623.78,
      2628.78,
      2528.14,
      2719.02,
      2639.33,
      2578.61,
      2355.2,
      2356.26,
      2304.49,
      2534.73,
      2508.06,
      2448.58,
      2430.91,
      2365.13,
      2465.41,
      2469.77,
      2567.37,
      2687.89,
      2605.12,
      2675.26,
      2584.28,
      2625.44,
      2327.48,
      2658.4,
      2529.25,
      2603.36,
      2600.0,
      2620.43,
      2806.73,
      2593.96,
      2676.36,
      2725.2,
      2733.27,
      2696.7400000000002,
      2709.82,
      2693.58,
      2578.12,
      2814.1,
      2740.15,
      2793.32,
      2602.08,
      2808.86,
      2754.06,
      2666.35,
      2761.94,
      2685.7200000000003,
      2758.9700000000003,
      2526.93,
      2656.51,
      2673.85,
      2506.06,
      2689.06,
      2541.96,
      2647.75,
      2769.87,
      2628.39,
      2710.43,
      2608.15,
      2582.92,
      2756.26,
      2723.69,
      2737.11,
      2737.42,
      2751.53,
      2728.13,
      2733.35,
      2717.68,
      2808.82,
      2749.44,
      2575.75,
      2639.64,
      2656.49,
      2740.26,
      2719.01,
      2673.36,
      2641.2200000000003,
      2657.73,
      2706.15,
      2738.54,
      2658.0,
      2707.38,
      2704.07,
      2605.23,
      2641.39,
      2718.0,
      2505.89,
      2708.32,
      2671.94,
      2614.09,
      2716.74,
      2596.57,
      2683.23,
      2485.79,
      2501.6,
      2659.75,
      2564.21,
      2755.54,
      2556.05,
      2571.13,
      2613.27,
      2621.04,
      2635.59,
      2692.37,
      2714.94,
      2665.09,
      2618.74,
      2402.61,
      2563.07,
      2641.19,
      2654.12,
      2652.74,
      2717.96,
      2632.12,
      2637.0,
      2571.69,
      2620.63,
      2806.51,
      2585.06,
      2581.65,
      2784.21,
      2643.53,
      2600.92,
      2678.7,
      2671.0299999999997,
      2617.13,
      2585.59,
      2834.65,
      2618.7400000000002,
      2723.17,
      2648.35,
      2618.15,
      2690.38,
      2694.4700000000003,
      2728.4700000000003,
      2464.19,
      2639.65,
      2638.2,
      2673.48,
      2420.24,
      2415.94,
      2447.95,
      2296.07
    ],
    "stopping_reason": "max_candidates",
    "operations": {
      "candidate_generation": 1289,
      "feasibility_check": 400,
      "weight_evaluation": 400
    }
  }
}