{
  "graph": "graph_n14_d12.5_adj_matrix",
  "algorithm": "random",
  "result": {
    "graph_name": "graph_n14_d12.5_adj_matrix",
    "algorithm": "random",
    "best_weight": 1053.79,
    "best_matching": [
      1,
      2,
      4,
      6,
      8
    ],
    "runtime": 2.000022040001568,
    "candidates": 39,
    "improvements": 4,
    "duplicates": 275516,
    "infeasible": 0,
    "size_history": {
      "4": 18,
      "3": 17,
      "2": 2,
      "5": 2
    },
    "weight_history": [
      842.0500000000001,
      955.06,
      1034.83,
      586.4,
      807.22,
      800.76,
      892.03,
      818.53,
      839.43,
      889.91,
      874.26,
      688.79,
      775.53,
      793.3,
      606.8,
      414.78,
      496.64,
      870.95,
      671.0500000000001,
      627.69,
      643.3399999999999,
      527.03,
      964.65,
      659.9,
      850.58,
      604.17,
      631.85,
      585.78,
      855.3,
      884.88,
      857.7,
      673.14,
      932.44,
      1021.58,
      1053.79,
      859.82,
      705.35,
      852.67,
      649.62
    ],
    "stopping_reason": "time_limit",
    "operations": {
      "candidate_generation": 275555,
      "feasibility_check": 39,
      "weight_evaluation": 39
    }
  }
}