{
  "graph": "graph_n19_d50_adj_matrix",
  "algorithm": "greedy",
  "result": {
    "graph_name": "graph_n19_d50_adj_matrix",
    "algorithm": "greedy",
    "best_weight": 2832.79,
    "best_matching": [
      6,
      19,
      23,
      36,
      50,
      57,
      61,
      68,
      70
    ],
    "runtime": 2.0000358510005753,
    "candidates": 162,
    "improvements": 6,
    "duplicates": 80918,
    "infeasible": 0,
    "size_history": {
      "9": 22,
      "8": 22,
      "7": 12,
      "6": 10,
      "5": 21,
      "4": 33,
      "3": 21,
      "2": 13,
      "1": 8
    },
    "weight_history": [
      2638.78,
      2597.86,
      2642.91,
      2534.34,
      2530.5299999999997,
      2711.71,
      2576.5699999999997,
      2497.15,
      2654.39,
      2607.54,
      2623.13,
      2618.96,
      2482.78,
      2681.03,
      2626.89,
      2738.93,
      2494.9,
      2538.09,
      2680.07,
      2655.27,
      2618.44,
      2613.46,
      2651.93,
      2688.4700000000003,
      2768.65,
      2729.4,
      2558.98,
      2739.84,
      2681.99,
      2832.79,
      2694.52,
      2602.73,
      2768.11,
      2464.15,
      2574.97,
      2558.46,
      2536.12,
      2623.42,
      2551.75,
      2585.7,
      2540.92,
      2614.92,
      2706.12,
      2581.92,
      2334.34,
      2564.89,
      2459.33,
      2603.0,
      2441.7,
      2580.37,
      2532.32,
      2430.92,
      2458.3,
      2561.13,
      2450.74,
      2078.09,
      2457.63,
      2381.56,
      2204.62,
      2353.29,
      2127.44,
      2273.91,
      2271.18,
      2062.77,
      2267.54,
      2351.25,
      2009.97,
      1997.09,
      1996.21,
      2114.64,
      1714.5,
      1995.61,
      2067.01,
      2075.61,
      1926.27,
      1996.68,
      2043.24,
      1688.8899999999999,
      1677.43,
      1667.66,
      1664.59,
      1716.46,
      1693.13,
      1674.46,
      1294.22,
      1683.06,
      1589.69,
      1722.0900000000001,
      1987.87,
      1966.17,
      1954.27,
      2292.15,
      1949.05,
      2009.64,
      1875.29,
      1994.54,
      2017.56,
      1985.65,
      1975.87,
      1692.4,
      1701.73,
      1666.87,
      1674.67,
      1696.64,
      1627.04,
      1675.47,
      1653.37,
      1630.27,
      1580.39,
      1610.08,
      1301.59,
      1249.66,
      902.4,
      1323.91,
      1296.5,
      1250.81,
      1230.99,
      1303.55,
      1218.09,
      1593.93,
      1304.0900000000001,
      1648.99,
      1619.3,
      1631.29,
      1635.6399999999999,
      1643.68,
      1300.58,
      1641.4,
      1601.67,
      1597.9099999999999,
      1629.48,
      1598.15,
      1283.73,
      905.9100000000001,
      1279.49,
      1276.49,
      1309.18,
      1275.1100000000001,
      1290.71,
      1267.52,
      1298.46,
      1256.67,
      1233.42,
      876.9300000000001,
      911.0,
      885.55,
      891.1800000000001,
      493.0,
      838.75,
      883.5899999999999,
      881.31,
      863.5799999999999,
      824.02,
      858.49,
      458.93,
      445.58,
      412.91,
      425.84,
      418.0,
      409.4,
      398.18,
      847.24
    ],
    "stopping_reason": "time_limit",
    "operations": {
      "candidate_generation": 81080,
      "feasibility_check": 162,
      "weight_evaluation": 162
    }
  }
}