{
  "graph": "graph_n12_d50_adj_matrix",
  "algorithm": "random",
  "result": {
    "graph_name": "graph_n12_d50_adj_matrix",
    "algorithm": "random",
    "best_weight": 1809.54,
    "best_matching": [
      3,
      7,
      16,
      24,
      28,
      31
    ],
    "runtime": 2.000034882001273,
    "candidates": 243,
    "improvements": 9,
    "duplicates": 193266,
    "infeasible": 0,
    "size_history": {
      "4": 36,
      "5": 84,
      "6": 14,
      "3": 36,
      "2": 40,
      "1": 33
    },
    "weight_history": [
      1124.75,
      1295.92,
      925.05,
      876.88,
      1068.72,
      1276.7,
      1459.87,
      1508.74,
      1155.12,
      1585.19,
      1377.54,
      1521.46,
      1635.82,
      1558.66,
      898.12,
      1110.11,
      910.28,
      1297.7,
      1603.32,
      1690.97,
      1331.0,
      1421.3899999999999,
      1246.6100000000001,
      1384.98,
      1298.71,
      1758.54,
      1538.1,
      993.3100000000001,
      1458.32,
      924.18,
      1245.06,
      1211.91,
      1544.31,
      1505.78,
      1706.17,
      1182.0,
      1460.95,
      1152.81,
      1582.05,
      1415.42,
      1288.51,
      1228.22,
      1339.13,
      1472.42,
      1437.26,
      1591.5,
      1036.34,
      1543.95,
      1232.07,
      1463.68,
      1689.29,
      1296.92,
      1485.92,
      1403.6200000000001,
      1618.5,
      1523.51,
      1809.54,
      1333.26,
      1352.44,
      1127.85,
      1496.88,
      1183.75,
      1795.1200000000001,
      1495.56,
      1009.67,
      1442.58,
      1137.62,
      1158.37,
      1296.61,
      1515.01,
      1123.42,
      1094.76,
      975.03,
      1127.8600000000001,
      1481.55,
      1376.46,
      1023.83,
      1423.68,
      815.07,
      1392.52,
      1529.27,
      1522.18,
      1308.48,
      1769.28,
      1417.53,
      1283.98,
      1351.33,
      1524.14,
      1398.4099999999999,
      1225.3,
      1308.6200000000001,
      1542.21,
      1166.3799999999999,
      1312.3999999999999,
      1682.56,
      1177.94,
      958.27,
      1047.69,
      1417.48,
      1184.7,
      1492.7,
      1673.17,
      1276.23,
      1690.76,
      1079.28,
      1394.47,
      1476.65,
      913.66,
      1427.6,
      1271.67,
      1540.46,
      1478.48,
      985.69,
      1086.2,
      1423.27,
      1412.3700000000001,
      1163.26,
      1646.92,
      1584.51,
      1791.02,
      1315.66,
      850.81,
      1317.23,
      1297.05,
      825.27,
      1436.27,
      870.2,
      1079.8899999999999,
      1347.17,
      1168.08,
      1271.16,
      1127.63,
      797.39,
      1354.88,
      449.18,
      1079.21,
      797.69,
      583.35,
      998.28,
      870.61,
      990.08,
      945.1,
      888.53,
      553.23,
      553.73,
      445.69000000000005,
      879.0,
      631.94,
      389.4,
      591.27,
      519.67,
      292.69,
      674.73,
      463.43,
      571.88,
      285.73,
      268.0,
      221.78,
      408.02,
      490.32,
      417.41,
      528.99,
      336.55,
      369.49,
      327.94,
      419.93999999999994,
      302.35,
      693.75,
      942.34,
      758.26,
      776.05,
      696.7,
      448.49,
      542.65,
      615.84,
      1040.1100000000001,
      594.33,
      595.19,
      815.1800000000001,
      484.88,
      796.71,
      960.5,
      1167.1,
      985.4300000000001,
      626.42,
      892.0799999999999,
      778.07,
      624.95,
      648.78,
      1048.65,
      488.76,
      782.91,
      420.21000000000004,
      364.53999999999996,
      534.32,
      393.93,
      575.37,
      373.99,
      645.1700000000001,
      873.55,
      686.52,
      740.81,
      504.5,
      977.78,
      631.61,
      820.0500000000001,
      707.87,
      1023.4300000000001,
      924.28,
      379.67,
      705.0,
      580.54,
      616.33,
      527.22,
      570.81,
      552.86,
      696.78,
      467.93,
      514.02,
      469.45000000000005,
      134.63,
      93.94,
      91.05,
      394.55,
      152.21,
      312.54,
      237.19,
      292.59,
      420.08,
      143.45,
      176.26,
      81.39,
      357.8,
      461.59,
      211.3,
      384.24,
      111.65,
      127.35,
      133.15,
      279.29,
      214.68,
      406.77,
      338.18
    ],
    "stopping_reason": "time_limit",
    "operations": {
      "candidate_generation": 193509,
      "feasibility_check": 243,
      "weight_evaluation": 243
    }
  }
}