{
  "random": {
    "mean_weight": 2533.786666666667,
    "std_weight": 164.82491201945848,
    "min_weight": 2301.23,
    "max_weight": 2663.81,
    "absolute_gap": 360.29333333333307,
    "relative_gap": 0.12449321833996747,
    "approximation_ratio": 0.8755067816600325
  },
  "greedy": {
    "mean_weight": 2834.94,
    "std_weight": 3.040559159102283,
    "min_weight": 2832.79,
    "max_weight": 2839.2400000000002,
    "absolute_gap": 59.13999999999987,
    "relative_gap": 0.020434818664307786,
    "approximation_ratio": 0.9795651813356923
  },
  "local": {
    "mean_weight": 2838.31,
    "std_weight": 48.41305402471517,
    "min_weight": 2776.03,
    "max_weight": 2894.08,
    "absolute_gap": 55.76999999999998,
    "relative_gap": 0.019270372622733296,
    "approximation_ratio": 0.9807296273772667
  }
}