{
  "graph": "graph_n13_d12.5_adj_matrix",
  "algorithm": "random",
  "result": {
    "graph_name": "graph_n13_d12.5_adj_matrix",
    "algorithm": "random",
    "best_weight": 1419.29,
    "best_matching": [
      1,
      2,
      3,
      6
    ],
    "runtime": 2.000014410001313,
    "candidates": 17,
    "improvements": 3,
    "duplicates": 329664,
    "infeasible": 0,
    "size_history": {
      "5": 1,
      "3": 3,
      "4": 13
    },
    "weight_history": [
      1138.67,
      817.17,
      1222.99,
      732.17,
      894.73,
      732.85,
      1091.03,
      487.66999999999996,
      889.8199999999999,
      894.17,
      1419.29,
      1286.31,
      1110.3899999999999,
      948.51,
      1013.47,
      1306.69,
      1090.01
    ],
    "stopping_reason": "time_limit",
    "operations": {
      "candidate_generation": 329681,
      "feasibility_check": 17,
      "weight_evaluation": 17
    }
  }
}