{
  "graph": "graph_n16_d50_adj_matrix",
  "algorithm": "local",
  "result": {
    "graph_name": "graph_n16_d50_adj_matrix",
    "algorithm": "local",
    "best_weight": 2924.71,
    "best_matching": [
      3,
      12,
      18,
      21,
      29,
      45,
      54,
      59
    ],
    "runtime": 2.002162288999898,
    "candidates": 256,
    "improvements": 4,
    "duplicates": 520,
    "infeasible": 0,
    "size_history": {
      "8": 29,
      "7": 70,
      "6": 67,
      "5": 41,
      "4": 23,
      "3": 15,
      "2": 9,
      "1": 2
    },
    "weight_history": [
      2766.97,
      2830.44,
      2697.3,
      2904.8,
      2856.04,
      2683.01,
      2924.71,
      2839.86,
      2708.57,
      2624.13,
      2632.03,
      2597.97,
      2469.64,
      2637.46,
      2757.38,
      2729.3,
      2573.36,
      2490.0,
      2648.2,
      2754.9,
      2622.14,
      2636.03,
      2465.5,
      2768.46,
      2739.3,
      2770.7200000000003,
      2458.4700000000003,
      2491.65,
      2599.21,
      2772.05,
      2756.86,
      2669.4900000000002,
      2546.88,
      2823.57,
      2477.39,
      2520.15,
      2635.37,
      2400.07,
      2583.01,
      2606.43,
      2564.15,
      2658.84,
      2501.78,
      2797.9700000000003,
      2500.33,
      2364.9900000000002,
      2485.25,
      2334.09,
      2355.0,
      2401.33,
      2505.75,
      2436.86,
      2389.76,
      2324.96,
      2441.5,
      2712.66,
      2583.65,
      2499.9900000000002,
      2611.03,
      2689.67,
      2491.1,
      2658.14,
      2509.35,
      2683.19,
      2717.54,
      2500.68,
      2400.88,
      2494.55,
      2396.3,
      2412.71,
      2450.68,
      2536.32,
      2506.85,
      2383.87,
      2374.87,
      2306.71,
      2329.06,
      2211.82,
      2162.35,
      2175.4700000000003,
      2069.19,
      2187.67,
      2077.74,
      2209.21,
      1858.75,
      2120.14,
      2206.04,
      2185.06,
      2525.93,
      2357.21,
      2374.57,
      2395.55,
      2311.02,
      2349.2,
      2419.23,
      2398.7200000000003,
      2410.79,
      2398.32,
      2476.18,
      2035.99,
      2088.95,
      2071.8,
      2189.0299999999997,
      2203.43,
      2005.44,
      1789.8600000000001,
      2086.34,
      2087.08,
      2046.67,
      2157.1,
      1792.03,
      1745.66,
      1412.3,
      1747.46,
      1864.53,
      1741.66,
      1797.81,
      1730.31,
      1721.8,
      2053.79,
      1767.2,
      2061.57,
      2071.94,
      2049.01,
      2050.88,
      2100.09,
      2337.73,
      2122.31,
      2106.58,
      2147.26,
      2181.25,
      2059.37,
      2381.13,
      2430.2,
      2392.37,
      2395.08,
      2341.7,
      2509.46,
      2487.86,
      2358.9300000000003,
      2018.82,
      2350.7200000000003,
      2335.27,
      2665.83,
      2564.06,
      2632.82,
      2549.43,
      2695.65,
      2501.34,
      2541.93,
      2626.76,
      2581.34,
      2488.88,
      2522.02,
      2733.36,
      2782.46,
      2899.11,
      2836.13,
      2788.67,
      2630.2400000000002,
      2602.48,
      2749.34,
      2610.77,
      2738.44,
      2639.6800000000003,
      2697.85,
      2631.01,
      2633.2,
      2526.94,
      2621.29,
      2569.48,
      2609.05,
      2436.96,
      2602.92,
      2658.42,
      2358.86,
      2434.94,
      2244.85,
      2368.2200000000003,
      2478.89,
      2309.2,
      2365.61,
      2585.92,
      2344.53,
      2335.18,
      2360.78,
      2385.55,
      2580.36,
      2636.12,
      2628.08,
      2564.85,
      2644.66,
      2505.11,
      2628.34,
      2565.91,
      2703.01,
      2737.11,
      2545.7,
      2371.17,
      2417.35,
      2388.16,
      2311.12,
      2324.03,
      2545.79,
      2345.95,
      2410.0,
      2337.2,
      2344.85,
      2315.66,
      2069.96,
      2379.1,
      2089.87,
      2108.75,
      2138.2,
      2028.27,
      2088.43,
      2049.02,
      1769.81,
      2058.32,
      2044.8200000000002,
      1773.66,
      1724.41,
      1840.38,
      1722.67,
      1742.29,
      1742.58,
      1727.7,
      1762.76,
      1739.68,
      1765.71,
      1744.85,
      1422.52,
      1400.17,
      1392.3899999999999,
      1377.12,
      1377.75,
      1343.41,
      1398.37,
      1418.08,
      1375.24,
      1383.02,
      1371.97,
      945.94,
      976.0699999999999,
      941.01,
      489.29,
      923.35,
      909.0799999999999,
      925.52,
      935.74,
      933.23,
      931.3,
      486.78,
      1354.19,
      1352.02,
      1359.97
    ],
    "stopping_reason": "time_limit",
    "operations": {
      "candidate_generation": 776,
      "feasibility_check": 256,
      "weight_evaluation": 256
    }
  }
}