{
  "graph": "graph_n18_d12.5_adj_matrix",
  "algorithm": "random",
  "result": {
    "graph_name": "graph_n18_d12.5_adj_matrix",
    "algorithm": "random",
    "best_weight": 2215.7400000000002,
    "best_matching": [
      2,
      4,
      6,
      8,
      12,
      14,
      17
    ],
    "runtime": 2.000027013998988,
    "candidates": 206,
    "improvements": 9,
    "duplicates": 218585,
    "infeasible": 0,
    "size_history": {
      "6": 93,
      "5": 69,
      "7": 30,
      "4": 13,
      "3": 1
    },
    "weight_history": [
      1276.01,
      1696.46,
      1609.88,
      1519.05,
      1448.78,
      1548.99,
      1713.85,
      1218.02,
      1465.98,
      1772.92,
      1899.28,
      1517.0700000000002,
      1265.29,
      1776.24,
      1590.69,
      1326.95,
      1218.3,
      1793.17,
      1726.6100000000001,
      1645.44,
      1760.64,
      1647.0,
      1783.94,
      1299.31,
      1965.53,
      1909.8,
      2151.56,
      1776.79,
      1903.88,
      1330.8899999999999,
      1530.33,
      1765.93,
      1452.72,
      1259.35,
      1395.24,
      989.54,
      1234.96,
      1321.69,
      1551.29,
      1714.5,
      1539.79,
      1719.5900000000001,
      1487.5,
      1827.04,
      1210.59,
      1543.81,
      1675.1,
      1574.1100000000001,
      1246.0,
      1141.58,
      1401.3,
      1460.6399999999999,
      1315.71,
      1184.43,
      1359.7,
      1202.17,
      877.28,
      1131.46,
      1204.22,
      964.72,
      1111.88,
      885.31,
      458.0,
      1227.31,
      709.08,
      778.14,
      1357.1,
      1327.48,
      1336.83,
      1180.26,
      1051.5,
      1311.14,
      1489.0,
      1500.66,
      1506.95,
      1508.53,
      1434.95,
      1956.1100000000001,
      1355.62,
      1466.8200000000002,
      1545.53,
      1338.96,
      1592.07,
      1876.15,
      1628.47,
      1640.18,
      1798.16,
      1623.21,
      1269.64,
      1091.33,
      1107.99,
      1478.04,
      1235.02,
      1314.63,
      1216.58,
      1073.29,
      1194.74,
      1334.47,
      1456.01,
      1483.48,
      1820.29,
      1294.76,
      1813.5900000000001,
      1458.66,
      1507.03,
      960.32,
      1729.76,
      1455.36,
      1950.85,
      1939.99,
      1220.0,
      1490.83,
      1270.12,
      1398.43,
      1320.97,
      1501.69,
      1344.01,
      1501.01,
      1407.35,
      983.6,
      1422.67,
      1545.05,
      1837.1000000000001,
      1471.92,
      1438.7,
      1735.74,
      1533.44,
      1673.1200000000001,
      1484.89,
      1567.39,
      1782.05,
      1776.0700000000002,
      2174.69,
      1167.77,
      1864.1200000000001,
      1962.13,
      1282.65,
      1874.23,
      1920.54,
      1907.8200000000002,
      1870.55,
      1905.17,
      1629.42,
      1526.3400000000001,
      1473.3700000000001,
      1174.32,
      2000.63,
      1415.45,
      1493.77,
      1465.44,
      1689.78,
      1714.45,
      2041.68,
      1981.44,
      1686.38,
      2146.3,
      1622.8700000000001,
      1045.94,
      1344.99,
      1495.75,
      1673.4,
      1096.19,
      2215.7400000000002,
      1639.5,
      1898.6200000000001,
      1419.13,
      1657.54,
      1921.08,
      1443.52,
      1650.15,
      2022.49,
      1450.07,
      1586.58,
      1691.2,
      1000.26,
      1785.99,
      1501.04,
      2105.25,
      1948.8700000000001,
      1533.73,
      1409.02,
      1746.74,
      2089.34,
      1231.28,
      1690.06,
      1460.18,
      1510.43,
      1358.49,
      2094.6,
      1291.64,
      1915.28,
      1634.24,
      1593.19,
      1234.68,
      2048.29,
      1924.48,
      1857.5700000000002,
      1310.83,
      1639.53,
      1731.11,
      1469.38,
      1454.7,
      1371.94,
      1551.47,
      1402.47,
      1280.6399999999999
    ],
    "stopping_reason": "time_limit",
    "operations": {
      "candidate_generation": 218791,
      "feasibility_check": 206,
      "weight_evaluation": 206
    }
  }
}