{
  "graph": "graph_n16_d12.5_adj_matrix",
  "algorithm": "greedy",
  "result": {
    "graph_name": "graph_n16_d12.5_adj_matrix",
    "algorithm": "greedy",
    "best_weight": 1391.68,
    "best_matching": [
      0,
      6,
      11,
      13
    ],
    "runtime": 2.000040971999624,
    "candidates": 36,
    "improvements": 4,
    "duplicates": 287592,
    "infeasible": 0,
    "size_history": {
      "3": 16,
      "4": 5,
      "2": 12,
      "1": 3
    },
    "weight_history": [
      1122.9,
      1133.58,
      1148.6100000000001,
      1092.47,
      1080.08,
      1059.27,
      1061.9099999999999,
      1391.68,
      1226.3400000000001,
      1241.3700000000001,
      1381.0,
      1075.32,
      1085.0,
      1069.97,
      1185.23,
      1095.11,
      1059.29,
      1046.88,
      1036.2,
      1069.4,
      1042.12,
      780.87,
      837.01,
      770.76,
      763.72,
      821.98,
      773.4,
      817.22,
      505.62,
      753.61,
      758.37,
      811.3,
      747.69,
      459.16,
      442.01,
      747.6700000000001
    ],
    "stopping_reason": "time_limit",
    "operations": {
      "candidate_generation": 287628,
      "feasibility_check": 36,
      "weight_evaluation": 36
    }
  }
}