{
  "graph": "graph_n17_d12.5_adj_matrix",
  "algorithm": "random",
  "result": {
    "graph_name": "graph_n17_d12.5_adj_matrix",
    "algorithm": "random",
    "best_weight": 2074.9,
    "best_matching": [
      0,
      4,
      6,
      8,
      12,
      13,
      16
    ],
    "runtime": 2.0000255550003203,
    "candidates": 100,
    "improvements": 8,
    "duplicates": 233849,
    "infeasible": 0,
    "size_history": {
      "6": 59,
      "5": 33,
      "4": 2,
      "7": 6
    },
    "weight_history": [
      1610.73,
      1750.18,
      1276.53,
      1490.46,
      1668.69,
      1649.98,
      1675.81,
      1763.9,
      1636.56,
      1843.38,
      1661.71,
      1157.3,
      1034.89,
      1102.33,
      931.19,
      1114.87,
      1254.2,
      1481.19,
      1081.5,
      1485.02,
      1356.23,
      1081.04,
      1891.62,
      1457.09,
      1962.68,
      1402.28,
      1494.69,
      1042.25,
      1721.04,
      1709.18,
      1880.28,
      1625.9299999999998,
      1929.31,
      1425.33,
      1251.63,
      1607.82,
      1015.86,
      1472.26,
      1283.89,
      1611.02,
      1307.15,
      1212.6399999999999,
      1522.26,
      1260.67,
      1581.1599999999999,
      1074.14,
      1721.95,
      1789.43,
      1849.67,
      1485.77,
      1666.8799999999999,
      1480.31,
      1702.16,
      1600.95,
      1769.97,
      1349.15,
      1780.1,
      2021.74,
      1867.57,
      1829.8799999999999,
      2074.9,
      2055.11,
      1280.0,
      1473.23,
      1386.08,
      1663.71,
      1467.54,
      1453.44,
      1508.54,
      1833.26,
      1887.36,
      1144.44,
      1528.33,
      1394.92,
      1683.35,
      1107.51,
      1420.07,
      1547.79,
      1687.67,
      1813.47,
      1460.52,
      1588.24,
      1608.03,
      1695.08,
      1555.63,
      1714.8700000000001,
      1852.37,
      1643.92,
      1422.07,
      1434.17,
      1315.78,
      1924.99,
      1062.04,
      1645.72,
      1842.59,
      1303.68,
      1521.6399999999999,
      1822.8,
      1114.59,
      1797.27
    ],
    "stopping_reason": "time_limit",
    "operations": {
      "candidate_generation": 233949,
      "feasibility_check": 100,
      "weight_evaluation": 100
    }
  }
}