{
  "graph": "graph_n19_d25_adj_matrix",
  "algorithm": "random",
  "result": {
    "graph_name": "graph_n19_d25_adj_matrix",
    "algorithm": "random",
    "best_weight": 2632.75,
    "best_matching": [
      0,
      9,
      14,
      15,
      18,
      21,
      25,
      27,
      32
    ],
    "runtime": 0.006364643999404507,
    "candidates": 400,
    "improvements": 10,
    "duplicates": 5,
    "infeasible": 0,
    "size_history": {
      "9": 35,
      "8": 152,
      "7": 126,
      "6": 63,
      "5": 22,
      "4": 2
    },
    "weight_history": [
      1948.26,
      1752.75,
      2093.15,
      2106.86,
      2048.45,
      1867.52,
      1495.24,
      2104.93,
      1496.13,
      2143.34,
      1855.61,
      1555.6499999999999,
      1695.83,
      1669.91,
      1442.43,
      1486.71,
      1457.68,
      1351.18,
      1700.2,
      1384.71,
      1720.56,
      1544.0,
      1460.54,
      1677.39,
      970.8299999999999,
      1897.91,
      1574.45,
      1462.07,
      1674.6100000000001,
      1128.5,
      1133.06,
      1084.19,
      1452.69,
      1773.05,
      1191.03,
      1339.38,
      1719.45,
      1354.85,
      2043.28,
      1367.23,
      1894.04,
      1640.02,
      1665.94,
      1145.55,
      1552.39,
      1050.23,
      1119.21,
      1745.89,
      1255.79,
      1747.3500000000001,
      1108.37,
      1461.35,
      1528.16,
      1352.17,
      1687.49,
      1098.85,
      1031.53,
      1232.92,
      784.96,
      833.53,
      903.52,
      880.34,
      1318.64,
      1343.28,
      999.72,
      1180.0,
      1312.03,
      1552.19,
      1483.33,
      1515.93,
      1566.35,
      1644.6200000000001,
      1716.22,
      1333.3700000000001,
      1362.58,
      1598.75,
      1318.26,
      1848.0,
      2294.55,
      1712.17,
      1875.76,
      1239.1,
      1909.6,
      1615.64,
      2086.82,
      1352.42,
      1371.8600000000001,
      1879.83,
      1583.67,
      1805.01,
      1552.16,
      1845.03,
      1564.99,
      1784.38,
      1491.68,
      1334.01,
      1689.74,
      1153.7,
      1536.6200000000001,
      1438.8,
      1113.45,
      1010.34,
      1010.58,
      800.64,
      968.66,
      880.85,
      1120.78,
      814.21,
      1376.19,
      1543.55,
      1546.51,
      1379.05,
      1326.14,
      1573.91,
      1147.26,
      1531.72,
      1969.83,
      1435.18,
      1387.26,
      1650.99,
      1542.47,
      1773.42,
      1503.31,
      968.21,
      1423.64,
      1240.21,
      1893.6200000000001,
      2125.8,
      2061.58,
      1832.3300000000002,
      1840.95,
      1693.68,
      1638.22,
      1749.36,
      1875.78,
      1550.66,
      1461.11,
      2206.61,
      2054.4,
      1775.24,
      2107.51,
      1763.73,
      2232.87,
      1942.05,
      1934.49,
      1938.12,
      1497.0,
      1574.28,
      1382.67,
      1455.8,
      1545.49,
      1442.82,
      1649.2,
      1300.72,
      1977.76,
      1288.94,
      1195.6200000000001,
      1445.8899999999999,
      1620.38,
      1538.32,
      1710.96,
      1391.63,
      1231.58,
      1249.04,
      1350.49,
      1370.98,
      1432.05,
      1942.29,
      2059.32,
      1365.1200000000001,
      1695.08,
      1600.88,
      1853.96,
      1482.46,
      1864.0800000000002,
      1219.24,
      2038.77,
      1941.28,
      1919.78,
      1626.44,
      1514.38,
      1592.52,
      1662.8600000000001,
      2188.31,
      1717.28,
      1728.17,
      2206.91,
      1692.14,
      2357.48,
      1233.09,
      1631.65,
      1616.99,
      2287.29,
      1949.58,
      2434.36,
      2249.69,
      2172.52,
      1944.4,
      1779.93,
      2142.25,
      2247.59,
      2008.49,
      1588.53,
      2550.66,
      2105.83,
      2120.61,
      1790.2,
      1647.04,
      1988.83,
      1200.1,
      1643.35,
      2002.3700000000001,
      2050.97,
      2022.31,
      1972.46,
      1575.1,
      1919.66,
      1808.07,
      1394.36,
      1813.03,
      2565.49,
      1470.15,
      2209.09,
      1997.71,
      2042.3700000000001,
      1346.8500000000001,
      1794.03,
      1943.53,
      1963.15,
      1837.62,
      2278.01,
      1576.21,
      2197.93,
      2226.46,
      2012.74,
      2424.95,
      1762.25,
      1883.3,
      1573.42,
      1481.74,
      2009.17,
      2045.97,
      1843.0,
      1933.04,
      1380.93,
      1033.97,
      1071.79,
      1564.3899999999999,
      1178.33,
      2121.41,
      1649.69,
      1924.63,
      2189.45,
      2299.54,
      1732.58,
      2081.32,
      1985.38,
      1970.26,
      2162.6,
      2496.43,
      1707.3799999999999,
      2333.49,
      2030.26,
      2153.73,
      1808.22,
      1773.91,
      1595.82,
      1536.68,
      2179.49,
      1719.83,
      1673.75,
      2242.61,
      1987.26,
      1758.67,
      1668.73,
      2632.75,
      2193.54,
      1554.72,
      1416.94,
      1729.82,
      1947.52,
      1549.75,
      1985.48,
      2029.9,
      1635.44,
      2003.82,
      1449.46,
      2016.4,
      1943.12,
      1834.41,
      2029.35,
      2208.88,
      1740.65,
      1361.39,
      1510.71,
      1830.6200000000001,
      1629.88,
      1796.43,
      1963.1100000000001,
      1828.51,
      1951.76,
      1909.1000000000001,
      1645.01,
      1925.04,
      1344.02,
      1615.6499999999999,
      2064.2999999999997,
      1646.92,
      1835.08,
      2123.64,
      1816.16,
      2143.5,
      1815.06,
      2275.0,
      1593.32,
      1971.74,
      1712.67,
      1946.68,
      1982.78,
      2276.72,
      2131.2,
      2109.07,
      2205.82,
      1791.52,
      1839.65,
      2149.42,
      1475.97,
      2368.34,
      1666.79,
      1830.5,
      1993.33,
      2033.82,
      2269.2400000000002,
      2111.28,
      2115.07,
      2146.85,
      2146.44,
      2000.77,
      2228.36,
      1263.8899999999999,
      1914.1000000000001,
      1681.51,
      1970.76,
      1673.7,
      2055.4500000000003,
      1750.12,
      1986.69,
      1770.56,
      1366.98,
      1704.6100000000001,
      1452.0,
      2073.38,
      1720.16,
      2064.55,
      1243.2,
      1884.33,
      2190.33,
      1543.44,
      1638.73,
      1933.73,
      1622.01,
      1683.6200000000001,
      2148.54,
      1923.06,
      1969.0,
      1600.24,
      2065.2,
      1579.79,
      2062.5299999999997,
      1609.31,
      1586.73,
      1301.31,
      1790.1,
      1850.25,
      1889.52,
      1834.6100000000001,
      1801.1200000000001,
      1527.96,
      1466.57,
      1846.6,
      1660.76,
      2175.02,
      1082.8600000000001,
      1856.52,
      1991.82,
      1665.51,
      2180.63,
      2061.1,
      2129.71,
      1417.27,
      1673.55,
      1564.68,
      1893.96,
      1875.31,
      1243.41,
      1988.24,
      2131.15,
      2437.62,
      1786.06,
      1948.5900000000001
    ],
    "stopping_reason": "max_candidates",
    "operations": {
      "candidate_generation": 405,
      "feasibility_check": 400,
      "weight_evaluation": 400
    }
  }
}