{
  "graph": "graph_n11_d50_adj_matrix",
  "algorithm": "random",
  "result": {
    "graph_name": "graph_n11_d50_adj_matrix",
    "algorithm": "random",
    "best_weight": 1510.6399999999999,
    "best_matching": [
      0,
      7,
      17,
      20,
      26
    ],
    "runtime": 2.000026314999559,
    "candidates": 117,
    "improvements": 2,
    "duplicates": 227225,
    "infeasible": 0,
    "size_history": {
      "5": 8,
      "4": 35,
      "3": 33,
      "2": 14,
      "1": 27
    },
    "weight_history": [
      1347.82,
      701.06,
      871.18,
      811.74,
      1510.6399999999999,
      860.96,
      1015.66,
      1101.21,
      676.46,
      1368.58,
      1484.77,
      1104.08,
      1199.62,
      1141.94,
      875.0999999999999,
      812.14,
      949.5,
      896.9300000000001,
      766.38,
      594.32,
      854.09,
      958.36,
      549.5,
      931.29,
      1078.58,
      1060.27,
      812.26,
      726.15,
      304.24,
      722.3000000000001,
      818.63,
      736.41,
      477.06,
      883.04,
      686.23,
      774.1899999999999,
      776.21,
      1390.45,
      804.94,
      1066.26,
      1211.45,
      609.1800000000001,
      1351.72,
      715.81,
      372.22,
      827.61,
      187.91,
      769.8399999999999,
      621.43,
      313.79999999999995,
      1028.3600000000001,
      851.22,
      904.8,
      662.38,
      518.91,
      1042.6599999999999,
      1012.3,
      1270.97,
      444.01,
      1361.28,
      431.25,
      1072.62,
      361.6,
      748.49,
      357.83,
      889.97,
      967.42,
      669.73,
      1076.78,
      967.17,
      691.29,
      606.78,
      599.58,
      819.01,
      971.98,
      613.97,
      580.16,
      205.3,
      440.1,
      431.64,
      356.35,
      560.25,
      509.37,
      610.27,
      954.95,
      400.55,
      506.73,
      408.66999999999996,
      422.61,
      137.64,
      220.05,
      620.3199999999999,
      220.05,
      217.15,
      396.56,
      70.46,
      460.44,
      412.15,
      650.65,
      195.53,
      419.32,
      186.43,
      106.51,
      30.36,
      175.79,
      313.84,
      166.09,
      415.02,
      195.25,
      87.09,
      385.77,
      138.01,
      774.28,
      429.91,
      336.81,
      169.92,
      94.83
    ],
    "stopping_reason": "time_limit",
    "operations": {
      "candidate_generation": 227342,
      "feasibility_check": 117,
      "weight_evaluation": 117
    }
  }
}