{
  "graph": "graph_n20_d12.5_adj_matrix",
  "algorithm": "random",
  "result": {
    "graph_name": "graph_n20_d12.5_adj_matrix",
    "algorithm": "random",
    "best_weight": 1508.27,
    "best_matching": [
      0,
      5,
      12,
      13,
      18,
      20
    ],
    "runtime": 2.0000666289997753,
    "candidates": 188,
    "improvements": 3,
    "duplicates": 226304,
    "infeasible": 0,
    "size_history": {
      "7": 1,
      "6": 13,
      "5": 24,
      "4": 54,
      "3": 49,
      "2": 24,
      "1": 23
    },
    "weight_history": [
      1361.25,
      1409.29,
      1309.54,
      1378.04,
      1278.9,
      1071.99,
      1150.69,
      1508.27,
      1144.23,
      1276.2,
      1451.77,
      1503.45,
      1223.64,
      1010.8,
      1141.9,
      1096.6100000000001,
      1337.9,
      1335.52,
      1153.31,
      934.74,
      1219.08,
      1502.27,
      1216.71,
      959.02,
      1028.55,
      611.58,
      1070.96,
      911.0799999999999,
      822.25,
      884.37,
      966.71,
      603.61,
      1154.3,
      502.31,
      683.6600000000001,
      498.33,
      721.02,
      720.2,
      706.04,
      793.05,
      647.12,
      474.97,
      943.5600000000001,
      406.34,
      952.41,
      975.09,
      875.48,
      529.97,
      1025.43,
      1315.92,
      1122.72,
      952.46,
      1143.05,
      915.94,
      955.0,
      611.85,
      393.35999999999996,
      510.79,
      425.86,
      591.4399999999999,
      666.6099999999999,
      759.47,
      738.37,
      501.63,
      973.8199999999999,
      623.7,
      407.78000000000003,
      386.68,
      426.85,
      205.82999999999998,
      422.5,
      444.07,
      637.99,
      478.92999999999995,
      362.79999999999995,
      157.55,
      615.3199999999999,
      606.6,
      442.79,
      711.84,
      641.9300000000001,
      481.62,
      443.39,
      772.37,
      651.74,
      564.9000000000001,
      756.84,
      691.5699999999999,
      915.23,
      1202.63,
      811.09,
      793.91,
      991.4100000000001,
      1084.3600000000001,
      904.79,
      1051.04,
      1015.0,
      1170.37,
      1124.05,
      724.6,
      646.87,
      533.4,
      680.48,
      618.07,
      668.94,
      784.14,
      643.76,
      809.52,
      448.41,
      735.66,
      1165.97,
      1047.63,
      819.97,
      1019.75,
      970.97,
      626.7900000000001,
      998.9300000000001,
      1237.68,
      815.29,
      1070.48,
      886.14,
      1370.91,
      941.6800000000001,
      1099.85,
      1452.8600000000001,
      1049.89,
      1350.88,
      1177.73,
      1449.72,
      1060.24,
      1113.01,
      1056.44,
      1043.59,
      999.49,
      879.75,
      1020.45,
      766.58,
      1061.48,
      944.37,
      721.16,
      1366.95,
      810.6999999999999,
      674.4399999999999,
      675.72,
      389.48,
      742.6800000000001,
      807.3399999999999,
      727.91,
      635.6400000000001,
      865.91,
      769.86,
      946.1500000000001,
      736.98,
      859.46,
      610.6800000000001,
      273.23,
      244.89,
      362.74,
      309.42,
      564.79,
      486.39,
      285.24,
      601.7,
      188.11,
      452.75,
      163.99,
      45.4,
      334.34,
      144.59,
      75.96,
      197.27,
      308.16,
      315.69,
      256.81,
      227.86,
      332.92,
      250.59,
      112.15,
      323.79,
      187.76,
      161.45,
      129.87,
      291.53,
      229.58,
      314.2,
      317.4,
      277.91,
      168.93
    ],
    "stopping_reason": "time_limit",
    "operations": {
      "candidate_generation": 226492,
      "feasibility_check": 188,
      "weight_evaluation": 188
    }
  }
}