{
  "graph": "graph_n10_d25_adj_matrix",
  "algorithm": "random",
  "result": {
    "graph_name": "graph_n10_d25_adj_matrix",
    "algorithm": "random",
    "best_weight": 1406.29,
    "best_matching": [
      0,
      3,
      5,
      8
    ],
    "runtime": 2.0000150199994096,
    "candidates": 23,
    "improvements": 7,
    "duplicates": 277405,
    "infeasible": 0,
    "size_history": {
      "3": 17,
      "2": 1,
      "4": 5
    },
    "weight_history": [
      692.22,
      1011.54,
      1019.12,
      875.86,
      864.46,
      1089.67,
      628.38,
      211.75,
      1113.88,
      913.1400000000001,
      1014.34,
      1174.81,
      1406.29,
      556.54,
      794.5600000000001,
      1015.55,
      787.64,
      777.53,
      780.06,
      1086.97,
      871.0,
      1102.48,
      632.98
    ],
    "stopping_reason": "time_limit",
    "operations": {
      "candidate_generation": 277428,
      "feasibility_check": 23,
      "weight_evaluation": 23
    }
  }
}