{
  "graph": "graph_n16_d50_adj_matrix",
  "algorithm": "local",
  "result": {
    "graph_name": "graph_n16_d50_adj_matrix",
    "algorithm": "local",
    "best_weight": 2924.71,
    "best_matching": [
      3,
      12,
      18,
      21,
      29,
      45,
      54,
      59
    ],
    "runtime": 2.0004215319986542,
    "candidates": 239,
    "improvements": 3,
    "duplicates": 440,
    "infeasible": 0,
    "size_history": {
      "8": 116,
      "7": 91,
      "6": 29,
      "5": 3
    },
    "weight_history": [
      2771.19,
      2856.04,
      2533.7200000000003,
      2697.3,
      2683.19,
      2606.43,
      2759.84,
      2732.44,
      2589.75,
      2729.3,
      2738.44,
      2759.44,
      2637.46,
      2633.2,
      2924.71,
      2667.16,
      2810.21,
      2632.03,
      2720.0,
      2738.64,
      2694.4,
      2788.67,
      2754.9,
      2632.54,
      2823.57,
      2605.98,
      2526.94,
      2585.92,
      2392.03,
      2631.45,
      2624.13,
      2564.15,
      2581.34,
      2501.78,
      2505.75,
      2665.83,
      2520.15,
      2525.93,
      2500.33,
      2388.16,
      2536.32,
      2358.9300000000003,
      2088.95,
      2395.08,
      2648.2,
      2621.86,
      2526.71,
      2568.64,
      2614.52,
      2617.13,
      2797.9700000000003,
      2683.01,
      2683.64,
      2701.98,
      2572.77,
      2436.86,
      2209.21,
      2369.09,
      2329.06,
      2486.85,
      2329.92,
      2345.95,
      2506.85,
      2625.04,
      2419.23,
      2389.76,
      2594.48,
      2545.69,
      2668.53,
      2607.21,
      2476.18,
      2712.66,
      2546.92,
      2495.2400000000002,
      2647.46,
      2512.2200000000003,
      2467.29,
      2211.82,
      2337.63,
      2331.61,
      2509.46,
      2478.89,
      2324.5,
      2441.5,
      2681.41,
      2379.77,
      2395.55,
      2382.38,
      2656.15,
      2566.01,
      2624.69,
      2860.58,
      2530.45,
      2452.05,
      2520.23,
      2639.6800000000003,
      2508.78,
      2645.8,
      2739.14,
      2830.44,
      2826.9700000000003,
      2630.2400000000002,
      2695.48,
      2899.11,
      2571.86,
      2749.34,
      2685.8,
      2643.34,
      2760.28,
      2678.68,
      2766.97,
      2646.11,
      2658.42,
      2904.8,
      2582.11,
      2525.33,
      2662.48,
      2832.3,
      2803.17,
      2756.86,
      2689.9300000000003,
      2757.52,
      2731.16,
      2800.0,
      2647.7400000000002,
      2743.77,
      2868.67,
      2693.81,
      2765.71,
      2737.44,
      2682.2200000000003,
      2548.32,
      2619.06,
      2763.07,
      2561.26,
      2819.38,
      2837.94,
      2618.07,
      2664.33,
      2720.2000000000003,
      2728.15,
      2738.23,
      2839.86,
      2574.92,
      2762.48,
      2719.31,
      2702.7,
      2553.17,
      2717.54,
      2602.3,
      2498.13,
      2595.93,
      2704.33,
      2725.96,
      2732.71,
      2802.94,
      2647.8,
      2635.12,
      2709.7400000000002,
      2628.08,
      2574.86,
      2713.7,
      2745.8,
      2658.04,
      2662.62,
      2729.1,
      2729.48,
      2604.64,
      2631.3,
      2553.47,
      2634.34,
      2740.1800000000003,
      2579.07,
      2585.53,
      2741.54,
      2700.36,
      2681.67,
      2658.91,
      2648.7400000000002,
      2785.88,
      2653.39,
      2714.81,
      2630.32,
      2636.01,
      2690.4,
      2721.01,
      2692.02,
      2684.14,
      2682.48,
      2759.18,
      2673.78,
      2622.46,
      2420.33,
      2654.25,
      2739.3,
      2577.21,
      2613.45,
      2631.7400000000002,
      2623.31,
      2513.94,
      2493.9300000000003,
      2757.38,
      2789.68,
      2546.88,
      2670.91,
      2542.96,
      2700.98,
      2565.67,
      2608.42,
      2767.78,
      2774.13,
      2687.64,
      2475.8,
      2662.42,
      2621.0,
      2743.52,
      2697.85,
      2583.01,
      2680.52,
      2608.77,
      2542.66,
      2696.51,
      2770.7200000000003,
      2562.4,
      2707.38,
      2548.12,
      2583.65,
      2721.94,
      2522.06,
      2598.37,
      2630.84,
      2523.77,
      2684.05,
      2631.34,
      2747.11,
      2602.89,
      2773.0,
      2623.05,
      2709.91
    ],
    "stopping_reason": "time_limit",
    "operations": {
      "candidate_generation": 679,
      "feasibility_check": 239,
      "weight_evaluation": 239
    }
  }
}