{
  "graph": "graph_n14_d50_adj_matrix",
  "algorithm": "greedy",
  "result": {
    "graph_name": "graph_n14_d50_adj_matrix",
    "algorithm": "greedy",
    "best_weight": 2474.65,
    "best_matching": [
      4,
      10,
      12,
      24,
      29,
      32,
      43
    ],
    "runtime": 2.000034405000406,
    "candidates": 121,
    "improvements": 4,
    "duplicates": 118745,
    "infeasible": 0,
    "size_history": {
      "6": 101,
      "5": 1,
      "7": 19
    },
    "weight_history": [
      2127.75,
      2312.49,
      2245.11,
      2005.71,
      2138.41,
      1986.73,
      2084.82,
      1933.8700000000001,
      2096.03,
      2070.64,
      2051.83,
      2324.2200000000003,
      2078.8,
      2002.88,
      2138.02,
      2040.92,
      2117.95,
      2319.45,
      1989.19,
      2073.09,
      2051.66,
      2069.12,
      2294.68,
      2205.02,
      2215.57,
      2113.34,
      2240.96,
      2032.8500000000001,
      2048.8,
      2245.88,
      2071.9,
      2035.31,
      2101.12,
      2026.29,
      2039.15,
      2041.1,
      2197.47,
      2069.0,
      2248.4700000000003,
      2002.6200000000001,
      2203.06,
      2202.2400000000002,
      2226.13,
      2208.03,
      2232.6,
      2121.19,
      2007.43,
      2189.22,
      2474.65,
      2248.27,
      2052.17,
      2199.78,
      1986.3600000000001,
      2278.55,
      2201.08,
      2154.11,
      2068.3,
      2292.58,
      2025.03,
      1976.17,
      2215.57,
      2287.81,
      2249.01,
      2213.62,
      2006.22,
      2151.35,
      2014.91,
      2175.48,
      2031.1,
      2059.32,
      2377.73,
      2185.42,
      2014.58,
      2053.18,
      1983.9,
      2039.15,
      2134.47,
      2176.4,
      2042.49,
      2167.13,
      2022.63,
      2199.5,
      1944.76,
      1960.14,
      1990.1100000000001,
      1992.82,
      2022.29,
      1960.1000000000001,
      2135.5,
      2118.11,
      2181.17,
      2365.22,
      2035.47,
      1994.08,
      2187.25,
      2249.01,
      2260.82,
      1981.75,
      2212.8,
      2022.46,
      2010.95,
      2232.62,
      1973.34,
      2064.39,
      2363.24,
      2186.43,
      2161.91,
      1990.88,
      2388.29,
      2118.81,
      2186.9900000000002,
      2003.49,
      2012.52,
      2347.58,
      2005.81,
      2092.29,
      2184.79,
      1957.27,
      2203.06,
      2146.06,
      2411.17
    ],
    "stopping_reason": "time_limit",
    "operations": {
      "candidate_generation": 118866,
      "feasibility_check": 121,
      "weight_evaluation": 121
    }
  }
}