{
  "graph": "graph_n19_d75_adj_matrix",
  "algorithm": "greedy",
  "result": {
    "graph_name": "graph_n19_d75_adj_matrix",
    "algorithm": "greedy",
    "best_weight": 2882.0,
    "best_matching": [
      8,
      22,
      26,
      36,
      49,
      60,
      73,
      106,
      115
    ],
    "runtime": 0.0848277559998678,
    "candidates": 400,
    "improvements": 6,
    "duplicates": 1619,
    "infeasible": 0,
    "size_history": {
      "9": 289,
      "8": 110,
      "7": 1
    },
    "weight_history": [
      2802.09,
      2716.55,
      2614.83,
      2661.65,
      2761.86,
      2853.36,
      2739.59,
      2716.39,
      2571.13,
      2808.82,
      2690.32,
      2668.14,
      2571.88,
      2624.88,
      2721.28,
      2625.76,
      2695.73,
      2492.98,
      2682.67,
      2632.54,
      2482.64,
      2831.09,
      2712.06,
      2725.08,
      2698.33,
      2618.93,
      2665.09,
      2673.85,
      2630.37,
      2740.74,
      2705.7400000000002,
      2627.68,
      2562.16,
      2747.47,
      2728.01,
      2688.21,
      2702.81,
      2637.1,
      2730.42,
      2688.91,
      2632.53,
      2719.32,
      2707.6,
      2673.69,
      2762.99,
      2585.08,
      2660.4300000000003,
      2685.31,
      2769.87,
      2719.16,
      2718.76,
      2718.35,
      2656.49,
      2692.37,
      2854.49,
      2810.66,
      2553.89,
      2709.66,
      2638.95,
      2610.93,
      2656.64,
      2752.3,
      2871.52,
      2849.21,
      2786.55,
      2694.12,
      2621.62,
      2684.09,
      2549.6800000000003,
      2566.53,
      2603.36,
      2603.04,
      2661.82,
      2623.79,
      2569.52,
      2583.72,
      2646.06,
      2677.36,
      2609.77,
      2755.13,
      2606.62,
      2634.7400000000002,
      2681.4900000000002,
      2773.94,
      2670.85,
      2625.25,
      2714.64,
      2683.92,
      2626.7200000000003,
      2541.09,
      2593.96,
      2605.23,
      2599.08,
      2665.94,
      2618.15,
      2471.8,
      2639.33,
      2671.07,
      2617.0,
      2694.39,
      2709.82,
      2741.0299999999997,
      2613.98,
      2610.83,
      2738.33,
      2623.4700000000003,
      2872.74,
      2682.3,
      2769.73,
      2756.26,
      2743.15,
      2636.59,
      2694.28,
      2599.33,
      2759.65,
      2724.42,
      2586.19,
      2671.94,
      2596.1800000000003,
      2678.56,
      2790.92,
      2658.13,
      2607.21,
      2707.38,
      2602.08,
      2720.92,
      2719.17,
      2597.13,
      2668.48,
      2594.4,
      2750.4,
      2685.2200000000003,
      2754.11,
      2711.18,
      2734.3,
      2567.9500000000003,
      2652.96,
      2765.42,
      2675.23,
      2584.8,
      2542.15,
      2718.79,
      2591.79,
      2684.2799999999997,
      2746.37,
      2697.05,
      2658.86,
      2722.15,
      2741.48,
      2684.04,
      2682.9,
      2768.22,
      2597.2,
      2641.2200000000003,
      2471.94,
      2580.46,
      2621.85,
      2708.32,
      2666.75,
      2645.87,
      2712.71,
      2651.7400000000002,
      2584.69,
      2675.3,
      2533.46,
      2806.86,
      2723.69,
      2564.21,
      2661.41,
      2582.54,
      2663.87,
      2826.94,
      2790.7000000000003,
      2754.06,
      2590.4,
      2700.83,
      2688.04,
      2678.7,
      2571.38,
      2590.4,
      2608.9700000000003,
      2585.06,
      2617.77,
      2676.09,
      2774.51,
      2635.71,
      2784.19,
      2704.45,
      2696.52,
      2716.6800000000003,
      2663.68,
      2725.2,
      2556.05,
      2550.5099999999998,
      2745.57,
      2850.4700000000003,
      2846.63,
      2671.0299999999997,
      2676.62,
      2674.0099999999998,
      2658.27,
      2735.44,
      2697.03,
      2477.32,
      2730.03,
      2812.97,
      2765.29,
      2646.83,
      2728.63,
      2660.7200000000003,
      2724.58,
      2572.9,
      2480.47,
      2806.51,
      2689.06,
      2661.79,
      2673.36,
      2693.58,
      2617.89,
      2847.76,
      2740.26,
      2712.42,
      2671.41,
      2706.17,
      2634.88,
      2717.17,
      2677.19,
      2743.02,
      2735.79,
      2682.38,
      2864.79,
      2784.21,
      2758.56,
      2642.44,
      2758.9700000000003,
      2645.51,
      2793.32,
      2494.17,
      2781.24,
      2621.89,
      2690.75,
      2528.2599999999998,
      2667.11,
      2697.03,
      2721.67,
      2849.25,
      2621.04,
      2717.52,
      2659.75,
      2668.5,
      2744.36,
      2682.7,
      2677.57,
      2676.36,
      2755.18,
      2682.09,
      2560.34,
      2615.2400000000002,
      2660.59,
      2667.76,
      2584.83,
      2763.0,
      2666.79,
      2511.37,
      2749.34,
      2651.4300000000003,
      2842.48,
      2631.4700000000003,
      2669.42,
      2706.15,
      2792.14,
      2670.04,
      2710.43,
      2639.37,
      2670.02,
      2737.11,
      2782.75,
      2714.11,
      2635.28,
      2657.73,
      2680.1800000000003,
      2848.4900000000002,
      2641.36,
      2668.8,
      2684.06,
      2768.65,
      2593.02,
      2660.88,
      2806.2400000000002,
      2637.4,
      2678.79,
      2654.18,
      2691.84,
      2660.84,
      2597.46,
      2627.32,
      2743.3,
      2729.95,
      2635.59,
      2745.9500000000003,
      2562.46,
      2661.94,
      2709.6,
      2689.9900000000002,
      2703.2200000000003,
      2728.13,
      2749.44,
      2797.48,
      2659.66,
      2767.21,
      2677.33,
      2762.35,
      2757.64,
      2554.33,
      2801.52,
      2613.03,
      2672.82,
      2580.77,
      2647.75,
      2627.78,
      2882.0,
      2686.45,
      2514.04,
      2850.34,
      2653.19,
      2618.7400000000002,
      2809.95,
      2694.1,
      2696.8199999999997,
      2663.96,
      2770.28,
      2745.4,
      2723.86,
      2677.14,
      2663.29,
      2761.52,
      2632.64,
      2576.39,
      2689.4,
      2666.72,
      2549.09,
      2682.79,
      2674.58,
      2830.04,
      2683.33,
      2701.86,
      2726.62,
      2529.2400000000002,
      2668.41,
      2730.59,
      2627.9,
      2712.9,
      2665.48,
      2594.81,
      2559.0,
      2766.12,
      2703.4700000000003,
      2804.52,
      2631.31,
      2723.6800000000003,
      2625.82,
      2616.07,
      2687.89,
      2708.85,
      2546.09,
      2696.73,
      2808.86,
      2602.37,
      2646.53,
      2814.1,
      2662.07,
      2737.62,
      2719.01,
      2529.43,
      2617.34,
      2709.71,
      2596.62,
      2753.96,
      2656.51,
      2626.1,
      2758.22,
      2622.1,
      2712.31,
      2808.67,
      2703.76,
      2720.45,
      2675.85,
      2786.59,
      2649.16,
      2758.27,
      2770.27,
      2710.38,
      2581.65,
      2640.0,
      2631.43,
      2663.79,
      2728.73,
      2662.06,
      2658.45,
      2534.76
    ],
    "stopping_reason": "max_candidates",
    "operations": {
      "candidate_generation": 2019,
      "feasibility_check": 400,
      "weight_evaluation": 400
    }
  }
}