{
  "graph": "graph_n19_d75_adj_matrix",
  "algorithm": "random",
  "result": {
    "graph_name": "graph_n19_d75_adj_matrix",
    "algorithm": "random",
    "best_weight": 2711.23,
    "best_matching": [
      2,
      19,
      23,
      38,
      63,
      76,
      82,
      91,
      120
    ],
    "runtime": 0.01214070000060019,
    "candidates": 400,
    "improvements": 5,
    "duplicates": 0,
    "infeasible": 0,
    "size_history": {
      "9": 89,
      "8": 90,
      "7": 74,
      "6": 27,
      "5": 52,
      "4": 55,
      "3": 12,
      "2": 1
    },
    "weight_history": [
      2317.39,
      2505.75,
      1894.62,
      2423.23,
      2437.82,
      2173.5,
      2247.87,
      1875.77,
      1757.03,
      1759.0900000000001,
      2249.39,
      2533.98,
      2287.85,
      2196.4900000000002,
      2618.38,
      2374.57,
      1998.93,
      2048.36,
      2212.81,
      1865.22,
      2390.2599999999998,
      1982.2,
      2512.22,
      1933.5,
      1466.52,
      1920.23,
      1709.52,
      1814.43,
      1769.16,
      1913.51,
      1557.24,
      1718.27,
      1794.05,
      1380.1,
      1077.66,
      1228.8,
      1608.47,
      1407.35,
      1085.25,
      1607.57,
      1655.08,
      1730.9,
      1794.65,
      1964.11,
      1510.25,
      1899.87,
      1623.3400000000001,
      1944.71,
      1735.02,
      1574.95,
      1515.72,
      2084.47,
      1606.12,
      2026.05,
      2068.81,
      1592.1,
      1360.12,
      1344.8700000000001,
      2020.98,
      1750.62,
      1327.82,
      1884.9299999999998,
      1660.43,
      1927.55,
      1817.69,
      713.07,
      1600.61,
      1749.18,
      2053.81,
      2081.53,
      1518.13,
      2057.7,
      1433.93,
      2114.4700000000003,
      2280.6,
      1726.26,
      1105.23,
      1287.46,
      1423.23,
      1278.75,
      1569.2,
      2134.4,
      1747.84,
      1983.75,
      1796.6,
      1835.37,
      1581.67,
      1640.8,
      2122.62,
      1479.83,
      2269.49,
      1929.38,
      1732.34,
      2046.48,
      1729.09,
      2130.05,
      1879.02,
      1692.74,
      1783.78,
      1934.46,
      2267.07,
      2586.1,
      2259.71,
      1880.03,
      1991.4099999999999,
      2299.46,
      1841.14,
      2440.63,
      1894.43,
      1940.75,
      1304.3,
      2192.71,
      1899.41,
      1915.1499999999999,
      2115.36,
      1921.28,
      1998.43,
      1494.81,
      2167.22,
      2010.13,
      1729.29,
      1737.89,
      1755.1200000000001,
      1411.6100000000001,
      1990.98,
      1468.1399999999999,
      2426.34,
      1690.89,
      1474.07,
      1445.87,
      2009.07,
      1602.88,
      1417.59,
      1338.21,
      1862.53,
      1442.8700000000001,
      1348.78,
      1458.8700000000001,
      1388.88,
      1435.64,
      1210.75,
      1353.4,
      1207.5,
      1075.04,
      1187.9,
      1244.99,
      1028.68,
      1239.98,
      760.46,
      687.1999999999999,
      1112.2,
      1175.14,
      924.91,
      1268.68,
      1125.4099999999999,
      1123.66,
      918.5799999999999,
      871.69,
      1248.4099999999999,
      754.62,
      1105.12,
      796.19,
      847.0799999999999,
      773.3499999999999,
      574.54,
      1219.97,
      1287.74,
      827.01,
      1697.6,
      990.8,
      1097.46,
      1099.35,
      1327.74,
      1014.5799999999999,
      1387.8899999999999,
      773.46,
      1070.9299999999998,
      840.64,
      791.84,
      1277.59,
      754.75,
      808.47,
      1043.35,
      998.41,
      619.11,
      637.0300000000001,
      1196.93,
      1220.29,
      1281.88,
      1545.39,
      970.0,
      1529.22,
      856.09,
      792.65,
      1227.96,
      1097.84,
      1308.74,
      1427.31,
      724.37,
      938.6600000000001,
      788.28,
      921.09,
      669.1,
      677.53,
      880.3199999999999,
      907.23,
      715.73,
      1164.26,
      956.67,
      543.13,
      464.81,
      680.63,
      721.1700000000001,
      401.78,
      639.5,
      793.6700000000001,
      828.49,
      895.67,
      543.34,
      506.78,
      721.62,
      918.51,
      683.26,
      1092.04,
      1040.6100000000001,
      1018.99,
      935.1700000000001,
      1301.62,
      1223.0,
      553.95,
      542.16,
      1438.05,
      1034.6,
      1364.02,
      1250.25,
      1153.55,
      871.47,
      1348.79,
      1250.3,
      1008.9300000000001,
      1268.08,
      1332.26,
      1104.97,
      1020.16,
      1115.83,
      1100.02,
      956.56,
      1111.84,
      1158.45,
      752.27,
      1191.34,
      1058.78,
      772.71,
      1077.43,
      1583.27,
      1243.76,
      1017.48,
      893.68,
      1276.5900000000001,
      795.86,
      1070.4,
      952.39,
      1475.6200000000001,
      985.09,
      1336.73,
      1119.42,
      1099.86,
      1250.07,
      1214.27,
      972.61,
      1476.07,
      1289.1399999999999,
      1260.09,
      1476.17,
      1256.71,
      1170.96,
      1549.28,
      1439.82,
      1574.92,
      1497.15,
      1394.64,
      1502.13,
      1601.38,
      1909.25,
      1392.9,
      1876.95,
      1619.28,
      1715.92,
      1703.54,
      1793.86,
      2126.64,
      1815.92,
      1973.93,
      1882.5,
      2369.96,
      1449.32,
      2062.39,
      1073.6200000000001,
      1721.3700000000001,
      1850.43,
      1421.82,
      1969.1,
      1750.16,
      1362.66,
      1438.47,
      1950.8,
      1810.78,
      1220.47,
      1163.5,
      2236.43,
      1563.23,
      1855.94,
      1621.78,
      2202.85,
      2030.64,
      2018.37,
      1923.5,
      1617.92,
      1844.71,
      1594.32,
      1947.2,
      1599.75,
      1202.1,
      2382.14,
      1417.62,
      1172.94,
      1919.36,
      1244.72,
      1184.46,
      1479.66,
      1605.81,
      1937.78,
      2032.41,
      1781.79,
      1835.06,
      1532.0,
      2027.53,
      1338.73,
      2048.78,
      1989.77,
      1708.34,
      2498.5499999999997,
      2522.6,
      1709.79,
      1736.92,
      2101.83,
      2098.58,
      2452.1,
      2241.7,
      2161.69,
      2074.85,
      2238.55,
      2127.2,
      1569.6,
      2022.5500000000002,
      2179.09,
      2547.46,
      2114.04,
      1554.52,
      1676.35,
      2097.51,
      1587.08,
      2272.54,
      2268.63,
      2175.07,
      2385.9700000000003,
      2336.68,
      2132.73,
      1645.98,
      2276.24,
      1901.18,
      1938.6299999999999,
      2113.29,
      2523.7,
      2020.0,
      2477.69,
      2229.98,
      2711.23,
      2126.87,
      2068.89,
      1843.26,
      2331.13,
      2164.34,
      2445.66,
      2101.64,
      2356.31,
      2241.81,
      2140.42,
      1661.67,
      2393.04,
      1623.79,
      2037.26,
      2301.27,
      1971.69,
      1449.95,
      2565.67,
      2439.51,
      2027.99,
      2154.2,
      1769.97
    ],
    "stopping_reason": "max_candidates",
    "operations": {
      "candidate_generation": 400,
      "feasibility_check": 400,
      "weight_evaluation": 400
    }
  }
}