{
  "graph": "graph_n19_d50_adj_matrix",
  "algorithm": "random",
  "result": {
    "graph_name": "graph_n19_d50_adj_matrix",
    "algorithm": "random",
    "best_weight": 2663.81,
    "best_matching": [
      6,
      19,
      26,
      36,
      45,
      46,
      61,
      71
    ],
    "runtime": 2.000057230001403,
    "candidates": 348,
    "improvements": 3,
    "duplicates": 99937,
    "infeasible": 0,
    "size_history": {
      "8": 63,
      "9": 26,
      "7": 32,
      "6": 21,
      "5": 22,
      "3": 31,
      "4": 35,
      "2": 33,
      "1": 85
    },
    "weight_history": [
      1703.57,
      2427.55,
      1683.09,
      1976.39,
      1871.1499999999999,
      2663.81,
      2040.8,
      1659.47,
      2233.71,
      1656.8799999999999,
      1901.2,
      2142.69,
      2288.88,
      2093.54,
      1771.24,
      2270.28,
      1328.94,
      2461.13,
      2003.09,
      2213.3199999999997,
      1607.1,
      1702.62,
      2117.33,
      1904.33,
      1456.64,
      2009.13,
      2000.8999999999999,
      1641.29,
      2167.08,
      1991.6799999999998,
      2025.96,
      1870.78,
      2175.77,
      1392.07,
      1165.79,
      1648.1100000000001,
      1896.63,
      1645.24,
      1892.7,
      1701.07,
      1737.92,
      1725.31,
      1784.15,
      1985.42,
      1791.1,
      1526.92,
      1725.54,
      2034.99,
      2056.27,
      1918.17,
      1856.82,
      1972.9299999999998,
      1641.37,
      1531.26,
      2132.83,
      2159.74,
      1515.35,
      2141.38,
      1843.68,
      1941.73,
      1681.82,
      2105.37,
      1905.95,
      1977.42,
      1946.97,
      1537.98,
      1656.8600000000001,
      2222.62,
      2179.92,
      1531.1299999999999,
      2478.81,
      1777.03,
      2217.92,
      1633.3899999999999,
      1550.87,
      1506.03,
      1969.18,
      1932.8799999999999,
      1479.9,
      2379.85,
      1912.6899999999998,
      1781.67,
      1735.16,
      2198.54,
      1922.97,
      2203.17,
      2016.4,
      2086.31,
      1929.83,
      2176.61,
      1973.47,
      1508.05,
      1890.33,
      2288.82,
      1282.78,
      1637.37,
      1724.99,
      1915.04,
      2289.09,
      1411.1100000000001,
      1584.24,
      1585.42,
      1372.8,
      1881.61,
      1732.16,
      1420.28,
      1666.92,
      1674.21,
      1228.6399999999999,
      1665.9,
      1752.5,
      1448.03,
      1513.3899999999999,
      1283.64,
      1557.27,
      1644.56,
      1296.65,
      1237.13,
      1576.98,
      1236.6,
      978.99,
      1804.72,
      1632.59,
      1629.5,
      1717.44,
      1635.88,
      1580.73,
      1280.96,
      1519.9,
      1373.76,
      1756.01,
      1677.6299999999999,
      1327.06,
      1159.98,
      899.04,
      965.0,
      1021.3199999999999,
      1708.85,
      1659.21,
      1280.85,
      958.92,
      1302.82,
      1060.93,
      781.45,
      1032.99,
      1119.89,
      1231.52,
      988.6099999999999,
      1224.5,
      1298.22,
      1174.9099999999999,
      1026.61,
      1215.21,
      1259.13,
      526.55,
      1191.34,
      1122.35,
      1101.08,
      683.5699999999999,
      839.44,
      1143.15,
      963.98,
      1029.14,
      905.88,
      617.52,
      684.77,
      803.67,
      401.92,
      1153.1200000000001,
      781.4300000000001,
      637.5799999999999,
      895.63,
      269.11,
      531.02,
      606.5699999999999,
      1266.76,
      1336.8700000000001,
      1046.6,
      934.43,
      799.4200000000001,
      829.1800000000001,
      660.33,
      673.66,
      754.88,
      1143.8,
      953.22,
      949.51,
      1179.0,
      1027.22,
      720.13,
      1376.52,
      991.2,
      1401.8799999999999,
      1476.91,
      1530.71,
      996.16,
      946.88,
      1014.5699999999999,
      1077.73,
      574.23,
      922.99,
      909.9599999999999,
      886.75,
      788.11,
      924.3,
      740.25,
      1084.22,
      983.09,
      779.36,
      723.64,
      385.45,
      781.4000000000001,
      382.73,
      597.8,
      637.96,
      872.2,
      416.29,
      534.6899999999999,
      962.8,
      913.03,
      733.23,
      527.9300000000001,
      352.4,
      351.11,
      410.77,
      339.44,
      530.01,
      341.28,
      453.38,
      375.66999999999996,
      592.83,
      668.22,
      549.64,
      585.86,
      525.18,
      807.6899999999999,
      589.78,
      409.07,
      892.77,
      550.75,
      652.3199999999999,
      860.46,
      609.9,
      453.78,
      254.63,
      604.38,
      560.3199999999999,
      330.72,
      259.28,
      355.95,
      181.85,
      626.41,
      147.0,
      218.69,
      224.32,
      122.59,
      361.81,
      281.71,
      368.57,
      418.0,
      340.02,
      329.69,
      412.91,
      212.45,
      321.62,
      231.32,
      229.06,
      255.31,
      110.72,
      251.05,
      175.0,
      102.83,
      282.18,
      93.15,
      189.34,
      153.03,
      238.65,
      169.54,
      390.59,
      295.46,
      246.29,
      493.0,
      269.31,
      18.6,
      80.89,
      226.63,
      288.26,
      555.45,
      463.75,
      747.97,
      285.98,
      417.21000000000004,
      537.13,
      373.47,
      509.74,
      448.02,
      617.12,
      398.18,
      91.05,
      388.31,
      75.01,
      409.4,
      163.25,
      335.05,
      154.78,
      425.84,
      213.79,
      59.94,
      208.41,
      191.03,
      45.49,
      63.66,
      230.63,
      56.94,
      185.87,
      122.07,
      392.55,
      328.12,
      306.49,
      133.65,
      155.72,
      445.58,
      179.03,
      372.47,
      458.93,
      174.83,
      189.02,
      334.97,
      73.06,
      197.63,
      183.15,
      158.32,
      117.1,
      124.91,
      238.6,
      128.51,
      217.35,
      56.08,
      251.0,
      101.55,
      373.88,
      236.61,
      386.16,
      271.15,
      203.59,
      139.62,
      181.57,
      230.67
    ],
    "stopping_reason": "time_limit",
    "operations": {
      "candidate_generation": 100285,
      "feasibility_check": 348,
      "weight_evaluation": 348
    }
  }
}