{
  "graph": "graph_n19_d25_adj_matrix",
  "algorithm": "random",
  "result": {
    "graph_name": "graph_n19_d25_adj_matrix",
    "algorithm": "random",
    "best_weight": 2536.09,
    "best_matching": [
      0,
      12,
      15,
      18,
      20,
      23,
      33,
      38,
      40
    ],
    "runtime": 0.005900408001252799,
    "candidates": 400,
    "improvements": 3,
    "duplicates": 1,
    "infeasible": 0,
    "size_history": {
      "8": 113,
      "7": 63,
      "6": 24,
      "9": 9,
      "5": 61,
      "4": 70,
      "3": 44,
      "2": 16
    },
    "weight_history": [
      2013.48,
      1544.28,
      2487.45,
      1734.94,
      1535.8600000000001,
      1805.49,
      1766.11,
      1960.04,
      1435.91,
      1304.55,
      1820.78,
      1343.97,
      1440.56,
      1913.72,
      1196.0,
      1082.15,
      2236.11,
      1948.79,
      1462.57,
      1803.1100000000001,
      1384.17,
      1381.24,
      1457.52,
      1891.4299999999998,
      1442.55,
      1474.63,
      1941.22,
      2171.98,
      1887.6399999999999,
      2045.5,
      1574.35,
      2045.5500000000002,
      1808.58,
      1665.6,
      1656.87,
      2222.53,
      2114.81,
      1746.64,
      1869.46,
      2175.86,
      1792.92,
      1938.95,
      2133.75,
      1377.57,
      1951.87,
      1517.1,
      1615.6499999999999,
      2213.62,
      2440.8,
      1594.1,
      2258.1800000000003,
      1636.93,
      1612.3500000000001,
      1785.99,
      1669.48,
      2012.53,
      2238.03,
      1612.8400000000001,
      1424.74,
      2042.87,
      2384.83,
      1712.38,
      1773.49,
      1755.01,
      2225.42,
      1663.91,
      2392.36,
      1899.0,
      1408.25,
      1865.29,
      1504.3,
      2085.18,
      2482.92,
      1985.13,
      1905.78,
      1706.75,
      2030.46,
      2403.36,
      1391.71,
      1367.23,
      1785.32,
      2080.5299999999997,
      1385.38,
      1798.3,
      1697.3,
      1870.44,
      2117.9900000000002,
      1029.62,
      2536.09,
      2392.62,
      1933.57,
      1955.75,
      1758.64,
      1690.1200000000001,
      1870.13,
      1846.6,
      1617.18,
      1950.79,
      1940.46,
      1966.5700000000002,
      1871.39,
      1551.26,
      2077.5,
      2431.18,
      1920.71,
      1814.22,
      2154.93,
      2001.71,
      1241.28,
      1637.35,
      1323.01,
      2093.58,
      1420.58,
      1737.24,
      2237.35,
      1956.31,
      1967.44,
      2012.75,
      1636.74,
      2119.18,
      1532.12,
      1963.68,
      2478.12,
      1625.56,
      1550.81,
      1507.73,
      1976.7,
      1943.3,
      2136.3,
      1906.96,
      2145.64,
      2113.09,
      2225.37,
      2210.92,
      1739.55,
      2371.07,
      1693.97,
      1834.32,
      1376.4099999999999,
      2002.06,
      1343.22,
      2315.09,
      1575.1,
      1971.52,
      1856.48,
      2074.26,
      1723.47,
      1267.56,
      1943.53,
      1758.78,
      1925.4,
      1993.8,
      1793.34,
      1843.0,
      1934.15,
      1459.83,
      1937.07,
      1936.78,
      2137.21,
      1620.8600000000001,
      1669.12,
      1634.41,
      1925.18,
      2026.41,
      2173.73,
      2270.88,
      1238.93,
      2156.03,
      1531.32,
      1467.54,
      1994.79,
      1762.84,
      1818.04,
      2346.34,
      2034.59,
      1772.96,
      1704.94,
      1388.63,
      1383.64,
      1334.58,
      1885.46,
      1403.25,
      2138.81,
      2044.32,
      1944.67,
      1862.28,
      1718.3700000000001,
      1402.72,
      1609.56,
      1233.9,
      1785.8400000000001,
      1404.39,
      1378.64,
      1601.13,
      734.77,
      1220.44,
      1312.53,
      1587.87,
      1124.23,
      1491.05,
      1326.78,
      1259.49,
      1434.26,
      1216.3400000000001,
      1007.84,
      1549.5,
      1018.18,
      1059.07,
      1050.57,
      1301.75,
      1042.78,
      692.27,
      1289.25,
      1073.33,
      800.77,
      1182.25,
      699.73,
      531.22,
      466.15,
      565.11,
      1560.74,
      1144.4,
      1198.17,
      1536.71,
      1021.98,
      1076.75,
      985.9399999999999,
      1131.73,
      1564.3,
      1234.35,
      807.34,
      1130.16,
      1176.57,
      819.1800000000001,
      843.6800000000001,
      873.77,
      671.08,
      1110.89,
      1124.81,
      1211.03,
      712.71,
      1114.81,
      519.23,
      624.29,
      584.9300000000001,
      575.4200000000001,
      938.45,
      727.59,
      907.4100000000001,
      713.6,
      652.69,
      392.15,
      269.93,
      816.0699999999999,
      1015.59,
      1097.98,
      896.5699999999999,
      862.1700000000001,
      869.17,
      591.48,
      681.92,
      875.25,
      977.34,
      750.54,
      602.4200000000001,
      759.09,
      753.59,
      640.98,
      1029.17,
      797.49,
      470.35,
      722.15,
      871.0600000000001,
      372.27,
      384.24,
      844.4300000000001,
      1161.73,
      1103.3999999999999,
      382.88,
      759.62,
      1057.71,
      1200.15,
      1099.57,
      867.6700000000001,
      1022.54,
      1002.18,
      919.4300000000001,
      614.84,
      590.4699999999999,
      662.95,
      933.75,
      687.6800000000001,
      727.36,
      946.68,
      688.11,
      210.58,
      784.28,
      445.13,
      743.23,
      204.9,
      472.97,
      796.66,
      488.3,
      560.27,
      242.43,
      309.11,
      598.61,
      346.7,
      626.61,
      643.71,
      540.06,
      514.01,
      858.09,
      612.24,
      754.53,
      1210.58,
      657.73,
      496.68,
      634.97,
      1052.1299999999999,
      871.78,
      678.56,
      724.77,
      838.25,
      794.02,
      1044.05,
      785.62,
      632.27,
      766.56,
      939.13,
      1089.18,
      1542.81,
      1508.05,
      1311.45,
      1076.44,
      1062.69,
      1120.04,
      1333.5,
      1111.97,
      1415.83,
      1181.3,
      1325.06,
      1495.75,
      1247.1100000000001,
      1770.71,
      1247.01,
      1616.0800000000002,
      1618.32,
      1154.45,
      1303.71,
      1564.1200000000001,
      1825.19,
      1051.81,
      1423.9099999999999,
      1184.66,
      1041.5900000000001,
      1374.19,
      1128.24,
      821.53,
      1154.73,
      1024.59,
      1325.97,
      1279.28,
      1170.53,
      655.72,
      820.57,
      1141.8,
      1040.59,
      1219.91,
      912.71,
      947.99,
      1159.21,
      920.1700000000001,
      1165.04,
      942.37,
      1440.57,
      1101.32,
      1398.94,
      1345.69,
      1140.95,
      1627.67,
      1030.3200000000002,
      992.1,
      1134.63,
      1266.43,
      708.39,
      795.4,
      731.55,
      622.89,
      919.11,
      923.22,
      1175.0700000000002,
      1490.55,
      697.54,
      1308.66,
      730.88,
      1007.28,
      1318.29,
      1206.81,
      863.4200000000001
    ],
    "stopping_reason": "max_candidates",
    "operations": {
      "candidate_generation": 401,
      "feasibility_check": 400,
      "weight_evaluation": 400
    }
  }
}