{
  "graph": "graph_n14_d12.5_adj_matrix",
  "algorithm": "random",
  "result": {
    "graph_name": "graph_n14_d12.5_adj_matrix",
    "algorithm": "random",
    "best_weight": 1053.79,
    "best_matching": [
      1,
      2,
      4,
      6,
      8
    ],
    "runtime": 2.000021492000087,
    "candidates": 55,
    "improvements": 7,
    "duplicates": 259418,
    "infeasible": 0,
    "size_history": {
      "3": 27,
      "2": 9,
      "1": 1,
      "4": 16,
      "5": 2
    },
    "weight_history": [
      659.9,
      721.0,
      800.77,
      791.18,
      631.85,
      671.0500000000001,
      802.89,
      528.85,
      424.02,
      673.14,
      645.46,
      481.58,
      250.89999999999998,
      709.19,
      203.21,
      502.14,
      597.56,
      581.9100000000001,
      606.8,
      364.97,
      565.51,
      775.53,
      688.79,
      752.9100000000001,
      873.0699999999999,
      729.39,
      438.46000000000004,
      705.35,
      800.76,
      870.95,
      728.15,
      604.17,
      636.22,
      955.06,
      818.53,
      1053.79,
      586.4,
      884.88,
      1034.83,
      852.67,
      649.62,
      874.26,
      857.7,
      1021.58,
      892.03,
      807.22,
      842.0500000000001,
      617.99,
      627.69,
      688.82,
      585.78,
      839.43,
      855.3,
      850.58,
      932.44
    ],
    "stopping_reason": "time_limit",
    "operations": {
      "candidate_generation": 259473,
      "feasibility_check": 55,
      "weight_evaluation": 55
    }
  }
}