{
  "graph": "graph_n11_d75_adj_matrix",
  "algorithm": "greedy",
  "result": {
    "graph_name": "graph_n11_d75_adj_matrix",
    "algorithm": "greedy",
    "best_weight": 1732.1200000000001,
    "best_matching": [
      0,
      13,
      22,
      29,
      36
    ],
    "runtime": 2.000033923999581,
    "candidates": 123,
    "improvements": 6,
    "duplicates": 129553,
    "infeasible": 0,
    "size_history": {
      "5": 74,
      "4": 34,
      "3": 13,
      "2": 2
    },
    "weight_history": [
      1690.34,
      1654.91,
      1620.81,
      1686.2,
      1694.94,
      1639.05,
      1707.69,
      1515.97,
      1653.61,
      1675.26,
      1628.11,
      1533.96,
      1556.93,
      1517.27,
      1277.12,
      1548.56,
      1552.33,
      1522.54,
      1563.1200000000001,
      1548.52,
      1501.41,
      1480.81,
      1686.16,
      1534.22,
      1612.06,
      1671.6,
      1700.76,
      1660.66,
      1626.08,
      1600.8700000000001,
      1712.29,
      1660.18,
      1727.52,
      1698.3500000000001,
      1609.98,
      1537.77,
      1621.69,
      1652.5,
      1732.1200000000001,
      1582.3,
      1535.85,
      1610.04,
      1542.3700000000001,
      1672.29,
      1601.2,
      1580.12,
      1609.76,
      1607.77,
      1694.31,
      1649.24,
      1577.96,
      1618.82,
      1581.3700000000001,
      1648.46,
      1543.3899999999999,
      1680.38,
      1483.17,
      1586.6399999999999,
      1627.33,
      1634.87,
      1590.54,
      1651.2,
      1682.02,
      1491.32,
      1615.14,
      1622.99,
      1484.99,
      1431.34,
      1449.0,
      1482.58,
      1347.35,
      1463.56,
      1398.21,
      1488.44,
      1405.75,
      1478.54,
      1474.17,
      912.8199999999999,
      1324.27,
      1313.25,
      1318.08,
      1277.28,
      1313.48,
      1309.67,
      888.1700000000001,
      1247.87,
      1281.74,
      1252.47,
      1445.9,
      1485.3600000000001,
      1486.72,
      1228.29,
      1471.97,
      1493.27,
      1443.88,
      1472.4,
      1450.63,
      1493.05,
      1247.6399999999999,
      1679.15,
      1502.18,
      1683.79,
      1675.78,
      1613.8,
      1588.27,
      1667.69,
      1596.83,
      1619.07,
      1577.33,
      1675.11,
      1575.7,
      1656.0,
      1636.64,
      1657.77,
      1668.8400000000001,
      1617.3,
      1634.48,
      1515.6499999999999,
      1569.87,
      1662.82,
      1571.36,
      1664.59,
      1603.97
    ],
    "stopping_reason": "time_limit",
    "operations": {
      "candidate_generation": 129676,
      "feasibility_check": 123,
      "weight_evaluation": 123
    }
  }
}