{
  "graph": "graph_n9_d50_adj_matrix",
  "algorithm": "random",
  "result": {
    "graph_name": "graph_n9_d50_adj_matrix",
    "algorithm": "random",
    "best_weight": 1070.47,
    "best_matching": [
      1,
      2,
      6,
      11
    ],
    "runtime": 2.0000222960006795,
    "candidates": 52,
    "improvements": 3,
    "duplicates": 253259,
    "infeasible": 0,
    "size_history": {
      "4": 11,
      "3": 10,
      "2": 13,
      "1": 18
    },
    "weight_history": [
      1008.54,
      787.98,
      949.18,
      758.24,
      1050.25,
      924.09,
      902.2,
      785.0,
      927.98,
      1070.47,
      754.02,
      686.25,
      920.86,
      687.1700000000001,
      551.74,
      658.02,
      519.84,
      655.61,
      326.93,
      505.35,
      712.27,
      917.31,
      236.91,
      266.06,
      605.1800000000001,
      460.98,
      505.03,
      458.17,
      90.02,
      417.1,
      248.48999999999998,
      533.26,
      359.47,
      230.08,
      178.09,
      571.96,
      76.92,
      58.82,
      119.1,
      179.01,
      479.94,
      431.84,
      687.1800000000001,
      209.86,
      193.5,
      207.24,
      279.16,
      326.02,
      350.46,
      341.88,
      129.39,
      286.43
    ],
    "stopping_reason": "time_limit",
    "operations": {
      "candidate_generation": 253311,
      "feasibility_check": 52,
      "weight_evaluation": 52
    }
  }
}