{
  "graph": "graph_n9_d50_adj_matrix",
  "algorithm": "random",
  "result": {
    "graph_name": "graph_n9_d50_adj_matrix",
    "algorithm": "random",
    "best_weight": 1143.0,
    "best_matching": [
      4,
      7,
      10,
      14
    ],
    "runtime": 2.0000313549990096,
    "candidates": 101,
    "improvements": 4,
    "duplicates": 225260,
    "infeasible": 0,
    "size_history": {
      "4": 56,
      "3": 34,
      "2": 10,
      "1": 1
    },
    "weight_history": [
      865.26,
      688.9699999999999,
      851.12,
      999.78,
      889.22,
      989.1700000000001,
      664.53,
      795.6700000000001,
      1058.77,
      683.93,
      925.0600000000001,
      716.06,
      744.6,
      988.26,
      758.24,
      965.41,
      944.4300000000001,
      996.18,
      1143.0,
      682.1,
      784.19,
      850.77,
      743.12,
      759.09,
      668.75,
      729.83,
      815.04,
      648.5699999999999,
      758.98,
      689.71,
      519.84,
      505.84,
      961.31,
      418.8,
      535.88,
      385.33000000000004,
      209.12,
      609.93,
      641.7,
      349.18,
      326.34000000000003,
      460.98,
      178.09,
      561.23,
      551.0,
      781.02,
      564.34,
      840.39,
      836.02,
      966.93,
      782.36,
      941.08,
      815.9,
      911.6899999999999,
      830.9000000000001,
      1078.8899999999999,
      695.2,
      817.23,
      1080.4099999999999,
      957.6,
      937.07,
      749.9200000000001,
      917.25,
      1030.79,
      898.3,
      1008.54,
      787.98,
      999.9,
      754.02,
      936.62,
      856.3,
      910.41,
      901.4599999999999,
      831.37,
      1050.25,
      917.31,
      927.98,
      949.18,
      1070.47,
      902.2,
      895.01,
      761.78,
      788.69,
      845.86,
      534.17,
      1029.52,
      841.12,
      499.29999999999995,
      742.38,
      787.42,
      753.8199999999999,
      830.39,
      1121.55,
      824.59,
      1027.03,
      937.1899999999999,
      785.0,
      575.49,
      924.09,
      875.99,
      817.9200000000001
    ],
    "stopping_reason": "time_limit",
    "operations": {
      "candidate_generation": 225361,
      "feasibility_check": 101,
      "weight_evaluation": 101
    }
  }
}