{
  "graph": "graph_n15_d75_adj_matrix",
  "algorithm": "random",
  "result": {
    "graph_name": "graph_n15_d75_adj_matrix",
    "algorithm": "random",
    "best_weight": 2965.4,
    "best_matching": [
      11,
      23,
      35,
      53,
      58,
      72,
      75
    ],
    "runtime": 0.009099324000999331,
    "candidates": 400,
    "improvements": 5,
    "duplicates": 0,
    "infeasible": 0,
    "size_history": {
      "7": 283,
      "6": 101,
      "5": 15,
      "4": 1
    },
    "weight_history": [
      2223.3,
      1995.42,
      2152.45,
      2114.86,
      1745.76,
      1689.35,
      2026.16,
      2129.21,
      1999.93,
      1278.5,
      1742.8700000000001,
      2036.3600000000001,
      2189.69,
      1731.48,
      2206.61,
      1833.03,
      1841.53,
      2519.45,
      1836.34,
      1840.64,
      1905.0600000000002,
      1832.0500000000002,
      2129.27,
      1290.33,
      1716.1399999999999,
      2062.26,
      1728.19,
      2279.2200000000003,
      1462.14,
      1760.12,
      2032.74,
      1853.18,
      1715.08,
      1424.04,
      1796.12,
      1241.92,
      1787.1100000000001,
      919.1899999999999,
      1552.96,
      1898.6,
      1118.3700000000001,
      1501.81,
      2195.89,
      1537.82,
      1562.95,
      1336.23,
      1797.85,
      1690.02,
      1382.26,
      2293.57,
      2371.87,
      1835.69,
      1361.94,
      1845.15,
      1433.63,
      2381.46,
      1890.45,
      1759.52,
      2381.46,
      1522.8700000000001,
      2162.4700000000003,
      1884.5900000000001,
      2284.38,
      2000.78,
      1941.4099999999999,
      2247.8199999999997,
      1668.67,
      1940.34,
      1642.62,
      2025.02,
      2516.79,
      1757.54,
      2088.53,
      1696.37,
      2125.7000000000003,
      1674.81,
      1640.05,
      1649.56,
      2154.37,
      2034.96,
      1760.09,
      2370.56,
      1921.81,
      2274.17,
      2318.27,
      1828.87,
      2142.09,
      2313.25,
      1981.23,
      1977.1200000000001,
      2444.0,
      2358.06,
      1999.5,
      2162.8,
      2277.87,
      1731.6200000000001,
      1875.21,
      2705.32,
      2043.86,
      2484.74,
      2328.54,
      2215.99,
      1949.93,
      2349.54,
      2125.7999999999997,
      2162.46,
      2060.74,
      1722.68,
      2048.24,
      2198.85,
      1491.12,
      906.76,
      2105.38,
      2270.9700000000003,
      1671.2,
      1907.88,
      2523.69,
      2162.75,
      2433.21,
      1549.81,
      1713.21,
      1940.76,
      2285.13,
      1443.01,
      2114.02,
      2297.56,
      2099.92,
      1566.1299999999999,
      2186.31,
      2778.44,
      2205.23,
      2033.49,
      1969.14,
      2109.34,
      2143.81,
      1575.72,
      1702.8,
      1550.81,
      1659.64,
      2322.91,
      1786.03,
      2490.2,
      1351.99,
      2178.8199999999997,
      1919.38,
      2383.95,
      2245.33,
      2295.79,
      2230.45,
      2098.08,
      2006.53,
      2372.0699999999997,
      2015.95,
      2328.29,
      1362.01,
      1609.58,
      1810.68,
      2117.5,
      2079.11,
      1302.54,
      1939.79,
      2227.56,
      1764.08,
      2287.04,
      1504.11,
      2095.96,
      2129.13,
      2480.07,
      1837.52,
      1749.44,
      2221.7400000000002,
      2203.53,
      2372.58,
      1986.6299999999999,
      2356.59,
      1790.0,
      1818.52,
      1937.69,
      1928.32,
      2211.86,
      1844.49,
      2119.31,
      2109.63,
      1417.17,
      2555.63,
      1771.52,
      2335.2200000000003,
      1737.71,
      2675.16,
      2407.54,
      1831.42,
      1950.41,
      2563.21,
      2036.19,
      2050.61,
      1904.77,
      2190.7400000000002,
      1915.47,
      1763.64,
      1698.73,
      2347.16,
      2612.73,
      2481.84,
      2437.85,
      1882.24,
      2353.5,
      1862.75,
      1850.99,
      1785.58,
      2557.68,
      1723.21,
      2965.4,
      1870.11,
      1680.27,
      2048.61,
      1821.81,
      1975.7,
      1229.51,
      2586.35,
      1830.13,
      2028.07,
      1542.04,
      1736.16,
      1794.24,
      1884.28,
      2006.56,
      1737.69,
      1742.97,
      1917.05,
      1592.3700000000001,
      1973.91,
      2440.05,
      2098.25,
      2148.34,
      1895.13,
      2378.12,
      2081.7,
      1862.27,
      1040.77,
      2185.81,
      1950.3700000000001,
      1768.1100000000001,
      1478.28,
      1966.85,
      1583.3200000000002,
      1392.3400000000001,
      1891.82,
      1941.77,
      2099.88,
      1986.16,
      1844.68,
      1813.49,
      2088.1,
      1997.6,
      2306.96,
      1991.22,
      2385.35,
      2218.41,
      1620.9,
      2140.19,
      1432.54,
      2336.61,
      1456.58,
      2222.73,
      1157.45,
      1749.69,
      1513.6,
      1569.1100000000001,
      1665.55,
      2115.64,
      1791.7,
      1741.63,
      959.39,
      2454.73,
      1877.49,
      2241.83,
      1665.5,
      1973.0600000000002,
      2154.4300000000003,
      2520.67,
      2298.9700000000003,
      2033.06,
      1663.99,
      1849.4,
      1568.79,
      2257.33,
      2544.72,
      2263.05,
      1920.7,
      2019.5500000000002,
      2468.44,
      1961.41,
      1968.53,
      2476.94,
      2051.48,
      1776.67,
      2075.18,
      1911.07,
      2117.02,
      1738.92,
      2330.32,
      1402.8500000000001,
      2491.86,
      2414.23,
      2081.04,
      2145.0,
      2392.08,
      2413.42,
      2175.5,
      2244.98,
      1852.49,
      1943.25,
      2534.48,
      2239.14,
      1252.04,
      1951.3600000000001,
      2393.23,
      2356.9,
      1994.25,
      1843.91,
      2387.02,
      2178.9,
      2166.77,
      2295.13,
      1961.16,
      1984.84,
      2057.22,
      2087.66,
      1824.47,
      1798.97,
      1438.24,
      1643.49,
      1495.25,
      1857.55,
      1949.06,
      1624.0900000000001,
      1392.13,
      1888.97,
      1846.5,
      1585.94,
      1493.06,
      1810.48,
      1941.18,
      2251.07,
      2239.2200000000003,
      2169.81,
      1787.3700000000001,
      1547.08,
      1789.28,
      1853.79,
      1240.27,
      2112.71,
      2103.26,
      1687.23,
      2324.12,
      2012.35,
      1770.73,
      2291.55,
      1851.13,
      2209.68,
      2242.97,
      1803.4,
      1685.68,
      2087.32,
      2410.3,
      1885.42,
      2439.1,
      1954.79,
      2246.63,
      1656.12,
      2148.75,
      1921.2,
      2450.47,
      2510.88,
      1808.33,
      1725.17,
      1148.3700000000001,
      1930.3899999999999,
      2542.66,
      2036.4,
      2022.98,
      2068.88,
      1706.55,
      1490.53,
      2059.9700000000003,
      1637.6399999999999,
      1123.19,
      1805.26,
      1817.94,
      1663.93,
      1820.99,
      1876.6,
      2084.21,
      1651.3,
      1954.1299999999999,
      1614.54,
      1998.13,
      1784.1,
      1879.65,
      2251.37
    ],
    "stopping_reason": "max_candidates",
    "operations": {
      "candidate_generation": 400,
      "feasibility_check": 400,
      "weight_evaluation": 400
    }
  }
}