{
  "random": {
    "mean_weight": 1860.3333333333333,
    "std_weight": 80.58409492918281,
    "min_weight": 1797.38,
    "max_weight": 1974.08,
    "absolute_gap": 113.74666666666667,
    "relative_gap": 0.057620089695790785,
    "approximation_ratio": 0.9423799103042092
  },
  "greedy": {
    "mean_weight": 1911.2266666666667,
    "std_weight": 83.44331422522052,
    "min_weight": 1793.22,
    "max_weight": 1970.23,
    "absolute_gap": 62.85333333333324,
    "relative_gap": 0.03183930404711726,
    "approximation_ratio": 0.9681606959528828
  },
  "local": {
    "mean_weight": 1928.55,
    "std_weight": 64.38914349484698,
    "min_weight": 1837.49,
    "max_weight": 1974.08,
    "absolute_gap": 45.52999999999997,
    "relative_gap": 0.023063908250932068,
    "approximation_ratio": 0.9769360917490679
  }
}