{
  "graph": "graph_n19_d25_adj_matrix",
  "algorithm": "local",
  "result": {
    "graph_name": "graph_n19_d25_adj_matrix",
    "algorithm": "local",
    "best_weight": 2769.23,
    "best_matching": [
      0,
      9,
      12,
      16,
      18,
      19,
      23,
      38,
      40
    ],
    "runtime": 2.001066157999958,
    "candidates": 123,
    "improvements": 4,
    "duplicates": 533,
    "infeasible": 0,
    "size_history": {
      "9": 80,
      "8": 41,
      "7": 2
    },
    "weight_history": [
      2519.6,
      2576.09,
      2765.51,
      2736.94,
      2505.42,
      2647.1,
      2677.1,
      2589.48,
      2706.04,
      2714.7400000000002,
      2678.11,
      2456.02,
      2728.02,
      2726.27,
      2436.1,
      2535.89,
      2627.6,
      2620.03,
      2769.23,
      2715.0,
      2563.27,
      2523.27,
      2718.21,
      2511.51,
      2593.17,
      2649.4,
      2524.29,
      2542.75,
      2738.33,
      2470.58,
      2618.5,
      2680.57,
      2629.02,
      2697.12,
      2646.87,
      2504.84,
      2700.75,
      2496.43,
      2647.21,
      2633.95,
      2588.88,
      2556.78,
      2419.9,
      2734.27,
      2578.09,
      2569.58,
      2663.65,
      2475.46,
      2612.4700000000003,
      2597.82,
      2695.83,
      2532.42,
      2554.51,
      2716.42,
      2511.88,
      2630.29,
      2556.61,
      2630.81,
      2588.92,
      2565.52,
      2695.37,
      2634.6,
      2588.95,
      2516.0,
      2531.85,
      2585.48,
      2579.78,
      2534.17,
      2683.84,
      2546.55,
      2687.09,
      2557.98,
      2559.7,
      2613.35,
      2632.75,
      2558.02,
      2530.8,
      2545.08,
      2524.28,
      2596.96,
      2490.69,
      2632.2,
      2647.41,
      2560.01,
      2532.52,
      2666.93,
      2482.58,
      2475.51,
      2512.19,
      2510.04,
      2489.8,
      2492.21,
      2554.86,
      2510.42,
      2464.61,
      2646.2,
      2599.91,
      2623.12,
      2454.33,
      2537.64,
      2500.66,
      2508.89,
      2505.0,
      2561.7,
      2619.25,
      2543.66,
      2522.53,
      2626.59,
      2499.08,
      2562.93,
      2599.69,
      2557.98,
      2629.29,
      2599.05,
      2579.77,
      2558.05,
      2440.08,
      2482.18,
      2489.59,
      2596.7,
      2699.87,
      2513.35,
      2480.9900000000002
    ],
    "stopping_reason": "time_limit",
    "operations": {
      "candidate_generation": 656,
      "feasibility_check": 123,
      "weight_evaluation": 123
    }
  }
}