{
  "graph": "graph_n14_d75_adj_matrix",
  "algorithm": "random",
  "result": {
    "graph_name": "graph_n14_d75_adj_matrix",
    "algorithm": "random",
    "best_weight": 1771.01,
    "best_matching": [
      6,
      10,
      17,
      36,
      43,
      64
    ],
    "runtime": 2.000068792000093,
    "candidates": 211,
    "improvements": 3,
    "duplicates": 119618,
    "infeasible": 0,
    "size_history": {
      "7": 1,
      "6": 11,
      "5": 11,
      "4": 58,
      "3": 51,
      "2": 11,
      "1": 68
    },
    "weight_history": [
      1275.82,
      1651.56,
      1570.94,
      1521.82,
      1515.01,
      1771.01,
      1623.42,
      1302.17,
      1401.52,
      1767.69,
      1655.51,
      1493.09,
      1241.97,
      1130.29,
      1399.04,
      1435.48,
      1498.28,
      1397.99,
      1352.5900000000001,
      1326.85,
      1033.76,
      1600.37,
      900.04,
      897.53,
      1063.3899999999999,
      887.14,
      921.2,
      929.23,
      1210.63,
      840.99,
      686.04,
      1346.24,
      1001.65,
      760.77,
      946.14,
      656.79,
      532.6999999999999,
      527.09,
      487.29,
      662.98,
      674.92,
      619.26,
      1139.6100000000001,
      1012.25,
      1048.88,
      1195.57,
      1018.51,
      821.62,
      921.71,
      1129.17,
      995.04,
      1068.6599999999999,
      1106.94,
      1031.81,
      1026.48,
      354.5,
      996.68,
      819.55,
      714.38,
      748.16,
      806.86,
      961.25,
      685.59,
      633.23,
      916.64,
      716.0600000000001,
      1100.08,
      967.93,
      892.48,
      1263.95,
      745.34,
      1028.67,
      1047.02,
      753.36,
      1021.64,
      1026.32,
      941.21,
      325.65,
      760.34,
      1060.75,
      657.65,
      755.61,
      416.69,
      806.75,
      731.89,
      736.65,
      605.81,
      792.88,
      880.23,
      744.12,
      1000.1099999999999,
      1154.6100000000001,
      561.58,
      966.44,
      987.88,
      1193.57,
      800.4,
      901.71,
      1393.4299999999998,
      647.76,
      784.45,
      977.5,
      501.12,
      775.54,
      976.62,
      966.55,
      1182.5,
      413.72,
      989.03,
      663.13,
      992.71,
      1036.57,
      1104.63,
      556.71,
      703.39,
      543.27,
      1450.16,
      716.27,
      735.99,
      469.84000000000003,
      1018.2,
      887.07,
      379.35,
      662.1600000000001,
      1056.38,
      631.66,
      948.13,
      388.68,
      832.8199999999999,
      588.47,
      525.11,
      712.29,
      356.09000000000003,
      733.61,
      750.97,
      506.84000000000003,
      537.87,
      650.82,
      125.56,
      782.0799999999999,
      268.81,
      470.3,
      348.80999999999995,
      89.14,
      322.19,
      47.3,
      161.77,
      133.06,
      63.82,
      250.71,
      393.69,
      239.1,
      203.21,
      77.47,
      300.67,
      437.07,
      213.58,
      505.1,
      423.0,
      407.18,
      297.84,
      284.76,
      241.87,
      378.11,
      161.76,
      225.89,
      146.18,
      171.0,
      78.26,
      147.65,
      349.78,
      222.19,
      222.19,
      146.11,
      189.28,
      372.98,
      356.03,
      378.93,
      213.25,
      263.21,
      359.07,
      165.03,
      255.18,
      142.17,
      132.61,
      372.84,
      193.4,
      274.31,
      144.93,
      33.97,
      120.1,
      351.76,
      453.13,
      314.84,
      322.77,
      159.11,
      168.16,
      110.0,
      163.88,
      457.42,
      310.58,
      57.71,
      435.8,
      649.5999999999999,
      398.02,
      206.17,
      346.28,
      386.2,
      271.97,
      192.21,
      342.07
    ],
    "stopping_reason": "time_limit",
    "operations": {
      "candidate_generation": 119829,
      "feasibility_check": 211,
      "weight_evaluation": 211
    }
  }
}