{
  "graph": "graph_n19_d50_adj_matrix",
  "algorithm": "random",
  "result": {
    "graph_name": "graph_n19_d50_adj_matrix",
    "algorithm": "random",
    "best_weight": 2636.32,
    "best_matching": [
      3,
      14,
      36,
      45,
      46,
      62,
      63,
      71,
      72
    ],
    "runtime": 0.010291137999956845,
    "candidates": 400,
    "improvements": 8,
    "duplicates": 0,
    "infeasible": 0,
    "size_history": {
      "9": 257,
      "8": 129,
      "7": 14
    },
    "weight_history": [
      2077.83,
      1819.12,
      1689.1399999999999,
      2269.0,
      2349.98,
      1914.28,
      2079.06,
      1685.41,
      1971.39,
      1985.72,
      2286.67,
      1837.23,
      2083.64,
      1865.85,
      1468.59,
      1720.83,
      1561.19,
      1998.71,
      2303.14,
      2023.04,
      2323.6,
      2437.85,
      2048.08,
      1755.69,
      2304.9900000000002,
      2016.03,
      1422.96,
      2124.18,
      2039.04,
      1928.3700000000001,
      2243.24,
      1791.7,
      2311.49,
      2084.91,
      1828.15,
      2156.7400000000002,
      2373.75,
      2348.81,
      1859.08,
      2459.43,
      2564.14,
      2225.55,
      2234.1,
      1953.93,
      2280.7599999999998,
      2363.65,
      2028.31,
      1735.37,
      1742.33,
      1975.77,
      2356.27,
      1981.04,
      2123.45,
      2208.23,
      1789.88,
      2485.52,
      1672.49,
      2350.48,
      1821.15,
      1667.45,
      2451.02,
      2303.58,
      1618.8999999999999,
      1953.18,
      2591.18,
      1861.41,
      2101.08,
      2138.63,
      2234.46,
      2375.11,
      1673.58,
      2392.32,
      2078.23,
      1958.75,
      2267.74,
      2341.7599999999998,
      2489.04,
      2310.52,
      2443.74,
      1898.31,
      1602.21,
      1696.71,
      2187.03,
      1595.54,
      2291.95,
      2334.85,
      1915.95,
      2146.14,
      2099.23,
      1390.17,
      1968.1100000000001,
      2009.85,
      1343.41,
      2128.48,
      2128.57,
      2320.73,
      1456.18,
      1966.25,
      1864.15,
      2133.5,
      2240.28,
      1784.04,
      1857.1100000000001,
      1715.33,
      1389.04,
      2028.8999999999999,
      2408.42,
      1706.52,
      1841.81,
      2161.56,
      1995.1,
      1908.34,
      1952.55,
      2037.52,
      2360.56,
      1751.21,
      1803.93,
      1995.34,
      1856.78,
      2295.7,
      2097.92,
      1688.08,
      1777.96,
      2383.95,
      1455.65,
      2490.58,
      1511.89,
      2152.67,
      1689.76,
      1810.4099999999999,
      2100.37,
      2117.47,
      1974.62,
      1971.39,
      1353.74,
      1915.3600000000001,
      1654.24,
      1805.32,
      2191.5,
      2108.6,
      1824.04,
      2636.32,
      1913.31,
      1611.95,
      1416.18,
      1989.4,
      1580.79,
      1809.41,
      1657.5,
      1991.54,
      1751.45,
      1488.66,
      1719.83,
      1613.46,
      1788.15,
      1483.32,
      1811.95,
      1199.36,
      1948.0,
      1913.08,
      1936.44,
      1325.4099999999999,
      1503.13,
      1564.8,
      1284.48,
      1611.78,
      2339.46,
      1520.63,
      1756.92,
      1861.49,
      2131.36,
      1731.56,
      1968.54,
      1615.87,
      1386.31,
      1588.95,
      1852.25,
      2012.46,
      2260.08,
      1908.26,
      1324.54,
      2183.77,
      1740.33,
      1752.23,
      2097.68,
      1880.76,
      2046.91,
      1921.42,
      2084.21,
      2164.9,
      2036.48,
      1871.07,
      1423.07,
      1762.99,
      1852.28,
      2043.37,
      2350.71,
      2142.87,
      1951.21,
      1580.58,
      1672.88,
      2223.53,
      2295.38,
      2039.37,
      2028.47,
      2464.2000000000003,
      2136.99,
      2501.54,
      2086.73,
      2027.83,
      1847.7,
      2574.91,
      2111.75,
      1616.45,
      1976.28,
      1905.95,
      2139.93,
      1651.83,
      1580.61,
      1524.47,
      2090.86,
      1912.59,
      2290.12,
      2116.6,
      1865.74,
      2132.6,
      1938.93,
      2347.33,
      1923.76,
      2186.29,
      2593.41,
      2179.31,
      2079.2599999999998,
      1832.45,
      1307.6,
      2194.43,
      2162.91,
      1694.8899999999999,
      1952.71,
      1608.47,
      1998.54,
      1677.6,
      2062.41,
      1856.95,
      2174.79,
      2312.93,
      1773.04,
      2392.84,
      1724.77,
      2404.94,
      2044.6299999999999,
      1844.17,
      2002.77,
      1961.35,
      1945.11,
      1766.96,
      2378.81,
      1717.38,
      1767.17,
      1952.05,
      1859.55,
      1412.15,
      2008.97,
      1818.93,
      1623.57,
      2053.9,
      2092.67,
      1241.18,
      2500.75,
      2502.52,
      1713.5,
      1635.2,
      1432.69,
      2305.62,
      1796.91,
      1509.73,
      1853.58,
      2288.32,
      2277.82,
      2009.14,
      1312.39,
      2537.7799999999997,
      2258.88,
      2334.47,
      2131.37,
      2068.64,
      2412.62,
      1991.0,
      1534.13,
      2563.56,
      1935.8,
      1823.53,
      1808.73,
      2215.77,
      1209.98,
      2074.19,
      2293.81,
      1562.59,
      1907.2,
      2411.39,
      2255.69,
      2009.49,
      2387.2,
      1795.84,
      2421.84,
      1833.17,
      2271.49,
      2099.96,
      2173.52,
      2295.66,
      2390.52,
      2174.26,
      1772.95,
      1835.15,
      2379.7599999999998,
      1844.79,
      2488.93,
      2157.36,
      1858.25,
      1826.6599999999999,
      1943.54,
      2362.76,
      1556.43,
      2280.65,
      1594.38,
      2166.36,
      1582.95,
      2443.9,
      2067.75,
      1758.72,
      1901.8799999999999,
      2233.4700000000003,
      2236.62,
      2461.28,
      2118.43,
      1922.42,
      2106.19,
      2052.56,
      1950.65,
      1902.29,
      1828.88,
      1933.21,
      1904.15,
      2528.4,
      1985.8799999999999,
      2091.78,
      1663.28,
      1923.26,
      2232.41,
      2024.96,
      2264.83,
      2609.42,
      1909.8799999999999,
      1699.84,
      2267.92,
      2031.29,
      1764.67,
      1948.52,
      1896.31,
      2395.7,
      2039.96,
      2032.3700000000001,
      2404.38,
      1950.3799999999999,
      1674.33,
      1502.15,
      2217.96,
      2542.96,
      2044.51,
      1916.53,
      1822.71,
      1708.54,
      1892.63,
      2126.95,
      2089.34,
      2159.64,
      2182.24,
      1323.54,
      2111.1,
      2137.16,
      2112.34,
      1822.53,
      2101.55,
      2100.43,
      2028.81,
      2309.88,
      2273.45,
      1934.42,
      1736.9,
      1940.54,
      2073.32,
      1502.15,
      2575.2,
      2008.22,
      2121.01,
      1583.98,
      1841.64,
      1711.44,
      2583.7,
      2144.56
    ],
    "stopping_reason": "max_candidates",
    "operations": {
      "candidate_generation": 400,
      "feasibility_check": 400,
      "weight_evaluation": 400
    }
  }
}