{
  "graph": "graph_n15_d12.5_adj_matrix",
  "algorithm": "random",
  "result": {
    "graph_name": "graph_n15_d12.5_adj_matrix",
    "algorithm": "random",
    "best_weight": 1783.74,
    "best_matching": [
      2,
      3,
      6,
      7,
      8
    ],
    "runtime": 2.0000407209990954,
    "candidates": 57,
    "improvements": 7,
    "duplicates": 252936,
    "infeasible": 0,
    "size_history": {
      "5": 33,
      "4": 20,
      "6": 2,
      "3": 2
    },
    "weight_history": [
      1327.38,
      1300.17,
      1539.66,
      748.13,
      1554.96,
      1445.45,
      1287.74,
      864.91,
      1240.1000000000001,
      1312.39,
      1504.02,
      1236.27,
      1639.44,
      1098.6000000000001,
      1675.3600000000001,
      1275.24,
      1148.99,
      877.13,
      1762.64,
      786.02,
      1552.16,
      1294.8500000000001,
      1053.77,
      1783.74,
      1523.63,
      1358.17,
      1436.3500000000001,
      1333.49,
      1013.83,
      1681.16,
      1416.74,
      1111.1000000000001,
      1412.91,
      1008.44,
      777.63,
      794.9,
      1171.65,
      1218.69,
      648.63,
      1368.4,
      1128.37,
      730.59,
      887.5600000000001,
      950.4399999999999,
      1198.38,
      768.48,
      1318.19,
      1375.02,
      1768.44,
      1325.63,
      1696.46,
      1212.89,
      1567.46,
      1654.74,
      1189.19,
      924.77,
      1476.3
    ],
    "stopping_reason": "time_limit",
    "operations": {
      "candidate_generation": 252993,
      "feasibility_check": 57,
      "weight_evaluation": 57
    }
  }
}