{
  "graph": "graph_n14_d75_adj_matrix",
  "algorithm": "local",
  "result": {
    "graph_name": "graph_n14_d75_adj_matrix",
    "algorithm": "local",
    "best_weight": 2445.86,
    "best_matching": [
      6,
      15,
      20,
      26,
      32,
      51,
      63
    ],
    "runtime": 2.0002537460004532,
    "candidates": 92,
    "improvements": 4,
    "duplicates": 669,
    "infeasible": 0,
    "size_history": {
      "6": 44,
      "5": 37,
      "7": 9,
      "4": 2
    },
    "weight_history": [
      2248.9,
      2286.75,
      2186.37,
      2220.53,
      2222.14,
      2175.8,
      2137.42,
      2060.38,
      2270.8,
      2232.28,
      2199.16,
      1994.16,
      1964.44,
      2073.17,
      1958.0,
      2060.44,
      2005.4099999999999,
      2057.2200000000003,
      1975.33,
      2006.95,
      2023.01,
      2010.22,
      2159.88,
      2274.02,
      2290.17,
      2152.89,
      2150.21,
      2219.4900000000002,
      2445.86,
      2423.49,
      2412.74,
      2363.79,
      2432.56,
      2171.58,
      2110.86,
      2283.53,
      2239.52,
      2097.34,
      2178.02,
      2247.46,
      2277.38,
      2250.82,
      1951.04,
      2206.4900000000002,
      1983.66,
      1976.02,
      1945.21,
      1954.76,
      1895.93,
      1722.19,
      1988.81,
      1967.6,
      2033.88,
      1911.3899999999999,
      1998.97,
      2175.23,
      1984.35,
      2236.59,
      2247.66,
      2169.42,
      2256.32,
      2161.1,
      2158.01,
      2342.2400000000002,
      2159.81,
      2166.77,
      1978.85,
      1921.99,
      1986.18,
      1998.15,
      1788.41,
      1918.65,
      1869.03,
      1935.98,
      1980.5,
      1839.79,
      1920.91,
      2186.9,
      2209.23,
      2188.91,
      2084.98,
      2211.73,
      2189.52,
      2244.17,
      2374.84,
      2192.99,
      2190.36,
      2205.85,
      1907.93,
      1946.3,
      1941.1799999999998,
      2156.65
    ],
    "stopping_reason": "time_limit",
    "operations": {
      "candidate_generation": 761,
      "feasibility_check": 92,
      "weight_evaluation": 92
    }
  }
}