{
  "graph": "graph_n8_d75_adj_matrix",
  "algorithm": "random",
  "result": {
    "graph_name": "graph_n8_d75_adj_matrix",
    "algorithm": "random",
    "best_weight": 1782.14,
    "best_matching": [
      1,
      10,
      11,
      19
    ],
    "runtime": 2.0000345329990523,
    "candidates": 149,
    "improvements": 1,
    "duplicates": 207670,
    "infeasible": 0,
    "size_history": {
      "4": 31,
      "3": 91,
      "2": 26,
      "1": 1
    },
    "weight_history": [
      1782.14,
      970.2,
      604.5799999999999,
      999.07,
      1287.96,
      1155.68,
      959.7900000000001,
      1181.64,
      337.63,
      964.89,
      975.3,
      984.1,
      1184.44,
      559.1800000000001,
      404.03,
      915.5,
      1762.3899999999999,
      1281.69,
      890.96,
      889.61,
      694.71,
      1165.8,
      1426.58,
      444.89,
      1757.02,
      547.42,
      1747.96,
      1386.3,
      421.51,
      1077.22,
      1106.43,
      1156.45,
      695.95,
      659.56,
      958.95,
      352.05,
      639.61,
      747.72,
      837.63,
      1305.07,
      604.4,
      1139.14,
      466.74,
      440.38,
      772.55,
      736.56,
      713.18,
      69.75,
      259.61,
      930.4100000000001,
      792.72,
      791.05,
      582.4,
      368.24,
      440.2,
      1373.67,
      635.63,
      615.93,
      552.6999999999999,
      832.2,
      905.8399999999999,
      481.35,
      1077.47,
      574.78,
      878.46,
      1021.59,
      1362.46,
      1184.8899999999999,
      1266.73,
      993.1999999999999,
      1180.29,
      460.19,
      871.2099999999999,
      471.28,
      642.39,
      1185.79,
      1429.83,
      979.77,
      1143.29,
      335.75,
      1424.46,
      861.01,
      563.6999999999999,
      1020.9200000000001,
      1257.85,
      929.61,
      1148.66,
      968.01,
      576.63,
      603.63,
      384.94,
      1273.01,
      338.58,
      1339.49,
      914.74,
      485.01,
      1121.65,
      860.8,
      442.67999999999995,
      1315.52,
      882.3,
      798.92,
      461.63,
      1145.03,
      1020.15,
      370.91999999999996,
      553.29,
      444.15,
      617.13,
      877.76,
      826.2,
      506.27,
      446.87,
      192.79999999999998,
      754.38,
      415.54999999999995,
      1122.32,
      297.43,
      475.41,
      299.73,
      348.65999999999997,
      467.87,
      718.9300000000001,
      953.14,
      321.1,
      1115.3,
      611.78,
      918.6400000000001,
      602.27,
      361.96,
      1454.88,
      599.3,
      698.86,
      604.56,
      655.09,
      564.28,
      1061.19,
      288.21,
      1189.81,
      910.21,
      740.06,
      1282.07,
      205.28,
      849.52,
      1276.26,
      1350.67,
      675.75,
      1237.92,
      420.56
    ],
    "stopping_reason": "time_limit",
    "operations": {
      "candidate_generation": 207819,
      "feasibility_check": 149,
      "weight_evaluation": 149
    }
  }
}