{
  "random": {
    "mean_weight": 838.3199999999999,
    "std_weight": 0.0,
    "min_weight": 838.3199999999999,
    "max_weight": 838.3199999999999,
    "absolute_gap": 0.0,
    "relative_gap": 0.0,
    "approximation_ratio": 1.0
  },
  "greedy": {
    "mean_weight": 838.3199999999999,
    "std_weight": 0.0,
    "min_weight": 838.3199999999999,
    "max_weight": 838.3199999999999,
    "absolute_gap": 0.0,
    "relative_gap": 0.0,
    "approximation_ratio": 1.0
  },
  "local": {
    "mean_weight": 838.3199999999999,
    "std_weight": 0.0,
    "min_weight": 838.3199999999999,
    "max_weight": 838.3199999999999,
    "absolute_gap": 0.0,
    "relative_gap": 0.0,
    "approximation_ratio": 1.0
  }
}