{
  "graph": "graph_n20_d12.5_adj_matrix",
  "algorithm": "random",
  "result": {
    "graph_name": "graph_n20_d12.5_adj_matrix",
    "algorithm": "random",
    "best_weight": 1948.65,
    "best_matching": [
      0,
      5,
      6,
      11,
      17,
      20,
      22
    ],
    "runtime": 0.009438654000405222,
    "candidates": 400,
    "improvements": 5,
    "duplicates": 402,
    "infeasible": 0,
    "size_history": {
      "6": 260,
      "5": 81,
      "7": 59
    },
    "weight_history": [
      1186.75,
      918.3100000000001,
      1775.0,
      1349.07,
      1256.16,
      1497.81,
      1348.65,
      1891.26,
      1391.12,
      1126.51,
      1245.07,
      1533.41,
      970.0600000000001,
      1290.48,
      1580.16,
      1220.8700000000001,
      1062.73,
      1327.2,
      1458.16,
      1138.52,
      1361.38,
      1822.21,
      1208.43,
      1295.73,
      1318.94,
      1596.1,
      1029.1100000000001,
      1074.53,
      1320.65,
      1807.51,
      1305.48,
      1265.45,
      948.7,
      1072.28,
      1380.95,
      1545.05,
      1459.53,
      1522.77,
      1473.47,
      1471.63,
      1141.9,
      1398.23,
      1626.27,
      1324.27,
      1559.66,
      1494.16,
      846.1700000000001,
      1349.44,
      1475.88,
      1145.67,
      1382.59,
      1032.01,
      1373.26,
      920.99,
      1599.27,
      1395.24,
      1284.88,
      1756.25,
      1863.55,
      1348.6399999999999,
      1725.67,
      1143.94,
      1390.05,
      1081.78,
      1307.27,
      1435.21,
      1555.46,
      885.11,
      1225.93,
      1441.89,
      1144.23,
      1788.69,
      1316.92,
      828.82,
      1065.8600000000001,
      1751.33,
      1309.17,
      1032.48,
      1337.13,
      1459.73,
      1358.8400000000001,
      1132.4,
      1237.3600000000001,
      1660.76,
      1320.3,
      911.2,
      1389.67,
      1108.52,
      1668.28,
      1447.38,
      1314.6200000000001,
      1084.3200000000002,
      1418.77,
      951.83,
      1318.82,
      1410.55,
      1235.42,
      1728.21,
      1786.32,
      1105.43,
      954.37,
      1132.13,
      1626.3600000000001,
      801.11,
      1508.63,
      1934.96,
      1148.21,
      1432.21,
      1160.3400000000001,
      1349.1100000000001,
      1076.97,
      1117.7,
      1160.32,
      1448.77,
      1344.24,
      1569.41,
      1434.65,
      1092.94,
      1208.41,
      1828.27,
      1635.07,
      1404.89,
      1139.67,
      1262.91,
      1557.93,
      1338.15,
      1444.4,
      988.3900000000001,
      1275.23,
      1256.18,
      1920.94,
      1556.06,
      1345.94,
      1351.18,
      1699.47,
      1390.78,
      1543.28,
      1509.03,
      1449.3500000000001,
      1523.7,
      1336.5500000000002,
      1373.67,
      1309.54,
      1153.5900000000001,
      1339.42,
      1184.21,
      1276.02,
      1704.94,
      1347.64,
      1454.9,
      1434.75,
      1079.88,
      1469.6,
      1516.59,
      1728.93,
      1571.95,
      1361.25,
      1278.56,
      1069.01,
      1530.8600000000001,
      1153.23,
      1504.2,
      1423.93,
      1247.22,
      1515.57,
      1589.91,
      1604.36,
      1451.77,
      1671.49,
      1503.3400000000001,
      1388.24,
      1420.2,
      1554.1100000000001,
      1127.17,
      1534.78,
      1644.03,
      1325.3300000000002,
      1479.25,
      1366.93,
      1278.59,
      1285.67,
      1368.4,
      1670.82,
      1527.32,
      1683.66,
      1359.44,
      1487.05,
      1111.08,
      1861.01,
      1322.8400000000001,
      1306.27,
      1096.19,
      1295.12,
      1001.43,
      1315.13,
      1391.1200000000001,
      1748.79,
      1078.27,
      1131.58,
      1195.51,
      1277.77,
      1485.48,
      1043.03,
      1758.44,
      1291.52,
      1138.92,
      1112.03,
      1493.8,
      1641.24,
      1198.72,
      1918.4,
      1653.68,
      1448.17,
      1083.29,
      735.32,
      1257.97,
      1236.89,
      1311.71,
      1022.69,
      975.74,
      1200.01,
      1695.29,
      1207.71,
      1614.1,
      1168.47,
      1509.16,
      1374.63,
      1654.12,
      1370.19,
      1299.35,
      1406.5,
      1463.47,
      1864.9,
      1278.9,
      1244.14,
      1036.39,
      1105.98,
      1590.24,
      1255.44,
      1592.17,
      1481.32,
      1679.07,
      918.45,
      1093.79,
      1395.54,
      1315.26,
      1596.73,
      862.1999999999999,
      817.71,
      1475.09,
      674.67,
      1043.82,
      1105.84,
      1123.33,
      1285.29,
      1620.49,
      1514.05,
      1115.16,
      1256.8700000000001,
      1402.82,
      1044.49,
      1286.66,
      1616.71,
      1207.15,
      1136.23,
      1507.46,
      1081.64,
      985.85,
      641.2900000000001,
      1716.05,
      1885.66,
      1071.99,
      1696.93,
      1315.92,
      1581.82,
      1565.71,
      1445.63,
      1254.39,
      1085.83,
      1405.03,
      1199.8,
      1426.8400000000001,
      1948.65,
      1317.8,
      1192.3,
      1210.95,
      1442.91,
      1501.89,
      1522.21,
      1306.63,
      1384.18,
      1463.55,
      1395.5,
      1158.46,
      1577.68,
      1629.34,
      1536.97,
      1303.2,
      983.48,
      913.57,
      849.11,
      1012.32,
      1161.57,
      922.83,
      861.76,
      1295.84,
      1028.1100000000001,
      988.07,
      1600.74,
      1624.87,
      1677.88,
      1345.51,
      1379.16,
      1642.08,
      1111.22,
      1557.57,
      1490.1100000000001,
      1238.66,
      1448.51,
      1165.64,
      1193.85,
      1503.45,
      1040.23,
      1223.64,
      1065.94,
      1250.02,
      960.75,
      1180.91,
      868.51,
      1449.0,
      931.25,
      1464.82,
      1594.35,
      1171.26,
      1523.47,
      1330.74,
      1198.05,
      1547.43,
      1343.42,
      1639.21,
      1229.57,
      1529.8600000000001,
      1647.63,
      1781.64,
      1515.55,
      1476.88,
      1839.03,
      1190.73,
      1098.73,
      1377.32,
      1512.77,
      1252.9,
      1669.42,
      1546.97,
      1558.6,
      1090.82,
      1656.66,
      1096.3300000000002,
      1157.59,
      1323.56,
      1284.9,
      1023.4200000000001,
      1134.91,
      1249.16,
      979.0,
      958.26,
      1476.02,
      1082.28,
      1021.77,
      1257.19,
      1451.64,
      1506.16,
      1542.8700000000001,
      1062.26,
      1256.27,
      1419.49,
      1220.99,
      1506.74,
      1231.87,
      1513.03,
      1331.53,
      1462.0,
      1813.64,
      1551.44,
      1420.3,
      1765.35,
      1779.04,
      1500.8,
      1012.48,
      1587.74,
      819.03,
      998.86,
      1183.51,
      1416.83,
      1201.62,
      1289.92,
      978.6,
      1478.02,
      1383.32,
      1427.58
    ],
    "stopping_reason": "max_candidates",
    "operations": {
      "candidate_generation": 802,
      "feasibility_check": 400,
      "weight_evaluation": 400
    }
  }
}