{
  "graph": "graph_n15_d75_adj_matrix",
  "algorithm": "local",
  "result": {
    "graph_name": "graph_n15_d75_adj_matrix",
    "algorithm": "local",
    "best_weight": 3030.98,
    "best_matching": [
      11,
      22,
      35,
      54,
      64,
      69,
      72
    ],
    "runtime": 2.000328262000039,
    "candidates": 240,
    "improvements": 3,
    "duplicates": 523,
    "infeasible": 0,
    "size_history": {
      "7": 108,
      "6": 56,
      "5": 32,
      "3": 11,
      "4": 31,
      "2": 2
    },
    "weight_history": [
      2857.26,
      2873.39,
      3030.98,
      2837.87,
      2868.5,
      2854.9700000000003,
      2874.73,
      2874.4,
      2817.32,
      2799.54,
      2875.25,
      2748.23,
      2727.95,
      2724.91,
      2701.66,
      2702.71,
      2725.2400000000002,
      2722.33,
      2655.3,
      2716.38,
      2711.2400000000002,
      2874.92,
      3000.26,
      2942.41,
      2807.37,
      2873.98,
      2868.83,
      2919.78,
      2798.81,
      2879.67,
      2851.93,
      2852.26,
      2821.2799999999997,
      2874.73,
      2915.4,
      2789.9,
      3008.33,
      2844.53,
      2866.15,
      2862.98,
      2867.71,
      2732.2,
      2867.52,
      2873.25,
      2947.05,
      2943.46,
      2794.33,
      2917.33,
      2844.86,
      2997.46,
      3007.99,
      2981.9900000000002,
      2787.42,
      2867.85,
      2828.17,
      2728.28,
      2687.66,
      2747.9,
      2681.2200000000003,
      2661.2400000000002,
      2702.38,
      2716.71,
      2666.07,
      2683.3,
      2722.66,
      2710.91,
      2408.17,
      2402.55,
      2336.67,
      2317.9700000000003,
      2388.2200000000003,
      2221.31,
      2348.23,
      2408.5,
      2341.49,
      2333.25,
      2354.18,
      1561.73,
      1970.51,
      1881.55,
      1932.82,
      1971.76,
      1965.81,
      1938.99,
      1508.2,
      2004.42,
      1909.22,
      1998.47,
      1553.72,
      1567.68,
      1510.08,
      1007.95,
      1547.73,
      1522.0,
      1547.77,
      1496.08,
      1533.77,
      1516.03,
      1071.3,
      1971.43,
      1951.81,
      1990.46,
      1984.47,
      1976.58,
      1857.23,
      1896.51,
      1924.99,
      1984.51,
      1946.82,
      1929.04,
      2332.75,
      2402.2200000000003,
      1882.19,
      2326.34,
      2388.55,
      2288.75,
      2291.76,
      2334.27,
      2351.9,
      2297.71,
      2233.96,
      1956.63,
      1951.48,
      1965.48,
      1952.77,
      1970.63,
      2296.58,
      1926.64,
      1943.0,
      1887.5,
      1891.35,
      1934.58,
      2337.9,
      2691.25,
      2338.33,
      2305.54,
      2321.16,
      2272.55,
      2280.69,
      2324.2,
      2622.31,
      2344.15,
      2317.6800000000003,
      2677.63,
      2641.52,
      2518.15,
      2635.35,
      2285.59,
      2627.52,
      2619.27,
      2685.69,
      2649.35,
      2634.43,
      2619.01,
      2767.09,
      2855.46,
      2767.8,
      2856.9300000000003,
      2879.13,
      3027.39,
      2813.04,
      2642.26,
      2854.45,
      2829.78,
      2782.07,
      2647.47,
      2572.33,
      2670.92,
      2655.36,
      2576.93,
      2684.86,
      2650.83,
      2693.91,
      2685.3,
      2662.65,
      2612.58,
      2858.69,
      2923.72,
      2903.19,
      2835.7,
      2872.55,
      2970.29,
      2867.87,
      3024.59,
      2809.86,
      2851.2400000000002,
      2849.59,
      2633.46,
      2655.65,
      2663.36,
      2611.44,
      2678.91,
      2610.6,
      2576.99,
      2653.41,
      2594.9500000000003,
      2936.49,
      2666.78,
      2938.31,
      2773.31,
      2858.14,
      2854.78,
      2805.02,
      2686.1,
      2922.09,
      2724.37,
      2878.8,
      2806.29,
      2930.28,
      2886.24,
      2887.31,
      2986.88,
      2805.31,
      2843.16,
      2815.0299999999997,
      2902.14,
      2962.38,
      2761.14,
      2845.73,
      2801.21,
      3001.6,
      2867.36,
      2845.38,
      2885.1,
      2847.65,
      2863.31,
      2779.59,
      2892.13,
      2819.75,
      2985.34,
      2859.02,
      2820.08,
      2846.67,
      2820.91,
      2954.53,
      2792.77,
      2837.93,
      2859.85,
      2903.35,
      2780.46
    ],
    "stopping_reason": "time_limit",
    "operations": {
      "candidate_generation": 763,
      "feasibility_check": 240,
      "weight_evaluation": 240
    }
  }
}