{
  "graph": "graph_n11_d25_adj_matrix",
  "algorithm": "random",
  "result": {
    "graph_name": "graph_n11_d25_adj_matrix",
    "algorithm": "random",
    "best_weight": 1413.28,
    "best_matching": [
      1,
      6,
      9,
      10
    ],
    "runtime": 2.000020289000531,
    "candidates": 89,
    "improvements": 7,
    "duplicates": 243352,
    "infeasible": 0,
    "size_history": {
      "3": 50,
      "4": 16,
      "2": 20,
      "1": 3
    },
    "weight_history": [
      932.1800000000001,
      961.26,
      1025.34,
      954.61,
      681.0999999999999,
      859.68,
      946.7,
      703.67,
      890.9,
      866.98,
      917.62,
      553.78,
      683.89,
      266.6,
      175.79,
      849.55,
      668.76,
      615.17,
      917.44,
      322.86,
      460.53,
      972.89,
      935.1600000000001,
      632.5999999999999,
      793.9300000000001,
      1181.69,
      498.65,
      1152.0,
      764.4,
      915.48,
      898.2,
      527.88,
      790.96,
      759.0799999999999,
      927.71,
      30.36,
      655.88,
      414.64,
      528.16,
      605.7,
      437.06999999999994,
      458.9,
      419.64,
      291.64,
      932.19,
      983.37,
      695.14,
      736.84,
      983.69,
      467.42999999999995,
      831.67,
      610.17,
      1347.35,
      995.3199999999999,
      707.14,
      1207.98,
      1196.44,
      1025.68,
      1219.61,
      759.93,
      875.9300000000001,
      1317.84,
      1377.22,
      903.94,
      941.86,
      1413.28,
      998.12,
      1159.48,
      1137.05,
      1152.18,
      1115.94,
      1055.21,
      1112.97,
      1178.9,
      751.4,
      1166.56,
      650.88,
      691.19,
      705.62,
      976.39,
      717.5699999999999,
      673.31,
      680.58,
      1142.05,
      722.4100000000001,
      879.42,
      721.81,
      442.39,
      1153.68
    ],
    "stopping_reason": "time_limit",
    "operations": {
      "candidate_generation": 243441,
      "feasibility_check": 89,
      "weight_evaluation": 89
    }
  }
}