{
  "graph": "graph_n19_d75_adj_matrix",
  "algorithm": "local",
  "result": {
    "graph_name": "graph_n19_d75_adj_matrix",
    "algorithm": "local",
    "best_weight": 2871.52,
    "best_matching": [
      8,
      19,
      26,
      36,
      53,
      59,
      73,
      105,
      116
    ],
    "runtime": 2.001560779001011,
    "candidates": 370,
    "improvements": 10,
    "duplicates": 254,
    "infeasible": 0,
    "size_history": {
      "9": 98,
      "8": 78,
      "7": 92,
      "6": 75,
      "5": 24,
      "4": 3
    },
    "weight_history": [
      2725.08,
      2755.13,
      2661.65,
      2630.37,
      2787.15,
      2688.02,
      2711.18,
      2622.1,
      2683.92,
      2710.79,
      2790.7000000000003,
      2574.17,
      2716.39,
      2758.56,
      2583.35,
      2793.32,
      2740.21,
      2673.36,
      2548.65,
      2653.14,
      2638.15,
      2614.83,
      2645.87,
      2553.89,
      2582.63,
      2596.1800000000003,
      2646.06,
      2661.82,
      2625.44,
      2668.14,
      2621.62,
      2684.09,
      2661.41,
      2560.64,
      2485.79,
      2630.65,
      2508.06,
      2483.62,
      2436.33,
      2407.42,
      2435.12,
      2489.11,
      2275.64,
      2499.35,
      2570.74,
      2597.24,
      2600.79,
      2718.0,
      2617.0,
      2463.19,
      2599.57,
      2623.79,
      2592.35,
      2666.75,
      2618.2400000000002,
      2411.88,
      2472.61,
      2460.58,
      2482.38,
      2491.2799999999997,
      2555.85,
      2466.84,
      2471.94,
      2282.2200000000003,
      2567.37,
      2407.08,
      2513.06,
      2549.6800000000003,
      2671.07,
      2603.36,
      2438.31,
      2596.95,
      2651.64,
      2641.39,
      2637.1,
      2692.5,
      2717.96,
      2718.35,
      2705.92,
      2738.5099999999998,
      2672.3,
      2674.92,
      2666.35,
      2616.08,
      2689.44,
      2769.87,
      2753.96,
      2808.53,
      2606.62,
      2682.3,
      2701.49,
      2741.0299999999997,
      2694.12,
      2850.69,
      2726.75,
      2638.95,
      2685.11,
      2709.66,
      2699.88,
      2626.98,
      2624.88,
      2636.38,
      2687.36,
      2689.43,
      2679.45,
      2664.34,
      2614.09,
      2639.27,
      2648.99,
      2698.46,
      2827.11,
      2756.09,
      2719.16,
      2745.57,
      2702.81,
      2638.46,
      2685.31,
      2739.59,
      2764.12,
      2713.39,
      2694.28,
      2730.26,
      2661.77,
      2798.89,
      2725.36,
      2669.7799999999997,
      2610.83,
      2761.86,
      2644.61,
      2675.23,
      2671.0299999999997,
      2707.6,
      2710.43,
      2599.33,
      2780.27,
      2744.36,
      2705.7400000000002,
      2650.15,
      2728.01,
      2699.03,
      2703.2200000000003,
      2853.36,
      2716.95,
      2714.11,
      2681.4900000000002,
      2769.73,
      2613.03,
      2553.71,
      2635.71,
      2809.9,
      2747.47,
      2641.2200000000003,
      2741.48,
      2755.18,
      2733.93,
      2652.35,
      2645.4500000000003,
      2684.42,
      2718.1800000000003,
      2660.93,
      2661.79,
      2632.54,
      2718.79,
      2682.7,
      2866.01,
      2728.4,
      2693.25,
      2746.67,
      2719.17,
      2871.52,
      2812.97,
      2718.76,
      2662.18,
      2709.6,
      2750.24,
      2634.7400000000002,
      2549.09,
      2679.5,
      2730.59,
      2637.16,
      2619.9900000000002,
      2608.38,
      2470.25,
      2606.29,
      2648.86,
      2626.7200000000003,
      2722.15,
      2364.17,
      2489.81,
      2279.29,
      2409.69,
      2462.75,
      2448.58,
      2596.89,
      2465.88,
      2448.2400000000002,
      2470.5099999999998,
      2485.07,
      2167.65,
      2347.1800000000003,
      2318.34,
      2291.48,
      2282.96,
      2021.25,
      2269.62,
      2304.49,
      2373.5,
      2301.56,
      2166.53,
      2480.59,
      2484.55,
      2469.01,
      2520.52,
      2451.46,
      2499.16,
      2501.33,
      2486.46,
      2606.03,
      2467.25,
      2505.89,
      2232.31,
      2151.7200000000003,
      2315.52,
      2266.3,
      2476.79,
      2198.11,
      2224.77,
      2238.13,
      2161.56,
      2258.86,
      2240.44,
      2465.36,
      2474.27,
      2440.48,
      2485.85,
      2338.2000000000003,
      2362.96,
      2459.01,
      2296.07,
      2453.85,
      2450.34,
      2536.9,
      2638.52,
      2636.0,
      2580.36,
      2417.05,
      2692.37,
      2631.78,
      2711.71,
      2639.33,
      2591.79,
      2566.16,
      2552.83,
      2547.65,
      2470.53,
      2579.71,
      2421.44,
      2401.01,
      2483.74,
      2285.06,
      2343.7400000000002,
      2359.41,
      2491.8,
      2545.1,
      2294.83,
      2369.45,
      2487.84,
      2197.91,
      2269.21,
      2298.91,
      2292.18,
      2278.33,
      2261.82,
      2097.2,
      2161.71,
      2103.93,
      2083.62,
      1949.26,
      2060.58,
      2105.89,
      1718.59,
      1933.66,
      1951.75,
      2010.54,
      2040.5,
      2038.31,
      2252.96,
      1955.2,
      2234.5,
      2286.92,
      2252.91,
      2203.91,
      2240.66,
      2330.8,
      2168.57,
      2291.5,
      2311.61,
      2435.67,
      2540.95,
      2446.41,
      2481.2200000000003,
      2648.8,
      2420.05,
      2469.77,
      2365.13,
      2464.19,
      2381.02,
      2453.84,
      2384.79,
      2242.36,
      2365.3,
      2279.59,
      2192.96,
      2124.62,
      2226.96,
      2294.53,
      2250.76,
      2271.38,
      2349.3,
      1985.01,
      2086.46,
      2067.01,
      1733.56,
      2053.4,
      1931.6200000000001,
      2032.93,
      2081.66,
      2060.13,
      2059.58,
      1696.64,
      2213.48,
      2235.34,
      2288.88,
      2246.94,
      2177.3199999999997,
      2284.75,
      1972.43,
      2334.95,
      2293.65,
      2350.02,
      2276.64,
      2378.98,
      2456.3,
      2695.73,
      2345.56,
      2524.16,
      2451.51,
      2492.04,
      2425.6800000000003,
      2435.12,
      2506.19,
      2494.89,
      2355.38,
      2305.32,
      2288.84,
      2273.0299999999997,
      2295.61,
      2030.97,
      2298.78,
      2366.77,
      2217.7,
      2236.91,
      2207.62,
      2457.27,
      2294.7799999999997,
      2392.98,
      2473.87,
      2454.46,
      2431.12,
      2423.37
    ],
    "stopping_reason": "time_limit",
    "operations": {
      "candidate_generation": 624,
      "feasibility_check": 370,
      "weight_evaluation": 370
    }
  }
}