{
  "graph": "graph_n16_d12.5_adj_matrix",
  "algorithm": "random",
  "result": {
    "graph_name": "graph_n16_d12.5_adj_matrix",
    "algorithm": "random",
    "best_weight": 1406.71,
    "best_matching": [
      0,
      6,
      11,
      14
    ],
    "runtime": 2.0000290269999823,
    "candidates": 92,
    "improvements": 5,
    "duplicates": 341971,
    "infeasible": 0,
    "size_history": {
      "4": 29,
      "3": 25,
      "5": 1,
      "2": 22,
      "1": 15
    },
    "weight_history": [
      1152.03,
      848.08,
      1203.16,
      1030.0,
      935.01,
      1028.46,
      995.0,
      583.91,
      1010.89,
      1139.64,
      1381.0,
      984.8900000000001,
      846.09,
      1213.8400000000001,
      1077.06,
      1280.5,
      1115.16,
      1122.9,
      1241.3700000000001,
      1025.92,
      1057.46,
      1059.27,
      501.28999999999996,
      673.2900000000001,
      745.86,
      629.11,
      927.46,
      1148.6100000000001,
      811.3,
      476.95000000000005,
      534.49,
      672.7,
      372.53999999999996,
      636.71,
      721.87,
      1187.87,
      833.0500000000001,
      1391.68,
      1177.76,
      1226.3400000000001,
      1406.71,
      1224.03,
      907.45,
      1239.06,
      543.95,
      924.82,
      823.28,
      803.5600000000001,
      740.29,
      1046.19,
      670.84,
      694.53,
      873.63,
      914.74,
      711.6800000000001,
      414.46999999999997,
      805.29,
      359.24,
      551.9200000000001,
      773.4,
      730.52,
      469.35,
      747.6700000000001,
      442.01,
      381.27,
      601.77,
      505.62,
      120.02,
      331.39,
      321.71,
      316.36,
      311.6,
      159.76,
      154.06,
      92.76,
      205.18,
      459.16,
      604.87,
      212.78,
      653.0999999999999,
      638.0699999999999,
      595.56,
      384.19,
      710.8,
      594.19,
      618.9200000000001,
      569.85,
      476.12,
      305.68,
      264.17,
      288.51,
      252.51999999999998
    ],
    "stopping_reason": "time_limit",
    "operations": {
      "candidate_generation": 342063,
      "feasibility_check": 92,
      "weight_evaluation": 92
    }
  }
}