{
  "graph": "graph_n14_d75_adj_matrix",
  "algorithm": "local",
  "result": {
    "graph_name": "graph_n14_d75_adj_matrix",
    "algorithm": "local",
    "best_weight": 2503.75,
    "best_matching": [
      6,
      14,
      20,
      26,
      32,
      53,
      58
    ],
    "runtime": 2.0021283160003804,
    "candidates": 123,
    "improvements": 2,
    "duplicates": 670,
    "infeasible": 0,
    "size_history": {
      "7": 20,
      "6": 37,
      "5": 34,
      "4": 19,
      "3": 12,
      "2": 1
    },
    "weight_history": [
      2445.86,
      2283.53,
      2412.74,
      2503.75,
      2235.3,
      2432.56,
      2370.92,
      2286.75,
      2365.6,
      2435.78,
      2461.24,
      2220.53,
      2171.58,
      2171.96,
      2060.38,
      2236.59,
      2270.8,
      2222.14,
      2290.17,
      2250.82,
      2199.16,
      2153.68,
      2342.2400000000002,
      2332.48,
      2406.57,
      2362.18,
      2339.49,
      2352.3,
      2178.02,
      2298.56,
      2309.2799999999997,
      2363.79,
      2279.91,
      2190.36,
      2248.9,
      2005.4099999999999,
      2194.08,
      2239.52,
      2219.4900000000002,
      2277.38,
      2186.37,
      2137.42,
      2073.17,
      2159.81,
      2060.44,
      2023.01,
      1978.85,
      1945.21,
      2006.95,
      1958.0,
      1975.33,
      2057.2200000000003,
      1964.44,
      1994.16,
      1962.54,
      1722.19,
      1381.23,
      1690.57,
      1788.41,
      1704.05,
      1695.63,
      1673.24,
      1738.25,
      1365.41,
      1677.49,
      1598.0900000000001,
      1349.35,
      1335.28,
      1300.4,
      1331.07,
      942.1700000000001,
      1317.73,
      1331.21,
      1315.01,
      1275.96,
      1326.12,
      1288.45,
      1679.07,
      1659.67,
      1711.69,
      1664.01,
      1625.85,
      1653.26,
      1639.42,
      1863.06,
      1714.21,
      1623.96,
      1687.6,
      1967.6,
      1941.54,
      1988.81,
      2274.02,
      1983.66,
      1951.04,
      1961.76,
      1991.84,
      1944.43,
      1964.1399999999999,
      1949.46,
      2158.01,
      2185.84,
      2151.89,
      2222.2,
      2253.16,
      2190.1,
      2206.4900000000002,
      2232.28,
      2244.17,
      2169.42,
      2214.43,
      2033.88,
      1984.35,
      2131.96,
      1948.97,
      2010.22,
      1986.24,
      1934.78,
      1998.15,
      1941.48,
      2164.68,
      1998.97,
      2201.85,
      2276.6
    ],
    "stopping_reason": "time_limit",
    "operations": {
      "candidate_generation": 793,
      "feasibility_check": 123,
      "weight_evaluation": 123
    }
  }
}