{
  "graph": "graph_n16_d12.5_adj_matrix",
  "algorithm": "random",
  "result": {
    "graph_name": "graph_n16_d12.5_adj_matrix",
    "algorithm": "random",
    "best_weight": 1499.47,
    "best_matching": [
      0,
      6,
      7,
      11,
      14
    ],
    "runtime": 2.0000170299990714,
    "candidates": 48,
    "improvements": 2,
    "duplicates": 249122,
    "infeasible": 0,
    "size_history": {
      "4": 29,
      "5": 14,
      "3": 5
    },
    "weight_history": [
      1381.0,
      788.5500000000001,
      899.71,
      1061.22,
      1061.66,
      1172.84,
      1224.03,
      1499.47,
      1195.42,
      711.6800000000001,
      1025.92,
      721.87,
      1152.03,
      848.08,
      1017.5,
      883.82,
      1185.23,
      1115.16,
      1030.0,
      636.71,
      924.82,
      1241.3700000000001,
      1347.8,
      1373.26,
      1484.44,
      1203.16,
      1239.06,
      1122.9,
      1110.26,
      1162.22,
      1466.27,
      1340.06,
      1046.19,
      849.85,
      907.45,
      1321.63,
      1112.85,
      1077.06,
      1169.96,
      935.01,
      1273.4,
      1288.43,
      1306.6000000000001,
      1451.24,
      1226.3400000000001,
      1010.89,
      833.0500000000001,
      729.61
    ],
    "stopping_reason": "time_limit",
    "operations": {
      "candidate_generation": 249170,
      "feasibility_check": 48,
      "weight_evaluation": 48
    }
  }
}