{
  "graph": "graph_n19_d50_adj_matrix",
  "algorithm": "local",
  "result": {
    "graph_name": "graph_n19_d50_adj_matrix",
    "algorithm": "local",
    "best_weight": 2844.82,
    "best_matching": [
      1,
      16,
      23,
      36,
      49,
      61,
      68,
      70,
      77
    ],
    "runtime": 2.0032368400006817,
    "candidates": 309,
    "improvements": 3,
    "duplicates": 281,
    "infeasible": 0,
    "size_history": {
      "9": 215,
      "8": 71,
      "7": 21,
      "6": 2
    },
    "weight_history": [
      2678.39,
      2832.79,
      2844.82,
      2757.88,
      2796.33,
      2738.93,
      2688.4700000000003,
      2605.54,
      2702.45,
      2698.95,
      2758.21,
      2709.67,
      2729.4,
      2769.65,
      2621.23,
      2721.77,
      2495.04,
      2701.5,
      2692.58,
      2795.7400000000002,
      2597.86,
      2839.2400000000002,
      2740.81,
      2782.51,
      2669.84,
      2739.84,
      2680.07,
      2672.9700000000003,
      2618.44,
      2724.32,
      2687.38,
      2677.96,
      2737.68,
      2682.9,
      2672.32,
      2632.32,
      2711.71,
      2681.99,
      2494.94,
      2588.45,
      2603.33,
      2588.04,
      2623.13,
      2650.98,
      2625.02,
      2699.05,
      2731.5,
      2642.64,
      2646.83,
      2541.84,
      2757.67,
      2762.35,
      2698.5,
      2793.09,
      2631.84,
      2545.79,
      2556.39,
      2683.2,
      2654.39,
      2667.7400000000002,
      2636.35,
      2641.55,
      2663.11,
      2699.16,
      2572.0,
      2597.85,
      2740.52,
      2685.79,
      2750.34,
      2665.69,
      2751.84,
      2684.5,
      2764.96,
      2670.94,
      2625.54,
      2684.75,
      2753.88,
      2532.26,
      2751.2999999999997,
      2703.09,
      2658.75,
      2633.5299999999997,
      2644.36,
      2769.61,
      2775.74,
      2697.24,
      2754.14,
      2651.93,
      2730.77,
      2655.61,
      2768.65,
      2562.58,
      2794.71,
      2638.78,
      2631.11,
      2642.91,
      2739.89,
      2782.41,
      2568.6,
      2740.8,
      2747.11,
      2657.25,
      2731.51,
      2626.13,
      2757.28,
      2785.05,
      2670.31,
      2724.4,
      2728.7,
      2652.25,
      2627.55,
      2758.42,
      2613.46,
      2753.6,
      2709.81,
      2716.19,
      2686.43,
      2785.85,
      2659.14,
      2682.66,
      2760.49,
      2600.1,
      2684.46,
      2501.52,
      2623.94,
      2587.6,
      2564.4700000000003,
      2532.14,
      2644.56,
      2638.94,
      2585.7,
      2539.74,
      2532.32,
      2540.92,
      2603.0,
      2332.51,
      2523.2,
      2478.75,
      2561.13,
      2490.87,
      2379.45,
      2490.3,
      2506.03,
      2568.08,
      2678.25,
      2553.76,
      2512.45,
      2738.27,
      2665.68,
      2605.93,
      2612.12,
      2502.04,
      2636.0,
      2614.57,
      2195.34,
      2374.62,
      2428.08,
      2366.09,
      2446.01,
      2441.7,
      2564.89,
      2351.25,
      2492.33,
      2497.15,
      2528.12,
      2669.48,
      2570.47,
      2635.81,
      2622.63,
      2669.35,
      2602.2,
      2627.68,
      2581.92,
      2532.66,
      2541.37,
      2596.95,
      2660.65,
      2772.54,
      2758.19,
      2759.36,
      2620.55,
      2742.96,
      2570.54,
      2560.09,
      2756.02,
      2761.71,
      2729.61,
      2616.54,
      2603.46,
      2711.17,
      2697.64,
      2720.2,
      2516.09,
      2641.01,
      2686.44,
      2609.85,
      2619.66,
      2752.36,
      2655.38,
      2652.26,
      2747.33,
      2768.11,
      2667.09,
      2769.07,
      2652.09,
      2693.17,
      2643.62,
      2744.04,
      2657.3,
      2721.1,
      2632.7599999999998,
      2694.52,
      2638.99,
      2821.49,
      2663.17,
      2660.59,
      2662.57,
      2648.24,
      2681.03,
      2624.9,
      2765.57,
      2677.46,
      2558.98,
      2550.43,
      2723.0299999999997,
      2718.66,
      2663.46,
      2698.64,
      2659.81,
      2658.18,
      2664.56,
      2727.98,
      2726.14,
      2572.5,
      2689.54,
      2805.54,
      2749.32,
      2736.01,
      2622.11,
      2709.2200000000003,
      2714.87,
      2620.71,
      2697.52,
      2678.0299999999997,
      2646.59,
      2686.15,
      2631.65,
      2602.73,
      2694.0699999999997,
      2693.31,
      2572.9,
      2763.86,
      2737.59,
      2791.1,
      2665.9,
      2655.91,
      2775.71,
      2669.46,
      2631.98,
      2675.83,
      2718.69,
      2626.14,
      2703.02,
      2623.38,
      2734.83,
      2570.05,
      2635.56,
      2738.91,
      2724.15,
      2738.73,
      2740.69,
      2673.9,
      2614.92,
      2677.31,
      2703.4700000000003,
      2717.04,
      2784.52,
      2746.25,
      2731.22,
      2664.42,
      2665.82,
      2502.77,
      2653.44,
      2674.92,
      2700.29,
      2683.67,
      2704.71,
      2696.2200000000003,
      2698.2,
      2603.69,
      2588.27,
      2659.1,
      2747.02,
      2633.47,
      2618.96,
      2693.33,
      2626.62,
      2515.72,
      2687.18,
      2741.46,
      2558.46,
      2819.99,
      2600.98,
      2754.73,
      2650.37,
      2757.15,
      2715.98,
      2636.6,
      2813.55
    ],
    "stopping_reason": "time_limit",
    "operations": {
      "candidate_generation": 590,
      "feasibility_check": 309,
      "weight_evaluation": 309
    }
  }
}