{
  "graph": "graph_n15_d12.5_adj_matrix",
  "algorithm": "random",
  "result": {
    "graph_name": "graph_n15_d12.5_adj_matrix",
    "algorithm": "random",
    "best_weight": 1783.74,
    "best_matching": [
      2,
      3,
      6,
      7,
      8
    ],
    "runtime": 2.000034995000533,
    "candidates": 239,
    "improvements": 5,
    "duplicates": 291060,
    "infeasible": 0,
    "size_history": {
      "5": 28,
      "4": 56,
      "3": 85,
      "2": 55,
      "1": 13,
      "6": 2
    },
    "weight_history": [
      1240.1000000000001,
      1098.6000000000001,
      1358.17,
      1236.27,
      1275.24,
      1312.39,
      1554.96,
      768.48,
      1053.77,
      1294.8500000000001,
      1212.89,
      773.8,
      1333.49,
      945.12,
      1004.0799999999999,
      1318.19,
      1189.19,
      1186.95,
      1176.97,
      1205.23,
      686.52,
      924.77,
      887.5600000000001,
      444.76,
      673.54,
      937.96,
      736.58,
      645.47,
      1171.65,
      854.46,
      1116.82,
      872.0,
      865.98,
      520.03,
      346.90999999999997,
      588.74,
      508.56,
      532.48,
      391.99,
      210.56,
      127.57000000000001,
      387.2,
      140.55,
      556.2,
      317.19,
      286.34,
      239.01,
      334.43,
      462.47,
      70.01,
      368.01,
      107.9,
      199.06,
      57.56,
      298.56,
      620.77,
      950.1800000000001,
      666.5699999999999,
      537.5699999999999,
      654.3499999999999,
      379.56,
      356.34999999999997,
      406.46000000000004,
      374.75,
      438.02,
      309.02,
      900.54,
      743.97,
      678.12,
      807.12,
      425.57,
      515.19,
      496.9,
      889.36,
      1001.0,
      731.5400000000001,
      482.65,
      637.08,
      1204.49,
      1099.55,
      1192.27,
      1217.68,
      636.13,
      1222.47,
      1086.6200000000001,
      1092.49,
      777.63,
      1061.16,
      760.0,
      953.26,
      707.62,
      971.54,
      772.5,
      842.54,
      787.8,
      1066.0,
      724.36,
      1164.91,
      1482.1,
      533.49,
      525.3499999999999,
      438.07,
      636.0699999999999,
      368.57,
      701.48,
      339.61,
      570.37,
      548.79,
      717.74,
      198.11,
      487.46000000000004,
      794.9,
      666.9200000000001,
      809.38,
      856.71,
      756.19,
      547.01,
      447.51,
      627.9300000000001,
      887.3,
      859.78,
      573.44,
      748.81,
      425.09000000000003,
      685.2,
      632.99,
      742.76,
      779.6600000000001,
      812.2,
      165.46,
      516.25,
      457.63,
      633.25,
      269.07,
      755.21,
      566.12,
      709.1800000000001,
      595.36,
      509.12,
      534.79,
      1073.38,
      1051.21,
      1011.26,
      912.0400000000001,
      895.7,
      1077.19,
      912.55,
      1497.4,
      1313.15,
      786.02,
      1013.83,
      832.38,
      748.13,
      1119.16,
      661.53,
      755.26,
      268.12,
      1180.21,
      901.5,
      1019.63,
      850.6800000000001,
      812.77,
      875.0799999999999,
      869.76,
      685.76,
      1400.43,
      970.5500000000001,
      1451.25,
      977.6600000000001,
      1353.1,
      1237.77,
      973.88,
      1321.27,
      1126.57,
      949.9300000000001,
      590.0400000000001,
      1083.24,
      995.96,
      710.9200000000001,
      1098.54,
      724.48,
      508.08,
      578.57,
      1114.0900000000001,
      626.21,
      983.76,
      888.04,
      648.29,
      248.45000000000002,
      607.58,
      407.29,
      306.96000000000004,
      615.75,
      702.44,
      603.53,
      796.9000000000001,
      349.73,
      394.24,
      624.15,
      769.4300000000001,
      1129.39,
      306.01,
      660.58,
      830.48,
      849.6700000000001,
      905.9300000000001,
      409.62,
      837.22,
      723.65,
      864.91,
      1111.1000000000001,
      1233.99,
      1217.73,
      1368.4,
      877.13,
      1057.83,
      730.59,
      1198.38,
      1048.73,
      863.16,
      1639.44,
      1300.17,
      1552.16,
      1436.3500000000001,
      1445.45,
      1416.74,
      1783.74,
      1375.02,
      1539.66,
      1148.99,
      1287.74,
      1675.3600000000001,
      1681.16,
      1762.64,
      1327.38,
      1696.46,
      1504.02,
      1768.44,
      1325.63
    ],
    "stopping_reason": "time_limit",
    "operations": {
      "candidate_generation": 291299,
      "feasibility_check": 239,
      "weight_evaluation": 239
    }
  }
}