{
  "graph": "graph_n11_d75_adj_matrix",
  "algorithm": "random",
  "result": {
    "graph_name": "graph_n11_d75_adj_matrix",
    "algorithm": "random",
    "best_weight": 1694.94,
    "best_matching": [
      1,
      11,
      13,
      29,
      36
    ],
    "runtime": 0.0077382990002661245,
    "candidates": 400,
    "improvements": 8,
    "duplicates": 15,
    "infeasible": 0,
    "size_history": {
      "5": 247,
      "4": 97,
      "3": 47,
      "2": 9
    },
    "weight_history": [
      1332.92,
      1191.77,
      1401.43,
      1465.54,
      1319.49,
      1118.07,
      1377.74,
      1359.07,
      1451.54,
      909.22,
      1069.94,
      1353.1,
      1444.42,
      1376.33,
      1404.22,
      1535.93,
      1478.96,
      1028.89,
      1290.19,
      1468.52,
      1334.45,
      1255.04,
      1313.53,
      887.76,
      879.22,
      1254.54,
      1141.04,
      1055.84,
      956.77,
      750.0,
      821.1400000000001,
      697.26,
      1272.34,
      1271.83,
      1072.85,
      1058.16,
      1204.03,
      1567.33,
      1352.62,
      1009.98,
      689.79,
      1548.29,
      1392.34,
      991.0600000000001,
      1318.9,
      1241.21,
      974.5699999999999,
      1211.67,
      1278.3,
      944.01,
      1304.02,
      1244.03,
      1406.16,
      1618.98,
      1157.46,
      1047.65,
      1288.4,
      1071.79,
      1577.33,
      961.2,
      1286.31,
      1009.31,
      735.88,
      1410.95,
      1516.43,
      1217.17,
      1228.45,
      1542.56,
      1320.15,
      1356.42,
      1392.57,
      1356.25,
      1190.54,
      803.0,
      1333.82,
      1048.19,
      1448.13,
      1457.4,
      1603.57,
      1300.09,
      957.77,
      1098.6,
      1203.84,
      1477.91,
      1068.68,
      1160.41,
      982.97,
      1253.06,
      1153.3,
      903.89,
      1380.68,
      1563.92,
      1331.55,
      1559.08,
      1683.79,
      1488.91,
      1283.92,
      1272.56,
      835.41,
      1174.02,
      1274.3,
      1675.26,
      838.99,
      1510.41,
      1422.95,
      855.39,
      1116.6,
      1028.44,
      1021.17,
      1321.96,
      639.76,
      1201.03,
      1348.96,
      1491.08,
      1009.64,
      1420.46,
      963.78,
      1253.8,
      1478.9,
      1096.18,
      1267.81,
      1087.76,
      971.5999999999999,
      948.61,
      1208.2,
      1031.95,
      1141.9299999999998,
      830.25,
      1079.15,
      1082.1200000000001,
      1228.82,
      1016.14,
      907.65,
      996.74,
      951.98,
      736.6999999999999,
      623.2099999999999,
      751.4,
      505.17999999999995,
      613.8000000000001,
      1219.3899999999999,
      540.95,
      913.3,
      943.1,
      690.71,
      918.97,
      568.98,
      736.11,
      994.49,
      1238.02,
      958.94,
      1383.88,
      767.78,
      1300.92,
      1694.94,
      1473.13,
      1390.8899999999999,
      1408.6200000000001,
      1203.56,
      1035.82,
      1460.1299999999999,
      1559.07,
      1190.73,
      1152.3,
      1322.11,
      812.0,
      1036.65,
      934.7,
      798.4399999999999,
      1013.85,
      845.73,
      1056.56,
      1049.47,
      1192.24,
      1330.41,
      642.77,
      793.3299999999999,
      516.34,
      677.73,
      859.1,
      649.1800000000001,
      440.5,
      1161.3899999999999,
      553.31,
      846.94,
      757.98,
      832.88,
      589.3,
      555.6800000000001,
      982.46,
      487.17,
      730.91,
      481.33,
      560.29,
      521.53,
      447.53,
      557.4300000000001,
      451.57,
      614.26,
      627.36,
      683.69,
      439.32,
      488.32,
      988.49,
      1017.0500000000001,
      618.97,
      682.47,
      797.76,
      562.7,
      1256.93,
      406.11,
      1393.02,
      831.19,
      954.4399999999999,
      1478.49,
      948.8399999999999,
      1084.34,
      735.87,
      1072.8,
      1067.4,
      862.75,
      1510.08,
      1043.79,
      1339.44,
      671.27,
      1351.21,
      1341.9,
      1366.86,
      1314.46,
      1425.84,
      998.76,
      1404.34,
      868.6,
      1499.2,
      1439.4199999999998,
      1167.8799999999999,
      1518.69,
      1380.37,
      1045.96,
      1095.65,
      1335.27,
      1343.02,
      1372.35,
      1274.68,
      941.75,
      844.0699999999999,
      918.98,
      1508.99,
      1388.52,
      1272.15,
      1427.5,
      1610.25,
      1553.86,
      1434.46,
      1404.02,
      1294.75,
      1490.96,
      864.46,
      1474.62,
      1394.73,
      1560.28,
      1418.98,
      1498.6399999999999,
      1335.61,
      1300.3,
      659.9,
      1444.8,
      1301.85,
      1308.64,
      1473.5,
      1389.93,
      1317.36,
      1347.6399999999999,
      1353.65,
      1127.71,
      1521.18,
      1293.31,
      1457.15,
      1215.86,
      1372.4,
      875.14,
      1424.68,
      1114.3600000000001,
      860.14,
      1244.23,
      1414.56,
      1364.24,
      1500.23,
      1369.91,
      1302.12,
      1278.4199999999998,
      1162.49,
      1466.53,
      1512.88,
      1310.05,
      1432.8999999999999,
      1447.09,
      1297.65,
      1352.43,
      1162.7,
      935.9200000000001,
      1334.29,
      819.12,
      1275.33,
      1237.8700000000001,
      1046.33,
      1373.42,
      1253.27,
      1587.73,
      1245.85,
      1101.04,
      1514.82,
      1561.58,
      1253.63,
      1470.01,
      1562.4,
      1424.7,
      1361.9099999999999,
      1514.02,
      1528.19,
      1622.79,
      1504.77,
      1603.97,
      1089.94,
      1486.55,
      1000.62,
      1459.19,
      1408.6399999999999,
      980.75,
      1342.84,
      836.97,
      1088.65,
      1451.6100000000001,
      1333.45,
      1151.18,
      1455.97,
      662.16,
      1272.69,
      864.35,
      1018.38,
      1488.49,
      1043.27,
      1199.18,
      1304.39,
      991.62,
      1171.75,
      1067.53,
      910.48,
      542.96,
      1036.61,
      970.99,
      1152.35,
      975.9300000000001,
      1055.45,
      548.24,
      697.29,
      1042.62,
      624.0,
      361.08,
      797.35,
      505.35,
      734.35,
      999.74,
      905.4,
      1042.39,
      1124.81,
      1141.63,
      1141.45,
      801.4,
      1203.67,
      479.45000000000005,
      1094.16,
      1109.98,
      1069.79,
      1050.78,
      1099.84,
      1206.27,
      966.46,
      1386.03,
      1457.03,
      1527.94,
      1061.56,
      1468.26,
      1339.31,
      1259.5,
      1009.6800000000001,
      970.49,
      449.6,
      612.33,
      829.83,
      1078.1,
      993.29,
      1282.0900000000001,
      971.1,
      933.47,
      1283.97,
      888.49,
      948.15,
      1277.24,
      480.94
    ],
    "stopping_reason": "max_candidates",
    "operations": {
      "candidate_generation": 415,
      "feasibility_check": 400,
      "weight_evaluation": 400
    }
  }
}