{
  "graph": "graph_n11_d25_adj_matrix",
  "algorithm": "random",
  "result": {
    "graph_name": "graph_n11_d25_adj_matrix",
    "algorithm": "random",
    "best_weight": 1413.28,
    "best_matching": [
      1,
      6,
      9,
      10
    ],
    "runtime": 2.0000211000005947,
    "candidates": 39,
    "improvements": 7,
    "duplicates": 293160,
    "infeasible": 0,
    "size_history": {
      "3": 22,
      "2": 1,
      "4": 16
    },
    "weight_history": [
      695.14,
      859.68,
      875.9300000000001,
      935.1600000000001,
      721.81,
      793.9300000000001,
      1152.0,
      456.29,
      976.39,
      610.17,
      736.84,
      1025.68,
      1377.22,
      703.67,
      1137.05,
      1153.68,
      1413.28,
      1159.48,
      1219.61,
      759.93,
      941.86,
      1188.99,
      1317.84,
      998.12,
      1196.44,
      1166.56,
      1112.97,
      932.19,
      831.67,
      1152.18,
      1178.9,
      790.96,
      972.89,
      751.4,
      650.88,
      932.1800000000001,
      1055.21,
      1207.98,
      1347.35
    ],
    "stopping_reason": "time_limit",
    "operations": {
      "candidate_generation": 293199,
      "feasibility_check": 39,
      "weight_evaluation": 39
    }
  }
}