{
  "graph": "graph_n11_d25_adj_matrix",
  "algorithm": "random",
  "result": {
    "graph_name": "graph_n11_d25_adj_matrix",
    "algorithm": "random",
    "best_weight": 1413.28,
    "best_matching": [
      1,
      6,
      9,
      10
    ],
    "runtime": 2.0000249260010605,
    "candidates": 50,
    "improvements": 1,
    "duplicates": 268925,
    "infeasible": 0,
    "size_history": {
      "4": 16,
      "3": 32,
      "2": 2
    },
    "weight_history": [
      1413.28,
      1219.61,
      1159.48,
      1196.44,
      875.9300000000001,
      1025.68,
      941.86,
      584.14,
      650.88,
      1137.05,
      1377.22,
      673.31,
      681.0999999999999,
      995.3199999999999,
      456.80999999999995,
      917.62,
      695.14,
      831.67,
      764.4,
      958.33,
      467.42999999999995,
      866.98,
      1055.21,
      1152.18,
      1347.35,
      998.12,
      932.1800000000001,
      932.19,
      1181.69,
      759.93,
      1178.9,
      1112.97,
      1317.84,
      1025.34,
      721.81,
      266.6,
      790.96,
      954.61,
      705.62,
      778.0699999999999,
      789.4399999999999,
      610.17,
      793.9300000000001,
      632.5999999999999,
      1207.98,
      751.4,
      1166.56,
      703.67,
      972.89,
      1153.68
    ],
    "stopping_reason": "time_limit",
    "operations": {
      "candidate_generation": 268975,
      "feasibility_check": 50,
      "weight_evaluation": 50
    }
  }
}