{
  "graph": "graph_n18_d12.5_adj_matrix",
  "algorithm": "random",
  "result": {
    "graph_name": "graph_n18_d12.5_adj_matrix",
    "algorithm": "random",
    "best_weight": 2215.7400000000002,
    "best_matching": [
      2,
      4,
      6,
      8,
      12,
      14,
      17
    ],
    "runtime": 0.00425164400076028,
    "candidates": 400,
    "improvements": 5,
    "duplicates": 71,
    "infeasible": 0,
    "size_history": {
      "6": 72,
      "5": 126,
      "4": 107,
      "7": 9,
      "3": 53,
      "2": 23,
      "1": 10
    },
    "weight_history": [
      1827.04,
      1639.53,
      1355.62,
      1517.0700000000002,
      1782.05,
      1438.7,
      1259.35,
      1645.44,
      1523.13,
      1516.37,
      1265.29,
      1153.6299999999999,
      1332.8899999999999,
      1143.72,
      824.42,
      1351.1200000000001,
      1323.76,
      1564.07,
      1223.96,
      1459.78,
      1485.23,
      717.25,
      940.78,
      951.9000000000001,
      1142.65,
      1259.41,
      1096.38,
      1128.62,
      1235.02,
      1152.01,
      1011.3000000000001,
      1299.49,
      985.88,
      1079.75,
      1390.78,
      1639.5,
      1344.1,
      1118.28,
      1134.94,
      1534.31,
      1246.5,
      1297.58,
      1490.83,
      1270.12,
      1746.74,
      1876.15,
      1465.98,
      1765.93,
      1311.42,
      1326.95,
      1793.17,
      1813.5900000000001,
      1956.1100000000001,
      1766.27,
      1770.81,
      1429.9,
      1410.75,
      1095.89,
      1387.8400000000001,
      1500.49,
      1382.13,
      1141.58,
      1218.36,
      1154.76,
      1334.47,
      1151.04,
      648.72,
      794.4599999999999,
      1234.72,
      1014.83,
      1484.89,
      1368.14,
      1068.26,
      959.27,
      953.7,
      1252.09,
      1069.03,
      1421.05,
      1174.05,
      1128.9,
      1353.44,
      1172.38,
      1175.53,
      1343.06,
      1466.8200000000002,
      1508.53,
      1095.92,
      1506.0900000000001,
      951.46,
      1196.72,
      888.4300000000001,
      1371.94,
      968.82,
      1078.03,
      704.53,
      1119.45,
      784.78,
      705.68,
      922.02,
      1395.24,
      923.82,
      1376.63,
      1269.95,
      1561.3500000000001,
      1249.15,
      1297.02,
      1241.66,
      1213.88,
      1294.48,
      1417.41,
      1551.29,
      1471.38,
      1469.38,
      1276.01,
      1909.8,
      1299.31,
      1501.04,
      1776.79,
      1592.52,
      1609.88,
      1837.1000000000001,
      1033.53,
      1495.75,
      1405.96,
      1244.23,
      1149.66,
      1177.31,
      1092.74,
      1170.04,
      1338.07,
      1253.81,
      1252.98,
      1529.68,
      1473.3700000000001,
      1783.94,
      1282.65,
      1760.64,
      1939.99,
      1218.02,
      1493.77,
      1965.53,
      1903.88,
      1530.33,
      1785.99,
      1920.54,
      1864.1200000000001,
      1629.42,
      2215.7400000000002,
      1567.39,
      1234.68,
      2094.6,
      1921.08,
      1689.78,
      1586.58,
      1195.97,
      1454.72,
      1590.69,
      2013.54,
      1586.89,
      1714.5,
      1702.4,
      1291.64,
      1776.0700000000002,
      1759.93,
      1719.5900000000001,
      1256.87,
      883.86,
      1491.91,
      1634.24,
      1601.85,
      1406.01,
      1096.43,
      1561.69,
      989.54,
      1543.81,
      470.11,
      1042.5700000000002,
      971.09,
      866.1700000000001,
      747.47,
      801.8199999999999,
      1195.4,
      366.76,
      1091.5,
      997.99,
      800.6700000000001,
      1011.23,
      920.8199999999999,
      676.18,
      571.54,
      425.18,
      839.43,
      673.24,
      681.44,
      846.44,
      929.5,
      1154.8,
      695.99,
      1062.18,
      866.12,
      474.65999999999997,
      766.04,
      812.0699999999999,
      557.48,
      975.48,
      942.61,
      935.99,
      815.22,
      864.98,
      750.3199999999999,
      820.74,
      667.6,
      772.25,
      672.69,
      962.97,
      589.88,
      840.89,
      1054.41,
      783.9300000000001,
      870.71,
      534.84,
      487.49,
      582.95,
      451.12,
      371.15999999999997,
      610.3100000000001,
      544.5,
      473.98,
      445.48,
      465.4,
      536.64,
      440.6,
      248.92,
      172.63,
      149.04,
      95.34,
      238.4,
      296.44,
      477.61,
      161.15,
      91.24,
      122.38,
      466.73,
      724.57,
      611.1,
      874.13,
      186.57999999999998,
      260.2,
      314.2,
      745.6,
      387.68,
      324.58,
      375.49,
      708.75,
      651.79,
      782.94,
      546.83,
      646.57,
      773.45,
      956.3299999999999,
      689.62,
      917.15,
      609.19,
      415.82,
      1088.71,
      1325.98,
      845.66,
      900.5699999999999,
      948.55,
      1147.26,
      1140.04,
      1113.51,
      1194.39,
      922.32,
      989.9300000000001,
      1381.29,
      1419.52,
      1310.77,
      1326.91,
      1359.38,
      1387.29,
      1471.26,
      1418.06,
      935.9300000000001,
      1511.65,
      1109.99,
      1870.89,
      1905.17,
      1519.05,
      1454.7,
      1528.39,
      1725.22,
      1545.59,
      1297.91,
      1870.55,
      1673.46,
      1419.13,
      1237.22,
      833.49,
      1264.69,
      1118.52,
      1406.56,
      1136.76,
      1311.48,
      1276.06,
      1421.39,
      1408.45,
      1437.98,
      2041.68,
      1352.47,
      1673.1200000000001,
      1281.95,
      1174.32,
      1551.47,
      1650.15,
      1444.8,
      1706.03,
      1450.07,
      1310.83,
      1415.79,
      1323.72,
      1161.15,
      1274.66,
      1327.39,
      1089.95,
      1577.47,
      1335.21,
      1144.49,
      1344.99,
      1031.8600000000001,
      819.2,
      948.27,
      1112.19,
      989.7,
      1201.98,
      1116.3,
      1167.77,
      784.73,
      1066.16,
      986.13,
      905.15,
      1250.78,
      1101.86,
      1545.05,
      1471.33,
      1073.29,
      1444.18,
      1384.44,
      1316.32,
      1675.1,
      1725.53,
      1437.67,
      885.31,
      811.82,
      1078.3,
      1102.1299999999999,
      882.83,
      578.21,
      1225.94,
      1310.67,
      1116.76,
      934.77,
      874.34,
      1026.51,
      1285.39,
      919.04,
      932.0300000000001,
      736.27,
      905.54,
      536.45,
      619.87,
      872.38,
      662.72,
      779.0,
      627.56,
      739.88,
      938.47,
      848.81,
      1188.45,
      871.77,
      907.94,
      1027.92,
      780.93,
      1047.66,
      774.17,
      1084.24,
      939.8,
      1032.1100000000001,
      984.0,
      395.53,
      352.28,
      831.87,
      436.58,
      515.56,
      656.23,
      689.69,
      1068.69,
      1146.32,
      1122.68,
      1005.19
    ],
    "stopping_reason": "max_candidates",
    "operations": {
      "candidate_generation": 471,
      "feasibility_check": 400,
      "weight_evaluation": 400
    }
  }
}