{
  "graph": "graph_n19_d25_adj_matrix",
  "algorithm": "local",
  "result": {
    "graph_name": "graph_n19_d25_adj_matrix",
    "algorithm": "local",
    "best_weight": 2765.51,
    "best_matching": [
      0,
      9,
      13,
      15,
      18,
      22,
      23,
      38,
      40
    ],
    "runtime": 2.000372021999283,
    "candidates": 117,
    "improvements": 3,
    "duplicates": 644,
    "infeasible": 0,
    "size_history": {
      "8": 32,
      "9": 11,
      "7": 22,
      "6": 15,
      "5": 19,
      "4": 15,
      "3": 3
    },
    "weight_history": [
      2678.11,
      2436.1,
      2475.39,
      2505.42,
      2559.7,
      2593.17,
      2598.12,
      2512.76,
      2629.02,
      2504.84,
      2529.11,
      2718.21,
      2765.51,
      2647.41,
      2576.09,
      2597.82,
      2630.29,
      2695.83,
      2695.37,
      2736.94,
      2728.02,
      2716.42,
      2475.51,
      2634.3,
      2594.17,
      2627.6,
      2515.75,
      2557.98,
      2516.0,
      2490.69,
      2502.08,
      2546.55,
      2646.87,
      2466.91,
      2421.4900000000002,
      2253.04,
      2470.58,
      2313.4,
      2352.17,
      2344.52,
      2297.31,
      2465.49,
      2518.7400000000002,
      2397.59,
      2523.27,
      2523.61,
      2432.34,
      2478.12,
      2543.66,
      2342.73,
      2613.35,
      2419.9,
      2596.7,
      2513.9,
      2561.7,
      2439.34,
      2439.68,
      2325.16,
      2340.72,
      2356.63,
      2273.33,
      2344.59,
      2431.06,
      2259.38,
      2313.28,
      2335.35,
      2254.46,
      2161.26,
      2185.14,
      2100.69,
      2432.06,
      2308.4700000000003,
      2190.06,
      2163.05,
      2131.81,
      2131.93,
      2126.03,
      2135.2000000000003,
      1997.06,
      1948.81,
      1893.16,
      1924.4,
      1919.48,
      1963.92,
      2303.55,
      1947.97,
      1903.35,
      1951.64,
      1640.23,
      1604.51,
      1652.51,
      1266.35,
      1623.18,
      1612.99,
      1629.01,
      1642.3200000000002,
      1566.54,
      1581.75,
      1249.77,
      1965.82,
      1879.16,
      1959.0,
      1953.73,
      1934.5900000000001,
      1931.42,
      2159.17,
      1946.72,
      1929.67,
      1898.3000000000002,
      1888.0900000000001,
      1591.94,
      1581.58,
      1255.13,
      1573.27,
      1570.27,
      1556.35,
      1574.5900000000001
    ],
    "stopping_reason": "time_limit",
    "operations": {
      "candidate_generation": 761,
      "feasibility_check": 117,
      "weight_evaluation": 117
    }
  }
}