{
  "graph": "graph_n14_d50_adj_matrix",
  "algorithm": "random",
  "result": {
    "graph_name": "graph_n14_d50_adj_matrix",
    "algorithm": "random",
    "best_weight": 2413.94,
    "best_matching": [
      4,
      8,
      12,
      27,
      28,
      35,
      37
    ],
    "runtime": 0.006826994998846203,
    "candidates": 400,
    "improvements": 7,
    "duplicates": 7,
    "infeasible": 0,
    "size_history": {
      "6": 222,
      "5": 102,
      "7": 41,
      "4": 34,
      "3": 1
    },
    "weight_history": [
      1577.84,
      1714.21,
      1348.63,
      1411.53,
      2083.64,
      1333.77,
      1933.72,
      1936.08,
      1386.28,
      1445.59,
      1827.98,
      1815.32,
      1442.67,
      1432.59,
      1922.9,
      1899.42,
      1903.49,
      1980.68,
      1741.6799999999998,
      1886.1200000000001,
      1355.67,
      1610.73,
      1456.82,
      1600.06,
      1411.52,
      1737.57,
      1524.9,
      1544.08,
      2094.4,
      2095.17,
      1757.75,
      1639.03,
      1879.46,
      1878.07,
      1703.08,
      1419.03,
      1681.8000000000002,
      1534.48,
      1596.06,
      1862.44,
      1814.06,
      1392.88,
      1481.72,
      1563.02,
      1944.21,
      2057.55,
      1995.6,
      1456.04,
      1575.23,
      1695.95,
      1524.82,
      1654.9299999999998,
      1201.65,
      1997.64,
      1604.24,
      1938.09,
      1822.73,
      1767.76,
      1836.92,
      1403.21,
      1420.99,
      1968.26,
      1221.38,
      2087.3,
      1777.9,
      1465.5900000000001,
      1815.93,
      1791.83,
      1477.01,
      1787.16,
      1680.69,
      1622.41,
      1606.96,
      1794.61,
      1488.07,
      1456.46,
      1912.21,
      1489.4099999999999,
      1696.36,
      1895.57,
      1485.3899999999999,
      1940.36,
      1511.3,
      1582.8,
      1794.76,
      1628.51,
      1877.8300000000002,
      1524.5,
      1326.57,
      1257.63,
      1444.9,
      1626.03,
      1423.1200000000001,
      1401.55,
      1341.83,
      1426.68,
      1302.16,
      1317.06,
      1662.1399999999999,
      1833.42,
      1777.35,
      1769.03,
      1677.85,
      1861.57,
      1872.72,
      1410.72,
      2163.42,
      1491.98,
      1712.07,
      1749.8,
      1410.99,
      1579.54,
      1980.31,
      1764.99,
      2036.52,
      1719.89,
      1714.2,
      1775.1100000000001,
      1853.6299999999999,
      1940.48,
      1875.45,
      1862.95,
      1444.06,
      1837.8700000000001,
      1742.98,
      1691.24,
      1568.08,
      1769.05,
      1747.24,
      1870.26,
      1685.26,
      1385.95,
      1378.8899999999999,
      1045.73,
      1526.6,
      1641.01,
      1228.26,
      1304.26,
      1434.1599999999999,
      1566.07,
      1358.91,
      1494.98,
      1344.23,
      1585.29,
      1928.33,
      1606.2,
      1748.86,
      1252.63,
      1628.92,
      2065.37,
      1400.3,
      2021.11,
      1872.41,
      1434.46,
      1667.53,
      2014.8400000000001,
      1841.1100000000001,
      2075.35,
      1924.82,
      1765.01,
      1835.9099999999999,
      1439.52,
      1823.9,
      2006.6,
      1845.4399999999998,
      1863.8600000000001,
      1517.63,
      1851.0,
      1394.96,
      1687.01,
      1469.1299999999999,
      1084.61,
      1816.33,
      1848.03,
      1544.8600000000001,
      1402.37,
      1413.26,
      1457.33,
      1340.34,
      1455.03,
      1431.42,
      1284.79,
      2013.58,
      1357.21,
      1820.71,
      1160.39,
      1264.9,
      1572.52,
      1762.14,
      1516.84,
      1209.74,
      1485.67,
      1738.51,
      1352.03,
      1966.45,
      1598.46,
      1806.41,
      1719.45,
      2092.65,
      1286.55,
      1425.16,
      1382.41,
      1966.08,
      1553.7,
      1424.09,
      1986.8600000000001,
      1839.78,
      1587.36,
      1362.66,
      1580.23,
      2087.21,
      1790.08,
      2118.11,
      1790.23,
      1459.57,
      1595.98,
      1650.85,
      1791.74,
      1921.44,
      1641.64,
      1414.16,
      1555.88,
      1426.74,
      1300.1299999999999,
      1660.68,
      1464.63,
      1421.6,
      1342.9099999999999,
      1488.59,
      1239.52,
      1013.28,
      998.91,
      1466.8200000000002,
      879.88,
      1119.03,
      1229.43,
      1171.25,
      1096.33,
      1416.89,
      1059.12,
      1084.19,
      1072.72,
      1504.6100000000001,
      1534.4,
      1237.6299999999999,
      1054.9,
      1262.89,
      1238.93,
      1808.67,
      1258.46,
      1028.89,
      1222.27,
      1461.42,
      1432.93,
      1460.22,
      1500.69,
      1799.04,
      1470.89,
      1735.34,
      1717.3500000000001,
      1733.94,
      1574.72,
      1556.62,
      1524.0,
      1502.94,
      1227.85,
      1331.72,
      1243.34,
      1440.19,
      1128.3700000000001,
      1573.2,
      1617.3600000000001,
      2084.12,
      1159.6,
      1523.01,
      1825.49,
      1665.47,
      1472.47,
      1382.42,
      1787.87,
      1348.28,
      1549.92,
      1715.38,
      1767.4,
      1747.06,
      1954.87,
      2413.94,
      1469.8,
      1902.31,
      1585.92,
      1880.93,
      2182.79,
      1718.8,
      1970.26,
      1507.13,
      1823.17,
      1654.78,
      2028.71,
      1847.21,
      1768.9099999999999,
      1861.48,
      1648.6399999999999,
      1627.68,
      1327.47,
      2024.47,
      2104.96,
      1725.65,
      1471.04,
      1498.53,
      1997.95,
      2120.82,
      2022.46,
      1709.51,
      2141.56,
      2037.3,
      1765.35,
      1433.65,
      1534.83,
      2060.69,
      1634.79,
      1414.94,
      1575.06,
      1627.77,
      2038.88,
      1636.45,
      1709.15,
      1980.53,
      1869.38,
      1469.8000000000002,
      1929.53,
      1591.9299999999998,
      1547.58,
      1774.01,
      1743.71,
      1544.81,
      2294.4900000000002,
      1914.52,
      1641.96,
      1678.67,
      1584.66,
      1395.22,
      1273.28,
      1691.68,
      1866.87,
      1695.58,
      1201.73,
      1518.56,
      1792.52,
      1807.46,
      1844.45,
      1918.1599999999999,
      1699.99,
      1369.88,
      1567.93,
      1464.76,
      1822.06,
      1680.53,
      1214.17,
      1480.69,
      1598.92,
      1515.3400000000001,
      1714.6299999999999,
      1138.33,
      1220.59,
      1143.1100000000001,
      821.64,
      940.47,
      1032.39,
      1090.64,
      1222.55,
      942.99,
      1689.17,
      1195.22,
      1161.62,
      1241.91,
      1318.72,
      1409.52,
      1315.81,
      1239.47,
      1351.3,
      1285.73,
      1447.03,
      1549.21,
      1687.58,
      1432.8799999999999,
      1179.24,
      876.88,
      1317.67,
      1348.07,
      948.86,
      786.8699999999999,
      841.45,
      1119.99,
      1091.61,
      865.99,
      1257.15,
      1510.55,
      1436.43,
      1577.69,
      1750.02
    ],
    "stopping_reason": "max_candidates",
    "operations": {
      "candidate_generation": 407,
      "feasibility_check": 400,
      "weight_evaluation": 400
    }
  }
}