{
  "graph": "graph_n9_d75_adj_matrix",
  "algorithm": "greedy",
  "result": {
    "graph_name": "graph_n9_d75_adj_matrix",
    "algorithm": "greedy",
    "best_weight": 1193.28,
    "best_matching": [
      3,
      7,
      14,
      19
    ],
    "runtime": 2.000020344999939,
    "candidates": 12,
    "improvements": 3,
    "duplicates": 174441,
    "infeasible": 0,
    "size_history": {
      "4": 11,
      "3": 1
    },
    "weight_history": [
      1182.37,
      1180.66,
      1119.42,
      1145.8,
      1193.19,
      1135.12,
      1156.3799999999999,
      1016.41,
      1136.08,
      1135.23,
      1193.28,
      1124.08
    ],
    "stopping_reason": "time_limit",
    "operations": {
      "candidate_generation": 174453,
      "feasibility_check": 12,
      "weight_evaluation": 12
    }
  }
}