{
  "graph": "graph_n19_d25_adj_matrix",
  "algorithm": "greedy",
  "result": {
    "graph_name": "graph_n19_d25_adj_matrix",
    "algorithm": "greedy",
    "best_weight": 2678.11,
    "best_matching": [
      0,
      9,
      13,
      16,
      18,
      23,
      38,
      40
    ],
    "runtime": 2.00010686999849,
    "candidates": 312,
    "improvements": 2,
    "duplicates": 141171,
    "infeasible": 0,
    "size_history": {
      "8": 51,
      "9": 6,
      "7": 57,
      "6": 36,
      "5": 57,
      "4": 65,
      "3": 37,
      "2": 3
    },
    "weight_history": [
      2629.02,
      2593.17,
      2506.63,
      2505.42,
      2678.11,
      2419.9,
      2504.84,
      2436.1,
      2646.87,
      2559.7,
      2487.29,
      2677.1,
      2456.02,
      2627.6,
      2511.51,
      2475.51,
      2542.75,
      2463.58,
      2576.09,
      2454.33,
      2397.94,
      2371.19,
      2444.27,
      2420.86,
      2523.27,
      2475.39,
      2612.4700000000003,
      2270.77,
      2297.31,
      2267.92,
      2501.54,
      2432.34,
      2366.37,
      2352.17,
      2466.91,
      2131.93,
      2470.58,
      2344.52,
      2397.59,
      2421.4900000000002,
      2516.0,
      2484.76,
      2313.4,
      2342.73,
      2613.35,
      2565.91,
      2520.4900000000002,
      2560.01,
      2562.27,
      2439.34,
      2198.46,
      2439.46,
      2268.8,
      2352.02,
      2392.39,
      2294.04,
      2308.4700000000003,
      2282.16,
      2209.08,
      2325.16,
      2313.28,
      2293.92,
      2262.8,
      2161.26,
      2323.37,
      2384.44,
      2435.83,
      2482.18,
      2389.0,
      2409.87,
      2301.47,
      2435.16,
      2283.05,
      2439.2000000000003,
      2350.8900000000003,
      2255.64,
      2440.08,
      2190.06,
      2282.44,
      2358.38,
      2465.49,
      2292.2200000000003,
      2450.36,
      2258.75,
      2254.46,
      2258.61,
      2277.09,
      2270.23,
      2528.8,
      2256.52,
      2503.83,
      2383.4700000000003,
      2380.11,
      2475.73,
      2180.61,
      2436.41,
      2212.06,
      2557.98,
      2437.62,
      2175.94,
      2253.69,
      2320.07,
      2228.3,
      2446.32,
      2277.9700000000003,
      2277.23,
      2251.32,
      2247.76,
      2144.4900000000002,
      2390.59,
      2135.2000000000003,
      2159.17,
      1997.06,
      2259.38,
      2303.55,
      2131.81,
      2185.14,
      2115.84,
      2163.05,
      1953.73,
      2107.62,
      2397.9,
      2305.82,
      2221.36,
      2272.86,
      2439.68,
      2081.42,
      2352.48,
      2451.2400000000002,
      2273.7200000000003,
      2353.46,
      2189.7200000000003,
      2095.62,
      1951.64,
      2130.28,
      2097.41,
      2100.69,
      2272.31,
      2091.58,
      2092.25,
      1963.92,
      2110.75,
      2089.21,
      1881.68,
      1919.48,
      1948.81,
      1924.4,
      1604.51,
      1888.24,
      1946.72,
      1947.97,
      1884.72,
      1959.0,
      1893.16,
      1236.46,
      1642.3200000000002,
      1652.51,
      1629.01,
      1640.23,
      1581.75,
      1576.68,
      1215.45,
      1570.27,
      1591.94,
      1612.99,
      1853.8400000000001,
      1940.42,
      1965.82,
      1583.5,
      1832.3600000000001,
      1908.49,
      1845.08,
      1898.3000000000002,
      1878.96,
      1879.8000000000002,
      2120.33,
      2094.41,
      1994.47,
      2066.19,
      2253.04,
      2001.55,
      2027.6100000000001,
      1876.76,
      2039.89,
      2190.37,
      2108.66,
      2106.69,
      1893.3600000000001,
      1898.2800000000002,
      1934.5900000000001,
      1935.5,
      1886.0,
      1926.13,
      1749.47,
      1889.99,
      1894.91,
      1623.18,
      1820.08,
      1586.8700000000001,
      1574.5900000000001,
      1520.95,
      1563.37,
      1573.27,
      1256.16,
      1551.43,
      1569.3,
      1538.59,
      1560.32,
      1507.35,
      1931.42,
      1571.39,
      1929.67,
      1800.91,
      1896.21,
      1883.17,
      1881.08,
      1874.78,
      1865.5,
      1827.44,
      1868.97,
      1495.87,
      1557.54,
      1556.35,
      1497.45,
      1249.77,
      1573.31,
      1571.22,
      1542.06,
      1493.17,
      1508.67,
      1547.35,
      1255.13,
      1259.96,
      1230.63,
      1244.94,
      1220.44,
      1247.68,
      1266.35,
      862.5799999999999,
      1197.3400000000001,
      1215.77,
      1146.76,
      1581.58,
      1505.45,
      1566.54,
      1512.14,
      1558.08,
      1500.53,
      1504.63,
      1567.5700000000002,
      1491.62,
      1489.5,
      1903.35,
      1818.76,
      1888.0900000000001,
      1815.16,
      1864.03,
      1877.04,
      1811.12,
      1522.33,
      1898.43,
      1795.99,
      1813.84,
      1879.16,
      1488.25,
      1552.25,
      1189.2,
      1500.92,
      1561.62,
      1511.1100000000001,
      1510.82,
      1517.8600000000001,
      1502.38,
      1200.71,
      1490.71,
      1180.76,
      1203.49,
      1199.3899999999999,
      1194.04,
      1181.76,
      863.61,
      1187.15,
      1205.26,
      1190.52,
      1192.27,
      1190.95,
      1521.01,
      1868.95,
      1499.34,
      1507.67,
      1476.12,
      1431.52,
      1481.95,
      1500.9,
      1177.72,
      1577.76,
      1512.5700000000002,
      1170.54,
      1164.71,
      1186.44,
      1203.17,
      873.8,
      1189.49,
      1167.77,
      1174.01,
      1185.23,
      1179.3,
      1178.67,
      1839.48,
      1448.9,
      1444.88,
      1451.94
    ],
    "stopping_reason": "time_limit",
    "operations": {
      "candidate_generation": 141483,
      "feasibility_check": 312,
      "weight_evaluation": 312
    }
  }
}