{
  "graph": "graph_n19_d75_adj_matrix",
  "algorithm": "random",
  "result": {
    "graph_name": "graph_n19_d75_adj_matrix",
    "algorithm": "random",
    "best_weight": 2619.61,
    "best_matching": [
      0,
      21,
      38,
      60,
      69,
      76,
      85,
      89,
      116
    ],
    "runtime": 0.012465460999010247,
    "candidates": 400,
    "improvements": 4,
    "duplicates": 0,
    "infeasible": 0,
    "size_history": {
      "9": 190,
      "8": 114,
      "7": 58,
      "6": 34,
      "5": 4
    },
    "weight_history": [
      1477.3600000000001,
      2214.11,
      2085.15,
      2057.49,
      1484.0800000000002,
      2508.04,
      2419.63,
      1900.3,
      1763.33,
      1862.0900000000001,
      1978.97,
      1463.01,
      1781.33,
      2006.51,
      2045.2,
      2195.84,
      1764.51,
      2272.77,
      2188.23,
      1841.25,
      2484.74,
      1945.25,
      1834.08,
      2127.8,
      2619.61,
      2395.17,
      2372.3,
      1984.18,
      1470.39,
      1860.3,
      2486.15,
      2131.94,
      2199.98,
      2514.81,
      2043.7,
      1803.8,
      2007.21,
      2292.36,
      1885.81,
      2032.29,
      1970.23,
      2279.96,
      1785.34,
      2476.0,
      1980.76,
      2125.63,
      2248.61,
      1778.96,
      2581.82,
      1945.43,
      1860.73,
      2211.3,
      2354.58,
      1609.9,
      1894.52,
      2081.79,
      1854.01,
      1651.9199999999998,
      2031.99,
      2265.23,
      2036.48,
      2106.9900000000002,
      2138.69,
      1945.94,
      2248.2,
      2111.74,
      2032.88,
      1967.6100000000001,
      1445.3,
      1908.05,
      2164.71,
      2371.39,
      2227.29,
      1767.15,
      2503.67,
      2096.9,
      1857.18,
      1612.42,
      2272.22,
      1617.97,
      1417.38,
      1749.84,
      2039.16,
      1975.15,
      1171.94,
      1986.28,
      1791.58,
      1462.59,
      1444.4,
      1680.75,
      1482.14,
      1873.08,
      1630.43,
      1711.74,
      1898.3700000000001,
      1768.96,
      1827.41,
      1678.01,
      1673.05,
      1517.46,
      1207.97,
      1128.21,
      1458.1399999999999,
      1629.48,
      1306.34,
      1549.31,
      1630.16,
      949.7,
      1456.2,
      1305.5700000000002,
      1854.24,
      1816.34,
      2083.32,
      1057.95,
      1920.14,
      1709.78,
      1366.1100000000001,
      1308.1,
      1443.6,
      1633.32,
      1625.02,
      2060.06,
      1791.76,
      2142.16,
      1889.06,
      2087.44,
      1470.92,
      1903.38,
      1736.81,
      1062.74,
      1940.84,
      1565.23,
      2326.88,
      2573.71,
      1662.75,
      2247.9100000000003,
      2145.96,
      2230.65,
      2241.29,
      1780.47,
      1755.01,
      2316.4,
      2101.16,
      1911.21,
      1433.34,
      1554.68,
      2026.1200000000001,
      1533.43,
      1448.6299999999999,
      1744.95,
      1915.46,
      1514.67,
      1619.06,
      1907.56,
      1878.9,
      2315.71,
      1966.03,
      1694.0,
      1622.46,
      1823.6399999999999,
      2197.83,
      1998.01,
      1956.38,
      2446.14,
      2079.85,
      1928.8,
      1946.12,
      1271.09,
      2029.38,
      1739.49,
      1599.57,
      1565.24,
      2061.1,
      1992.51,
      1831.88,
      1605.29,
      1584.33,
      1876.74,
      1956.86,
      1656.86,
      1468.71,
      1443.96,
      1572.96,
      1629.72,
      1791.19,
      1711.61,
      1824.0,
      1501.8400000000001,
      1283.06,
      1430.17,
      1595.03,
      1308.57,
      1262.2,
      1501.67,
      1271.03,
      1865.35,
      1716.3899999999999,
      1130.62,
      1435.74,
      1810.99,
      1932.8999999999999,
      1439.57,
      1599.5,
      1378.45,
      1835.1599999999999,
      1922.96,
      1527.03,
      1824.3,
      1488.71,
      1532.2,
      1882.86,
      1867.38,
      2065.7999999999997,
      1745.09,
      2066.62,
      1931.46,
      2130.2999999999997,
      1943.87,
      1686.07,
      1501.12,
      1950.6,
      2396.0099999999998,
      1964.68,
      1879.1,
      2256.16,
      2596.5,
      2138.99,
      2212.84,
      2003.2,
      2183.31,
      1850.74,
      2322.57,
      2382.63,
      1958.61,
      2283.7,
      2074.5,
      2083.15,
      2305.07,
      2018.45,
      1413.48,
      2065.09,
      1453.8,
      2130.07,
      2003.98,
      2421.26,
      1603.54,
      2021.83,
      2354.66,
      1559.8600000000001,
      2367.4900000000002,
      2051.1,
      1950.3,
      2100.62,
      1917.02,
      2281.23,
      2031.3500000000001,
      2166.37,
      1891.36,
      2504.87,
      2062.75,
      1673.98,
      2093.27,
      1836.63,
      2046.29,
      2263.69,
      2175.55,
      2106.23,
      1795.36,
      1643.4,
      2504.0099999999998,
      2006.31,
      2282.43,
      2080.4,
      2388.77,
      2370.64,
      1951.5700000000002,
      2284.93,
      2484.6,
      2254.98,
      2434.33,
      1961.95,
      2133.5,
      2497.08,
      2031.53,
      1495.04,
      2089.23,
      1540.84,
      2172.81,
      1961.94,
      1970.23,
      2278.6,
      2167.78,
      2229.75,
      2344.39,
      2153.7400000000002,
      1964.64,
      2043.78,
      1905.8,
      2095.7,
      1816.1,
      1931.92,
      1942.68,
      1525.8400000000001,
      1794.66,
      1457.95,
      1981.42,
      2108.71,
      1733.88,
      1906.24,
      2462.01,
      2396.08,
      1289.18,
      2336.71,
      2533.0499999999997,
      1833.06,
      2008.6000000000001,
      1900.1200000000001,
      2519.73,
      1947.91,
      1811.52,
      1984.41,
      1918.37,
      1446.83,
      1717.76,
      1855.82,
      2106.95,
      2072.55,
      2053.5099999999998,
      1436.47,
      1934.19,
      2301.04,
      2213.66,
      2330.38,
      1616.1200000000001,
      1822.55,
      2110.27,
      1689.8,
      2239.77,
      2189.08,
      2266.27,
      1295.08,
      2108.4,
      1995.9,
      2089.4900000000002,
      1671.49,
      2021.31,
      1592.49,
      2013.18,
      1903.33,
      2216.09,
      1700.92,
      1720.03,
      1800.28,
      1733.56,
      2285.08,
      2105.82,
      1953.86,
      2204.0,
      1927.48,
      2143.84,
      2379.37,
      1901.65,
      2441.12,
      1750.27,
      1705.8600000000001,
      1518.29,
      1713.8,
      1819.18,
      2344.39,
      1844.45,
      1792.13,
      2612.68,
      975.79,
      1957.37,
      1908.62,
      1532.96,
      1322.76,
      1383.65,
      1314.08,
      1828.73,
      2161.83,
      1106.09,
      1451.1,
      2117.36,
      1621.08,
      1151.22,
      1713.43,
      1878.16,
      1259.86,
      1557.22,
      961.46,
      1456.35,
      1508.1,
      1547.97,
      1337.82,
      1461.9099999999999,
      1267.72,
      1405.26,
      912.1,
      1168.49
    ],
    "stopping_reason": "max_candidates",
    "operations": {
      "candidate_generation": 400,
      "feasibility_check": 400,
      "weight_evaluation": 400
    }
  }
}