{
  "graph": "graph_n19_d75_adj_matrix",
  "algorithm": "local",
  "result": {
    "graph_name": "graph_n19_d75_adj_matrix",
    "algorithm": "local",
    "best_weight": 2872.74,
    "best_matching": [
      8,
      19,
      26,
      36,
      53,
      59,
      76,
      97,
      116
    ],
    "runtime": 2.0024141579997377,
    "candidates": 370,
    "improvements": 5,
    "duplicates": 218,
    "infeasible": 0,
    "size_history": {
      "9": 151,
      "8": 112,
      "7": 71,
      "6": 35,
      "5": 1
    },
    "weight_history": [
      2669.7799999999997,
      2705.7400000000002,
      2695.9900000000002,
      2716.39,
      2682.38,
      2854.49,
      2718.79,
      2660.61,
      2718.76,
      2642.94,
      2770.01,
      2725.08,
      2831.09,
      2850.4700000000003,
      2606.62,
      2709.71,
      2694.12,
      2702.81,
      2810.66,
      2673.69,
      2641.09,
      2739.59,
      2700.83,
      2569.52,
      2711.18,
      2665.94,
      2719.16,
      2710.6,
      2730.2400000000002,
      2661.74,
      2639.37,
      2683.92,
      2785.41,
      2751.7799999999997,
      2704.46,
      2718.35,
      2781.03,
      2805.44,
      2694.28,
      2786.55,
      2770.4900000000002,
      2717.17,
      2623.4700000000003,
      2683.33,
      2642.95,
      2599.79,
      2773.94,
      2755.13,
      2637.1,
      2770.27,
      2675.67,
      2709.66,
      2631.39,
      2675.23,
      2652.96,
      2734.3,
      2730.42,
      2721.28,
      2691.84,
      2684.89,
      2744.46,
      2614.83,
      2741.0299999999997,
      2761.86,
      2679.37,
      2645.92,
      2678.56,
      2724.98,
      2745.57,
      2787.91,
      2665.58,
      2656.49,
      2617.89,
      2680.0,
      2695.29,
      2639.27,
      2702.75,
      2690.38,
      2599.55,
      2626.7200000000003,
      2684.09,
      2675.3,
      2596.1800000000003,
      2623.79,
      2671.07,
      2648.8,
      2643.89,
      2645.87,
      2426.71,
      2486.46,
      2362.13,
      2276.64,
      2576.51,
      2451.56,
      2483.62,
      2458.32,
      2448.58,
      2469.77,
      2253.67,
      2271.38,
      2298.78,
      2191.7,
      2298.91,
      2318.34,
      2276.17,
      2466.84,
      2259.9,
      2311.61,
      2296.07,
      2147.86,
      2460.94,
      2468.07,
      2627.73,
      2539.76,
      2428.38,
      2505.89,
      2485.7799999999997,
      2508.06,
      2418.43,
      2631.41,
      2356.26,
      2279.29,
      2273.0299999999997,
      2293.65,
      2217.7,
      2238.13,
      2555.02,
      2292.05,
      2258.86,
      2304.49,
      2249.11,
      2284.09,
      2341.07,
      2167.5,
      2496.54,
      2449.34,
      2559.17,
      2469.01,
      2461.25,
      2491.2799999999997,
      2465.7400000000002,
      2453.84,
      2492.04,
      2677.36,
      2639.81,
      2582.63,
      2637.69,
      2587.83,
      2646.06,
      2584.33,
      2639.33,
      2668.14,
      2566.53,
      2603.36,
      2752.3,
      2708.47,
      2715.17,
      2673.35,
      2766.31,
      2717.9,
      2808.67,
      2633.7,
      2643.06,
      2609.77,
      2602.16,
      2714.64,
      2617.0,
      2642.44,
      2625.44,
      2702.68,
      2662.58,
      2661.82,
      2695.69,
      2553.89,
      2604.9,
      2710.42,
      2849.71,
      2716.55,
      2667.11,
      2846.63,
      2677.19,
      2748.28,
      2682.7,
      2627.68,
      2689.31,
      2808.82,
      2745.9500000000003,
      2613.08,
      2765.29,
      2776.6,
      2740.17,
      2712.42,
      2693.91,
      2842.48,
      2684.04,
      2767.21,
      2717.52,
      2728.01,
      2689.49,
      2708.32,
      2705.13,
      2628.2400000000002,
      2872.74,
      2758.27,
      2719.32,
      2765.93,
      2700.3,
      2688.21,
      2613.59,
      2661.41,
      2620.43,
      2722.15,
      2499.34,
      2676.41,
      2571.69,
      2631.76,
      2574.38,
      2705.58,
      2642.26,
      2621.62,
      2552.85,
      2464.19,
      2474.27,
      2536.9,
      2151.7200000000003,
      2480.59,
      2485.79,
      2483.74,
      2489.11,
      2529.9,
      2484.55,
      2081.66,
      2296.19,
      2228.91,
      2250.76,
      2269.21,
      2256.21,
      2297.76,
      2282.2200000000003,
      2152.68,
      2301.56,
      2291.48,
      2409.69,
      2451.25,
      2530.58,
      2262.65,
      2426.63,
      2487.48,
      2335.83,
      2461.14,
      2509.19,
      2557.0,
      2500.34,
      2679.45,
      2630.65,
      2599.2200000000003,
      2594.19,
      2594.4,
      2599.56,
      2733.98,
      2699.88,
      2638.69,
      2521.17,
      2688.36,
      2790.92,
      2769.87,
      2709.07,
      2688.91,
      2741.9,
      2696.73,
      2812.97,
      2635.59,
      2651.7400000000002,
      2751.48,
      2714.11,
      2604.71,
      2527.39,
      2630.37,
      2511.29,
      2570.74,
      2647.19,
      2577.28,
      2496.13,
      2605.53,
      2620.66,
      2552.19,
      2399.51,
      2549.6800000000003,
      2548.29,
      2438.29,
      2479.73,
      2497.38,
      2427.85,
      2576.71,
      2695.73,
      2454.29,
      2462.83,
      2552.83,
      2608.38,
      2648.43,
      2679.5,
      2494.21,
      2613.15,
      2603.4900000000002,
      2534.19,
      2632.54,
      2557.04,
      2599.33,
      2400.2,
      2501.33,
      2531.56,
      2454.13,
      2351.28,
      2555.85,
      2497.6,
      2544.83,
      2438.21,
      2535.38,
      2473.86,
      2635.71,
      2658.4,
      2618.04,
      2583.61,
      2678.74,
      2702.1,
      2598.17,
      2560.98,
      2750.79,
      2632.12,
      2668.79,
      2680.2,
      2601.67,
      2737.11,
      2802.09,
      2766.7400000000002,
      2743.64,
      2514.16,
      2681.4900000000002,
      2625.48,
      2699.36,
      2681.32,
      2707.45,
      2693.9700000000003,
      2793.32,
      2656.45,
      2591.79,
      2551.26,
      2625.59,
      2542.2000000000003,
      2601.54,
      2540.95,
      2640.46,
      2738.33,
      2685.31,
      2727.42,
      2704.07,
      2619.94,
      2623.7,
      2763.0,
      2677.63,
      2697.05,
      2792.14,
      2633.51,
      2671.03,
      2621.04,
      2709.82,
      2728.63,
      2758.56,
      2675.9700000000003,
      2660.4300000000003
    ],
    "stopping_reason": "time_limit",
    "operations": {
      "candidate_generation": 588,
      "feasibility_check": 370,
      "weight_evaluation": 370
    }
  }
}