{
  "graph": "graph_n14_d50_adj_matrix",
  "algorithm": "greedy",
  "result": {
    "graph_name": "graph_n14_d50_adj_matrix",
    "algorithm": "greedy",
    "best_weight": 2474.65,
    "best_matching": [
      4,
      10,
      12,
      24,
      29,
      32,
      43
    ],
    "runtime": 2.0000361889997293,
    "candidates": 130,
    "improvements": 7,
    "duplicates": 119105,
    "infeasible": 0,
    "size_history": {
      "6": 111,
      "5": 2,
      "7": 17
    },
    "weight_history": [
      2127.75,
      2245.11,
      2035.31,
      2073.09,
      2051.99,
      2278.55,
      2070.64,
      2138.02,
      2069.12,
      2078.8,
      2319.45,
      2121.19,
      2312.49,
      2117.95,
      1895.99,
      2051.83,
      2002.88,
      2069.0,
      2051.66,
      2071.9,
      2324.2200000000003,
      1924.19,
      2215.57,
      2032.8500000000001,
      1986.3600000000001,
      2294.68,
      2005.71,
      2113.34,
      2084.82,
      2039.15,
      2205.02,
      2041.1,
      2232.6,
      2202.2400000000002,
      1986.73,
      2175.48,
      2189.22,
      2260.82,
      2245.88,
      2248.4700000000003,
      2388.29,
      2040.92,
      2068.3,
      1989.19,
      2199.78,
      2197.47,
      2201.08,
      2101.12,
      2203.06,
      2167.13,
      2226.13,
      2292.58,
      2002.6200000000001,
      2022.29,
      1976.17,
      2185.42,
      2059.32,
      2151.35,
      2025.03,
      2199.5,
      2377.73,
      2022.63,
      2118.81,
      1998.27,
      2212.8,
      2474.65,
      1944.76,
      2138.41,
      2026.29,
      2240.96,
      2149.75,
      2035.47,
      2203.06,
      2031.1,
      2053.18,
      2161.91,
      2039.15,
      2215.57,
      2052.17,
      2249.01,
      2134.47,
      2248.27,
      2213.62,
      1960.1000000000001,
      2287.81,
      1983.9,
      2118.11,
      2130.28,
      1992.82,
      2006.22,
      2208.03,
      2014.58,
      2365.22,
      2135.5,
      2363.24,
      2010.95,
      2042.49,
      1999.46,
      2048.8,
      1989.29,
      1957.27,
      2007.43,
      2028.59,
      1994.08,
      2014.91,
      2181.17,
      2003.49,
      2154.11,
      2232.62,
      2229.18,
      2176.4,
      1990.1100000000001,
      2086.71,
      1925.3600000000001,
      2249.01,
      2159.41,
      1981.75,
      1973.34,
      2005.81,
      2104.08,
      2092.29,
      2012.52,
      1980.31,
      2146.06,
      1975.99,
      1961.91,
      2088.35,
      2186.9900000000002,
      1990.88,
      1960.14
    ],
    "stopping_reason": "time_limit",
    "operations": {
      "candidate_generation": 119235,
      "feasibility_check": 130,
      "weight_evaluation": 130
    }
  }
}