{
  "graph": "graph_n15_d75_adj_matrix",
  "algorithm": "random",
  "result": {
    "graph_name": "graph_n15_d75_adj_matrix",
    "algorithm": "random",
    "best_weight": 2818.11,
    "best_matching": [
      11,
      22,
      40,
      49,
      52,
      64,
      69
    ],
    "runtime": 0.008629642999949283,
    "candidates": 400,
    "improvements": 4,
    "duplicates": 1,
    "infeasible": 0,
    "size_history": {
      "7": 336,
      "6": 42,
      "5": 22
    },
    "weight_history": [
      2412.44,
      2269.96,
      2360.25,
      2201.64,
      2135.5,
      2131.57,
      2051.95,
      1529.8700000000001,
      2306.5,
      2007.45,
      2566.98,
      2264.33,
      2065.37,
      1927.77,
      1444.24,
      2355.66,
      2179.76,
      1590.09,
      1612.78,
      1915.99,
      2735.33,
      1378.68,
      1812.33,
      1866.6200000000001,
      1937.32,
      1963.67,
      1828.84,
      1744.16,
      2437.13,
      2221.02,
      1563.47,
      2123.55,
      1506.47,
      2137.89,
      1958.33,
      1283.65,
      2128.13,
      2507.4,
      1878.83,
      1944.93,
      1445.83,
      2441.04,
      2478.26,
      1971.84,
      2161.23,
      2005.23,
      1937.6,
      1769.46,
      2385.5,
      1548.23,
      1717.23,
      2152.97,
      2818.11,
      1718.52,
      1980.3500000000001,
      2165.79,
      2056.13,
      1736.74,
      1841.25,
      1728.48,
      1919.54,
      1672.51,
      1666.08,
      1943.7,
      1889.72,
      1526.77,
      1456.8400000000001,
      1545.13,
      1503.8700000000001,
      1683.17,
      1537.57,
      1473.81,
      1299.13,
      1473.89,
      1242.99,
      1156.47,
      1730.25,
      1859.85,
      1891.1100000000001,
      1396.22,
      2277.29,
      1731.28,
      1330.14,
      1352.3600000000001,
      1976.58,
      1910.44,
      2248.2000000000003,
      1804.3400000000001,
      1671.38,
      1547.35,
      1716.43,
      1797.28,
      1896.59,
      1897.45,
      977.97,
      1540.29,
      1002.43,
      1872.18,
      1589.46,
      1826.9099999999999,
      1947.97,
      892.78,
      1998.25,
      1872.0,
      1973.6100000000001,
      1163.3600000000001,
      1313.25,
      1541.24,
      2027.6,
      1289.74,
      2189.87,
      1976.24,
      2057.75,
      1949.72,
      1959.21,
      2054.6,
      1572.5900000000001,
      1586.1,
      2486.38,
      1798.81,
      1932.8400000000001,
      2165.33,
      1812.09,
      2400.77,
      2261.38,
      2039.1399999999999,
      1877.83,
      1851.38,
      2529.61,
      1883.36,
      2172.39,
      1918.29,
      1971.56,
      2369.05,
      1375.77,
      2309.32,
      1803.46,
      1820.11,
      1776.73,
      1970.05,
      2498.9900000000002,
      1725.32,
      1950.3700000000001,
      1909.88,
      2285.98,
      2224.07,
      2311.94,
      2438.85,
      1997.78,
      1723.5800000000002,
      1911.78,
      2027.85,
      2124.4900000000002,
      2006.66,
      2162.42,
      1616.28,
      1687.93,
      2399.61,
      2023.97,
      1830.14,
      2492.96,
      1735.35,
      2112.94,
      2554.86,
      2160.0,
      1966.5,
      2273.62,
      2154.17,
      1940.72,
      2136.58,
      2274.77,
      2028.83,
      2246.34,
      1363.41,
      2560.8900000000003,
      2278.42,
      2138.14,
      1837.97,
      2370.55,
      2409.35,
      1821.67,
      2392.41,
      2033.23,
      1866.54,
      2015.3600000000001,
      2062.08,
      1770.14,
      1802.58,
      1764.36,
      1788.18,
      1720.09,
      1600.57,
      2023.64,
      1824.47,
      2253.34,
      1174.43,
      2384.6,
      2440.84,
      1740.72,
      2209.39,
      1912.23,
      2328.29,
      2007.08,
      2429.27,
      2099.92,
      2014.3400000000001,
      2220.5099999999998,
      1894.31,
      2143.02,
      2041.2,
      2227.2400000000002,
      2056.27,
      2512.5,
      1703.78,
      2236.08,
      1279.55,
      2178.13,
      2325.39,
      1963.03,
      1838.21,
      2001.37,
      2582.16,
      2216.88,
      1908.64,
      2388.91,
      1833.65,
      1853.0,
      1954.94,
      1528.51,
      1965.3700000000001,
      1823.85,
      2334.76,
      2438.35,
      2023.6100000000001,
      2215.74,
      2414.69,
      2138.31,
      1851.73,
      1940.6,
      1867.37,
      2058.27,
      1273.22,
      1922.75,
      1712.57,
      1821.39,
      2159.67,
      2214.14,
      2578.51,
      1378.07,
      2150.37,
      2024.92,
      2330.58,
      2126.61,
      2023.38,
      2372.54,
      2198.81,
      1820.22,
      2265.9700000000003,
      2269.73,
      1974.14,
      2011.58,
      1906.66,
      2122.71,
      2144.36,
      2037.1100000000001,
      1833.22,
      2200.29,
      1667.45,
      2439.23,
      2122.04,
      1922.1299999999999,
      2331.43,
      2541.39,
      1894.03,
      1502.64,
      1849.7,
      2145.28,
      2009.1100000000001,
      2168.62,
      2082.37,
      2473.78,
      2173.54,
      1921.9,
      2262.99,
      2532.8,
      2363.92,
      2475.27,
      2261.8,
      2239.9700000000003,
      2489.64,
      1889.9199999999998,
      1877.83,
      2596.74,
      2396.8,
      2136.47,
      1884.6100000000001,
      2044.79,
      2061.17,
      2413.9900000000002,
      1695.24,
      2048.41,
      1859.29,
      1991.13,
      1873.79,
      2190.13,
      2412.81,
      2388.79,
      1736.66,
      995.83,
      2372.42,
      1601.47,
      1703.46,
      1974.47,
      2088.83,
      1872.66,
      1986.04,
      2236.27,
      2205.2,
      2405.52,
      1602.78,
      1543.67,
      2173.16,
      1842.0800000000002,
      1560.0,
      2310.8,
      2149.63,
      2322.76,
      2056.78,
      2286.2,
      2429.82,
      2786.9700000000003,
      2402.35,
      2138.15,
      2208.62,
      2456.71,
      1841.65,
      1867.04,
      2025.28,
      2574.77,
      1895.8,
      2794.94,
      2129.84,
      1858.51,
      1564.76,
      2307.8,
      2368.37,
      1971.58,
      2352.72,
      2007.31,
      1947.8899999999999,
      1960.46,
      2154.15,
      2407.39,
      1688.8700000000001,
      2170.74,
      2051.15,
      1443.9,
      2018.51,
      2183.36,
      2287.46,
      2268.16,
      1725.57,
      2304.26,
      2247.07,
      2752.27,
      2006.21,
      1826.03,
      1204.55,
      1684.3,
      2021.09,
      2483.31,
      1904.25,
      1526.69,
      1927.03,
      1551.03,
      1957.43,
      2091.91,
      1995.6599999999999,
      2362.0099999999998,
      1888.3,
      2243.3,
      1695.9099999999999,
      1745.53,
      2116.86,
      1954.56,
      2679.26,
      1636.6299999999999,
      2280.09,
      2120.6,
      1805.29,
      1382.73,
      2454.9700000000003,
      1731.33,
      1903.65,
      1515.51,
      1214.91,
      2152.71,
      2141.5,
      1661.06,
      1951.03
    ],
    "stopping_reason": "max_candidates",
    "operations": {
      "candidate_generation": 401,
      "feasibility_check": 400,
      "weight_evaluation": 400
    }
  }
}