{
  "random": {
    "mean_weight": 1889.2966666666666,
    "std_weight": 77.70820691678726,
    "min_weight": 1797.71,
    "max_weight": 1987.69,
    "absolute_gap": 116.45333333333338,
    "relative_gap": 0.05805974490007896,
    "approximation_ratio": 0.9419402550999211
  },
  "greedy": {
    "mean_weight": 1954.75,
    "std_weight": 72.12489168102785,
    "min_weight": 1852.75,
    "max_weight": 2005.75,
    "absolute_gap": 51.0,
    "relative_gap": 0.025426897669201046,
    "approximation_ratio": 0.974573102330799
  },
  "local": {
    "mean_weight": 2001.8066666666666,
    "std_weight": 5.576715480957871,
    "min_weight": 1993.92,
    "max_weight": 2005.75,
    "absolute_gap": 3.943333333333385,
    "relative_gap": 0.001966014375337597,
    "approximation_ratio": 0.9980339856246624
  }
}