{
  "random": {
    "mean_weight": 2113.17,
    "std_weight": 250.89562464631913,
    "min_weight": 1771.01,
    "max_weight": 2365.6,
    "absolute_gap": 390.5799999999999,
    "relative_gap": 0.1559980029955067,
    "approximation_ratio": 0.8440019970044933
  },
  "greedy": {
    "mean_weight": 2503.75,
    "std_weight": 0.0,
    "min_weight": 2503.75,
    "max_weight": 2503.75,
    "absolute_gap": 0.0,
    "relative_gap": 0.0,
    "approximation_ratio": 1.0
  },
  "local": {
    "mean_weight": 2484.4533333333334,
    "std_weight": 27.289607708592765,
    "min_weight": 2445.86,
    "max_weight": 2503.75,
    "absolute_gap": 19.296666666666624,
    "relative_gap": 0.007707106007655167,
    "approximation_ratio": 0.9922928939923449
  }
}