{
  "graph": "graph_n12_d25_adj_matrix",
  "algorithm": "random",
  "result": {
    "graph_name": "graph_n12_d25_adj_matrix",
    "algorithm": "random",
    "best_weight": 1582.24,
    "best_matching": [
      1,
      2,
      7,
      8,
      11
    ],
    "runtime": 2.0000325530018017,
    "candidates": 160,
    "improvements": 7,
    "duplicates": 265108,
    "infeasible": 0,
    "size_history": {
      "4": 58,
      "3": 45,
      "5": 7,
      "2": 34,
      "1": 16
    },
    "weight_history": [
      1142.59,
      1087.7,
      980.72,
      1296.64,
      1110.57,
      1011.64,
      919.04,
      1309.61,
      1289.26,
      1325.16,
      833.21,
      1419.9099999999999,
      1021.97,
      1134.21,
      1277.38,
      1447.6100000000001,
      1188.19,
      1187.73,
      1103.28,
      1180.3,
      1159.19,
      1410.1,
      892.6800000000001,
      870.62,
      661.73,
      1062.91,
      1025.4,
      468.61,
      853.31,
      756.06,
      832.8100000000001,
      924.91,
      776.2,
      1271.56,
      1232.89,
      704.95,
      838.1,
      872.44,
      901.97,
      1019.53,
      1222.94,
      907.79,
      1180.17,
      1197.54,
      1414.08,
      1147.57,
      1406.21,
      1381.13,
      1222.8,
      1000.23,
      1085.38,
      1110.53,
      1582.24,
      1435.06,
      1037.6,
      873.45,
      1434.73,
      1394.01,
      1212.79,
      1202.94,
      870.42,
      1114.07,
      947.96,
      978.46,
      1056.8600000000001,
      1272.4,
      828.55,
      644.64,
      632.76,
      943.11,
      434.0,
      753.02,
      912.4,
      664.29,
      578.47,
      652.02,
      664.78,
      1045.67,
      678.6700000000001,
      539.01,
      502.64,
      443.84,
      409.03,
      509.52,
      672.1600000000001,
      463.95000000000005,
      639.82,
      225.16000000000003,
      24.33,
      59.14,
      154.77,
      152.21,
      384.7,
      394.55,
      124.82,
      309.18,
      384.24,
      438.99,
      287.92,
      519.37,
      498.13,
      527.7,
      517.85,
      693.4200000000001,
      193.76999999999998,
      663.83,
      494.31,
      391.96000000000004,
      570.32,
      438.02,
      911.94,
      879.5,
      1055.35,
      979.4399999999999,
      703.0,
      1087.97,
      853.55,
      828.39,
      609.86,
      606.6800000000001,
      703.47,
      1050.36,
      970.91,
      1021.51,
      1017.46,
      1113.23,
      789.6,
      1056.28,
      1064.6100000000001,
      1179.8,
      1292.54,
      1102.45,
      793.27,
      878.55,
      615.53,
      762.87,
      778.52,
      940.9200000000001,
      671.54,
      741.18,
      453.69,
      925.54,
      818.7,
      591.2,
      517.39,
      333.51,
      593.76,
      369.49,
      279.59000000000003,
      846.29,
      325.65,
      631.74,
      509.06,
      808.48,
      539.47,
      237.19,
      133.15,
      134.63,
      200.83,
      461.59
    ],
    "stopping_reason": "time_limit",
    "operations": {
      "candidate_generation": 265268,
      "feasibility_check": 160,
      "weight_evaluation": 160
    }
  }
}