{
  "graph": "graph_n13_d12.5_adj_matrix",
  "algorithm": "random",
  "result": {
    "graph_name": "graph_n13_d12.5_adj_matrix",
    "algorithm": "random",
    "best_weight": 1419.29,
    "best_matching": [
      1,
      2,
      3,
      6
    ],
    "runtime": 2.0000202559986064,
    "candidates": 26,
    "improvements": 3,
    "duplicates": 361881,
    "infeasible": 0,
    "size_history": {
      "4": 13,
      "3": 11,
      "2": 2
    },
    "weight_history": [
      732.85,
      1091.03,
      1419.29,
      1222.99,
      1286.31,
      1110.3899999999999,
      894.73,
      899.85,
      894.17,
      1013.47,
      1090.01,
      817.17,
      1174.79,
      645.3199999999999,
      617.04,
      1041.81,
      880.49,
      703.89,
      1062.19,
      699.66,
      879.81,
      277.69,
      1306.69,
      948.51,
      732.17,
      889.8199999999999
    ],
    "stopping_reason": "time_limit",
    "operations": {
      "candidate_generation": 361907,
      "feasibility_check": 26,
      "weight_evaluation": 26
    }
  }
}