{
  "random": {
    "mean_weight": 2593.77,
    "std_weight": 41.61775582608939,
    "min_weight": 2536.09,
    "max_weight": 2632.75,
    "absolute_gap": 175.46000000000004,
    "relative_gap": 0.06336057315571478,
    "approximation_ratio": 0.9366394268442852
  },
  "greedy": {
    "mean_weight": 2736.376666666667,
    "std_weight": 41.20075511713621,
    "min_weight": 2678.11,
    "max_weight": 2765.51,
    "absolute_gap": 32.85333333333301,
    "relative_gap": 0.011863706999177754,
    "approximation_ratio": 0.9881362930008223
  },
  "local": {
    "mean_weight": 2766.75,
    "std_weight": 1.7536248173425435,
    "min_weight": 2765.51,
    "max_weight": 2769.23,
    "absolute_gap": 2.480000000000018,
    "relative_gap": 0.0008955558043210633,
    "approximation_ratio": 0.9991044441956789
  }
}