{
  "graph": "graph_n11_d75_adj_matrix",
  "algorithm": "local",
  "result": {
    "graph_name": "graph_n11_d75_adj_matrix",
    "algorithm": "local",
    "best_weight": 1732.1200000000001,
    "best_matching": [
      0,
      13,
      22,
      29,
      36
    ],
    "runtime": 2.000888648999535,
    "candidates": 47,
    "improvements": 2,
    "duplicates": 788,
    "infeasible": 0,
    "size_history": {
      "5": 46,
      "4": 1
    },
    "weight_history": [
      1712.29,
      1690.34,
      1707.69,
      1700.76,
      1698.3500000000001,
      1732.1200000000001,
      1694.94,
      1517.27,
      1679.15,
      1654.91,
      1686.2,
      1694.31,
      1727.52,
      1660.18,
      1671.6,
      1686.85,
      1656.0,
      1686.16,
      1653.61,
      1675.78,
      1620.81,
      1660.66,
      1675.11,
      1682.25,
      1667.69,
      1675.26,
      1629.84,
      1664.59,
      1662.82,
      1610.04,
      1661.96,
      1668.8400000000001,
      1639.05,
      1682.02,
      1657.77,
      1672.29,
      1652.5,
      1683.79,
      1680.38,
      1636.64,
      1612.06,
      1628.11,
      1649.24,
      1627.39,
      1633.58,
      1584.2,
      1651.2
    ],
    "stopping_reason": "time_limit",
    "operations": {
      "candidate_generation": 835,
      "feasibility_check": 47,
      "weight_evaluation": 47
    }
  }
}