{
  "graph": "graph_n19_d50_adj_matrix",
  "algorithm": "random",
  "result": {
    "graph_name": "graph_n19_d50_adj_matrix",
    "algorithm": "random",
    "best_weight": 2301.23,
    "best_matching": [
      1,
      15,
      23,
      34,
      55,
      62,
      73,
      79
    ],
    "runtime": 2.00003715999992,
    "candidates": 275,
    "improvements": 5,
    "duplicates": 102617,
    "infeasible": 0,
    "size_history": {
      "9": 2,
      "8": 18,
      "7": 14,
      "6": 10,
      "5": 11,
      "4": 22,
      "3": 47,
      "2": 66,
      "1": 85
    },
    "weight_history": [
      1930.68,
      2030.77,
      1559.1,
      1465.11,
      2094.31,
      1612.1,
      1674.55,
      1449.58,
      2063.92,
      2012.32,
      1860.42,
      1885.16,
      2037.4,
      1632.9,
      2265.25,
      2301.23,
      1671.25,
      1489.69,
      2228.51,
      1271.64,
      1480.85,
      2125.48,
      1782.92,
      1805.21,
      1822.01,
      1679.81,
      1544.27,
      1825.86,
      2048.41,
      1576.26,
      1910.28,
      1859.12,
      1515.24,
      1501.7,
      1654.42,
      1802.02,
      940.14,
      1565.44,
      1477.16,
      834.5600000000001,
      1247.92,
      1217.93,
      1109.38,
      1788.47,
      1430.91,
      1124.03,
      1473.47,
      1049.71,
      1357.95,
      1064.2,
      900.78,
      994.3,
      1173.13,
      1384.7,
      1005.05,
      1087.33,
      1254.58,
      907.8199999999999,
      1199.76,
      888.41,
      950.67,
      875.56,
      933.0,
      1001.38,
      741.39,
      1203.06,
      757.13,
      474.34000000000003,
      738.14,
      547.59,
      949.99,
      485.14,
      971.74,
      426.74,
      975.59,
      629.76,
      814.13,
      1056.17,
      911.88,
      778.15,
      928.12,
      935.93,
      824.35,
      742.79,
      957.73,
      760.1700000000001,
      1015.44,
      806.61,
      644.52,
      411.59000000000003,
      586.25,
      565.12,
      353.43,
      841.3299999999999,
      665.05,
      936.74,
      571.65,
      998.11,
      538.5799999999999,
      215.95999999999998,
      614.86,
      363.07,
      713.9,
      257.25,
      209.39999999999998,
      305.24,
      527.39,
      479.63,
      372.7,
      328.18,
      841.97,
      683.5699999999999,
      497.53,
      629.95,
      1168.44,
      845.44,
      681.31,
      901.6,
      678.52,
      667.4200000000001,
      1011.76,
      577.64,
      414.98,
      258.93,
      461.95,
      376.06,
      175.0,
      219.32999999999998,
      508.19,
      536.63,
      794.41,
      247.93,
      306.49,
      238.6,
      154.78,
      295.46,
      181.57,
      251.0,
      392.55,
      246.29,
      163.25,
      203.59,
      425.84,
      487.92,
      475.3,
      437.42999999999995,
      456.53999999999996,
      277.78999999999996,
      831.4000000000001,
      293.34,
      631.12,
      305.22,
      583.58,
      554.44,
      179.03,
      147.0,
      390.59,
      329.69,
      91.05,
      409.4,
      101.55,
      218.69,
      189.34,
      388.31,
      45.49,
      183.15,
      231.32,
      269.31,
      282.18,
      213.79,
      230.63,
      73.06,
      335.05,
      236.61,
      93.15,
      128.51,
      174.83,
      133.65,
      281.71,
      493.0,
      226.63,
      361.81,
      230.67,
      169.54,
      59.94,
      251.05,
      271.15,
      416.53999999999996,
      442.85,
      599.0,
      248.55,
      353.90999999999997,
      754.73,
      404.29999999999995,
      607.17,
      150.09,
      931.96,
      726.3,
      728.71,
      687.84,
      843.08,
      727.25,
      428.09000000000003,
      403.06,
      485.37,
      769.79,
      596.7,
      807.38,
      826.8199999999999,
      338.16,
      140.82999999999998,
      410.63,
      165.20999999999998,
      415.83000000000004,
      596.79,
      500.84999999999997,
      624.76,
      527.8299999999999,
      375.66999999999996,
      714.24,
      80.89,
      197.63,
      418.0,
      398.18,
      579.93,
      63.66,
      124.91,
      18.6,
      224.32,
      158.32,
      191.03,
      386.16,
      368.57,
      229.06,
      321.62,
      155.72,
      373.88,
      458.93,
      139.62,
      255.31,
      122.07,
      328.12,
      208.41,
      340.02,
      110.72,
      445.58,
      217.35,
      102.83,
      56.08,
      75.01,
      212.45,
      117.1,
      786.5699999999999,
      420.59000000000003,
      421.65999999999997,
      571.03,
      449.82000000000005,
      739.0899999999999,
      496.47,
      638.79,
      551.5,
      503.27,
      515.87,
      451.72,
      153.03,
      122.59,
      483.84000000000003,
      185.87,
      412.91,
      238.65,
      189.02,
      56.94,
      334.97,
      249.28,
      372.47
    ],
    "stopping_reason": "time_limit",
    "operations": {
      "candidate_generation": 102892,
      "feasibility_check": 275,
      "weight_evaluation": 275
    }
  }
}