{
  "graph": "graph_n11_d50_adj_matrix",
  "algorithm": "greedy",
  "result": {
    "graph_name": "graph_n11_d50_adj_matrix",
    "algorithm": "greedy",
    "best_weight": 1519.52,
    "best_matching": [
      0,
      11,
      16,
      19
    ],
    "runtime": 2.000023729999157,
    "candidates": 40,
    "improvements": 2,
    "duplicates": 202907,
    "infeasible": 0,
    "size_history": {
      "4": 10,
      "3": 10,
      "2": 12,
      "1": 8
    },
    "weight_history": [
      1496.1,
      1447.75,
      1465.12,
      1462.25,
      1519.52,
      1440.3,
      1368.58,
      1302.37,
      1497.9,
      1436.62,
      1425.83,
      1309.67,
      1256.95,
      1295.2,
      834.3399999999999,
      1163.28,
      1235.0,
      1231.32,
      1227.7,
      1220.53,
      1219.8600000000001,
      890.35,
      879.76,
      883.05,
      849.23,
      837.63,
      872.5899999999999,
      808.38,
      460.44,
      841.9300000000001,
      819.1700000000001,
      834.76,
      797.92,
      429.91,
      415.02,
      422.61,
      419.32,
      412.15,
      396.56,
      385.77
    ],
    "stopping_reason": "time_limit",
    "operations": {
      "candidate_generation": 202947,
      "feasibility_check": 40,
      "weight_evaluation": 40
    }
  }
}