{
  "graph": "graph_n12_d50_adj_matrix",
  "algorithm": "greedy",
  "result": {
    "graph_name": "graph_n12_d50_adj_matrix",
    "algorithm": "greedy",
    "best_weight": 1970.23,
    "best_matching": [
      3,
      7,
      17,
      18,
      30,
      32
    ],
    "runtime": 2.000027461999707,
    "candidates": 50,
    "improvements": 6,
    "duplicates": 142678,
    "infeasible": 0,
    "size_history": {
      "5": 29,
      "4": 13,
      "3": 1,
      "6": 7
    },
    "weight_history": [
      1690.97,
      1534.44,
      1507.9099999999999,
      1417.3899999999999,
      1610.16,
      1793.22,
      1689.91,
      1429.22,
      1700.21,
      1518.74,
      1594.06,
      1380.56,
      1466.71,
      1649.77,
      1556.76,
      1564.74,
      1457.95,
      1563.62,
      1407.09,
      1373.7,
      1401.29,
      1273.94,
      1696.3600000000001,
      1688.8700000000001,
      1700.7,
      1675.27,
      1506.85,
      1729.43,
      1552.91,
      1517.15,
      1546.27,
      1777.1200000000001,
      1708.19,
      1801.56,
      1618.5,
      1492.21,
      1691.26,
      1530.57,
      1809.54,
      1685.0,
      1797.71,
      1620.72,
      1736.92,
      1673.17,
      1618.97,
      1675.16,
      1795.1200000000001,
      1962.74,
      1970.23,
      1697.89
    ],
    "stopping_reason": "time_limit",
    "operations": {
      "candidate_generation": 142728,
      "feasibility_check": 50,
      "weight_evaluation": 50
    }
  }
}