{
  "graph": "graph_n14_d50_adj_matrix",
  "algorithm": "local",
  "result": {
    "graph_name": "graph_n14_d50_adj_matrix",
    "algorithm": "local",
    "best_weight": 2419.73,
    "best_matching": [
      4,
      7,
      12,
      23,
      28,
      40,
      43
    ],
    "runtime": 2.00084760000027,
    "candidates": 162,
    "improvements": 3,
    "duplicates": 706,
    "infeasible": 0,
    "size_history": {
      "7": 14,
      "6": 46,
      "5": 51,
      "4": 38,
      "3": 12,
      "2": 1
    },
    "weight_history": [
      2271.06,
      2127.75,
      2377.73,
      2286.89,
      2324.2200000000003,
      2350.54,
      2229.18,
      2247.01,
      2042.65,
      2198.06,
      2247.08,
      2347.58,
      2232.6,
      2278.55,
      2212.8,
      2251.29,
      2332.9,
      2312.89,
      2419.73,
      2361.1,
      2255.44,
      2204.65,
      2199.5,
      2271.94,
      2161.91,
      2319.45,
      2245.11,
      2215.44,
      2130.82,
      2070.64,
      2143.51,
      2260.82,
      2213.62,
      1992.85,
      1982.82,
      1740.47,
      2084.92,
      2111.78,
      1933.8700000000001,
      1945.98,
      2150.73,
      1934.35,
      2138.02,
      1950.3400000000001,
      2287.81,
      2296.62,
      2312.49,
      2080.8,
      2145.35,
      2294.68,
      2159.41,
      2151.71,
      2240.5,
      2249.01,
      2231.1,
      2020.22,
      2215.57,
      2126.05,
      1959.01,
      1911.33,
      2078.34,
      1956.19,
      2087.0,
      2171.38,
      1923.3700000000001,
      2065.83,
      1777.26,
      1789.42,
      1758.17,
      1677.49,
      1376.9,
      1694.44,
      1738.31,
      1738.64,
      1723.6100000000001,
      1710.93,
      1750.37,
      2185.24,
      2047.56,
      1903.87,
      2065.01,
      2086.51,
      1956.35,
      2018.31,
      2084.82,
      2014.63,
      2060.24,
      2032.73,
      1684.56,
      1752.71,
      1677.98,
      1415.95,
      1752.58,
      1678.0,
      1718.73,
      1732.3600000000001,
      1730.79,
      1704.87,
      1693.31,
      1379.24,
      1377.33,
      1367.0,
      1338.28,
      1357.81,
      1358.5900000000001,
      978.88,
      1304.51,
      1331.7,
      1352.35,
      1358.8899999999999,
      1749.88,
      1732.06,
      1702.69,
      1699.69,
      1757.35,
      1729.97,
      1678.01,
      1713.53,
      1682.78,
      1946.1100000000001,
      1711.42,
      1857.69,
      1978.58,
      1972.19,
      2084.12,
      1976.26,
      2226.13,
      1914.47,
      2024.67,
      1951.57,
      1911.6399999999999,
      1934.22,
      2176.4,
      2100.79,
      2185.39,
      2113.88,
      2125.73,
      2273.94,
      2088.49,
      2276.71,
      2215.57,
      2154.98,
      2113.73,
      1953.31,
      1939.92,
      1965.96,
      1891.3600000000001,
      1924.19,
      1997.62,
      2017.53,
      2000.3600000000001,
      1945.1399999999999,
      1924.94,
      2039.31,
      2067.42,
      1686.9,
      1730.46,
      1694.42,
      1631.88,
      1719.5500000000002,
      1710.65,
      1665.47
    ],
    "stopping_reason": "time_limit",
    "operations": {
      "candidate_generation": 868,
      "feasibility_check": 162,
      "weight_evaluation": 162
    }
  }
}