{
  "graph": "graph_n11_d50_adj_matrix",
  "algorithm": "local",
  "result": {
    "graph_name": "graph_n11_d50_adj_matrix",
    "algorithm": "local",
    "best_weight": 1606.93,
    "best_matching": [
      0,
      7,
      16,
      19,
      26
    ],
    "runtime": 2.001824087999921,
    "candidates": 22,
    "improvements": 4,
    "duplicates": 942,
    "infeasible": 0,
    "size_history": {
      "5": 21,
      "4": 1
    },
    "weight_history": [
      1595.75,
      1544.75,
      1597.22,
      1602.76,
      1606.93,
      1599.02,
      1583.51,
      1519.52,
      1589.98,
      1566.24,
      1585.31,
      1570.3799999999999,
      1578.43,
      1575.02,
      1535.16,
      1549.66,
      1520.41,
      1542.78,
      1534.72,
      1518.21,
      1527.71,
      1510.3999999999999
    ],
    "stopping_reason": "time_limit",
    "operations": {
      "candidate_generation": 964,
      "feasibility_check": 22,
      "weight_evaluation": 22
    }
  }
}