{
  "graph": "graph_n16_d50_adj_matrix",
  "algorithm": "random",
  "result": {
    "graph_name": "graph_n16_d50_adj_matrix",
    "algorithm": "random",
    "best_weight": 2759.84,
    "best_matching": [
      5,
      9,
      18,
      21,
      29,
      45,
      54,
      59
    ],
    "runtime": 0.008228164000684046,
    "candidates": 400,
    "improvements": 4,
    "duplicates": 0,
    "infeasible": 0,
    "size_history": {
      "7": 223,
      "6": 109,
      "5": 29,
      "8": 39
    },
    "weight_history": [
      2125.11,
      1857.56,
      2028.96,
      1946.35,
      2477.2400000000002,
      1583.2,
      1848.86,
      1829.8,
      2080.4,
      1930.6200000000001,
      2292.02,
      1528.65,
      1742.3600000000001,
      1073.38,
      1795.93,
      1532.77,
      2018.99,
      1446.99,
      1551.51,
      1913.69,
      1439.78,
      1674.4,
      2106.66,
      1831.39,
      1723.92,
      1587.01,
      1564.04,
      1513.28,
      1797.96,
      1907.1,
      2008.25,
      1622.41,
      2187.61,
      2174.15,
      2297.59,
      1631.77,
      2578.87,
      1485.22,
      1405.77,
      2271.66,
      1896.3,
      2226.64,
      2180.88,
      1593.28,
      1745.05,
      2235.94,
      2188.79,
      1670.52,
      2038.41,
      1785.34,
      2074.37,
      2039.65,
      1835.38,
      2143.89,
      1828.78,
      1282.55,
      2025.75,
      1816.66,
      1577.8400000000001,
      1061.05,
      2127.5,
      1859.54,
      1793.48,
      1029.3700000000001,
      1589.91,
      1544.5,
      1452.96,
      1000.37,
      1368.47,
      1501.92,
      1409.96,
      1180.1399999999999,
      1236.24,
      1709.93,
      1585.78,
      1133.58,
      1312.06,
      1395.13,
      1687.25,
      1648.25,
      1933.67,
      1706.74,
      1517.46,
      1528.5,
      1666.15,
      1305.58,
      1497.77,
      1501.79,
      1373.21,
      1384.3799999999999,
      1609.18,
      1491.63,
      1426.53,
      1512.17,
      1055.22,
      1519.49,
      1379.6299999999999,
      1181.56,
      1721.91,
      1596.93,
      2039.51,
      1273.62,
      1881.45,
      1636.58,
      1806.29,
      1394.09,
      1591.31,
      1925.78,
      1507.55,
      1568.04,
      1966.3999999999999,
      2411.46,
      1639.51,
      2297.37,
      1995.15,
      2097.86,
      1928.96,
      2264.44,
      1990.14,
      1727.64,
      1680.59,
      1521.67,
      1676.5700000000002,
      1432.56,
      983.4399999999999,
      2140.27,
      1934.52,
      1677.5700000000002,
      1296.59,
      2236.1800000000003,
      1683.3899999999999,
      2033.0900000000001,
      2002.71,
      1034.37,
      2072.46,
      1961.41,
      1508.66,
      1543.93,
      1999.33,
      2192.57,
      1782.56,
      1715.1299999999999,
      2118.4500000000003,
      1911.57,
      1683.56,
      2039.77,
      2079.38,
      2310.11,
      2399.46,
      2192.29,
      2185.61,
      1703.83,
      2287.13,
      2084.65,
      2237.35,
      1997.76,
      2022.83,
      2186.2200000000003,
      1775.3,
      1997.0,
      1469.44,
      1552.61,
      1633.54,
      2073.26,
      1835.28,
      1921.77,
      2310.78,
      1755.46,
      1848.09,
      1499.66,
      1305.6,
      1905.65,
      1593.27,
      1464.04,
      1982.75,
      1561.15,
      1768.28,
      2053.0,
      2072.73,
      1930.28,
      1294.02,
      1458.0,
      2087.77,
      2043.7,
      1776.34,
      1918.7,
      1888.28,
      2311.78,
      1800.18,
      2290.04,
      1976.75,
      2302.2,
      2086.64,
      1565.77,
      2339.73,
      1979.92,
      1489.2,
      1645.23,
      2341.61,
      2084.28,
      1731.51,
      1802.37,
      2067.57,
      2196.89,
      1620.82,
      1918.09,
      1805.09,
      2192.35,
      1858.08,
      1612.6,
      1284.83,
      1482.99,
      1991.03,
      1064.55,
      1533.2,
      1650.71,
      1322.77,
      1704.16,
      2163.29,
      1802.43,
      1825.59,
      2426.38,
      2019.13,
      2032.76,
      1872.49,
      1728.03,
      1396.41,
      2098.61,
      2048.79,
      1874.39,
      1262.79,
      1836.42,
      1599.2,
      1694.81,
      2193.06,
      1613.16,
      1797.76,
      1626.59,
      1697.63,
      1917.49,
      1677.5900000000001,
      1206.63,
      1890.02,
      1698.66,
      2066.9700000000003,
      1214.45,
      1578.32,
      1656.17,
      1750.21,
      1918.3200000000002,
      2106.31,
      1758.71,
      1444.31,
      1589.75,
      2189.89,
      1686.71,
      1581.5900000000001,
      1379.15,
      1472.12,
      1425.93,
      1353.26,
      1615.25,
      1902.26,
      1252.81,
      1655.35,
      1761.13,
      2759.84,
      2054.37,
      2158.64,
      2285.58,
      1989.81,
      2270.91,
      1717.21,
      2107.83,
      2082.71,
      2271.71,
      1578.85,
      1755.23,
      2324.46,
      2179.57,
      2360.2200000000003,
      1697.71,
      2164.9,
      1333.76,
      1774.25,
      1877.84,
      1237.42,
      1254.18,
      1890.35,
      1778.54,
      1921.25,
      1827.95,
      1776.21,
      1538.78,
      1492.46,
      1833.79,
      1844.58,
      1591.67,
      2027.25,
      1841.55,
      2038.58,
      1658.44,
      2392.37,
      1909.74,
      2276.02,
      2007.13,
      1797.07,
      2096.7200000000003,
      2150.89,
      1990.39,
      1779.3600000000001,
      1988.24,
      1745.75,
      1984.66,
      1689.06,
      2157.05,
      2494.9700000000003,
      2120.44,
      1684.63,
      2074.21,
      2000.56,
      1454.43,
      2142.15,
      1837.81,
      2268.4700000000003,
      2003.96,
      1909.84,
      2504.1,
      1703.94,
      1840.06,
      1368.42,
      2243.13,
      1892.3600000000001,
      2241.81,
      2121.47,
      2332.2,
      2098.25,
      2038.95,
      1754.46,
      2136.63,
      1983.66,
      2008.05,
      2351.75,
      1640.03,
      2138.21,
      1745.3200000000002,
      1871.47,
      2187.86,
      2269.1,
      1783.69,
      1701.7,
      1742.89,
      2289.8,
      1824.03,
      1943.46,
      1769.85,
      2391.43,
      2026.44,
      2418.2000000000003,
      1865.1,
      2022.6200000000001,
      2530.34,
      1694.44,
      1597.18,
      1968.29,
      2031.38,
      2201.53,
      2036.8000000000002,
      2081.98,
      1921.49,
      1861.31,
      2040.49,
      1498.94,
      2339.18,
      1770.43,
      1770.32,
      2375.39,
      2358.61,
      1135.99,
      2276.95,
      2066.83,
      2002.62,
      2551.55,
      1839.57,
      1829.0900000000001,
      2074.13,
      1773.62,
      1951.01,
      2608.77,
      1587.6399999999999,
      1662.8600000000001,
      2055.47,
      1883.08,
      2073.25,
      1604.73,
      1783.26,
      1863.46,
      1914.8700000000001,
      1501.5,
      2228.09
    ],
    "stopping_reason": "max_candidates",
    "operations": {
      "candidate_generation": 400,
      "feasibility_check": 400,
      "weight_evaluation": 400
    }
  }
}