{
  "graph": "graph_n18_d12.5_adj_matrix",
  "algorithm": "greedy",
  "result": {
    "graph_name": "graph_n18_d12.5_adj_matrix",
    "algorithm": "greedy",
    "best_weight": 2215.7400000000002,
    "best_matching": [
      2,
      4,
      6,
      8,
      12,
      14,
      17
    ],
    "runtime": 2.0000246740000875,
    "candidates": 15,
    "improvements": 3,
    "duplicates": 232025,
    "infeasible": 0,
    "size_history": {
      "6": 8,
      "5": 4,
      "7": 2,
      "4": 1
    },
    "weight_history": [
      1950.85,
      2013.54,
      1977.3400000000001,
      1956.1100000000001,
      1982.6000000000001,
      1760.64,
      1501.01,
      1775.14,
      1939.99,
      1495.75,
      1696.46,
      2215.7400000000002,
      2151.56,
      1675.1,
      1220.0
    ],
    "stopping_reason": "time_limit",
    "operations": {
      "candidate_generation": 232040,
      "feasibility_check": 15,
      "weight_evaluation": 15
    }
  }
}