{
  "graph": "graph_n19_d50_adj_matrix",
  "algorithm": "local",
  "result": {
    "graph_name": "graph_n19_d50_adj_matrix",
    "algorithm": "local",
    "best_weight": 2894.08,
    "best_matching": [
      6,
      12,
      23,
      36,
      45,
      49,
      61,
      70,
      83
    ],
    "runtime": 2.0011613779988693,
    "candidates": 338,
    "improvements": 3,
    "duplicates": 266,
    "infeasible": 0,
    "size_history": {
      "9": 224,
      "8": 68,
      "7": 33,
      "6": 11,
      "5": 2
    },
    "weight_history": [
      2792.06,
      2612.12,
      2638.89,
      2729.66,
      2611.44,
      2738.93,
      2569.16,
      2688.4700000000003,
      2660.65,
      2694.0699999999997,
      2574.67,
      2729.4,
      2768.65,
      2701.5,
      2660.2200000000003,
      2655.23,
      2625.54,
      2632.66,
      2707.38,
      2631.51,
      2558.46,
      2603.46,
      2680.07,
      2698.69,
      2697.36,
      2665.92,
      2605.54,
      2613.9,
      2726.86,
      2694.61,
      2747.72,
      2709.6099999999997,
      2728.7,
      2688.19,
      2785.05,
      2709.67,
      2731.5,
      2552.35,
      2646.83,
      2544.67,
      2687.38,
      2697.24,
      2758.42,
      2597.86,
      2681.03,
      2593.95,
      2729.25,
      2691.24,
      2758.21,
      2739.84,
      2768.11,
      2783.26,
      2791.33,
      2785.7,
      2616.87,
      2596.95,
      2757.28,
      2701.8,
      2740.8,
      2662.13,
      2832.79,
      2633.5299999999997,
      2551.88,
      2780.04,
      2706.12,
      2795.7400000000002,
      2563.77,
      2551.75,
      2683.2,
      2504.82,
      2564.89,
      2501.3,
      2581.02,
      2654.39,
      2562.61,
      2684.37,
      2681.99,
      2459.71,
      2506.03,
      2460.98,
      2472.79,
      2532.32,
      2464.52,
      2441.7,
      2410.11,
      2528.12,
      2489.5299999999997,
      2561.13,
      2614.92,
      2503.59,
      2613.46,
      2574.97,
      2623.13,
      2644.51,
      2561.5,
      2568.6,
      2711.17,
      2590.15,
      2589.89,
      2409.91,
      2422.91,
      2500.56,
      2415.91,
      2395.21,
      2501.35,
      2560.59,
      2402.7400000000002,
      2379.45,
      2446.01,
      2480.61,
      2353.29,
      2193.33,
      1926.77,
      2233.29,
      2252.5699999999997,
      2170.52,
      2190.64,
      2271.18,
      2351.25,
      1964.45,
      2226.26,
      2445.5,
      2556.93,
      2439.43,
      2490.3,
      2462.18,
      2204.62,
      2490.87,
      2366.09,
      2412.77,
      2450.31,
      2459.33,
      2682.9,
      2718.63,
      2644.56,
      2711.71,
      2534.34,
      2539.47,
      2622.63,
      2541.96,
      2476.89,
      2622.9700000000003,
      2553.35,
      2711.96,
      2727.68,
      2512.41,
      2677.19,
      2818.26,
      2698.5,
      2649.45,
      2708.9,
      2662.48,
      2642.91,
      2697.64,
      2666.7200000000003,
      2694.38,
      2659.92,
      2727.87,
      2702.93,
      2769.61,
      2751.84,
      2698.95,
      2689.54,
      2714.5,
      2677.96,
      2734.53,
      2704.1,
      2696.64,
      2638.78,
      2628.44,
      2757.88,
      2623.5499999999997,
      2673.05,
      2618.44,
      2723.0299999999997,
      2761.47,
      2676.06,
      2538.23,
      2711.96,
      2572.9,
      2665.82,
      2593.61,
      2651.98,
      2580.62,
      2760.31,
      2759.36,
      2669.84,
      2759.2599999999998,
      2602.73,
      2669.09,
      2602.29,
      2605.46,
      2746.08,
      2666.72,
      2699.83,
      2681.2,
      2894.08,
      2494.9,
      2562.02,
      2588.2400000000002,
      2549.89,
      2623.94,
      2544.01,
      2599.94,
      2578.77,
      2634.3,
      2584.23,
      2600.61,
      2502.04,
      2626.92,
      2667.89,
      2703.09,
      2655.38,
      2663.58,
      2705.11,
      2701.1,
      2652.36,
      2646.31,
      2699.16,
      2740.69,
      2677.61,
      2578.58,
      2629.39,
      2572.45,
      2665.9,
      2702.09,
      2532.66,
      2575.96,
      2501.52,
      2640.3,
      2667.7400000000002,
      2764.08,
      2757.67,
      2609.39,
      2625.02,
      2744.39,
      2740.52,
      2574.68,
      2817.97,
      2671.09,
      2663.46,
      2701.01,
      2694.75,
      2751.2999999999997,
      2603.33,
      2712.17,
      2716.66,
      2631.91,
      2559.57,
      2746.88,
      2651.93,
      2569.86,
      2723.22,
      2595.72,
      2643.9,
      2731.4,
      2765.11,
      2763.86,
      2739.07,
      2613.22,
      2603.39,
      2663.24,
      2622.0299999999997,
      2618.96,
      2746.74,
      2716.19,
      2683.75,
      2664.87,
      2654.65,
      2621.77,
      2562.91,
      2661.79,
      2729.61,
      2795.8,
      2796.99,
      2647.09,
      2752.08,
      2596.07,
      2608.1,
      2653.41,
      2502.77,
      2656.7599999999998,
      2722.24,
      2650.33,
      2642.8,
      2747.33,
      2630.62,
      2635.9700000000003,
      2603.12,
      2824.01,
      2539.28,
      2692.86,
      2691.26,
      2608.7799999999997,
      2774.96,
      2693.36,
      2530.7400000000002,
      2719.38,
      2739.89,
      2609.85,
      2632.48,
      2692.71,
      2759.73,
      2655.29,
      2698.64,
      2746.77,
      2621.47,
      2656.84,
      2549.83,
      2538.09,
      2563.1,
      2522.65,
      2673.9,
      2591.28,
      2556.36,
      2558.98,
      2742.96,
      2794.71,
      2745.5099999999998,
      2659.89,
      2684.91,
      2693.83,
      2690.03,
      2731.74,
      2631.53,
      2715.77,
      2713.61,
      2532.7,
      2716.71,
      2734.49,
      2658.2599999999998,
      2552.4,
      2647.79,
      2640.53,
      2699.47,
      2692.2,
      2716.4,
      2674.86
    ],
    "stopping_reason": "time_limit",
    "operations": {
      "candidate_generation": 604,
      "feasibility_check": 338,
      "weight_evaluation": 338
    }
  }
}