{
  "graph": "graph_n15_d75_adj_matrix",
  "algorithm": "greedy",
  "result": {
    "graph_name": "graph_n15_d75_adj_matrix",
    "algorithm": "greedy",
    "best_weight": 3030.98,
    "best_matching": [
      11,
      22,
      35,
      54,
      64,
      69,
      72
    ],
    "runtime": 2.000070109999797,
    "candidates": 376,
    "improvements": 3,
    "duplicates": 73720,
    "infeasible": 0,
    "size_history": {
      "7": 360,
      "6": 15,
      "5": 1
    },
    "weight_history": [
      3024.59,
      2867.85,
      2850.99,
      2874.73,
      2866.15,
      3027.39,
      2930.48,
      2725.2400000000002,
      2874.92,
      2875.25,
      2852.26,
      2728.28,
      2747.9,
      2641.52,
      3030.98,
      2855.79,
      2787.42,
      2986.88,
      2780.6,
      2857.26,
      2868.5,
      2965.18,
      2727.95,
      2635.35,
      2722.33,
      2716.38,
      2647.47,
      2614.8,
      2408.5,
      2655.3,
      2710.91,
      2681.2200000000003,
      2711.2400000000002,
      2854.45,
      2868.83,
      2724.91,
      2870.9500000000003,
      2874.4,
      2812.71,
      2873.98,
      2867.52,
      2774.01,
      3007.99,
      2856.9300000000003,
      2844.53,
      2821.2799999999997,
      2836.33,
      2934.07,
      2789.9,
      2807.37,
      2851.93,
      2854.9700000000003,
      2858.69,
      2844.86,
      2732.2,
      2862.98,
      2859.02,
      2783.28,
      3000.26,
      2867.03,
      2782.07,
      2799.54,
      2846.52,
      2806.29,
      2779.59,
      3001.6,
      2940.65,
      2968.77,
      2854.78,
      2902.14,
      2805.64,
      2780.43,
      2843.26,
      2790.7799999999997,
      2886.24,
      2738.33,
      2836.99,
      2835.7,
      2889.83,
      2936.49,
      2887.31,
      2813.04,
      2839.4300000000003,
      2878.8,
      2777.18,
      2867.71,
      2855.3,
      2863.31,
      2847.96,
      2775.9,
      2800.57,
      2801.16,
      2867.38,
      2985.34,
      2983.29,
      2855.46,
      2883.88,
      2836.03,
      2930.1,
      2884.56,
      2842.9300000000003,
      2792.74,
      2954.53,
      2805.31,
      2836.0,
      2773.24,
      2997.46,
      2874.81,
      2947.05,
      2806.62,
      2981.9900000000002,
      3014.7200000000003,
      2941.9,
      2765.81,
      2778.02,
      2792.76,
      2768.97,
      2766.51,
      2851.57,
      2768.07,
      2879.48,
      2851.2400000000002,
      2938.31,
      2846.2,
      2834.4,
      3003.85,
      2962.38,
      2918.91,
      2606.43,
      2932.9,
      2896.55,
      2913.86,
      2843.16,
      2772.93,
      2845.38,
      2771.84,
      2857.39,
      2867.36,
      2760.48,
      2756.7,
      2770.83,
      2814.58,
      2766.82,
      2859.85,
      2773.31,
      2847.98,
      2783.69,
      2881.9700000000003,
      2774.43,
      2800.55,
      2834.7200000000003,
      2885.1,
      2910.85,
      2839.02,
      2911.08,
      2773.0299999999997,
      2796.48,
      2841.46,
      2614.16,
      2774.2200000000003,
      2914.44,
      2788.43,
      2879.13,
      2760.16,
      2857.16,
      2841.79,
      2767.8,
      2767.29,
      2770.19,
      2843.74,
      2773.09,
      2943.13,
      2946.7200000000003,
      2804.82,
      2784.57,
      2606.15,
      3008.33,
      2793.09,
      2955.83,
      2409.09,
      2800.75,
      2789.33,
      2870.62,
      2786.9700000000003,
      2826.9,
      2959.0,
      2963.89,
      2776.13,
      2849.89,
      2759.31,
      2847.63,
      2854.03,
      2875.01,
      2857.0299999999997,
      2724.37,
      2921.08,
      2900.24,
      2829.16,
      2835.1,
      2765.41,
      2943.46,
      2924.67,
      2919.78,
      2839.93,
      2827.6,
      2839.1,
      2766.6,
      2772.07,
      2820.4,
      2754.71,
      2736.6,
      2959.42,
      2810.99,
      2805.1,
      2817.77,
      2847.65,
      2845.73,
      2837.44,
      2845.05,
      2738.34,
      2765.53,
      2761.14,
      2837.93,
      2921.7200000000003,
      2746.16,
      2793.17,
      2892.13,
      2942.41,
      2786.78,
      2781.21,
      2903.35,
      2806.21,
      2785.44,
      2800.26,
      2763.33,
      2783.96,
      2752.38,
      2965.4,
      2885.88,
      2838.26,
      2614.26,
      3011.13,
      2415.2999999999997,
      2883.54,
      2868.84,
      2787.12,
      2603.95,
      2870.7200000000003,
      2814.1800000000003,
      2828.58,
      2839.78,
      2757.9900000000002,
      2752.98,
      2797.16,
      2829.94,
      2892.46,
      2743.48,
      2796.81,
      2790.71,
      2816.12,
      2802.62,
      2879.67,
      2807.65,
      2760.59,
      2746.8199999999997,
      2805.02,
      2877.4900000000002,
      2805.15,
      2947.3,
      2808.7400000000002,
      2764.2,
      2925.31,
      2569.68,
      2759.46,
      2872.76,
      2883.44,
      2851.57,
      2789.58,
      2805.56,
      2744.88,
      2917.81,
      2869.17,
      2762.76,
      2732.06,
      2811.16,
      2406.14,
      2852.35,
      2906.94,
      2619.6800000000003,
      2777.9,
      2792.92,
      2863.2200000000003,
      2753.16,
      2991.73,
      2830.71,
      2581.2,
      2764.24,
      2812.12,
      2648.56,
      2840.17,
      2778.71,
      2744.0,
      2966.7,
      2662.61,
      2793.87,
      2842.14,
      2770.27,
      2794.8,
      2767.1,
      2823.67,
      2779.84,
      2787.74,
      2761.13,
      2681.79,
      2858.85,
      2923.89,
      2738.99,
      2817.44,
      2721.75,
      2765.04,
      2698.23,
      2860.06,
      2859.1800000000003,
      2873.25,
      2753.73,
      2531.42,
      2902.32,
      2880.97,
      2767.72,
      2930.28,
      2657.09,
      2515.19,
      2813.85,
      2582.42,
      2828.25,
      2782.3,
      2407.8,
      2764.62,
      2970.29,
      2770.18,
      2715.61,
      2799.43,
      2835.05,
      2826.57,
      2530.9,
      2903.19,
      2785.73,
      2856.4700000000003,
      2808.41,
      2865.38,
      2772.54,
      2671.83,
      2808.53,
      2754.01,
      2948.92,
      2751.81,
      2670.56,
      2789.03,
      2812.9,
      2403.7799999999997,
      2904.49,
      2587.59,
      2626.88,
      2867.87,
      2764.43,
      2639.69,
      2914.2200000000003,
      2769.69,
      2781.11,
      2671.31,
      2741.2400000000002,
      2654.95,
      2523.92,
      2752.33,
      2816.4500000000003,
      2687.48
    ],
    "stopping_reason": "time_limit",
    "operations": {
      "candidate_generation": 74096,
      "feasibility_check": 376,
      "weight_evaluation": 376
    }
  }
}