{
  "graph": "graph_n12_d25_adj_matrix",
  "algorithm": "random",
  "result": {
    "graph_name": "graph_n12_d25_adj_matrix",
    "algorithm": "random",
    "best_weight": 1564.87,
    "best_matching": [
      1,
      3,
      6,
      10,
      15
    ],
    "runtime": 2.0000266280003416,
    "candidates": 104,
    "improvements": 6,
    "duplicates": 265708,
    "infeasible": 0,
    "size_history": {
      "4": 50,
      "5": 12,
      "3": 16,
      "1": 16,
      "2": 10
    },
    "weight_history": [
      1000.23,
      1017.46,
      1019.53,
      1280.29,
      903.83,
      1162.76,
      1056.8600000000001,
      1543.89,
      1406.21,
      1418.34,
      1142.59,
      1222.94,
      887.65,
      1134.21,
      747.2,
      1033.64,
      1122.51,
      1277.38,
      1162.73,
      1113.23,
      1289.26,
      911.94,
      1179.8,
      1414.08,
      1064.6100000000001,
      1434.73,
      1110.53,
      907.79,
      1050.36,
      1419.9099999999999,
      1381.13,
      1296.64,
      1222.8,
      804.69,
      1232.89,
      598.61,
      980.76,
      1125.55,
      1410.1,
      1246.5,
      1002.25,
      1271.58,
      1093.13,
      1031.78,
      1037.6,
      1174.3,
      1257.14,
      1518.83,
      833.21,
      1495.27,
      1085.38,
      963.02,
      1564.87,
      1292.54,
      980.72,
      1188.19,
      753.02,
      1110.57,
      1325.16,
      1212.75,
      1202.94,
      1050.49,
      1114.07,
      1318.0,
      1141.75,
      853.31,
      729.37,
      832.57,
      828.39,
      832.8100000000001,
      1155.47,
      720.2,
      980.92,
      1137.77,
      933.3,
      468.61,
      903.5699999999999,
      461.59,
      846.29,
      267.78,
      368.32,
      527.7,
      498.13,
      517.85,
      948.51,
      504.12,
      389.4,
      900.5799999999999,
      369.49,
      24.33,
      394.55,
      546.76,
      134.63,
      59.14,
      154.77,
      200.83,
      124.82,
      438.99,
      309.18,
      384.24,
      133.15,
      237.19,
      384.7,
      152.21
    ],
    "stopping_reason": "time_limit",
    "operations": {
      "candidate_generation": 265812,
      "feasibility_check": 104,
      "weight_evaluation": 104
    }
  }
}