{
  "graph": "graph_n11_d50_adj_matrix",
  "algorithm": "random",
  "result": {
    "graph_name": "graph_n11_d50_adj_matrix",
    "algorithm": "random",
    "best_weight": 1602.76,
    "best_matching": [
      0,
      7,
      18,
      19,
      24
    ],
    "runtime": 0.004978895000022021,
    "candidates": 400,
    "improvements": 5,
    "duplicates": 68,
    "infeasible": 0,
    "size_history": {
      "5": 93,
      "4": 173,
      "3": 98,
      "2": 36
    },
    "weight_history": [
      676.46,
      1422.02,
      1351.72,
      1482.0,
      1459.63,
      510.25,
      1317.3899999999999,
      675.28,
      1227.05,
      1380.13,
      1355.3899999999999,
      1503.39,
      1240.02,
      1440.01,
      952.3399999999999,
      861.36,
      1206.49,
      1351.79,
      1268.81,
      1433.0,
      1247.21,
      1236.0,
      604.37,
      1300.92,
      793.26,
      1138.3,
      991.42,
      1067.56,
      1315.11,
      504.01,
      693.7,
      1105.06,
      1167.23,
      972.77,
      972.02,
      632.24,
      851.22,
      723.05,
      684.75,
      508.67999999999995,
      672.8199999999999,
      1003.91,
      1215.19,
      576.4,
      1061.82,
      753.85,
      658.0,
      757.38,
      749.47,
      731.18,
      934.5899999999999,
      942.65,
      1055.84,
      758.46,
      373.42,
      935.6,
      848.86,
      817.23,
      1293.3,
      1380.03,
      758.99,
      1166.4,
      1282.87,
      693.97,
      1366.18,
      1340.58,
      1012.3,
      1196.56,
      913.26,
      436.83,
      1368.58,
      984.3,
      653.86,
      927.01,
      1248.5,
      1323.97,
      1340.72,
      422.45000000000005,
      596.46,
      705.1,
      847.51,
      401.97,
      935.93,
      478.07,
      523.24,
      788.66,
      919.69,
      750.8,
      963.2099999999999,
      884.9200000000001,
      1187.47,
      896.9300000000001,
      859.25,
      1410.79,
      776.21,
      764.53,
      1099.68,
      440.6,
      580.96,
      806.51,
      1267.81,
      1179.55,
      1056.06,
      1351.51,
      925.18,
      640.4,
      933.0699999999999,
      1101.21,
      1056.23,
      1264.38,
      946.05,
      1223.96,
      683.02,
      1066.8500000000001,
      569.95,
      514.81,
      855.72,
      1130.73,
      1259.0,
      1258.1299999999999,
      852.27,
      1232.71,
      788.35,
      1602.76,
      997.06,
      970.85,
      1110.3799999999999,
      748.49,
      1393.19,
      1042.15,
      806.5699999999999,
      1371.6599999999999,
      1365.8,
      1447.23,
      1327.85,
      1015.66,
      1160.87,
      824.4200000000001,
      1597.22,
      1513.67,
      908.48,
      1318.11,
      1224.97,
      667.6800000000001,
      548.53,
      1332.2,
      1049.14,
      772.25,
      1325.11,
      1095.27,
      1478.59,
      1527.71,
      867.0799999999999,
      1310.91,
      710.22,
      1068.54,
      1176.4099999999999,
      896.77,
      1357.79,
      492.67,
      552.96,
      817.41,
      952.6899999999999,
      665.2,
      1116.88,
      864.02,
      1099.81,
      703.4300000000001,
      1161.3899999999999,
      388.05,
      757.8599999999999,
      1256.95,
      466.22,
      732.75,
      723.88,
      509.37,
      650.65,
      581.3,
      483.76,
      529.12,
      605.7,
      357.69,
      521.25,
      591.81,
      561.56,
      262.88,
      614.5699999999999,
      1024.47,
      821.9100000000001,
      967.67,
      1100.2,
      793.9300000000001,
      486.59,
      327.46999999999997,
      646.97,
      950.22,
      584.5799999999999,
      829.09,
      811.22,
      614.7,
      820.41,
      450.71,
      596.14,
      747.99,
      1124.15,
      1238.21,
      619.12,
      907.86,
      1198.47,
      742.69,
      1151.43,
      1362.56,
      792.4300000000001,
      1503.25,
      1396.08,
      1210.77,
      1347.66,
      1095.3799999999999,
      1570.3799999999999,
      1242.74,
      1086.3,
      949.5,
      1130.51,
      357.83,
      777.24,
      1081.78,
      1353.48,
      1072.62,
      924.0699999999999,
      1021.05,
      1039.06,
      584.38,
      956.73,
      1253.99,
      671.27,
      920.7,
      1452.6200000000001,
      1575.02,
      969.2399999999999,
      1164.28,
      1476.54,
      1020.1800000000001,
      939.5699999999999,
      1130.17,
      1162.66,
      572.57,
      1007.51,
      1413.5900000000001,
      1016.0999999999999,
      1148.56,
      593.1,
      542.16,
      971.27,
      1076.78,
      750.52,
      410.75,
      628.72,
      832.5,
      908.09,
      1440.3,
      626.15,
      983.6800000000001,
      780.86,
      822.9,
      921.1999999999999,
      425.01,
      697.04,
      963.85,
      430.88,
      950.78,
      846.1999999999999,
      1023.09,
      682.29,
      878.37,
      1295.34,
      1067.84,
      1042.51,
      736.04,
      740.76,
      627.17,
      644.62,
      388.42,
      1054.3899999999999,
      187.91,
      684.17,
      842.12,
      532.34,
      605.8199999999999,
      883.05,
      646.87,
      406.48,
      456.22999999999996,
      358.06,
      485.47999999999996,
      556.06,
      533.89,
      725.99,
      786.26,
      626.53,
      572.47,
      821.5,
      290.36,
      578.11,
      455.71000000000004,
      991.52,
      1186.4299999999998,
      1004.68,
      459.03000000000003,
      628.81,
      1234.8899999999999,
      1042.6599999999999,
      1066.98,
      1139.9,
      670.9,
      886.31,
      1007.86,
      1230.28,
      969.03,
      807.37,
      1039.22,
      700.65,
      674.0600000000001,
      748.28,
      687.07,
      825.8,
      930.45,
      408.26,
      524.15,
      679.29,
      797.25,
      467.02,
      412.4,
      165.29,
      403.58000000000004,
      302.04,
      624.62,
      567.55,
      639.37,
      176.97,
      797.92,
      834.3399999999999,
      507.23,
      771.84,
      654.98,
      1017.72,
      648.6999999999999,
      604.1999999999999,
      601.73,
      904.65,
      725.9499999999999,
      1028.43,
      743.8299999999999,
      1100.05,
      1262.56,
      444.01,
      1180.1499999999999,
      790.9,
      811.74,
      1095.6,
      962.17,
      928.01,
      1344.36,
      622.02,
      1306.97,
      1520.41,
      1300.31,
      804.94,
      1286.31,
      880.64,
      1287.03,
      1282.86,
      609.1800000000001,
      1431.62,
      759.66,
      915.38,
      1102.07,
      1072.56,
      1129.48,
      1047.17,
      1389.1299999999999,
      1086.2,
      1038.13,
      955.42,
      787.52,
      935.2,
      784.37,
      1192.03,
      1578.43,
      1358.61,
      600.8,
      1318.1,
      963.13,
      868.35,
      1096.62,
      1037.02,
      777.41,
      1252.1,
      753.41,
      1024.62,
      1401.45
    ],
    "stopping_reason": "max_candidates",
    "operations": {
      "candidate_generation": 468,
      "feasibility_check": 400,
      "weight_evaluation": 400
    }
  }
}