{
  "graph": "graph_n17_d12.5_adj_matrix",
  "algorithm": "random",
  "result": {
    "graph_name": "graph_n17_d12.5_adj_matrix",
    "algorithm": "random",
    "best_weight": 1891.62,
    "best_matching": [
      2,
      4,
      6,
      9,
      12,
      14
    ],
    "runtime": 2.000065670999902,
    "candidates": 72,
    "improvements": 3,
    "duplicates": 271457,
    "infeasible": 0,
    "size_history": {
      "6": 8,
      "5": 13,
      "4": 13,
      "3": 11,
      "2": 10,
      "1": 17
    },
    "weight_history": [
      1721.95,
      1867.57,
      1687.67,
      1349.15,
      1842.59,
      1276.53,
      1750.18,
      1891.62,
      1062.04,
      1649.98,
      1849.67,
      1386.08,
      1551.49,
      1379.1599999999999,
      1008.73,
      1437.17,
      1535.7,
      996.0699999999999,
      1475.46,
      1461.36,
      1460.56,
      1159.7,
      1081.52,
      1293.9,
      1166.51,
      1072.31,
      893.6,
      1123.2,
      1570.1299999999999,
      1109.7,
      912.6300000000001,
      1062.33,
      923.74,
      761.96,
      867.9,
      768.37,
      782.79,
      847.1600000000001,
      801.46,
      790.04,
      961.05,
      1015.5999999999999,
      1324.95,
      945.6899999999999,
      357.86,
      590.01,
      421.73,
      562.86,
      521.97,
      717.5799999999999,
      561.61,
      430.48,
      393.58000000000004,
      564.6800000000001,
      637.73,
      300.88,
      313.97,
      231.52,
      323.01,
      363.9,
      406.21,
      238.6,
      158.9,
      113.22,
      206.32,
      308.51,
      194.62,
      226.11,
      198.15,
      198.96,
      338.57,
      240.8
    ],
    "stopping_reason": "time_limit",
    "operations": {
      "candidate_generation": 271529,
      "feasibility_check": 72,
      "weight_evaluation": 72
    }
  }
}