{
  "random": {
    "mean_weight": 1118.8233333333333,
    "std_weight": 34.19096989297351,
    "min_weight": 1070.47,
    "max_weight": 1143.0,
    "absolute_gap": 24.176666666666733,
    "relative_gap": 0.021151939340915776,
    "approximation_ratio": 0.9788480606590843
  },
  "greedy": {
    "mean_weight": 1143.0,
    "std_weight": 0.0,
    "min_weight": 1143.0,
    "max_weight": 1143.0,
    "absolute_gap": 0.0,
    "relative_gap": 0.0,
    "approximation_ratio": 1.0
  },
  "local": {
    "mean_weight": 1143.0,
    "std_weight": 0.0,
    "min_weight": 1143.0,
    "max_weight": 1143.0,
    "absolute_gap": 0.0,
    "relative_gap": 0.0,
    "approximation_ratio": 1.0
  }
}