{
  "graph": "graph_n14_d75_adj_matrix",
  "algorithm": "greedy",
  "result": {
    "graph_name": "graph_n14_d75_adj_matrix",
    "algorithm": "greedy",
    "best_weight": 2503.75,
    "best_matching": [
      6,
      14,
      20,
      26,
      32,
      53,
      58
    ],
    "runtime": 2.000039384000047,
    "candidates": 140,
    "improvements": 1,
    "duplicates": 89295,
    "infeasible": 0,
    "size_history": {
      "7": 82,
      "6": 56,
      "5": 2
    },
    "weight_history": [
      2503.75,
      2279.91,
      2445.86,
      2412.74,
      2432.56,
      2332.48,
      2363.79,
      2298.56,
      2326.1,
      2435.78,
      2423.49,
      2159.81,
      2169.42,
      2222.14,
      2270.8,
      2250.82,
      2178.02,
      2286.75,
      2199.16,
      2247.46,
      2106.35,
      2016.67,
      2236.46,
      2342.2400000000002,
      2208.24,
      2233.39,
      2365.6,
      2370.92,
      2230.96,
      2370.23,
      2283.53,
      2239.52,
      2212.36,
      2220.53,
      2178.45,
      1935.98,
      2219.4900000000002,
      2277.38,
      2171.58,
      2186.37,
      2137.42,
      2134.57,
      1978.85,
      2290.17,
      2248.9,
      2321.28,
      2040.72,
      2184.44,
      2323.6800000000003,
      2461.24,
      2403.94,
      2362.18,
      2155.87,
      2209.23,
      2197.01,
      2350.2200000000003,
      2269.96,
      1943.38,
      2190.4,
      1998.95,
      2043.94,
      2301.7799999999997,
      2458.78,
      2199.09,
      2155.23,
      2171.54,
      2075.37,
      2406.57,
      2185.08,
      2202.39,
      2357.53,
      2137.7599999999998,
      2322.88,
      2339.49,
      2326.78,
      2113.9500000000003,
      2241.6,
      2095.25,
      2378.52,
      2159.88,
      2161.34,
      2253.27,
      2259.23,
      2037.2,
      2206.66,
      2041.46,
      2204.18,
      2211.71,
      2327.24,
      2203.18,
      2296.98,
      2090.62,
      2206.39,
      2113.91,
      2108.67,
      2215.97,
      2108.77,
      2021.65,
      2364.65,
      2331.4700000000003,
      1994.69,
      2322.89,
      2060.23,
      2287.4300000000003,
      2132.41,
      2263.73,
      2132.51,
      2160.73,
      2218.84,
      1983.57,
      2158.08,
      2092.68,
      2224.43,
      1990.57,
      2290.51,
      1921.1399999999999,
      2315.02,
      1908.6299999999999,
      2002.02,
      2360.68,
      2330.0,
      2200.71,
      2148.0,
      2169.2,
      1901.1100000000001,
      2079.3,
      2280.55,
      2144.78,
      2062.25,
      2173.46,
      2224.59,
      2310.93,
      2280.9700000000003,
      2217.35,
      2067.4700000000003,
      2182.1,
      2309.23,
      2151.76,
      2170.87,
      2276.73
    ],
    "stopping_reason": "time_limit",
    "operations": {
      "candidate_generation": 89435,
      "feasibility_check": 140,
      "weight_evaluation": 140
    }
  }
}