{
  "graph": "graph_n12_d75_adj_matrix",
  "algorithm": "greedy",
  "result": {
    "graph_name": "graph_n12_d75_adj_matrix",
    "algorithm": "greedy",
    "best_weight": 2005.75,
    "best_matching": [
      3,
      8,
      20,
      27,
      35,
      45
    ],
    "runtime": 2.0000390610002796,
    "candidates": 129,
    "improvements": 6,
    "duplicates": 126457,
    "infeasible": 0,
    "size_history": {
      "5": 46,
      "6": 25,
      "4": 25,
      "3": 20,
      "2": 11,
      "1": 2
    },
    "weight_history": [
      1713.88,
      1697.38,
      1852.75,
      1711.6,
      1833.97,
      1674.9,
      1691.4,
      1864.58,
      1734.69,
      1736.97,
      1850.47,
      1754.24,
      1980.1,
      1675.7,
      1864.32,
      1696.24,
      1977.42,
      1770.74,
      1804.88,
      1911.65,
      1993.92,
      2005.75,
      1804.53,
      1689.1,
      1878.1399999999999,
      1679.74,
      1818.35,
      1991.93,
      1770.48,
      1732.56,
      1897.83,
      1845.54,
      1963.6,
      1782.26,
      1673.42,
      1524.97,
      1695.1,
      1862.3,
      1801.18,
      1693.68,
      1836.25,
      1658.06,
      1508.59,
      1768.2,
      1834.85,
      1876.15,
      1796.67,
      1987.69,
      1896.04,
      1821.03,
      1782.85,
      1788.38,
      1794.56,
      1788.5900000000001,
      1889.97,
      1677.18,
      1539.19,
      1688.49,
      1653.22,
      1655.5,
      1664.09,
      1741.27,
      1770.23,
      1663.96,
      1746.52,
      1690.77,
      1541.47,
      1548.18,
      1581.69,
      1647.46,
      1336.18,
      1522.69,
      1501.01,
      1503.29,
      1525.09,
      1502.59,
      1597.82,
      1560.01,
      1722.0,
      1748.8,
      1682.6399999999999,
      1700.32,
      1752.59,
      1666.1399999999999,
      1618.37,
      1680.59,
      1642.8999999999999,
      1642.41,
      1675.79,
      1573.1399999999999,
      1602.08,
      1307.45,
      1601.87,
      1486.91,
      1593.47,
      1501.98,
      1535.49,
      1507.45,
      1309.28,
      1352.68,
      1228.35,
      1314.5,
      1273.94,
      1325.78,
      1306.16,
      967.98,
      1317.99,
      1289.66,
      1280.55,
      1285.28,
      935.76,
      951.48,
      528.99,
      922.75,
      900.5799999999999,
      907.73,
      897.0899999999999,
      913.69,
      875.02,
      490.32,
      879.0,
      1285.77,
      1258.38,
      1265.53,
      1244.28,
      1210.0,
      868.3599999999999,
      1235.27,
      1240.41
    ],
    "stopping_reason": "time_limit",
    "operations": {
      "candidate_generation": 126586,
      "feasibility_check": 129,
      "weight_evaluation": 129
    }
  }
}