{
  "graph": "graph_n11_d75_adj_matrix",
  "algorithm": "random",
  "result": {
    "graph_name": "graph_n11_d75_adj_matrix",
    "algorithm": "random",
    "best_weight": 1484.71,
    "best_matching": [
      5,
      10,
      13,
      19,
      33
    ],
    "runtime": 2.0000326610006596,
    "candidates": 162,
    "improvements": 2,
    "duplicates": 167353,
    "infeasible": 0,
    "size_history": {
      "5": 22,
      "4": 31,
      "3": 35,
      "2": 33,
      "1": 41
    },
    "weight_history": [
      1408.27,
      1008.64,
      1484.71,
      1167.9099999999999,
      1304.02,
      1332.9,
      1471.59,
      1310.35,
      782.84,
      1270.3600000000001,
      1353.1,
      1005.89,
      1145.01,
      630.38,
      806.67,
      1061.17,
      903.85,
      1106.09,
      768.25,
      789.59,
      1224.8400000000001,
      876.41,
      1198.85,
      1430.51,
      1468.05,
      1154.01,
      1278.37,
      1063.0,
      1399.1399999999999,
      1446.96,
      1278.58,
      1345.31,
      1347.6299999999999,
      1057.76,
      692.42,
      876.13,
      981.1,
      1021.26,
      1166.22,
      956.54,
      881.3199999999999,
      1178.53,
      713.9399999999999,
      980.98,
      859.09,
      911.23,
      679.15,
      760.81,
      347.71,
      999.49,
      961.26,
      822.74,
      596.36,
      767.04,
      793.3299999999999,
      730.91,
      347.31,
      626.5699999999999,
      371.32,
      412.03,
      342.75,
      519.6999999999999,
      290.09,
      338.39,
      467.02,
      701.24,
      1110.51,
      251.73000000000002,
      1042.57,
      1112.46,
      888.5600000000001,
      413.58,
      542.28,
      553.31,
      944.0699999999999,
      610.02,
      609.35,
      1440.13,
      938.22,
      1366.81,
      972.21,
      1015.68,
      842.24,
      991.66,
      847.35,
      758.03,
      1477.27,
      785.41,
      420.35,
      925.86,
      849.78,
      1034.13,
      520.17,
      787.81,
      612.19,
      873.52,
      894.75,
      555.7,
      273.99,
      826.47,
      358.06,
      655.88,
      624.5,
      497.52,
      302.1,
      261.28,
      818.1,
      433.61,
      617.89,
      635.81,
      220.05,
      137.64,
      722.5799999999999,
      96.8,
      364.3,
      190.16,
      396.56,
      138.01,
      292.5,
      205.3,
      106.51,
      559.83,
      331.73999999999995,
      528.19,
      157.55,
      378.44,
      321.09,
      474.82,
      568.26,
      834.3399999999999,
      224.73,
      696.6800000000001,
      419.32,
      390.37,
      415.02,
      191.38,
      385.77,
      195.53,
      224.29,
      126.7,
      236.24,
      87.09,
      311.27,
      238.85,
      422.9,
      175.79,
      429.91,
      98.84,
      419.64,
      70.46,
      240.8,
      460.44,
      166.09,
      65.8,
      195.25,
      497.8,
      27.89,
      203.53,
      220.05,
      336.81,
      427.73,
      169.92
    ],
    "stopping_reason": "time_limit",
    "operations": {
      "candidate_generation": 167515,
      "feasibility_check": 162,
      "weight_evaluation": 162
    }
  }
}