{
  "graph": "graph_n8_d50_adj_matrix",
  "algorithm": "random",
  "result": {
    "graph_name": "graph_n8_d50_adj_matrix",
    "algorithm": "random",
    "best_weight": 1781.89,
    "best_matching": [
      1,
      4,
      12,
      13
    ],
    "runtime": 2.000022412999897,
    "candidates": 59,
    "improvements": 5,
    "duplicates": 255256,
    "infeasible": 0,
    "size_history": {
      "4": 8,
      "3": 39,
      "2": 12
    },
    "weight_history": [
      1155.8,
      1264.38,
      1257.76,
      953.6700000000001,
      726.76,
      1020.27,
      915.59,
      845.81,
      1373.58,
      376.60999999999996,
      1077.47,
      890.96,
      604.56,
      1362.21,
      471.28,
      1762.14,
      849.52,
      985.1199999999999,
      871.2099999999999,
      1781.89,
      1188.47,
      1391.24,
      1530.54,
      957.92,
      834.2199999999999,
      915.27,
      1350.67,
      1287.23,
      916.33,
      1426.58,
      1454.63,
      842.6099999999999,
      1335.27,
      582.87,
      817.57,
      299.73,
      171.54999999999998,
      888.46,
      678.41,
      475.41,
      399.5,
      478.19000000000005,
      753.39,
      921.72,
      1115.3,
      639.61,
      444.15,
      795.72,
      500.31,
      687.32,
      887.3000000000001,
      877.76,
      747.0699999999999,
      953.1,
      485.01,
      998.42,
      442.67999999999995,
      1315.52,
      1429.74
    ],
    "stopping_reason": "time_limit",
    "operations": {
      "candidate_generation": 255315,
      "feasibility_check": 59,
      "weight_evaluation": 59
    }
  }
}