{
  "random": {
    "mean_weight": 1581.5333333333333,
    "std_weight": 13.326430713268909,
    "min_weight": 1564.87,
    "max_weight": 1597.49,
    "absolute_gap": 15.956666666666706,
    "relative_gap": 0.009988586261364207,
    "approximation_ratio": 0.9900114137386358
  },
  "greedy": {
    "mean_weight": 1597.49,
    "std_weight": 0.0,
    "min_weight": 1597.49,
    "max_weight": 1597.49,
    "absolute_gap": 0.0,
    "relative_gap": 0.0,
    "approximation_ratio": 1.0
  },
  "local": {
    "mean_weight": 1597.49,
    "std_weight": 0.0,
    "min_weight": 1597.49,
    "max_weight": 1597.49,
    "absolute_gap": 0.0,
    "relative_gap": 0.0,
    "approximation_ratio": 1.0
  }
}