{
  "graph": "graph_n12_d75_adj_matrix",
  "algorithm": "random",
  "result": {
    "graph_name": "graph_n12_d75_adj_matrix",
    "algorithm": "random",
    "best_weight": 1987.69,
    "best_matching": [
      3,
      8,
      16,
      29,
      43,
      45
    ],
    "runtime": 0.007372117999693728,
    "candidates": 400,
    "improvements": 5,
    "duplicates": 15,
    "infeasible": 0,
    "size_history": {
      "6": 182,
      "5": 181,
      "4": 36,
      "3": 1
    },
    "weight_history": [
      1117.79,
      1538.62,
      1402.85,
      1422.15,
      1180.67,
      1102.1,
      1878.1399999999999,
      1116.69,
      1388.0500000000002,
      1745.04,
      1344.36,
      890.36,
      888.01,
      1428.1200000000001,
      1247.99,
      1208.29,
      1236.27,
      1409.56,
      1088.59,
      1428.02,
      1340.17,
      1042.38,
      1793.51,
      1195.25,
      1344.81,
      1626.64,
      1346.86,
      1050.92,
      1085.13,
      1451.41,
      761.98,
      1810.96,
      1291.65,
      1629.18,
      933.05,
      1127.83,
      960.48,
      1589.24,
      1127.88,
      1609.24,
      1689.04,
      1631.88,
      1556.7,
      1444.9099999999999,
      995.62,
      1435.15,
      876.18,
      945.25,
      1720.06,
      1686.8600000000001,
      1489.0900000000001,
      1003.29,
      1737.6100000000001,
      1189.14,
      1334.6399999999999,
      1296.91,
      1348.0,
      1128.6,
      1307.06,
      1516.02,
      1078.1200000000001,
      1598.85,
      1077.12,
      1058.77,
      1082.17,
      1623.6299999999999,
      1080.28,
      899.41,
      1094.19,
      1147.81,
      858.7,
      1431.06,
      910.48,
      1000.46,
      887.59,
      1121.96,
      1182.1599999999999,
      987.49,
      946.79,
      1410.04,
      1223.56,
      1230.38,
      1614.13,
      1251.02,
      1262.25,
      1152.35,
      1570.55,
      1121.51,
      1603.9,
      1677.21,
      1143.6,
      1453.2,
      1417.28,
      1059.67,
      1484.73,
      1513.33,
      1157.9,
      1633.7,
      1518.1399999999999,
      1818.35,
      1832.16,
      1635.82,
      1179.1299999999999,
      1727.75,
      1646.53,
      1333.84,
      1681.85,
      663.89,
      1440.15,
      1783.48,
      1793.11,
      1389.69,
      1137.72,
      1203.44,
      1213.16,
      776.37,
      1624.3700000000001,
      1202.8700000000001,
      1289.83,
      1358.3700000000001,
      1384.55,
      1314.43,
      1105.74,
      1811.16,
      1648.35,
      1424.77,
      878.51,
      1011.76,
      1602.69,
      1120.84,
      1034.46,
      1247.23,
      1445.89,
      1472.0,
      1437.09,
      1727.6100000000001,
      1163.6,
      1649.26,
      989.65,
      1232.42,
      1214.0900000000001,
      1466.81,
      1301.12,
      1524.24,
      1056.16,
      1347.27,
      1284.7,
      1580.59,
      1844.67,
      1264.1,
      1387.03,
      1522.5,
      1083.6299999999999,
      1363.79,
      1078.07,
      1726.39,
      1980.5,
      1686.66,
      957.9200000000001,
      817.85,
      1687.48,
      1453.3,
      995.11,
      993.16,
      1329.31,
      1253.54,
      1335.22,
      1858.49,
      1184.6,
      1644.52,
      1816.1200000000001,
      1362.07,
      1681.8,
      1152.47,
      1570.85,
      1492.8,
      1230.35,
      980.8199999999999,
      1762.33,
      1518.46,
      1518.76,
      1382.64,
      1222.26,
      1866.57,
      1265.51,
      1442.46,
      1775.66,
      1251.6,
      1385.99,
      1089.28,
      1427.58,
      1342.1,
      1617.5,
      1176.43,
      1047.62,
      606.1,
      1226.32,
      1285.32,
      1669.8799999999999,
      1072.42,
      1639.6499999999999,
      1572.1100000000001,
      1635.69,
      1472.44,
      1036.4099999999999,
      768.24,
      1356.2,
      1042.9,
      1020.34,
      1308.42,
      1762.0,
      1120.96,
      1064.3899999999999,
      1466.66,
      1254.56,
      1356.76,
      1253.58,
      1515.27,
      1276.09,
      1466.1100000000001,
      1017.21,
      1328.24,
      847.94,
      1188.47,
      1138.85,
      808.28,
      750.76,
      940.02,
      1052.6200000000001,
      713.85,
      1382.46,
      1404.37,
      968.48,
      1207.05,
      1102.65,
      1387.93,
      1268.22,
      1223.75,
      1046.3600000000001,
      1095.46,
      1307.69,
      1208.5900000000001,
      1148.69,
      1098.53,
      1404.14,
      1357.57,
      773.03,
      1177.27,
      890.17,
      725.27,
      693.5,
      1119.37,
      442.78,
      1381.69,
      1382.71,
      1125.49,
      1380.99,
      1002.66,
      1531.55,
      937.47,
      948.4300000000001,
      1291.14,
      915.59,
      1363.06,
      1273.37,
      1213.69,
      1414.35,
      1235.1,
      1623.5,
      1104.63,
      1284.8400000000001,
      1332.53,
      1278.24,
      1534.78,
      1335.17,
      1142.4,
      1261.97,
      987.54,
      1596.69,
      1468.01,
      576.59,
      1187.65,
      1559.53,
      1234.37,
      1198.82,
      1630.6399999999999,
      1016.36,
      1871.5,
      1466.12,
      1527.21,
      1786.7,
      1597.08,
      1541.07,
      1598.59,
      1388.7,
      1020.91,
      1246.3600000000001,
      1498.23,
      1450.45,
      1092.3,
      1462.27,
      1435.72,
      982.59,
      1273.07,
      1255.43,
      1206.58,
      1199.26,
      1412.08,
      1379.33,
      1550.31,
      1547.1499999999999,
      1377.23,
      1354.46,
      1570.3600000000001,
      1025.42,
      974.87,
      1442.05,
      1378.23,
      1508.37,
      1620.62,
      1279.42,
      1211.43,
      1636.15,
      1096.01,
      1562.6,
      1489.78,
      1090.6,
      1485.76,
      798.38,
      1448.87,
      1141.6,
      1397.08,
      1792.92,
      1410.08,
      1651.31,
      1477.92,
      1731.19,
      981.01,
      994.75,
      989.8000000000001,
      1630.19,
      1680.04,
      808.57,
      1364.76,
      1565.2,
      1581.43,
      1333.8700000000001,
      1181.6,
      1336.85,
      1173.83,
      1914.1,
      1272.65,
      1017.97,
      1400.2,
      1485.55,
      1183.45,
      1585.16,
      1392.8300000000002,
      1976.07,
      1572.16,
      1241.05,
      1666.21,
      1608.15,
      1600.57,
      1505.29,
      1892.8,
      1554.42,
      1162.6,
      1495.45,
      1620.22,
      1855.85,
      956.22,
      1781.8400000000001,
      1591.28,
      1495.3,
      1102.48,
      1478.46,
      1784.83,
      1252.79,
      1505.66,
      1504.72,
      1480.99,
      1722.6100000000001,
      1335.2,
      1891.44,
      1456.6299999999999,
      1268.1399999999999,
      1499.53,
      1454.96,
      1987.69,
      1556.35,
      1680.08,
      1526.48,
      1878.19,
      1409.49,
      1804.88,
      1309.6299999999999,
      1208.94,
      1042.75,
      1386.83
    ],
    "stopping_reason": "max_candidates",
    "operations": {
      "candidate_generation": 415,
      "feasibility_check": 400,
      "weight_evaluation": 400
    }
  }
}