{
  "graph": "graph_n14_d50_adj_matrix",
  "algorithm": "greedy",
  "result": {
    "graph_name": "graph_n14_d50_adj_matrix",
    "algorithm": "greedy",
    "best_weight": 2377.73,
    "best_matching": [
      4,
      8,
      12,
      21,
      32,
      37,
      43
    ],
    "runtime": 2.000027299998692,
    "candidates": 139,
    "improvements": 5,
    "duplicates": 146155,
    "infeasible": 0,
    "size_history": {
      "6": 44,
      "5": 34,
      "4": 22,
      "3": 11,
      "7": 8,
      "2": 12,
      "1": 8
    },
    "weight_history": [
      2138.02,
      2312.49,
      2245.11,
      2068.3,
      2127.75,
      2078.8,
      2070.64,
      2126.05,
      2101.12,
      2005.71,
      2117.95,
      1857.69,
      1903.87,
      1982.82,
      1890.38,
      2078.34,
      1885.06,
      1844.26,
      1825.28,
      1911.6399999999999,
      1907.24,
      2130.82,
      1677.98,
      1723.6100000000001,
      1789.42,
      1718.73,
      1677.49,
      1750.37,
      1376.9,
      1732.06,
      1738.64,
      1610.93,
      1730.79,
      1891.3600000000001,
      1933.8700000000001,
      2150.73,
      1976.26,
      2060.24,
      1910.45,
      1956.19,
      2065.01,
      1838.94,
      1951.57,
      2084.92,
      2069.12,
      2051.83,
      1989.19,
      2226.13,
      2319.45,
      2073.09,
      2113.34,
      2051.66,
      2245.88,
      2071.9,
      2201.08,
      2203.06,
      2205.02,
      2215.57,
      2363.24,
      2002.88,
      2294.68,
      2084.82,
      2324.2200000000003,
      2002.6200000000001,
      2040.92,
      1986.73,
      2032.8500000000001,
      2189.22,
      2278.55,
      2035.31,
      2248.4700000000003,
      2052.17,
      2377.73,
      2175.48,
      2121.19,
      2069.0,
      2010.95,
      1841.43,
      2138.41,
      2051.99,
      2292.58,
      2287.81,
      2248.27,
      2048.8,
      1956.35,
      2215.57,
      2151.35,
      2260.82,
      1895.99,
      1924.19,
      1911.33,
      1749.88,
      1923.3700000000001,
      2032.73,
      1890.54,
      1871.4,
      1845.18,
      1897.56,
      1777.26,
      1752.71,
      1757.35,
      1729.97,
      1732.3600000000001,
      1758.17,
      1719.5500000000002,
      1415.95,
      1632.3700000000001,
      1740.47,
      1631.88,
      1730.46,
      1331.21,
      1379.24,
      901.1700000000001,
      1358.5900000000001,
      1331.7,
      1338.28,
      1367.0,
      1377.33,
      1358.8899999999999,
      978.88,
      1320.27,
      905.46,
      931.2,
      958.23,
      942.1700000000001,
      921.8199999999999,
      473.78,
      940.26,
      872.23,
      883.2,
      910.55,
      893.22,
      505.1,
      457.42,
      448.04,
      437.07,
      453.13,
      435.8,
      435.16
    ],
    "stopping_reason": "time_limit",
    "operations": {
      "candidate_generation": 146294,
      "feasibility_check": 139,
      "weight_evaluation": 139
    }
  }
}