{
  "graph": "graph_n14_d50_adj_matrix",
  "algorithm": "local",
  "result": {
    "graph_name": "graph_n14_d50_adj_matrix",
    "algorithm": "local",
    "best_weight": 2324.2200000000003,
    "best_matching": [
      4,
      12,
      27,
      29,
      35,
      40
    ],
    "runtime": 2.0020484020005824,
    "candidates": 95,
    "improvements": 4,
    "duplicates": 823,
    "infeasible": 0,
    "size_history": {
      "6": 32,
      "5": 22,
      "4": 21,
      "7": 1,
      "3": 17,
      "2": 2
    },
    "weight_history": [
      2292.58,
      2071.9,
      2201.08,
      2141.0,
      2127.75,
      2128.67,
      2260.82,
      2312.49,
      2051.83,
      2146.34,
      2226.13,
      1997.62,
      2078.34,
      2130.82,
      2271.94,
      1893.8200000000002,
      2150.73,
      1951.57,
      1976.26,
      1982.82,
      1934.35,
      1789.42,
      2232.62,
      2048.08,
      2005.71,
      2113.73,
      2163.42,
      2312.89,
      2296.62,
      2120.12,
      2140.45,
      2185.42,
      2245.11,
      2278.55,
      2324.2200000000003,
      2226.73,
      2176.4,
      2215.57,
      2273.94,
      2232.6,
      2085.5299999999997,
      2203.06,
      2017.53,
      2138.02,
      2086.51,
      2126.05,
      1956.49,
      1972.19,
      1998.55,
      1677.98,
      2087.0,
      2084.12,
      2065.83,
      2084.92,
      2032.73,
      1777.26,
      1752.58,
      1752.71,
      1686.9,
      1738.31,
      1732.06,
      1704.87,
      1758.17,
      1415.95,
      1749.88,
      1702.69,
      1331.7,
      1379.24,
      1357.81,
      1377.33,
      978.88,
      1358.5900000000001,
      1358.8899999999999,
      1331.21,
      1376.9,
      1367.0,
      1338.28,
      1950.92,
      1677.49,
      1723.6100000000001,
      1750.37,
      1713.53,
      1730.46,
      1740.47,
      2060.24,
      1688.98,
      1632.3700000000001,
      1757.35,
      1352.35,
      1315.64,
      1340.6200000000001,
      958.23,
      1328.38,
      1351.8600000000001,
      1356.99
    ],
    "stopping_reason": "time_limit",
    "operations": {
      "candidate_generation": 918,
      "feasibility_check": 95,
      "weight_evaluation": 95
    }
  }
}