{
  "graph": "graph_n15_d75_adj_matrix",
  "algorithm": "local",
  "result": {
    "graph_name": "graph_n15_d75_adj_matrix",
    "algorithm": "local",
    "best_weight": 3030.98,
    "best_matching": [
      11,
      22,
      35,
      54,
      64,
      69,
      72
    ],
    "runtime": 2.001266025001314,
    "candidates": 197,
    "improvements": 6,
    "duplicates": 525,
    "infeasible": 0,
    "size_history": {
      "7": 128,
      "6": 61,
      "5": 8
    },
    "weight_history": [
      2854.9700000000003,
      2874.92,
      2835.7,
      2874.4,
      2868.5,
      2807.37,
      2850.99,
      2843.16,
      2875.25,
      2851.93,
      2862.98,
      2649.35,
      2655.3,
      2716.38,
      2748.23,
      2722.66,
      2747.9,
      2724.91,
      2722.33,
      2693.91,
      2691.25,
      2892.46,
      2874.73,
      2821.2799999999997,
      2847.96,
      2799.54,
      2782.07,
      2773.31,
      3027.39,
      2765.53,
      2780.43,
      2816.4500000000003,
      2991.73,
      2852.26,
      2844.86,
      2873.98,
      2887.31,
      2856.9300000000003,
      2930.1,
      3030.98,
      2857.26,
      2867.85,
      3008.33,
      2867.52,
      2728.28,
      2634.43,
      2725.2400000000002,
      2716.71,
      2727.95,
      2297.71,
      2687.66,
      2679.95,
      2685.69,
      2701.66,
      2595.1800000000003,
      2873.25,
      2874.73,
      2868.83,
      2843.26,
      2835.1,
      2902.14,
      2806.75,
      2789.9,
      2657.56,
      2867.03,
      3007.99,
      3003.85,
      2943.46,
      2854.25,
      2839.1,
      2997.46,
      2790.7799999999997,
      2970.29,
      3024.59,
      2813.04,
      2863.31,
      2733.73,
      2870.62,
      2940.65,
      2981.9900000000002,
      2870.9500000000003,
      2879.67,
      2812.71,
      2855.79,
      2948.92,
      2883.88,
      2761.14,
      2900.24,
      2942.41,
      2775.9,
      2792.76,
      2806.29,
      2686.4300000000003,
      2919.78,
      2854.78,
      2985.34,
      2917.81,
      2880.97,
      2914.2200000000003,
      2867.36,
      2941.9,
      2773.24,
      2878.8,
      2814.51,
      2844.53,
      2684.86,
      2968.77,
      2914.44,
      2936.49,
      2926.69,
      2641.52,
      2627.25,
      2402.2200000000003,
      2711.2400000000002,
      2670.92,
      2666.06,
      2702.38,
      2685.3,
      2666.07,
      2388.55,
      2652.4900000000002,
      2866.15,
      2886.35,
      2918.91,
      2856.8900000000003,
      2966.7,
      2858.69,
      2908.08,
      2986.88,
      2836.99,
      2816.71,
      2827.87,
      2632.76,
      2408.5,
      2666.07,
      2627.52,
      2642.26,
      2647.47,
      2665.74,
      2660.91,
      2298.67,
      2614.13,
      2685.4,
      2921.08,
      2790.73,
      3001.6,
      2902.32,
      2911.81,
      2881.9700000000003,
      2832.46,
      2846.92,
      2787.42,
      2983.29,
      2909.01,
      2294.7,
      2654.66,
      2616.0,
      2653.41,
      2619.27,
      2614.48,
      2652.06,
      2408.17,
      2635.35,
      2677.63,
      2661.2400000000002,
      2844.13,
      2938.31,
      2779.59,
      2913.86,
      2826.32,
      2853.3,
      2770.19,
      2839.78,
      2774.2200000000003,
      2802.62,
      2710.91,
      2592.14,
      2650.83,
      2586.05,
      2681.2200000000003,
      2621.9700000000003,
      2683.3,
      2388.2200000000003,
      2564.92,
      2672.81,
      2702.71,
      2686.02,
      2952.51,
      3014.7200000000003,
      2625.26,
      2943.13,
      2892.13,
      2811.84,
      2737.2400000000002,
      2965.18,
      2841.79,
      2905.83
    ],
    "stopping_reason": "time_limit",
    "operations": {
      "candidate_generation": 722,
      "feasibility_check": 197,
      "weight_evaluation": 197
    }
  }
}