{
  "graph": "graph_n12_d50_adj_matrix",
  "algorithm": "random",
  "result": {
    "graph_name": "graph_n12_d50_adj_matrix",
    "algorithm": "random",
    "best_weight": 1974.08,
    "best_matching": [
      3,
      12,
      15,
      17,
      18,
      30
    ],
    "runtime": 0.006983780000155093,
    "candidates": 400,
    "improvements": 2,
    "duplicates": 150,
    "infeasible": 0,
    "size_history": {
      "6": 50,
      "5": 306,
      "4": 44
    },
    "weight_history": [
      1797.38,
      1037.07,
      1045.94,
      1111.63,
      1769.13,
      1254.25,
      1299.38,
      1507.1100000000001,
      1441.4,
      1575.48,
      1612.31,
      1398.4099999999999,
      1474.13,
      1608.46,
      1463.68,
      1451.71,
      1598.67,
      1327.44,
      1312.3999999999999,
      1537.58,
      1426.6200000000001,
      825.08,
      1141.31,
      1286.18,
      1747.52,
      1443.06,
      1190.1,
      911.23,
      1445.63,
      1263.33,
      1508.35,
      1337.3799999999999,
      1364.07,
      1152.81,
      1246.92,
      1426.27,
      1178.63,
      1146.44,
      1561.1100000000001,
      1295.79,
      1023.8800000000001,
      1541.88,
      1501.62,
      1499.19,
      1316.1,
      1567.02,
      1297.7,
      1550.04,
      1569.42,
      1689.29,
      1325.29,
      1006.58,
      1296.92,
      1645.51,
      1422.59,
      1409.52,
      1575.39,
      1442.58,
      1308.86,
      1519.98,
      1121.47,
      1419.95,
      1493.76,
      1031.81,
      1219.73,
      1243.29,
      1446.26,
      1086.17,
      1079.28,
      1063.5,
      1143.41,
      1771.23,
      1417.05,
      1422.49,
      1758.54,
      1400.63,
      1326.56,
      1754.8600000000001,
      1250.1,
      1336.0500000000002,
      1438.13,
      1426.3,
      926.86,
      1411.62,
      1534.44,
      1039.33,
      1287.3,
      1344.08,
      1469.77,
      1304.6000000000001,
      1795.1200000000001,
      1478.39,
      1351.83,
      1443.37,
      1515.01,
      1163.26,
      1532.15,
      1163.68,
      906.16,
      1974.08,
      1396.57,
      1507.54,
      709.35,
      1540.46,
      1962.74,
      1245.06,
      1179.11,
      1529.27,
      1083.87,
      1265.25,
      899.05,
      1296.22,
      1127.2,
      1700.21,
      1016.3299999999999,
      1367.08,
      1417.32,
      1484.84,
      1051.37,
      1400.16,
      1127.81,
      1581.85,
      1253.45,
      1579.3400000000001,
      1474.9,
      1503.54,
      1482.1100000000001,
      1570.43,
      1339.13,
      1417.22,
      1801.56,
      1545.23,
      1212.21,
      1421.3899999999999,
      1640.81,
      1347.29,
      1316.49,
      951.15,
      1382.72,
      1312.17,
      1187.65,
      1632.67,
      1482.24,
      1687.48,
      1449.93,
      1417.63,
      1159.74,
      1099.3,
      1044.71,
      1142.69,
      1312.32,
      1385.52,
      1531.53,
      1332.74,
      899.12,
      1546.52,
      1392.52,
      1214.1100000000001,
      1568.78,
      1592.86,
      1610.08,
      1384.72,
      1495.74,
      1172.02,
      1247.79,
      1583.61,
      1694.82,
      1532.23,
      1301.25,
      1212.74,
      1507.9099999999999,
      1361.07,
      1561.87,
      1586.35,
      1410.56,
      1522.18,
      1251.35,
      1637.53,
      1491.38,
      1729.43,
      866.3199999999999,
      1215.98,
      1535.74,
      1437.6100000000001,
      1579.18,
      1138.67,
      1466.59,
      1588.17,
      1151.2,
      1213.21,
      1243.31,
      1437.26,
      1741.46,
      1274.1,
      1301.81,
      1577.7,
      1361.29,
      1323.59,
      1542.21,
      1271.3600000000001,
      1177.94,
      993.3100000000001,
      1535.68,
      1589.95,
      1793.22,
      1630.6200000000001,
      1381.26,
      1453.6,
      1497.3,
      1263.43,
      1581.25,
      1769.28,
      1387.1,
      1280.5900000000001,
      1080.15,
      1531.33,
      1311.38,
      1690.97,
      1618.5,
      1635.22,
      1426.46,
      1591.5,
      1110.59,
      1437.9,
      1691.26,
      1243.54,
      1427.6,
      1551.13,
      1185.45,
      1491.6,
      1964.84,
      1391.48,
      1265.16,
      1495.45,
      1413.38,
      1326.68,
      1585.19,
      1671.35,
      1627.8400000000001,
      1480.3600000000001,
      1415.42,
      1682.56,
      1536.0,
      1615.74,
      1194.47,
      1308.48,
      1408.69,
      1162.66,
      1271.67,
      1359.94,
      1464.49,
      1603.32,
      1213.28,
      1476.65,
      1490.27,
      1291.53,
      1023.73,
      1798.8000000000002,
      1634.77,
      1483.85,
      1358.03,
      1350.18,
      1530.57,
      1420.26,
      1468.7,
      1514.21,
      1298.22,
      1018.47,
      1530.05,
      1210.81,
      1517.15,
      1511.33,
      1130.13,
      1191.14,
      1706.17,
      1558.66,
      1128.6,
      1397.84,
      1345.09,
      1484.1100000000001,
      1377.54,
      1461.09,
      1595.49,
      1736.72,
      1355.18,
      1331.0,
      1394.47,
      1513.75,
      1240.02,
      1166.47,
      1348.47,
      1279.67,
      1215.94,
      1408.13,
      1526.0900000000001,
      1220.84,
      1356.22,
      925.05,
      1398.62,
      1431.64,
      1647.26,
      1519.8600000000001,
      1385.0,
      1403.6200000000001,
      1376.27,
      1496.88,
      1425.24,
      1508.74,
      1703.08,
      1600.55,
      1656.51,
      1696.3600000000001,
      1283.02,
      1111.1599999999999,
      1277.77,
      1368.35,
      1101.4,
      1308.6200000000001,
      1371.35,
      1338.81,
      1797.71,
      1708.19,
      1237.34,
      1237.2,
      1299.94,
      1555.78,
      1090.72,
      1338.48,
      1296.61,
      1239.75,
      1539.34,
      1538.1,
      1225.65,
      1132.02,
      1522.5,
      1333.26,
      1258.15,
      1188.29,
      1384.75,
      1692.27,
      1342.02,
      1523.56,
      1277.59,
      1485.47,
      1267.61,
      1465.21,
      1316.02,
      1376.8899999999999,
      959.22,
      1145.33,
      1745.94,
      1466.53,
      1197.65,
      1003.02,
      1400.2,
      1283.98,
      771.63,
      1225.3600000000001,
      908.6,
      1429.22,
      1536.8,
      1192.72,
      999.97,
      1504.78,
      706.88,
      1752.46,
      1410.3600000000001,
      1327.92,
      1460.95,
      910.28,
      1547.8,
      1315.1299999999999,
      1970.23,
      1058.4099999999999,
      1095.41,
      1435.7,
      1179.31,
      1061.14,
      1613.0700000000002,
      1263.51,
      1438.46,
      1137.32,
      1385.5,
      1781.78,
      1280.73,
      1618.3,
      1434.47,
      1296.49,
      1469.95,
      1023.83,
      1135.73,
      1267.31,
      1086.2,
      1673.64,
      881.97,
      1334.15,
      1184.7,
      1295.64,
      1102.61,
      1127.8600000000001
    ],
    "stopping_reason": "max_candidates",
    "operations": {
      "candidate_generation": 550,
      "feasibility_check": 400,
      "weight_evaluation": 400
    }
  }
}