{
  "graph": "graph_n12_d75_adj_matrix",
  "algorithm": "greedy",
  "result": {
    "graph_name": "graph_n12_d75_adj_matrix",
    "algorithm": "greedy",
    "best_weight": 1852.75,
    "best_matching": [
      3,
      20,
      24,
      32,
      48
    ],
    "runtime": 2.000030092000088,
    "candidates": 47,
    "improvements": 2,
    "duplicates": 137144,
    "infeasible": 0,
    "size_history": {
      "5": 11,
      "4": 9,
      "3": 12,
      "2": 10,
      "1": 5
    },
    "weight_history": [
      1713.88,
      1852.75,
      1711.6,
      1734.69,
      1696.24,
      1736.97,
      1850.47,
      1679.74,
      1695.1,
      1782.26,
      1836.25,
      1524.97,
      1548.18,
      1541.47,
      1307.45,
      1663.96,
      1539.19,
      1525.09,
      1601.87,
      1573.1399999999999,
      1522.69,
      1352.68,
      1336.18,
      1325.78,
      1273.94,
      1317.99,
      1306.16,
      1258.38,
      967.98,
      1309.28,
      1228.35,
      1314.5,
      1280.55,
      935.76,
      951.48,
      528.99,
      907.73,
      913.69,
      900.5799999999999,
      897.0899999999999,
      922.75,
      868.3599999999999,
      490.32,
      879.0,
      461.16,
      461.59,
      438.99
    ],
    "stopping_reason": "time_limit",
    "operations": {
      "candidate_generation": 137191,
      "feasibility_check": 47,
      "weight_evaluation": 47
    }
  }
}