{
  "graph": "graph_n12_d75_adj_matrix",
  "algorithm": "local",
  "result": {
    "graph_name": "graph_n12_d75_adj_matrix",
    "algorithm": "local",
    "best_weight": 2005.75,
    "best_matching": [
      3,
      8,
      20,
      27,
      35,
      45
    ],
    "runtime": 2.0022347169997374,
    "candidates": 188,
    "improvements": 1,
    "duplicates": 602,
    "infeasible": 0,
    "size_history": {
      "6": 130,
      "5": 46,
      "4": 12
    },
    "weight_history": [
      2005.75,
      1911.65,
      1981.57,
      1990.86,
      1977.42,
      1814.7,
      1878.1399999999999,
      1885.77,
      1844.71,
      1980.1,
      1889.97,
      1726.28,
      1819.24,
      1864.58,
      1555.18,
      1721.45,
      1852.75,
      1836.25,
      1736.97,
      1719.03,
      1835.39,
      1581.69,
      1647.46,
      1597.82,
      1663.96,
      1602.08,
      1541.47,
      1548.18,
      1697.38,
      1561.52,
      1618.37,
      1675.79,
      1570.92,
      1788.5900000000001,
      1826.78,
      1882.28,
      1850.47,
      1741.27,
      1729.8600000000001,
      1863.51,
      1713.88,
      1717.96,
      1963.6,
      1797.54,
      1891.75,
      1893.87,
      1882.04,
      1985.51,
      1993.92,
      1883.33,
      1897.87,
      1821.03,
      1875.09,
      1968.52,
      1754.6,
      1879.92,
      1864.32,
      1864.68,
      1886.25,
      1854.14,
      1871.5,
      1865.54,
      1816.97,
      1893.8600000000001,
      1858.49,
      1782.85,
      1808.5900000000001,
      1897.83,
      1882.49,
      1820.57,
      1896.04,
      1980.5,
      1878.19,
      1789.56,
      1876.15,
      1821.48,
      1890.68,
      1770.23,
      1779.73,
      1769.62,
      1735.36,
      1770.48,
      1741.69,
      1734.69,
      1714.45,
      1804.88,
      1702.6,
      1741.7,
      1816.1200000000001,
      1833.97,
      1991.93,
      1875.08,
      1792.1,
      1818.75,
      1862.3,
      1898.78,
      1902.27,
      1987.69,
      1869.73,
      1842.06,
      1801.18,
      1740.48,
      1796.47,
      1748.03,
      1788.38,
      1781.19,
      1726.28,
      1722.0,
      1691.4,
      1780.95,
      1962.74,
      1914.1,
      1976.07,
      1969.74,
      1817.0,
      1834.85,
      1987.9,
      1834.31,
      1970.23,
      1711.6,
      1829.8899999999999,
      1967.66,
      1891.44,
      1816.59,
      1890.3700000000001,
      1892.8,
      1796.95,
      1904.46,
      1844.67,
      1867.68,
      1835.14,
      1826.44,
      1783.48,
      1782.26,
      1866.57,
      1817.08,
      1898.08,
      1878.7,
      1878.58,
      1896.97,
      1752.2,
      1788.61,
      1841.72,
      1813.48,
      1821.6,
      1876.16,
      1799.52,
      1857.37,
      1823.74,
      1845.54,
      1855.85,
      1770.74,
      1813.69,
      1882.26,
      1810.96,
      1879.05,
      1752.0,
      1773.02,
      1855.0,
      1825.54,
      1810.67,
      1806.28,
      1798.45,
      1797.25,
      1810.32,
      1863.4,
      1840.6399999999999,
      1796.67,
      1809.89,
      1810.26,
      1846.03,
      1804.53,
      1809.77,
      1810.11,
      1784.6,
      1839.35,
      1832.16,
      1808.48,
      1821.07,
      1800.3400000000001,
      1816.56,
      1768.01,
      1809.45,
      1856.3,
      1847.44,
      1777.84,
      1830.02,
      1787.51
    ],
    "stopping_reason": "time_limit",
    "operations": {
      "candidate_generation": 790,
      "feasibility_check": 188,
      "weight_evaluation": 188
    }
  }
}