{
  "graph": "graph_n16_d50_adj_matrix",
  "algorithm": "greedy",
  "result": {
    "graph_name": "graph_n16_d50_adj_matrix",
    "algorithm": "greedy",
    "best_weight": 2924.71,
    "best_matching": [
      3,
      12,
      18,
      21,
      29,
      45,
      54,
      59
    ],
    "runtime": 0.05388884400053939,
    "candidates": 400,
    "improvements": 4,
    "duplicates": 2302,
    "infeasible": 0,
    "size_history": {
      "8": 20,
      "7": 78,
      "6": 107,
      "5": 93,
      "4": 55,
      "3": 34,
      "2": 13
    },
    "weight_history": [
      2670.71,
      2628.08,
      2697.3,
      2800.0,
      2924.71,
      2493.9300000000003,
      2606.43,
      2725.96,
      2860.58,
      2395.5,
      2766.97,
      2436.96,
      2574.92,
      2648.2,
      2490.0,
      2717.54,
      2797.9700000000003,
      2637.46,
      2579.07,
      2400.07,
      2754.9,
      2352.2400000000002,
      2436.86,
      2520.15,
      2500.33,
      2306.71,
      2486.85,
      2364.9900000000002,
      1986.06,
      2536.32,
      2525.93,
      2305.63,
      2342.06,
      2071.8,
      2209.21,
      2054.81,
      2061.57,
      2185.06,
      2050.88,
      2206.04,
      2088.95,
      2045.08,
      2505.75,
      2077.74,
      2476.18,
      2364.01,
      2506.85,
      2395.08,
      2374.87,
      2357.21,
      2350.1,
      2419.23,
      2501.78,
      2324.5,
      2339.39,
      2665.83,
      2382.38,
      2495.2400000000002,
      2481.2,
      2712.66,
      2564.15,
      2499.9900000000002,
      2501.34,
      2731.92,
      2632.03,
      2622.14,
      2396.3,
      2294.88,
      2358.9300000000003,
      2298.93,
      2026.67,
      2311.12,
      2237.38,
      2335.18,
      2354.69,
      2333.06,
      2389.76,
      2189.0299999999997,
      2048.27,
      2013.42,
      2016.72,
      2062.19,
      2069.96,
      2211.82,
      1741.66,
      2023.62,
      2203.43,
      2162.17,
      2385.55,
      2355.0,
      2329.78,
      2106.58,
      2487.86,
      2306.34,
      2357.41,
      2345.95,
      2366.83,
      2360.78,
      2044.06,
      2047.65,
      2001.41,
      2120.14,
      2093.28,
      2045.04,
      2040.87,
      1864.53,
      2181.25,
      2086.34,
      2187.67,
      2040.89,
      2412.71,
      2371.17,
      2823.57,
      2344.31,
      2367.88,
      2317.6,
      2329.4,
      2468.17,
      2392.37,
      2029.59,
      2333.63,
      2622.52,
      2621.0,
      2400.98,
      2729.3,
      2458.55,
      2450.68,
      2581.34,
      2411.64,
      2474.39,
      2583.01,
      2487.93,
      2410.0,
      2053.79,
      2307.65,
      2257.2400000000002,
      2478.89,
      2388.16,
      2341.7,
      2509.46,
      2040.49,
      2494.55,
      2327.94,
      2045.81,
      2004.99,
      2000.12,
      2002.73,
      1858.75,
      2002.38,
      2156.57,
      2044.42,
      2018.82,
      2010.03,
      2025.3400000000001,
      2369.09,
      2365.61,
      2335.27,
      2300.86,
      2361.4,
      2485.25,
      2326.31,
      2585.92,
      2326.84,
      2325.51,
      2317.79,
      2542.96,
      2589.75,
      2633.9900000000002,
      2856.04,
      2662.48,
      2701.98,
      2647.46,
      2597.71,
      2546.88,
      2561.77,
      2830.44,
      2319.09,
      2305.8,
      2379.77,
      2391.32,
      2261.03,
      2360.49,
      1955.35,
      2353.33,
      2392.03,
      2335.64,
      2447.79,
      2632.82,
      2615.53,
      2614.52,
      2507.18,
      2546.57,
      2594.48,
      2525.33,
      2510.1,
      2644.66,
      2420.33,
      2518.07,
      2683.19,
      2749.34,
      2582.05,
      2681.41,
      2692.02,
      2604.64,
      2745.8,
      2518.39,
      2602.48,
      2714.81,
      2511.89,
      2452.05,
      2281.65,
      2689.67,
      2500.68,
      2491.65,
      2498.13,
      2464.34,
      2597.9,
      2469.64,
      2632.54,
      2453.4,
      2398.32,
      2344.32,
      2368.2200000000003,
      2377.48,
      2577.95,
      2321.8,
      2297.3,
      2316.84,
      2344.03,
      2357.64,
      2375.1,
      2598.37,
      2523.77,
      2652.36,
      2624.13,
      2526.94,
      2683.01,
      2622.05,
      2352.37,
      2445.17,
      2608.39,
      2633.2,
      2216.2,
      2331.61,
      2337.6,
      2334.09,
      2316.48,
      2244.85,
      2222.4900000000002,
      2350.7200000000003,
      2403.25,
      2340.6,
      2046.67,
      2018.06,
      2034.18,
      2064.8,
      2017.37,
      2047.17,
      2066.02,
      2069.19,
      1998.6599999999999,
      2043.1,
      1954.99,
      2157.1,
      1789.8600000000001,
      1840.38,
      1398.37,
      1700.3600000000001,
      1792.03,
      1737.07,
      1724.41,
      1797.81,
      1747.46,
      1400.17,
      1696.7,
      1418.08,
      1412.3,
      1368.24,
      1383.02,
      1354.19,
      1664.07,
      1392.3899999999999,
      1422.52,
      1352.02,
      1377.12,
      1369.8,
      1682.44,
      2024.52,
      1727.7,
      1739.68,
      1718.73,
      1700.26,
      1730.45,
      1721.8,
      1663.73,
      1697.65,
      1716.89,
      2162.35,
      2005.42,
      2175.4700000000003,
      2054.69,
      1722.67,
      2024.24,
      2030.54,
      2038.64,
      2038.52,
      2138.2,
      2035.99,
      1765.71,
      1724.53,
      1672.55,
      1744.85,
      1730.31,
      1715.53,
      1724.51,
      1335.82,
      1707.4,
      1717.51,
      1699.31,
      1978.58,
      2039.3899999999999,
      2072.9700000000003,
      2082.4300000000003,
      2020.93,
      2015.67,
      2029.28,
      2038.28,
      2049.01,
      1978.23,
      1699.38,
      1638.63,
      1675.16,
      1683.1100000000001,
      1721.92,
      1701.48,
      1704.65,
      2071.94,
      1705.37,
      1698.87,
      1632.66,
      1688.22,
      1352.97,
      1369.46,
      1316.3,
      1377.75,
      1310.52,
      1325.67,
      1375.24,
      1371.97,
      1272.28,
      933.23,
      1351.3600000000001,
      976.0699999999999,
      945.94,
      888.29,
      905.61,
      935.74,
      930.6700000000001,
      907.74,
      941.01,
      931.3,
      913.3900000000001,
      928.79,
      1359.97,
      1308.35,
      1377.24,
      1301.52,
      1353.6,
      1355.8,
      1345.65,
      1333.45,
      925.52,
      1343.41,
      1345.58,
      1673.38,
      1574.45,
      1684.47,
      1693.6,
      1331.65,
      1773.66,
      1698.52,
      1675.06,
      1707.52,
      1658.15,
      1682.3,
      2114.53,
      2035.97,
      2019.28,
      2004.58,
      2019.78,
      2027.6,
      2035.65,
      2027.95,
      2005.3400000000001,
      2022.0900000000001,
      2016.1,
      2271.71,
      2222.83,
      2373.78,
      2408.4700000000003
    ],
    "stopping_reason": "max_candidates",
    "operations": {
      "candidate_generation": 2702,
      "feasibility_check": 400,
      "weight_evaluation": 400
    }
  }
}