{
  "graph": "graph_n19_d75_adj_matrix",
  "algorithm": "local",
  "result": {
    "graph_name": "graph_n19_d75_adj_matrix",
    "algorithm": "local",
    "best_weight": 2903.25,
    "best_matching": [
      8,
      22,
      26,
      41,
      51,
      59,
      73,
      91,
      105
    ],
    "runtime": 2.001144800000475,
    "candidates": 343,
    "improvements": 4,
    "duplicates": 221,
    "infeasible": 0,
    "size_history": {
      "9": 104,
      "8": 128,
      "7": 84,
      "6": 25,
      "5": 2
    },
    "weight_history": [
      2683.92,
      2806.51,
      2761.86,
      2716.39,
      2710.52,
      2717.01,
      2699.36,
      2623.79,
      2725.08,
      2632.54,
      2783.6,
      2648.99,
      2646.06,
      2617.0,
      2699.58,
      2722.15,
      2604.9,
      2570.74,
      2607.25,
      2582.63,
      2665.2,
      2496.54,
      2443.39,
      2546.21,
      2420.05,
      2469.01,
      2461.25,
      2552.5299999999997,
      2644.35,
      2441.4,
      2525.78,
      2469.77,
      2483.62,
      2614.83,
      2661.79,
      2637.1,
      2661.41,
      2691.93,
      2645.87,
      2621.85,
      2630.65,
      2712.9300000000003,
      2591.79,
      2566.53,
      2739.59,
      2639.48,
      2709.7000000000003,
      2806.2400000000002,
      2827.29,
      2684.09,
      2661.65,
      2770.18,
      2716.55,
      2685.31,
      2750.17,
      2709.66,
      2702.81,
      2755.13,
      2903.25,
      2705.7400000000002,
      2698.33,
      2741.0299999999997,
      2737.42,
      2698.17,
      2709.82,
      2689.06,
      2604.58,
      2626.7200000000003,
      2583.72,
      2679.5,
      2831.09,
      2676.09,
      2712.08,
      2661.82,
      2608.16,
      2601.95,
      2699.88,
      2648.8,
      2597.0,
      2718.76,
      2687.33,
      2748.36,
      2594.4,
      2568.23,
      2514.04,
      2853.36,
      2694.12,
      2712.59,
      2641.39,
      2668.14,
      2599.18,
      2623.7,
      2628.37,
      2674.85,
      2678.7,
      2642.26,
      2514.81,
      2511.29,
      2596.95,
      2559.17,
      2367.19,
      2474.27,
      2489.11,
      2508.06,
      2545.1,
      2634.91,
      2567.37,
      2516.4700000000003,
      2334.87,
      2379.77,
      2626.98,
      2646.87,
      2498.33,
      2594.73,
      2557.04,
      2662.23,
      2639.27,
      2666.75,
      2642.52,
      2633.0,
      2543.13,
      2485.79,
      2555.02,
      2513.11,
      2349.2599999999998,
      2540.95,
      2197.32,
      2373.11,
      2456.28,
      2466.84,
      2563.22,
      2491.2799999999997,
      2311.61,
      2063.19,
      2296.07,
      2343.03,
      2276.64,
      2169.69,
      2293.65,
      2293.44,
      2273.0299999999997,
      2258.86,
      2304.49,
      2486.46,
      2530.58,
      2505.89,
      2364.15,
      2606.29,
      2447.95,
      2539.7,
      2414.06,
      2337.58,
      2467.84,
      2364.17,
      2642.44,
      2602.61,
      2606.93,
      2642.73,
      2620.43,
      2717.96,
      2655.34,
      2677.36,
      2643.89,
      2605.12,
      2582.18,
      2774.51,
      2850.4700000000003,
      2692.37,
      2704.85,
      2746.37,
      2682.38,
      2643.63,
      2630.21,
      2606.62,
      2718.35,
      2849.21,
      2603.68,
      2718.0,
      2497.95,
      2669.68,
      2711.71,
      2708.32,
      2482.38,
      2686.23,
      2632.78,
      2631.79,
      2529.25,
      2341.7,
      2465.36,
      2269.21,
      2430.91,
      2378.98,
      2480.59,
      2416.24,
      2365.13,
      2485.31,
      2355.38,
      2585.59,
      2663.6,
      2728.4700000000003,
      2639.33,
      2551.08,
      2549.6800000000003,
      2426.63,
      2623.5,
      2528.14,
      2553.89,
      2707.65,
      2575.0,
      2541.3,
      2298.91,
      2471.94,
      2464.38,
      2476.43,
      2450.34,
      2532.75,
      2501.33,
      2604.71,
      2448.58,
      2451.52,
      2681.76,
      2689.86,
      2625.44,
      2587.07,
      2464.19,
      2712.06,
      2619.03,
      2690.38,
      2613.15,
      2603.94,
      2660.85,
      2633.45,
      2802.09,
      2740.17,
      2842.48,
      2769.06,
      2826.94,
      2703.5,
      2733.56,
      2725.2,
      2734.3,
      2719.16,
      2747.33,
      2692.63,
      2685.0,
      2652.96,
      2629.21,
      2728.01,
      2750.04,
      2830.04,
      2704.45,
      2729.73,
      2762.99,
      2659.66,
      2630.37,
      2627.68,
      2768.65,
      2720.45,
      2717.41,
      2656.76,
      2646.83,
      2670.02,
      2644.05,
      2596.19,
      2480.47,
      2711.23,
      2662.01,
      2695.69,
      2679.45,
      2695.73,
      2642.78,
      2533.46,
      2677.61,
      2638.52,
      2605.2200000000003,
      2440.48,
      2560.38,
      2527.0,
      2327.85,
      2514.71,
      2183.39,
      2413.2400000000002,
      2374.38,
      2529.73,
      2472.61,
      2557.0,
      2224.77,
      2288.56,
      2228.05,
      2238.13,
      2271.38,
      2369.45,
      2227.55,
      2279.29,
      2103.93,
      2269.79,
      2294.83,
      2408.18,
      2443.76,
      2416.1,
      2530.26,
      2515.03,
      2434.4700000000003,
      2429.35,
      2395.34,
      2375.98,
      2447.11,
      2499.16,
      2691.28,
      2571.69,
      2603.36,
      2596.57,
      2621.62,
      2569.52,
      2718.79,
      2672.18,
      2696.52,
      2580.46,
      2575.86,
      2624.4,
      2649.22,
      2788.83,
      2632.64,
      2719.64,
      2686.45,
      2743.2000000000003,
      2812.97,
      2745.57,
      2609.77,
      2660.7200000000003,
      2684.6,
      2688.91,
      2810.66,
      2714.58,
      2690.82,
      2747.84,
      2586.19,
      2694.21,
      2665.76,
      2786.59,
      2615.95,
      2692.71,
      2662.16
    ],
    "stopping_reason": "time_limit",
    "operations": {
      "candidate_generation": 564,
      "feasibility_check": 343,
      "weight_evaluation": 343
    }
  }
}