{
  "graph": "graph_n18_d12.5_adj_matrix",
  "algorithm": "random",
  "result": {
    "graph_name": "graph_n18_d12.5_adj_matrix",
    "algorithm": "random",
    "best_weight": 2215.7400000000002,
    "best_matching": [
      2,
      4,
      6,
      8,
      12,
      14,
      17
    ],
    "runtime": 2.0000344699983543,
    "candidates": 247,
    "improvements": 5,
    "duplicates": 214508,
    "infeasible": 0,
    "size_history": {
      "6": 67,
      "5": 48,
      "4": 37,
      "3": 42,
      "2": 22,
      "1": 1,
      "7": 30
    },
    "weight_history": [
      1813.5900000000001,
      1783.94,
      1609.88,
      1299.31,
      1530.33,
      1782.05,
      1639.53,
      1899.28,
      1355.62,
      1507.03,
      1673.1200000000001,
      1307.74,
      1206.67,
      1564.84,
      1335.81,
      1241.66,
      1497.51,
      1118.52,
      1421.05,
      1315.71,
      1441.65,
      999.24,
      1224.2,
      1133.01,
      894.63,
      862.3199999999999,
      1405.15,
      1209.48,
      862.26,
      818.48,
      1011.3000000000001,
      965.37,
      1067.65,
      997.11,
      631.98,
      860.19,
      308.96,
      733.79,
      586.5699999999999,
      543.38,
      462.4,
      836.78,
      1047.66,
      850.31,
      341.59000000000003,
      293.44,
      656.62,
      440.6,
      374.83,
      122.38,
      302.8,
      580.16,
      611.1,
      213.62,
      451.12,
      646.91,
      533.85,
      816.09,
      592.26,
      632.9,
      651.83,
      490.63,
      421.35,
      618.12,
      800.1899999999999,
      858.36,
      393.18,
      448.04,
      408.44,
      541.66,
      325.62,
      671.9300000000001,
      456.38,
      474.57,
      674.64,
      482.87,
      687.5600000000001,
      825.58,
      717.13,
      486.83,
      594.87,
      870.71,
      815.75,
      589.11,
      652.4,
      722.3100000000001,
      546.83,
      597.08,
      921.53,
      1122.4,
      1120.26,
      842.87,
      1084.24,
      957.4,
      1059.37,
      1078.37,
      642.1700000000001,
      1011.23,
      934.84,
      536.72,
      509.79,
      737.04,
      792.5799999999999,
      848.71,
      586.3199999999999,
      786.64,
      666.14,
      953.0600000000001,
      581.88,
      681.44,
      1054.68,
      799.99,
      1105.7,
      1072.77,
      1373.16,
      877.88,
      946.1999999999999,
      945.08,
      1144.1100000000001,
      1080.52,
      1083.08,
      1190.03,
      1323.76,
      1160.72,
      1264.69,
      1579.71,
      866.12,
      1297.58,
      1153.69,
      1235.02,
      1154.84,
      1707.19,
      1735.74,
      1962.13,
      2174.69,
      1915.28,
      1593.19,
      1438.7,
      1691.2,
      1234.96,
      1650.15,
      1310.83,
      1950.85,
      2151.56,
      1282.65,
      1870.55,
      2089.34,
      2215.7400000000002,
      1259.35,
      1483.48,
      1760.64,
      1939.99,
      1218.3,
      1765.93,
      1686.38,
      1473.3700000000001,
      1448.78,
      1903.88,
      1455.36,
      1965.53,
      1184.43,
      1696.46,
      1731.11,
      1567.39,
      1675.1,
      1533.73,
      1785.99,
      1956.1100000000001,
      1857.5700000000002,
      1776.79,
      1517.0700000000002,
      2041.68,
      1746.74,
      2022.49,
      1639.5,
      1454.7,
      1545.53,
      1045.94,
      1590.69,
      1465.44,
      1465.98,
      1714.5,
      1924.48,
      1634.24,
      1690.06,
      1276.01,
      1719.5900000000001,
      2094.6,
      1905.17,
      2048.29,
      1689.78,
      1673.4,
      2000.63,
      1714.45,
      1460.18,
      1864.1200000000001,
      1493.77,
      1358.49,
      1330.8899999999999,
      1371.94,
      1981.44,
      1629.42,
      1466.8200000000002,
      1657.54,
      1402.47,
      1948.8700000000001,
      1898.6200000000001,
      1000.26,
      1280.6399999999999,
      1519.05,
      1452.72,
      1874.23,
      1218.02,
      1921.08,
      2105.25,
      1909.8,
      1920.54,
      1344.99,
      1415.45,
      1622.8700000000001,
      1220.0,
      1450.07,
      1586.58,
      1469.38,
      1409.02,
      2146.3,
      1326.95,
      983.6,
      1501.04,
      1291.64,
      1827.04,
      1501.01,
      1907.8200000000002,
      1395.24,
      1321.69,
      1234.68,
      1526.3400000000001,
      1167.77,
      1551.29,
      1174.32,
      1443.52,
      1484.89,
      1495.75,
      1231.28,
      1419.13,
      1510.43,
      1096.19
    ],
    "stopping_reason": "time_limit",
    "operations": {
      "candidate_generation": 214755,
      "feasibility_check": 247,
      "weight_evaluation": 247
    }
  }
}