{
  "graph": "graph_n11_d50_adj_matrix",
  "algorithm": "greedy",
  "result": {
    "graph_name": "graph_n11_d50_adj_matrix",
    "algorithm": "greedy",
    "best_weight": 1602.76,
    "best_matching": [
      0,
      7,
      18,
      19,
      24
    ],
    "runtime": 2.0000220999991143,
    "candidates": 44,
    "improvements": 3,
    "duplicates": 194417,
    "infeasible": 0,
    "size_history": {
      "4": 24,
      "3": 12,
      "5": 7,
      "2": 1
    },
    "weight_history": [
      1496.1,
      1465.12,
      1519.52,
      1462.25,
      1497.9,
      1440.3,
      1432.74,
      1309.67,
      1349.71,
      1425.83,
      1368.58,
      1602.76,
      1589.98,
      1436.62,
      1518.21,
      1595.75,
      1570.3799999999999,
      1597.22,
      1544.75,
      1433.21,
      1433.0,
      1421.43,
      1447.75,
      1432.84,
      1410.79,
      1407.11,
      1413.5900000000001,
      1396.32,
      1302.37,
      1423.23,
      1361.28,
      1376.03,
      1390.45,
      1295.2,
      1220.53,
      1163.28,
      1256.95,
      1235.0,
      1231.32,
      1227.7,
      1227.16,
      1155.98,
      890.35,
      1174.44
    ],
    "stopping_reason": "time_limit",
    "operations": {
      "candidate_generation": 194461,
      "feasibility_check": 44,
      "weight_evaluation": 44
    }
  }
}