{
  "graph": "graph_n12_d75_adj_matrix",
  "algorithm": "random",
  "result": {
    "graph_name": "graph_n12_d75_adj_matrix",
    "algorithm": "random",
    "best_weight": 1797.71,
    "best_matching": [
      3,
      7,
      21,
      32,
      41,
      48
    ],
    "runtime": 2.0000357379994966,
    "candidates": 171,
    "improvements": 5,
    "duplicates": 150692,
    "infeasible": 0,
    "size_history": {
      "6": 29,
      "5": 26,
      "4": 11,
      "3": 21,
      "2": 35,
      "1": 49
    },
    "weight_history": [
      1280.28,
      1185.1,
      692.51,
      1027.34,
      1573.63,
      1532.09,
      1247.01,
      1683.42,
      1409.87,
      1466.47,
      1541.05,
      1633.55,
      1129.2,
      1270.45,
      1432.71,
      848.02,
      1540.12,
      1762.33,
      1713.52,
      1406.57,
      1227.08,
      1388.21,
      1663.66,
      1291.65,
      1564.92,
      663.89,
      1747.05,
      1612.65,
      1390.78,
      1417.83,
      894.21,
      1219.1,
      1797.71,
      1357.68,
      1320.95,
      1400.56,
      1039.41,
      1400.03,
      1772.29,
      1169.46,
      1263.1599999999999,
      1352.1,
      1091.38,
      1308.3,
      957.99,
      985.93,
      1378.3400000000001,
      1123.18,
      1262.89,
      1183.16,
      1495.45,
      1294.47,
      1241.01,
      1093.18,
      628.8399999999999,
      857.99,
      1510.49,
      1346.46,
      1049.71,
      1280.73,
      409.02,
      735.88,
      1050.8600000000001,
      728.84,
      953.74,
      977.03,
      1066.19,
      1071.08,
      771.24,
      812.4,
      756.1899999999999,
      1036.26,
      871.77,
      434.36,
      514.75,
      568.22,
      948.9300000000001,
      710.02,
      565.78,
      585.73,
      558.98,
      332.33,
      580.17,
      331.03,
      273.19,
      273.82,
      645.09,
      361.94,
      851.01,
      377.89,
      761.77,
      507.33000000000004,
      829.13,
      615.21,
      962.35,
      961.72,
      993.99,
      434.94,
      735.8299999999999,
      469.44,
      452.14,
      464.97,
      488.18,
      799.34,
      277.53,
      279.29,
      868.3599999999999,
      317.76,
      706.04,
      520.3000000000001,
      312.54,
      188.79,
      518.42,
      417.41,
      243.25,
      141.5,
      24.33,
      172.41,
      117.39,
      152.21,
      338.18,
      354.58,
      527.7,
      556.38,
      381.41,
      310.99,
      237.19,
      573.62,
      564.59,
      469.34000000000003,
      505.19,
      400.53999999999996,
      268.0,
      107.17,
      141.4,
      292.59,
      461.16,
      91.05,
      133.15,
      228.04,
      588.13,
      111.65,
      336.55,
      125.32,
      461.59,
      224.1,
      143.45,
      528.99,
      127.35,
      274.24,
      59.14,
      252.23,
      159.36,
      186.51,
      571.21,
      176.26,
      384.7,
      154.77,
      134.63,
      369.49,
      214.68,
      403.47,
      490.32,
      357.8,
      151.63,
      394.55,
      327.94,
      438.99,
      93.94,
      221.78,
      406.77
    ],
    "stopping_reason": "time_limit",
    "operations": {
      "candidate_generation": 150863,
      "feasibility_check": 171,
      "weight_evaluation": 171
    }
  }
}