{
  "graph": "graph_n15_d12.5_adj_matrix",
  "algorithm": "random",
  "result": {
    "graph_name": "graph_n15_d12.5_adj_matrix",
    "algorithm": "random",
    "best_weight": 1783.74,
    "best_matching": [
      2,
      3,
      6,
      7,
      8
    ],
    "runtime": 2.0000664569997753,
    "candidates": 78,
    "improvements": 3,
    "duplicates": 312340,
    "infeasible": 0,
    "size_history": {
      "5": 18,
      "4": 24,
      "3": 13,
      "2": 10,
      "1": 13
    },
    "weight_history": [
      1375.02,
      1098.6000000000001,
      1318.19,
      1768.44,
      1696.46,
      1294.8500000000001,
      1554.96,
      1189.19,
      1539.66,
      1212.89,
      877.13,
      1073.38,
      648.63,
      1173.9,
      1416.74,
      768.48,
      949.9300000000001,
      730.59,
      1204.49,
      895.7,
      1041.55,
      837.22,
      1783.74,
      1312.39,
      1654.74,
      786.02,
      1504.02,
      1236.27,
      1313.15,
      1240.1000000000001,
      1300.17,
      1275.24,
      1111.1000000000001,
      959.37,
      1077.19,
      1001.0,
      1217.73,
      1089.69,
      636.13,
      1363.97,
      832.38,
      1041.0900000000001,
      447.51,
      1092.49,
      872.0,
      900.49,
      656.69,
      887.3,
      743.97,
      1206.44,
      673.54,
      1018.6700000000001,
      578.57,
      965.48,
      760.0,
      588.74,
      368.01,
      702.44,
      567.0699999999999,
      666.9200000000001,
      407.29,
      248.45000000000002,
      603.02,
      661.53,
      516.25,
      406.46000000000004,
      199.06,
      107.9,
      334.43,
      239.01,
      140.55,
      317.19,
      349.73,
      462.47,
      286.34,
      298.56,
      57.56,
      70.01
    ],
    "stopping_reason": "time_limit",
    "operations": {
      "candidate_generation": 312418,
      "feasibility_check": 78,
      "weight_evaluation": 78
    }
  }
}