{
  "graph": "graph_n19_d75_adj_matrix",
  "algorithm": "greedy",
  "result": {
    "graph_name": "graph_n19_d75_adj_matrix",
    "algorithm": "greedy",
    "best_weight": 2872.74,
    "best_matching": [
      8,
      19,
      26,
      36,
      53,
      59,
      76,
      97,
      116
    ],
    "runtime": 0.03771032000076957,
    "candidates": 400,
    "improvements": 9,
    "duplicates": 506,
    "infeasible": 0,
    "size_history": {
      "9": 171,
      "8": 70,
      "7": 50,
      "6": 62,
      "5": 32,
      "4": 13,
      "3": 2
    },
    "weight_history": [
      2568.23,
      2666.9700000000003,
      2709.66,
      2630.37,
      2718.76,
      2707.91,
      2694.12,
      2741.0299999999997,
      2790.92,
      2725.08,
      2637.1,
      2648.99,
      2646.06,
      2645.87,
      2489.11,
      2529.43,
      2668.14,
      2639.37,
      2623.79,
      2664.34,
      2663.96,
      2702.81,
      2853.36,
      2614.83,
      2711.18,
      2761.86,
      2709.82,
      2688.91,
      2632.53,
      2705.7400000000002,
      2610.83,
      2684.06,
      2571.93,
      2738.33,
      2647.75,
      2808.82,
      2598.53,
      2652.96,
      2712.28,
      2755.13,
      2812.97,
      2826.94,
      2718.35,
      2716.39,
      2827.29,
      2613.98,
      2591.79,
      2606.62,
      2716.55,
      2648.8,
      2594.4,
      2796.26,
      2480.47,
      2676.62,
      2700.83,
      2739.59,
      2718.79,
      2688.21,
      2657.73,
      2609.77,
      2599.33,
      2846.63,
      2675.23,
      2692.37,
      2719.16,
      2697.05,
      2714.64,
      2694.28,
      2627.68,
      2734.3,
      2721.67,
      2735.79,
      2621.89,
      2722.59,
      2699.58,
      2673.36,
      2710.43,
      2567.95,
      2747.47,
      2790.7000000000003,
      2769.87,
      2763.0,
      2762.35,
      2608.9700000000003,
      2696.52,
      2671.0299999999997,
      2569.52,
      2658.13,
      2755.18,
      2623.4700000000003,
      2602.08,
      2768.22,
      2635.59,
      2669.89,
      2634.7400000000002,
      2670.05,
      2618.93,
      2549.09,
      2719.32,
      2849.25,
      2661.65,
      2690.32,
      2535.46,
      2831.09,
      2730.42,
      2676.09,
      2590.4,
      2593.02,
      2849.21,
      2585.06,
      2682.38,
      2683.92,
      2786.55,
      2673.69,
      2678.56,
      2737.11,
      2674.55,
      2758.27,
      2741.48,
      2705.58,
      2646.83,
      2700.64,
      2694.4700000000003,
      2713.7200000000003,
      2829.12,
      2673.85,
      2693.25,
      2721.28,
      2725.2,
      2820.77,
      2651.7400000000002,
      2746.85,
      2743.02,
      2670.44,
      2668.8,
      2698.7400000000002,
      2494.17,
      2769.73,
      2691.84,
      2617.89,
      2733.35,
      2850.34,
      2762.99,
      2715.36,
      2752.3,
      2665.09,
      2842.48,
      2728.01,
      2850.4700000000003,
      2723.69,
      2830.04,
      2649.98,
      2854.49,
      2656.49,
      2656.93,
      2714.11,
      2703.76,
      2631.88,
      2719.17,
      2625.25,
      2663.29,
      2572.9,
      2586.19,
      2703.2200000000003,
      2685.31,
      2717.52,
      2686.82,
      2781.92,
      2715.42,
      2559.01,
      2693.58,
      2541.96,
      2614.69,
      2618.7400000000002,
      2682.7,
      2740.74,
      2626.98,
      2565.52,
      2604.9,
      2603.68,
      2716.74,
      2710.63,
      2365.2799999999997,
      2679.45,
      2733.98,
      2642.44,
      2623.92,
      2668.5,
      2759.69,
      2671.07,
      2714.94,
      2676.36,
      2828.82,
      2707.38,
      2730.59,
      2660.4300000000003,
      2662.68,
      2564.21,
      2559.2,
      2698.33,
      2585.08,
      2707.96,
      2802.09,
      2675.9700000000003,
      2693.55,
      2781.24,
      2665.94,
      2671.86,
      2671.41,
      2749.44,
      2594.2400000000002,
      2631.31,
      2785.41,
      2681.4900000000002,
      2681.31,
      2681.48,
      2804.79,
      2712.59,
      2529.2400000000002,
      2689.06,
      2677.19,
      2745.57,
      2571.38,
      2728.63,
      2872.74,
      2661.94,
      2538.8,
      2587.33,
      2590.4,
      2696.7400000000002,
      2704.45,
      2321.01,
      2605.12,
      2553.89,
      2630.65,
      2711.27,
      2665.8,
      2655.34,
      2373.11,
      2566.53,
      2699.88,
      2579.6800000000003,
      2496.54,
      2508.06,
      2483.62,
      2279.29,
      2466.84,
      2462.75,
      2384.79,
      2485.79,
      2448.58,
      2373.0,
      2601.19,
      2271.38,
      2230.2200000000003,
      2228.91,
      2278.33,
      2318.34,
      2269.21,
      2295.61,
      2266.3,
      2250.76,
      2175.41,
      2311.61,
      2103.93,
      2105.89,
      1682.25,
      2083.62,
      2086.46,
      2044.74,
      2040.5,
      2056.04,
      2099.16,
      1730.05,
      2040.5900000000001,
      2315.52,
      2150.65,
      2276.23,
      2183.39,
      2301.56,
      2463.78,
      2358.22,
      2296.07,
      2212.2,
      2275.64,
      2377.65,
      2471.94,
      2514.04,
      2446.41,
      2463.19,
      2450.34,
      2443.39,
      2483.52,
      2480.59,
      2487.48,
      2378.98,
      2343.7400000000002,
      2249.19,
      2373.5,
      2260.69,
      2322.6,
      2486.46,
      2335.95,
      2164.5,
      2297.76,
      2304.49,
      2261.82,
      2296.74,
      2441.2200000000003,
      2560.64,
      2474.27,
      2453.85,
      2563.22,
      2485.31,
      2555.02,
      2580.46,
      2337.58,
      2482.38,
      2426.63,
      2273.0299999999997,
      2298.91,
      2181.35,
      2534.73,
      2294.4700000000003,
      2285.06,
      2238.13,
      2326.75,
      2261.79,
      2292.18,
      2296.19,
      2484.55,
      2533.58,
      2505.89,
      2340.38,
      2550.27,
      2504.5,
      2502.1,
      2501.33,
      2479.73,
      2520.52,
      2567.37,
      2258.86,
      2347.1800000000003,
      2381.02,
      2291.48,
      2158.56,
      2351.23,
      2286.92,
      2276.64,
      2269.54,
      2316.96,
      2168.57,
      2081.66,
      2030.97,
      1979.96,
      2097.2,
      2056.13,
      1705.85,
      2062.86,
      2004.67,
      1995.61,
      2038.31,
      2020.16,
      1732.29,
      1279.58,
      1713.34,
      1735.52,
      1676.56,
      1690.21,
      1718.59,
      1712.58,
      1339.46,
      1725.28,
      1692.4,
      2064.19,
      2002.69,
      2067.01,
      1968.9,
      2228.03,
      2023.1200000000001,
      2063.19,
      2053.85,
      1952.0500000000002,
      1933.66,
      2060.28,
      2546.12,
      2356.0299999999997,
      2250.7400000000002,
      2214.09,
      2161.71,
      2343.03,
      2167.5,
      2491.2799999999997,
      2369.45,
      2294.83,
      2236.91,
      2061.23,
      2020.0700000000002,
      1930.6299999999999,
      1716.0900000000001
    ],
    "stopping_reason": "max_candidates",
    "operations": {
      "candidate_generation": 906,
      "feasibility_check": 400,
      "weight_evaluation": 400
    }
  }
}