{
  "graph": "graph_n12_d50_adj_matrix",
  "algorithm": "greedy",
  "result": {
    "graph_name": "graph_n12_d50_adj_matrix",
    "algorithm": "greedy",
    "best_weight": 1793.22,
    "best_matching": [
      3,
      15,
      18,
      24,
      30
    ],
    "runtime": 2.0000226510001085,
    "candidates": 59,
    "improvements": 3,
    "duplicates": 168787,
    "infeasible": 0,
    "size_history": {
      "5": 9,
      "4": 12,
      "3": 22,
      "2": 14,
      "1": 2
    },
    "weight_history": [
      1507.9099999999999,
      1700.21,
      1417.3899999999999,
      1610.16,
      1690.97,
      1534.44,
      1429.22,
      1793.22,
      1518.74,
      1546.27,
      1689.91,
      1602.08,
      1457.95,
      1649.77,
      1273.94,
      1556.76,
      1466.71,
      1407.09,
      1401.29,
      1563.62,
      1354.64,
      1314.5,
      1271.03,
      1228.35,
      1291.97,
      1285.77,
      1265.53,
      1224.97,
      913.23,
      1223.3400000000001,
      1236.8,
      1232.3600000000001,
      1221.49,
      907.73,
      935.76,
      897.0899999999999,
      874.56,
      879.0,
      886.79,
      868.3599999999999,
      819.39,
      867.1700000000001,
      528.99,
      848.12,
      1203.72,
      1214.73,
      1215.55,
      1205.82,
      1244.28,
      1380.56,
      1195.1100000000001,
      1206.94,
      1235.27,
      1186.3,
      1235.67,
      865.54,
      490.32,
      856.9300000000001,
      828.5
    ],
    "stopping_reason": "time_limit",
    "operations": {
      "candidate_generation": 168846,
      "feasibility_check": 59,
      "weight_evaluation": 59
    }
  }
}