{
  "graph": "graph_n11_d75_adj_matrix",
  "algorithm": "greedy",
  "result": {
    "graph_name": "graph_n11_d75_adj_matrix",
    "algorithm": "greedy",
    "best_weight": 1732.1200000000001,
    "best_matching": [
      0,
      13,
      22,
      29,
      36
    ],
    "runtime": 2.0000354229996447,
    "candidates": 132,
    "improvements": 5,
    "duplicates": 127024,
    "infeasible": 0,
    "size_history": {
      "5": 75,
      "4": 50,
      "3": 7
    },
    "weight_history": [
      1654.91,
      1686.16,
      1700.76,
      1653.61,
      1690.34,
      1671.6,
      1712.29,
      1668.8400000000001,
      1694.94,
      1686.2,
      1707.69,
      1556.93,
      1515.97,
      1517.27,
      1347.35,
      1483.17,
      1501.41,
      1552.33,
      1563.1200000000001,
      1482.58,
      1548.56,
      1628.11,
      1639.05,
      1620.81,
      1675.26,
      1732.1200000000001,
      1626.08,
      1649.24,
      1522.54,
      1535.85,
      1590.54,
      1648.46,
      1600.8700000000001,
      1542.3700000000001,
      1537.77,
      1548.52,
      1480.81,
      1472.4,
      1488.67,
      1443.88,
      1493.27,
      1533.96,
      1313.25,
      1431.34,
      1660.18,
      1660.66,
      1534.22,
      1727.52,
      1603.97,
      1610.04,
      1588.27,
      1652.5,
      1636.64,
      1679.15,
      1667.69,
      1474.17,
      1313.48,
      1488.44,
      1449.0,
      1445.9,
      1463.56,
      1439.84,
      1491.32,
      1318.08,
      1485.3600000000001,
      1398.21,
      1581.3700000000001,
      1672.29,
      1609.98,
      1627.33,
      1698.3500000000001,
      1618.82,
      1577.96,
      1675.78,
      1651.2,
      1543.3899999999999,
      1615.14,
      1277.12,
      1455.46,
      1471.97,
      1486.72,
      1457.41,
      1454.67,
      1470.13,
      1324.27,
      1493.05,
      1450.63,
      1472.16,
      1607.77,
      1612.06,
      1680.38,
      1601.2,
      1580.12,
      1596.83,
      1582.3,
      1577.33,
      1613.8,
      1586.6399999999999,
      1459.29,
      1453.07,
      1473.85,
      1478.49,
      1451.26,
      1478.54,
      1484.99,
      1224.71,
      1452.9,
      1407.52,
      1476.76,
      1459.5,
      1634.48,
      1609.76,
      1694.31,
      1683.79,
      1675.11,
      1622.99,
      1621.69,
      1657.77,
      1662.82,
      1452.47,
      1569.87,
      1575.7,
      1664.59,
      1682.02,
      1634.87,
      1656.0,
      1603.19,
      1493.0,
      1502.18,
      1649.6399999999999,
      1686.85,
      1595.42
    ],
    "stopping_reason": "time_limit",
    "operations": {
      "candidate_generation": 127156,
      "feasibility_check": 132,
      "weight_evaluation": 132
    }
  }
}