{
  "graph": "graph_n14_d50_adj_matrix",
  "algorithm": "random",
  "result": {
    "graph_name": "graph_n14_d50_adj_matrix",
    "algorithm": "random",
    "best_weight": 2347.58,
    "best_matching": [
      4,
      7,
      13,
      19,
      24,
      32,
      43
    ],
    "runtime": 0.006874976001199684,
    "candidates": 400,
    "improvements": 5,
    "duplicates": 4,
    "infeasible": 0,
    "size_history": {
      "7": 36,
      "6": 117,
      "5": 117,
      "4": 94,
      "3": 22,
      "2": 13,
      "1": 1
    },
    "weight_history": [
      1821.83,
      1883.41,
      1500.43,
      1711.79,
      1465.02,
      1691.69,
      1816.5,
      1486.17,
      1681.4,
      1440.84,
      1718.95,
      1802.49,
      1655.8,
      2205.28,
      1444.76,
      1684.88,
      1403.72,
      2137.43,
      1750.48,
      2000.72,
      1777.98,
      1997.78,
      1726.18,
      1814.46,
      1277.26,
      1426.23,
      1875.2,
      1999.26,
      1960.72,
      1772.26,
      1861.45,
      1826.01,
      1575.47,
      1802.5,
      1772.79,
      1565.49,
      2180.61,
      1361.59,
      1853.2,
      1839.39,
      1752.38,
      2196.22,
      1789.01,
      1611.46,
      1750.15,
      1829.96,
      1257.51,
      1997.48,
      1812.1100000000001,
      1596.33,
      1533.36,
      1614.22,
      1888.45,
      1603.42,
      1601.81,
      1414.56,
      1302.56,
      1827.98,
      1507.13,
      1616.85,
      1915.0800000000002,
      1826.6399999999999,
      1803.96,
      1840.53,
      1697.69,
      1732.94,
      1719.6299999999999,
      1669.97,
      1970.12,
      2068.3,
      1942.57,
      1775.52,
      1541.04,
      2268.05,
      1532.99,
      1914.59,
      1950.19,
      1513.42,
      1313.69,
      1855.96,
      1594.76,
      1515.6,
      1696.47,
      1372.84,
      1456.28,
      2027.7,
      1853.37,
      2347.58,
      2066.46,
      2251.29,
      1631.69,
      1649.16,
      2092.7599999999998,
      1707.96,
      2136.0,
      1722.21,
      1738.6100000000001,
      1897.85,
      1728.1,
      1405.85,
      1654.65,
      1510.55,
      1895.56,
      1964.51,
      1727.1,
      1198.04,
      1852.5900000000001,
      1498.88,
      1694.83,
      1499.54,
      1189.03,
      1672.53,
      1250.3600000000001,
      1333.96,
      1783.97,
      1378.32,
      1765.27,
      1919.94,
      1114.15,
      1926.7199999999998,
      1790.82,
      883.03,
      1246.46,
      1341.95,
      1077.72,
      677.0,
      1012.54,
      1088.21,
      1518.8500000000001,
      1076.5900000000001,
      1043.29,
      1575.31,
      1345.57,
      1295.71,
      1698.42,
      1412.56,
      1311.93,
      1045.38,
      1522.43,
      1465.48,
      1794.27,
      1190.7,
      1501.8,
      1019.58,
      1063.58,
      1021.72,
      1290.15,
      1305.91,
      1145.16,
      1585.06,
      1381.56,
      1222.31,
      1511.77,
      1034.34,
      1773.19,
      1462.17,
      1468.19,
      1093.1299999999999,
      1666.74,
      1472.8500000000001,
      1515.34,
      1873.7,
      1370.65,
      1318.51,
      1445.63,
      1194.75,
      1157.16,
      966.07,
      948.14,
      1128.51,
      1275.6999999999998,
      1077.91,
      1051.47,
      1191.08,
      838.56,
      1306.93,
      1362.91,
      1350.68,
      1460.36,
      1180.15,
      1670.54,
      1522.43,
      1838.68,
      1530.18,
      1055.6,
      1114.35,
      1323.6,
      1266.11,
      1343.77,
      1655.9,
      1167.07,
      751.94,
      1101.54,
      1109.43,
      1256.97,
      1127.71,
      1126.8200000000002,
      1087.31,
      1318.8899999999999,
      1573.63,
      1613.06,
      1169.65,
      1333.12,
      1094.47,
      1626.7,
      1393.45,
      1322.24,
      1356.24,
      1345.7,
      1171.74,
      1304.83,
      1777.26,
      1267.17,
      1092.1200000000001,
      1202.3400000000001,
      981.8,
      1391.35,
      1452.66,
      1415.42,
      821.24,
      1355.45,
      1410.3300000000002,
      1539.44,
      1395.1100000000001,
      1508.8999999999999,
      1829.49,
      1251.98,
      1201.43,
      1251.33,
      1650.34,
      1372.07,
      855.3,
      1297.3400000000001,
      1133.33,
      1296.35,
      864.25,
      968.1999999999999,
      1270.99,
      884.88,
      1192.31,
      1004.87,
      1132.14,
      824.21,
      605.66,
      947.41,
      503.83,
      859.95,
      812.3299999999999,
      878.3199999999999,
      1239.75,
      890.97,
      904.77,
      572.39,
      759.2,
      542.03,
      619.67,
      650.03,
      389.81,
      777.23,
      435.8,
      730.69,
      690.98,
      722.3399999999999,
      517.5,
      858.76,
      941.6999999999999,
      728.72,
      1054.98,
      831.91,
      1151.76,
      541.78,
      936.72,
      1004.46,
      222.4,
      970.47,
      1318.22,
      1444.81,
      1121.81,
      1106.57,
      1222.67,
      1678.0,
      1203.15,
      985.19,
      1122.0,
      1157.27,
      1330.68,
      1645.58,
      1898.26,
      1615.01,
      1578.28,
      1493.25,
      1356.2,
      1583.83,
      1726.24,
      1911.6399999999999,
      1156.32,
      1399.44,
      1187.41,
      1437.16,
      1316.33,
      900.5799999999999,
      971.84,
      1097.29,
      914.45,
      689.38,
      965.64,
      1159.36,
      881.6,
      1671.53,
      1746.8300000000002,
      1075.2,
      843.18,
      1126.49,
      1394.53,
      1350.45,
      1458.0,
      1355.86,
      1593.9,
      1544.72,
      1292.29,
      1315.7,
      1090.86,
      1135.54,
      1339.26,
      1272.6599999999999,
      1294.65,
      1215.09,
      1194.99,
      1233.99,
      1449.54,
      1636.57,
      1687.71,
      1674.99,
      1178.49,
      1176.89,
      1236.32,
      1234.51,
      1763.05,
      1006.1,
      1188.91,
      1365.41,
      1829.52,
      1617.67,
      905.6,
      1941.13,
      1619.03,
      1808.06,
      2028.52,
      2028.29,
      1388.98,
      1626.76,
      1829.08,
      1214.57,
      1829.1200000000001,
      1332.44,
      1256.1299999999999,
      1303.17,
      1206.63,
      1054.84,
      1308.76,
      1190.54,
      1271.91,
      1318.72,
      1866.04,
      1728.8899999999999,
      1319.99,
      1423.53,
      1765.36,
      1430.92,
      1603.67,
      1719.38,
      1715.24,
      1385.31,
      1548.51,
      1674.35,
      1966.68,
      1734.8600000000001,
      1168.94,
      1301.23,
      1956.1399999999999,
      1815.32,
      1562.8,
      1704.97,
      2048.5,
      1814.06,
      1747.7,
      1716.97,
      1899.73,
      1813.77,
      1953.27,
      1820.33,
      1958.04,
      2189.22,
      1613.94,
      1227.66,
      1821.48,
      1636.45,
      1789.89,
      1933.8200000000002,
      1512.23
    ],
    "stopping_reason": "max_candidates",
    "operations": {
      "candidate_generation": 404,
      "feasibility_check": 400,
      "weight_evaluation": 400
    }
  }
}