{
  "graph": "graph_n20_d12.5_adj_matrix",
  "algorithm": "random",
  "result": {
    "graph_name": "graph_n20_d12.5_adj_matrix",
    "algorithm": "random",
    "best_weight": 1494.16,
    "best_matching": [
      8,
      10,
      18,
      20,
      21
    ],
    "runtime": 2.0000211890001083,
    "candidates": 67,
    "improvements": 2,
    "duplicates": 228201,
    "infeasible": 0,
    "size_history": {
      "6": 1,
      "5": 11,
      "4": 9,
      "3": 11,
      "2": 12,
      "1": 23
    },
    "weight_history": [
      976.0600000000001,
      1494.16,
      1288.73,
      1326.91,
      790.38,
      1256.27,
      1353.07,
      944.56,
      1278.97,
      1127.87,
      1227.65,
      906.11,
      363.38,
      801.3000000000001,
      675.72,
      999.09,
      847.6300000000001,
      1040.3899999999999,
      1023.44,
      728.0400000000001,
      983.95,
      1124.98,
      824.89,
      854.6800000000001,
      772.37,
      699.8100000000001,
      498.46000000000004,
      931.01,
      452.97999999999996,
      787.09,
      332.7,
      850.21,
      770.28,
      332.77,
      478.19,
      277.91,
      548.3399999999999,
      487.78000000000003,
      391.65,
      299.90999999999997,
      444.07,
      273.23,
      281.08000000000004,
      384.12,
      256.81,
      315.69,
      45.4,
      250.59,
      187.76,
      439.36,
      317.4,
      227.86,
      229.58,
      129.87,
      112.15,
      161.45,
      75.96,
      323.79,
      163.99,
      144.59,
      308.16,
      168.93,
      285.24,
      314.2,
      334.34,
      197.27,
      291.53
    ],
    "stopping_reason": "time_limit",
    "operations": {
      "candidate_generation": 228268,
      "feasibility_check": 67,
      "weight_evaluation": 67
    }
  }
}