{
  "graph": "graph_n16_d50_adj_matrix",
  "algorithm": "greedy",
  "result": {
    "graph_name": "graph_n16_d50_adj_matrix",
    "algorithm": "greedy",
    "best_weight": 2924.71,
    "best_matching": [
      3,
      12,
      18,
      21,
      29,
      45,
      54,
      59
    ],
    "runtime": 2.000060886999563,
    "candidates": 396,
    "improvements": 3,
    "duplicates": 112621,
    "infeasible": 0,
    "size_history": {
      "8": 25,
      "7": 76,
      "6": 107,
      "5": 95,
      "4": 46,
      "3": 21,
      "2": 15,
      "1": 11
    },
    "weight_history": [
      2630.2400000000002,
      2542.96,
      2766.97,
      2924.71,
      2604.64,
      2464.34,
      2749.34,
      2700.36,
      2694.4,
      2697.3,
      2856.04,
      2637.46,
      2823.57,
      2469.64,
      2371.17,
      2754.9,
      2683.01,
      2420.33,
      2501.34,
      2729.3,
      2436.96,
      2536.32,
      2830.44,
      2720.0,
      2628.08,
      2622.14,
      2678.68,
      2662.48,
      2899.11,
      2632.03,
      2725.96,
      2400.07,
      2493.9300000000003,
      2594.48,
      2606.43,
      2499.9900000000002,
      2546.88,
      2622.05,
      2606.45,
      2561.77,
      2665.83,
      2614.52,
      2624.13,
      2574.92,
      2338.25,
      2525.93,
      2352.37,
      2520.15,
      2506.85,
      2501.78,
      2306.71,
      2476.18,
      2366.83,
      2494.55,
      2334.09,
      2209.21,
      2120.14,
      2077.74,
      2203.43,
      2211.82,
      2045.08,
      2095.99,
      2206.04,
      1717.51,
      2156.57,
      2046.67,
      1858.75,
      1864.53,
      1840.38,
      1741.66,
      1400.17,
      1724.41,
      1730.31,
      1789.8600000000001,
      1727.7,
      1737.07,
      1747.46,
      2339.39,
      2157.1,
      2040.49,
      2031.76,
      2066.02,
      2189.0299999999997,
      2054.81,
      2500.33,
      2061.57,
      2064.8,
      2048.27,
      2436.86,
      2364.9900000000002,
      2353.33,
      2071.8,
      2385.55,
      2389.76,
      2329.78,
      2358.9300000000003,
      2271.71,
      2321.8,
      2029.59,
      2088.95,
      2013.42,
      2027.6,
      2187.67,
      2181.25,
      2069.96,
      2341.2400000000002,
      2023.88,
      2034.18,
      2185.06,
      2035.65,
      2365.61,
      2419.23,
      2505.75,
      2298.93,
      2374.87,
      2344.32,
      2315.38,
      2360.49,
      2392.37,
      2335.18,
      2379.77,
      1941.43,
      2162.35,
      2042.21,
      2047.79,
      2038.28,
      1690.21,
      2033.38,
      2038.52,
      2175.4700000000003,
      2003.52,
      2053.79,
      2357.21,
      2648.2,
      2288.52,
      2369.09,
      2388.16,
      2434.94,
      2326.31,
      2350.1,
      2035.97,
      2307.94,
      2331.61,
      2670.91,
      2672.51,
      2712.66,
      2797.9700000000003,
      2509.46,
      2585.92,
      2717.54,
      2564.15,
      2589.75,
      2370.96,
      2526.94,
      2043.1,
      2357.41,
      2330.55,
      2304.7,
      2355.0,
      2316.84,
      2360.78,
      2525.33,
      2369.44,
      2395.08,
      2324.5,
      2044.06,
      2106.58,
      2024.52,
      2410.79,
      2086.34,
      2054.69,
      1955.35,
      2023.62,
      2047.65,
      1980.45,
      2044.8200000000002,
      2367.88,
      2335.27,
      2400.95,
      2305.63,
      2257.2400000000002,
      2327.94,
      2474.39,
      2439.03,
      2403.25,
      2361.4,
      2341.7,
      2012.72,
      2050.88,
      2044.42,
      2045.81,
      2022.15,
      2001.41,
      2063.41,
      2071.94,
      2069.19,
      2396.3,
      2028.27,
      2352.17,
      2354.69,
      2412.71,
      2377.48,
      2486.85,
      2021.89,
      2382.38,
      2391.32,
      2258.26,
      2313.58,
      2325.51,
      2520.42,
      2345.95,
      2681.41,
      2553.47,
      2421.48,
      2583.01,
      2603.84,
      2458.55,
      2485.25,
      2495.2400000000002,
      2472.6,
      2518.39,
      2661.29,
      2788.67,
      2483.57,
      2610.25,
      2602.48,
      2511.89,
      2739.3,
      2868.67,
      2561.26,
      2800.0,
      2613.45,
      2621.0,
      2683.19,
      2498.13,
      2647.7400000000002,
      2632.82,
      2427.45,
      2544.97,
      2523.85,
      2618.94,
      2609.05,
      2300.86,
      2284.26,
      2322.71,
      2619.06,
      2292.69,
      2410.0,
      2305.8,
      2321.3,
      2350.95,
      2375.1,
      2392.03,
      2435.86,
      2546.57,
      2491.65,
      2523.77,
      2450.35,
      2579.07,
      2501.42,
      2615.53,
      2701.98,
      2531.04,
      2645.9700000000003,
      2365.37,
      2319.1,
      2553.8,
      2381.79,
      2328.2200000000003,
      2487.86,
      2313.45,
      2364.01,
      2326.84,
      2062.19,
      2459.9900000000002,
      2038.64,
      2049.01,
      2035.99,
      2015.67,
      2018.06,
      1724.51,
      2029.28,
      2045.04,
      2030.19,
      1894.88,
      2039.3899999999999,
      1588.85,
      1418.08,
      1739.68,
      1724.53,
      1715.53,
      1744.85,
      1716.89,
      1684.47,
      1422.52,
      1680.8400000000001,
      1718.73,
      1989.27,
      2138.2,
      2016.1,
      1988.91,
      1797.81,
      2020.49,
      2018.8899999999999,
      2040.89,
      2024.24,
      2025.3400000000001,
      2028.19,
      2639.6800000000003,
      2315.52,
      2319.09,
      2341.94,
      2350.7200000000003,
      2340.6,
      2264.93,
      2358.61,
      2308.41,
      2327.05,
      2271.96,
      2018.82,
      2027.13,
      1991.52,
      1721.8,
      2162.17,
      2029.64,
      1980.8400000000001,
      1991.42,
      2082.4300000000003,
      2005.44,
      1730.45,
      1705.37,
      1698.87,
      1699.31,
      1683.25,
      1672.55,
      1688.22,
      1765.71,
      1698.52,
      1675.16,
      1722.67,
      1712.92,
      1377.12,
      1412.3,
      923.01,
      1354.19,
      1371.97,
      1392.3899999999999,
      1359.97,
      1368.24,
      1377.75,
      976.0699999999999,
      1375.24,
      1700.26,
      1699.74,
      1792.03,
      1697.65,
      1773.66,
      2004.9,
      1721.92,
      1707.4,
      1704.65,
      1697.99,
      1707.26,
      1398.37,
      945.94,
      1301.52,
      1352.97,
      1351.3600000000001,
      1383.02,
      1353.6,
      1377.24,
      930.6700000000001,
      1369.8,
      1345.58,
      913.52,
      905.61,
      909.0799999999999,
      925.52,
      446.45,
      935.74,
      917.96,
      905.5699999999999,
      941.01,
      923.35,
      907.74,
      459.16,
      471.51,
      486.78,
      489.29,
      454.23,
      436.23,
      442.01,
      933.23,
      434.06,
      422.3,
      420.06
    ],
    "stopping_reason": "time_limit",
    "operations": {
      "candidate_generation": 113017,
      "feasibility_check": 396,
      "weight_evaluation": 396
    }
  }
}