{
  "graph": "graph_n19_d25_adj_matrix",
  "algorithm": "greedy",
  "result": {
    "graph_name": "graph_n19_d25_adj_matrix",
    "algorithm": "greedy",
    "best_weight": 2765.51,
    "best_matching": [
      0,
      9,
      13,
      15,
      18,
      22,
      23,
      38,
      40
    ],
    "runtime": 2.000055431999499,
    "candidates": 307,
    "improvements": 7,
    "duplicates": 131747,
    "infeasible": 0,
    "size_history": {
      "8": 74,
      "7": 21,
      "9": 24,
      "6": 26,
      "5": 53,
      "4": 58,
      "3": 35,
      "2": 15,
      "1": 1
    },
    "weight_history": [
      2475.51,
      2559.7,
      2629.02,
      2505.42,
      2593.17,
      2419.9,
      2646.87,
      2466.91,
      2255.64,
      2436.1,
      2678.11,
      2270.77,
      2504.84,
      2506.63,
      2576.09,
      2251.6,
      2463.58,
      2436.41,
      2256.52,
      2366.37,
      2475.39,
      2297.31,
      2677.1,
      2444.27,
      2456.02,
      2542.75,
      2432.34,
      2627.6,
      2454.33,
      2523.27,
      2283.05,
      2511.51,
      2212.06,
      2268.8,
      2556.61,
      2439.2000000000003,
      2435.83,
      2437.62,
      2267.92,
      2492.11,
      2663.65,
      2405.83,
      2612.4700000000003,
      2649.4,
      2560.01,
      2214.04,
      2383.4700000000003,
      2392.39,
      2440.08,
      2736.94,
      2508.89,
      2199.78,
      2314.46,
      2613.35,
      2728.02,
      2387.01,
      2680.57,
      2269.45,
      2734.27,
      2432.68,
      2389.0,
      2393.9,
      2439.57,
      2352.02,
      2397.94,
      2435.16,
      2380.11,
      2180.61,
      2647.1,
      2503.83,
      2369.87,
      2371.19,
      2439.46,
      2545.19,
      2425.21,
      2305.5,
      2380.23,
      2417.6,
      2198.46,
      2461.21,
      2588.88,
      2632.75,
      2716.42,
      2495.85,
      2444.4900000000002,
      2385.32,
      2409.87,
      2526.7400000000002,
      2765.51,
      2475.73,
      2423.4300000000003,
      2420.86,
      2352.57,
      2700.75,
      2366.15,
      2489.59,
      2294.0,
      2143.05,
      2598.12,
      2520.4900000000002,
      2565.91,
      2487.29,
      2528.8,
      2501.54,
      2608.43,
      2421.4900000000002,
      2350.8900000000003,
      2353.69,
      2647.21,
      2467.9300000000003,
      2313.4,
      2470.58,
      2259.38,
      2516.0,
      2352.17,
      2342.73,
      2313.28,
      2344.52,
      2397.59,
      2095.62,
      2323.37,
      2254.46,
      2303.55,
      2308.4700000000003,
      2272.31,
      2161.26,
      2185.14,
      2135.2000000000003,
      2190.06,
      2163.05,
      2190.37,
      2277.23,
      1951.64,
      2131.93,
      1948.81,
      1997.06,
      1919.48,
      1947.97,
      1946.72,
      1953.73,
      1959.0,
      1963.92,
      1888.24,
      2131.81,
      2100.69,
      2159.17,
      2115.84,
      1820.08,
      2237.91,
      2253.04,
      2130.28,
      2096.5,
      2108.66,
      2107.34,
      1876.76,
      1858.76,
      1965.82,
      1924.4,
      1893.16,
      1850.0,
      1934.5900000000001,
      1612.99,
      1881.68,
      1940.42,
      1935.5,
      1604.51,
      1640.23,
      1629.01,
      1642.3200000000002,
      1581.75,
      1623.18,
      1570.27,
      1652.51,
      1591.94,
      1511.1100000000001,
      1249.77,
      1879.16,
      1898.2800000000002,
      1896.21,
      1807.28,
      1888.0900000000001,
      1832.3600000000001,
      2110.75,
      1884.72,
      1889.99,
      1886.0,
      1826.25,
      1504.63,
      1520.95,
      1259.96,
      1573.27,
      1576.68,
      1573.31,
      1542.06,
      1547.35,
      1560.32,
      1266.35,
      1583.5,
      1853.8400000000001,
      1908.49,
      1827.44,
      1877.04,
      1894.8899999999999,
      1586.8700000000001,
      1818.76,
      1926.13,
      1931.42,
      1865.5,
      1868.97,
      1500.92,
      1247.68,
      1556.35,
      1557.54,
      1571.39,
      1574.5900000000001,
      1581.58,
      1508.67,
      1256.16,
      1563.37,
      1538.59,
      1898.3000000000002,
      1903.35,
      1883.17,
      1800.91,
      2185.45,
      1894.91,
      1879.8000000000002,
      1795.99,
      1929.67,
      1811.12,
      1815.16,
      1255.13,
      1561.62,
      1558.08,
      1571.22,
      1500.53,
      1488.25,
      1551.43,
      1230.63,
      1569.3,
      1521.01,
      1505.45,
      1220.44,
      1244.94,
      1236.46,
      873.8,
      1215.45,
      1190.95,
      1189.2,
      1203.49,
      1192.27,
      1200.71,
      862.5799999999999,
      1493.17,
      1510.82,
      1507.35,
      1552.25,
      1566.54,
      1507.67,
      1884.99,
      1497.45,
      1495.87,
      1577.76,
      1448.9,
      1197.3400000000001,
      1190.52,
      823.22,
      1177.72,
      1215.77,
      1187.15,
      1181.76,
      1178.67,
      1203.17,
      852.39,
      1179.3,
      863.61,
      812.71,
      829.61,
      829.29,
      810.94,
      437.06,
      822.9000000000001,
      818.39,
      793.89,
      799.72,
      819.1,
      1205.26,
      807.88,
      1123.57,
      1189.49,
      1167.77,
      1170.54,
      1194.04,
      1180.76,
      1133.47,
      1199.3899999999999,
      1186.44,
      1489.5,
      1522.33,
      1512.14,
      1567.5700000000002,
      1845.08,
      1476.12,
      1499.34,
      1490.71,
      1491.62,
      1471.2
    ],
    "stopping_reason": "time_limit",
    "operations": {
      "candidate_generation": 132054,
      "feasibility_check": 307,
      "weight_evaluation": 307
    }
  }
}