{
  "graph": "graph_n12_d50_adj_matrix",
  "algorithm": "local",
  "result": {
    "graph_name": "graph_n12_d50_adj_matrix",
    "algorithm": "local",
    "best_weight": 1974.08,
    "best_matching": [
      3,
      12,
      15,
      17,
      18,
      30
    ],
    "runtime": 2.0018990349999513,
    "candidates": 57,
    "improvements": 3,
    "duplicates": 766,
    "infeasible": 0,
    "size_history": {
      "6": 26,
      "5": 31
    },
    "weight_history": [
      1962.74,
      1964.84,
      1745.94,
      1798.8000000000002,
      1830.63,
      1974.08,
      1777.1200000000001,
      1791.02,
      1809.54,
      1837.49,
      1752.46,
      1762.1100000000001,
      1793.22,
      1801.56,
      1970.23,
      1758.54,
      1771.23,
      1799.13,
      1754.8600000000001,
      1835.39,
      1797.38,
      1795.1200000000001,
      1691.26,
      1781.78,
      1741.72,
      1826.78,
      1675.16,
      1736.92,
      1781.19,
      1748.33,
      1705.1200000000001,
      1744.48,
      1721.16,
      1782.94,
      1797.71,
      1769.13,
      1761.42,
      1754.21,
      1729.43,
      1736.72,
      1706.17,
      1688.8700000000001,
      1703.08,
      1690.97,
      1654.43,
      1700.21,
      1747.52,
      1769.28,
      1739.6200000000001,
      1696.3600000000001,
      1722.8200000000002,
      1713.73,
      1701.47,
      1675.27,
      1741.46,
      1673.64,
      1710.14
    ],
    "stopping_reason": "time_limit",
    "operations": {
      "candidate_generation": 823,
      "feasibility_check": 57,
      "weight_evaluation": 57
    }
  }
}