{
  "graph": "graph_n9_d75_adj_matrix",
  "algorithm": "local",
  "result": {
    "graph_name": "graph_n9_d75_adj_matrix",
    "algorithm": "local",
    "best_weight": 1193.28,
    "best_matching": [
      3,
      7,
      14,
      19
    ],
    "runtime": 2.0009321449997515,
    "candidates": 20,
    "improvements": 1,
    "duplicates": 1093,
    "infeasible": 0,
    "size_history": {
      "4": 10,
      "3": 9,
      "2": 1
    },
    "weight_history": [
      1193.28,
      1156.3799999999999,
      1182.37,
      1180.66,
      1193.19,
      1119.42,
      1145.8,
      1063.27,
      1136.08,
      1125.1100000000001,
      1135.23,
      990.03,
      1016.41,
      1006.69,
      838.3199999999999,
      1005.84,
      1015.1899999999999,
      995.1,
      1015.0999999999999,
      994.62
    ],
    "stopping_reason": "time_limit",
    "operations": {
      "candidate_generation": 1113,
      "feasibility_check": 20,
      "weight_evaluation": 20
    }
  }
}