{
  "graph": "graph_n12_d50_adj_matrix",
  "algorithm": "greedy",
  "result": {
    "graph_name": "graph_n12_d50_adj_matrix",
    "algorithm": "greedy",
    "best_weight": 1970.23,
    "best_matching": [
      3,
      7,
      17,
      18,
      30,
      32
    ],
    "runtime": 2.00002927100104,
    "candidates": 74,
    "improvements": 6,
    "duplicates": 148054,
    "infeasible": 0,
    "size_history": {
      "5": 31,
      "4": 23,
      "6": 7,
      "3": 12,
      "2": 1
    },
    "weight_history": [
      1690.97,
      1417.3899999999999,
      1594.06,
      1534.44,
      1610.16,
      1688.8700000000001,
      1507.9099999999999,
      1418.92,
      1429.22,
      1793.22,
      1700.21,
      1517.15,
      1801.56,
      1546.27,
      1729.43,
      1696.3600000000001,
      1675.27,
      1797.71,
      1777.1200000000001,
      1618.5,
      1673.17,
      1492.21,
      1689.91,
      1700.7,
      1518.74,
      1686.06,
      1736.92,
      1506.85,
      1466.71,
      1530.57,
      1620.72,
      1685.0,
      1708.19,
      1407.09,
      1457.95,
      1232.3600000000001,
      1563.62,
      1556.76,
      1649.77,
      1380.56,
      1552.91,
      1441.85,
      1314.5,
      1364.94,
      1273.94,
      1271.03,
      1291.97,
      1223.3400000000001,
      1228.35,
      935.76,
      1285.77,
      1205.82,
      1221.49,
      1265.53,
      1224.97,
      1401.29,
      1618.97,
      1561.52,
      1413.12,
      1602.08,
      1354.64,
      1593.47,
      1373.7,
      1573.35,
      1355.7,
      1564.74,
      1697.89,
      1675.16,
      1713.73,
      1691.26,
      1809.54,
      1962.74,
      1795.1200000000001,
      1970.23
    ],
    "stopping_reason": "time_limit",
    "operations": {
      "candidate_generation": 148128,
      "feasibility_check": 74,
      "weight_evaluation": 74
    }
  }
}