{
  "graph": "graph_n11_d75_adj_matrix",
  "algorithm": "greedy",
  "result": {
    "graph_name": "graph_n11_d75_adj_matrix",
    "algorithm": "greedy",
    "best_weight": 1732.1200000000001,
    "best_matching": [
      0,
      13,
      22,
      29,
      36
    ],
    "runtime": 2.0000378730001103,
    "candidates": 88,
    "improvements": 4,
    "duplicates": 121411,
    "infeasible": 0,
    "size_history": {
      "5": 72,
      "4": 15,
      "3": 1
    },
    "weight_history": [
      1700.76,
      1686.2,
      1654.91,
      1653.61,
      1690.34,
      1628.11,
      1686.16,
      1552.33,
      1694.94,
      1620.81,
      1707.69,
      1727.52,
      1712.29,
      1652.5,
      1517.27,
      1639.05,
      1535.85,
      1648.46,
      1675.26,
      1609.98,
      1618.82,
      1515.97,
      1501.41,
      1537.77,
      1522.54,
      1483.17,
      1542.3700000000001,
      1548.56,
      1309.67,
      1563.1200000000001,
      1548.52,
      1398.21,
      1493.27,
      1657.77,
      1660.18,
      1556.93,
      1660.66,
      1671.6,
      1651.2,
      1672.29,
      1679.15,
      1610.04,
      1533.96,
      1649.24,
      1615.14,
      1732.1200000000001,
      1626.08,
      1502.18,
      1600.8700000000001,
      1612.06,
      1634.87,
      1581.3700000000001,
      1543.3899999999999,
      1588.27,
      1577.96,
      1698.3500000000001,
      1601.2,
      1504.71,
      1627.33,
      1607.77,
      1586.6399999999999,
      1656.0,
      1667.69,
      1609.76,
      1682.02,
      1675.78,
      1590.54,
      1636.64,
      1613.8,
      1683.79,
      1694.31,
      1622.99,
      1534.22,
      1580.12,
      1680.38,
      1621.69,
      1675.11,
      1596.83,
      1582.3,
      1562.8,
      1575.7,
      1686.85,
      1668.8400000000001,
      1577.33,
      1634.48,
      1569.87,
      1615.28,
      1662.82
    ],
    "stopping_reason": "time_limit",
    "operations": {
      "candidate_generation": 121499,
      "feasibility_check": 88,
      "weight_evaluation": 88
    }
  }
}