{
  "graph": "graph_n15_d75_adj_matrix",
  "algorithm": "random",
  "result": {
    "graph_name": "graph_n15_d75_adj_matrix",
    "algorithm": "random",
    "best_weight": 2650.23,
    "best_matching": [
      3,
      17,
      26,
      34,
      40,
      60,
      63
    ],
    "runtime": 0.00892583899985766,
    "candidates": 400,
    "improvements": 4,
    "duplicates": 9,
    "infeasible": 0,
    "size_history": {
      "7": 171,
      "6": 47,
      "5": 65,
      "4": 58,
      "3": 22,
      "2": 11,
      "1": 26
    },
    "weight_history": [
      2034.26,
      2528.16,
      2064.25,
      2313.96,
      1863.42,
      1903.65,
      2170.55,
      1981.52,
      1954.83,
      1966.57,
      2518.82,
      2024.95,
      2139.53,
      1692.66,
      2440.48,
      1682.01,
      1686.32,
      1732.56,
      2394.64,
      2021.29,
      2165.2,
      2071.27,
      2003.48,
      1103.71,
      2080.11,
      1910.84,
      2143.63,
      2298.1,
      1801.88,
      2460.92,
      1949.1399999999999,
      1723.38,
      2195.92,
      1734.8,
      1878.31,
      1844.0900000000001,
      2146.4,
      2066.6,
      2071.31,
      1986.47,
      2362.99,
      2361.56,
      2366.48,
      1546.3300000000002,
      1910.1499999999999,
      2252.51,
      1972.98,
      2148.01,
      2002.2,
      1917.5900000000001,
      1957.21,
      2356.3,
      1647.21,
      1471.65,
      1797.38,
      1458.96,
      2217.8,
      2050.69,
      1934.82,
      2411.68,
      2013.55,
      2369.57,
      1961.4099999999999,
      2518.4,
      2016.17,
      2157.17,
      1696.6200000000001,
      2328.1,
      1705.4,
      1962.88,
      1759.73,
      2149.93,
      1751.66,
      2240.78,
      2252.87,
      2289.7,
      2227.93,
      2318.36,
      2409.6,
      2225.42,
      2623.2000000000003,
      1976.49,
      2445.2200000000003,
      2152.0,
      1692.83,
      1981.8700000000001,
      1385.92,
      2650.23,
      2366.21,
      1901.65,
      2590.36,
      1779.64,
      1676.34,
      2240.15,
      2099.07,
      2302.3,
      1671.21,
      1757.97,
      2454.9,
      1881.85,
      2021.58,
      2565.07,
      2257.34,
      1992.11,
      2514.27,
      1605.23,
      1648.5800000000002,
      2162.33,
      1808.32,
      2361.75,
      2181.76,
      1655.3200000000002,
      1740.6100000000001,
      1942.83,
      2279.75,
      2213.02,
      2127.96,
      1984.18,
      1367.7,
      1892.04,
      1651.39,
      1998.01,
      1809.42,
      2340.62,
      1630.12,
      1979.72,
      1417.53,
      1887.2,
      1397.78,
      1411.85,
      1754.3500000000001,
      1910.92,
      1191.96,
      870.9000000000001,
      1003.5899999999999,
      1578.5,
      1665.7,
      1355.5900000000001,
      996.5500000000001,
      1700.92,
      1407.69,
      1367.09,
      1254.09,
      1194.18,
      1525.51,
      589.35,
      1045.25,
      1481.94,
      744.55,
      1059.24,
      1104.16,
      1329.1399999999999,
      968.9699999999999,
      829.17,
      1420.37,
      1262.8,
      1462.53,
      1679.3400000000001,
      1877.28,
      1435.69,
      1345.91,
      1292.01,
      1430.56,
      1728.53,
      1294.95,
      1486.05,
      1513.23,
      1538.93,
      1387.36,
      2338.57,
      1697.22,
      1069.64,
      1348.28,
      1911.87,
      1232.6299999999999,
      1944.7,
      2244.71,
      2396.41,
      2065.17,
      2467.9700000000003,
      2020.18,
      2398.52,
      2147.66,
      1999.63,
      2606.29,
      1567.8700000000001,
      1762.52,
      2051.18,
      1888.91,
      2341.54,
      2076.61,
      1833.28,
      1943.93,
      2093.25,
      2375.93,
      1942.8700000000001,
      1721.94,
      1969.72,
      1848.53,
      2403.24,
      2159.6,
      2126.9,
      1936.31,
      1335.51,
      1754.16,
      2147.58,
      1234.98,
      2448.03,
      2232.38,
      2007.35,
      1972.79,
      1750.89,
      2149.52,
      1877.01,
      1942.26,
      1789.78,
      2276.34,
      1285.62,
      2203.4700000000003,
      1585.81,
      1798.09,
      1671.53,
      2522.58,
      2148.47,
      2259.79,
      2604.87,
      2222.81,
      2300.68,
      2458.5299999999997,
      2285.5,
      2102.36,
      1810.14,
      2050.9,
      1332.34,
      1637.08,
      1570.14,
      1875.8600000000001,
      1691.69,
      2377.9,
      1746.9,
      1866.24,
      1412.8400000000001,
      1179.74,
      1540.46,
      1335.3700000000001,
      2062.94,
      1469.92,
      1838.06,
      1322.59,
      1274.43,
      1521.96,
      1703.51,
      1957.06,
      1524.73,
      1676.98,
      1462.16,
      2185.66,
      1601.24,
      1385.99,
      1018.6800000000001,
      2172.53,
      949.23,
      2035.01,
      1912.51,
      1778.33,
      909.88,
      1471.76,
      1584.79,
      1611.7,
      1175.92,
      1491.5,
      944.91,
      1765.33,
      1566.43,
      1390.31,
      1634.39,
      1186.05,
      1153.35,
      833.24,
      1220.87,
      1547.03,
      980.15,
      1087.23,
      1390.19,
      718.51,
      826.1600000000001,
      1299.34,
      583.53,
      1263.86,
      782.32,
      741.23,
      396.22,
      925.38,
      689.36,
      1042.8799999999999,
      551.85,
      858.12,
      1101.96,
      1301.46,
      1004.76,
      1006.21,
      1046.6,
      886.1800000000001,
      1135.28,
      877.58,
      1306.48,
      1592.2,
      1475.3200000000002,
      689.42,
      794.4,
      1104.73,
      981.58,
      1147.65,
      1901.04,
      1705.1,
      1311.18,
      1198.9,
      1558.94,
      1223.54,
      948.48,
      1141.01,
      1142.57,
      1342.23,
      1431.63,
      1486.45,
      1224.07,
      1751.5900000000001,
      1164.01,
      1106.42,
      1496.3,
      1630.09,
      1391.71,
      1273.44,
      1190.1399999999999,
      981.29,
      1051.79,
      1424.54,
      1630.2,
      1584.2,
      2072.86,
      1239.05,
      1146.4,
      1308.8400000000001,
      695.46,
      1010.49,
      1565.8200000000002,
      702.46,
      1353.62,
      932.5400000000001,
      1401.71,
      1694.85,
      801.66,
      806.71,
      1083.5,
      840.08,
      972.12,
      662.8199999999999,
      671.5799999999999,
      950.46,
      918.8399999999999,
      602.14,
      815.37,
      718.5600000000001,
      824.95,
      709.5699999999999,
      834.3199999999999,
      640.4000000000001,
      700.28,
      928.98,
      946.95,
      429.42,
      636.11,
      678.04,
      540.08,
      216.09,
      286.34,
      274.59,
      436.74,
      152.07,
      228.18,
      107.9,
      302.04,
      245.73,
      230.05,
      239.01,
      381.27,
      399.96,
      102.96,
      220.06,
      110.37,
      484.48,
      368.88,
      199.06,
      330.68,
      411.14,
      455.69,
      60.42,
      281.49,
      308.87,
      559.73
    ],
    "stopping_reason": "max_candidates",
    "operations": {
      "candidate_generation": 409,
      "feasibility_check": 400,
      "weight_evaluation": 400
    }
  }
}