{
  "graph": "graph_n11_d75_adj_matrix",
  "algorithm": "random",
  "result": {
    "graph_name": "graph_n11_d75_adj_matrix",
    "algorithm": "random",
    "best_weight": 1707.69,
    "best_matching": [
      1,
      7,
      18,
      30,
      33
    ],
    "runtime": 0.006893845000377041,
    "candidates": 400,
    "improvements": 9,
    "duplicates": 44,
    "infeasible": 0,
    "size_history": {
      "5": 358,
      "4": 31,
      "3": 10,
      "2": 1
    },
    "weight_history": [
      1241.21,
      1337.31,
      1239.74,
      1336.51,
      1445.72,
      1115.45,
      1093.9,
      1470.0,
      1402.45,
      1304.78,
      1291.27,
      1480.51,
      1369.14,
      1490.96,
      1548.56,
      529.78,
      849.2,
      1171.41,
      1122.97,
      1326.54,
      1038.43,
      792.56,
      643.49,
      716.87,
      542.99,
      592.0799999999999,
      936.76,
      1028.72,
      493.53000000000003,
      684.74,
      724.9399999999999,
      990.87,
      855.55,
      809.5,
      649.4399999999999,
      1651.2,
      1360.0,
      1488.49,
      1410.29,
      1333.13,
      1121.29,
      1417.75,
      1486.9,
      1320.84,
      920.1999999999999,
      1055.84,
      840.74,
      993.97,
      1284.94,
      1279.84,
      1393.02,
      1090.8300000000002,
      1068.23,
      1166.01,
      1300.67,
      1328.1399999999999,
      968.0,
      1390.97,
      1473.31,
      1599.46,
      1386.78,
      1326.23,
      1535.93,
      1094.88,
      1219.1299999999999,
      1235.12,
      1707.69,
      1084.85,
      1521.43,
      1438.08,
      1280.79,
      1210.6,
      1349.04,
      1179.98,
      1498.1000000000001,
      961.89,
      1443.18,
      1351.23,
      1153.3,
      1311.57,
      932.82,
      1141.59,
      1420.91,
      797.6800000000001,
      1251.48,
      1438.02,
      1349.3,
      1298.62,
      1181.27,
      1424.2,
      1523.21,
      1130.1399999999999,
      1433.54,
      1349.54,
      1288.4,
      1399.02,
      874.28,
      1434.8799999999999,
      1532.06,
      1495.79,
      1679.15,
      1128.75,
      855.66,
      1309.3899999999999,
      1318.85,
      1235.73,
      750.46,
      1388.68,
      1236.27,
      1454.3799999999999,
      1494.03,
      1365.34,
      1422.44,
      1218.26,
      1226.6,
      860.42,
      1312.08,
      1049.31,
      875.96,
      1292.51,
      1476.98,
      1248.44,
      1548.29,
      1406.99,
      953.16,
      1367.37,
      1264.08,
      1371.1299999999999,
      1249.18,
      1347.8,
      1480.31,
      1400.18,
      1343.02,
      1160.19,
      586.48,
      1175.36,
      1082.83,
      1429.71,
      1418.98,
      1408.6399999999999,
      1273.75,
      1469.29,
      1505.6399999999999,
      1442.98,
      1442.38,
      1375.24,
      970.03,
      1368.01,
      1437.94,
      1138.81,
      1473.67,
      1285.25,
      1447.03,
      1686.16,
      790.14,
      1442.03,
      1267.12,
      1356.74,
      1588.46,
      739.24,
      1339.44,
      1344.78,
      1414.56,
      1426.92,
      1461.92,
      1469.96,
      1421.3400000000001,
      1159.65,
      1533.84,
      1371.25,
      1528.94,
      1380.68,
      1639.05,
      1443.98,
      1433.19,
      1476.21,
      1245.76,
      1266.01,
      1315.52,
      1502.18,
      1237.66,
      1482.9,
      1332.9,
      1609.98,
      1107.35,
      1350.94,
      983.21,
      1000.35,
      916.76,
      1222.58,
      1535.85,
      1540.18,
      897.58,
      1213.39,
      1567.21,
      1446.44,
      1317.16,
      1458.19,
      1198.85,
      1495.28,
      1317.36,
      1432.8999999999999,
      1208.71,
      1109.07,
      1366.05,
      1220.83,
      1273.29,
      1435.76,
      1504.45,
      1003.6899999999999,
      1371.59,
      1146.47,
      1370.26,
      1499.2,
      1338.99,
      1311.3999999999999,
      1234.83,
      1281.18,
      1288.29,
      1453.69,
      995.68,
      933.73,
      1601.2,
      1400.3,
      1551.29,
      1394.19,
      1172.31,
      1480.17,
      917.51,
      1195.11,
      1618.82,
      1332.92,
      1610.25,
      1316.49,
      1195.58,
      1246.0,
      1430.51,
      1003.75,
      1469.07,
      782.25,
      1451.6100000000001,
      1329.7,
      1458.82,
      1118.63,
      1348.79,
      1246.8,
      1163.37,
      1499.41,
      1459.6100000000001,
      1513.23,
      1309.54,
      825.24,
      1421.95,
      625.82,
      886.24,
      1323.72,
      934.26,
      1500.23,
      1196.37,
      880.99,
      1374.47,
      1253.0,
      1370.92,
      1399.3799999999999,
      1243.68,
      1441.12,
      1479.39,
      1290.51,
      1459.56,
      1225.46,
      1024.74,
      1386.62,
      1269.1,
      847.95,
      1520.77,
      1548.51,
      1453.05,
      1619.07,
      1362.42,
      1431.7,
      1334.43,
      1060.69,
      1426.74,
      1245.85,
      1256.05,
      1399.58,
      1340.05,
      1136.66,
      1185.19,
      1489.24,
      1277.56,
      1426.49,
      1341.9,
      1478.78,
      1499.6399999999999,
      1191.2,
      1000.62,
      1261.92,
      1478.44,
      1534.42,
      1412.28,
      1252.31,
      1429.82,
      1463.48,
      1170.96,
      1498.54,
      957.38,
      1417.72,
      1144.69,
      1092.47,
      1518.3600000000001,
      1390.24,
      941.1,
      1009.64,
      1348.96,
      1258.4,
      931.64,
      1467.59,
      1325.36,
      1449.4099999999999,
      820.6700000000001,
      1278.4199999999998,
      1271.36,
      1304.75,
      1443.81,
      1333.73,
      760.96,
      998.99,
      1468.29,
      1411.76,
      1377.69,
      1059.73,
      1501.47,
      987.8299999999999,
      1392.57,
      1199.03,
      638.1800000000001,
      1256.28,
      1090.68,
      1417.12,
      794.06,
      1292.78,
      1521.18,
      948.76,
      1468.19,
      1082.17,
      1218.67,
      1114.3600000000001,
      1434.4,
      797.34,
      1358.19,
      966.11,
      1477.85,
      1474.28,
      1394.73,
      1273.81,
      1675.78,
      1381.51,
      1442.65,
      1043.39,
      1284.09,
      1254.7,
      1461.16,
      1315.44,
      1519.81,
      1288.18,
      1162.67,
      1369.91,
      1249.03,
      1330.19,
      1521.26,
      1410.83,
      1083.01,
      1337.24,
      1150.87,
      1040.06,
      1408.27,
      1394.79,
      1212.28,
      1189.73,
      1490.93,
      639.14,
      1485.66,
      1244.27,
      1558.19,
      1385.72,
      1165.4,
      1451.07,
      1366.17,
      868.84,
      1429.32,
      1254.24,
      1195.07,
      904.05,
      1256.42,
      1479.15,
      1423.47,
      1485.55,
      1607.43,
      1349.9099999999999
    ],
    "stopping_reason": "max_candidates",
    "operations": {
      "candidate_generation": 444,
      "feasibility_check": 400,
      "weight_evaluation": 400
    }
  }
}