{
  "graph": "graph_n8_d75_adj_matrix",
  "algorithm": "random",
  "result": {
    "graph_name": "graph_n8_d75_adj_matrix",
    "algorithm": "random",
    "best_weight": 1373.67,
    "best_matching": [
      2,
      10,
      19
    ],
    "runtime": 2.000024602000849,
    "candidates": 75,
    "improvements": 2,
    "duplicates": 246074,
    "infeasible": 0,
    "size_history": {
      "3": 25,
      "2": 29,
      "1": 21
    },
    "weight_history": [
      1287.96,
      1257.85,
      984.1,
      877.76,
      288.21,
      460.67999999999995,
      1373.67,
      1073.3600000000001,
      444.89,
      663.39,
      958.95,
      216.51999999999998,
      370.91999999999996,
      706.57,
      1017.44,
      411.89,
      269.12,
      1083.92,
      796.48,
      826.2,
      650.85,
      69.46,
      370.74,
      142.95,
      204.04,
      370.9,
      483.54,
      485.21,
      135.53,
      41.15,
      307.51,
      637.11,
      568.51,
      278.48,
      152.68,
      939.25,
      674.84,
      713.18,
      320.81,
      279.95,
      817.55,
      463.34,
      1125.28,
      819.86,
      819.65,
      1061.19,
      404.03,
      915.5,
      929.61,
      811.1,
      698.86,
      1282.07,
      694.71,
      444.15,
      706.48,
      539.31,
      124.08,
      911.1700000000001,
      893.6800000000001,
      678.41,
      259.61,
      69.75,
      792.72,
      813.79,
      711.46,
      192.79999999999998,
      251.35,
      227.97,
      446.87,
      446.81,
      698.22,
      92.44,
      28.6,
      342.66,
      164.2
    ],
    "stopping_reason": "time_limit",
    "operations": {
      "candidate_generation": 246149,
      "feasibility_check": 75,
      "weight_evaluation": 75
    }
  }
}