{
  "graph": "graph_n12_d75_adj_matrix",
  "algorithm": "random",
  "result": {
    "graph_name": "graph_n12_d75_adj_matrix",
    "algorithm": "random",
    "best_weight": 1882.49,
    "best_matching": [
      5,
      8,
      18,
      26,
      35,
      44
    ],
    "runtime": 0.006843907000074978,
    "candidates": 400,
    "improvements": 9,
    "duplicates": 2,
    "infeasible": 0,
    "size_history": {
      "5": 172,
      "4": 99,
      "3": 45,
      "6": 82,
      "2": 2
    },
    "weight_history": [
      609.0699999999999,
      1042.68,
      1435.5,
      848.91,
      1197.99,
      786.86,
      946.13,
      937.45,
      1611.1599999999999,
      1272.24,
      1208.94,
      753.01,
      1072.49,
      829.47,
      1016.12,
      1044.33,
      861.31,
      1227.09,
      892.49,
      585.31,
      954.11,
      1197.26,
      338.12,
      534.39,
      687.0600000000001,
      522.43,
      497.58000000000004,
      379.23,
      533.35,
      540.5,
      514.75,
      692.13,
      650.9300000000001,
      831.88,
      879.83,
      1191.24,
      714.1,
      849.57,
      842.75,
      627.37,
      1009.46,
      1070.31,
      1138.8,
      994.4300000000001,
      1253.43,
      1452.89,
      1374.86,
      1441.57,
      1462.99,
      1114.6399999999999,
      1236.94,
      1083.97,
      759.06,
      1338.3,
      1141.19,
      1525.47,
      1226.9099999999999,
      1060.66,
      1731.6000000000001,
      990.11,
      1384.03,
      1248.95,
      972.24,
      1466.09,
      1378.37,
      1320.69,
      1266.17,
      990.03,
      1600.0,
      1515.03,
      1290.36,
      1578.54,
      1561.8,
      1302.3,
      1527.21,
      1439.35,
      1346.98,
      1448.7,
      1454.84,
      1276.74,
      996.72,
      1234.6499999999999,
      1304.9099999999999,
      1563.02,
      969.24,
      1794.56,
      1099.24,
      1158.67,
      1397.98,
      1471.6299999999999,
      904.23,
      1762.33,
      1199.03,
      1270.45,
      1252.18,
      1649.26,
      1363.98,
      1721.43,
      771.72,
      1622.95,
      1322.23,
      1773.23,
      1403.02,
      1054.16,
      982.62,
      1550.38,
      1469.6399999999999,
      780.84,
      1236.39,
      794.06,
      1536.07,
      1054.51,
      1830.02,
      1358.91,
      1139.9,
      751.44,
      1336.85,
      1085.9,
      1505.37,
      1319.17,
      886.14,
      1503.77,
      1284.8400000000001,
      1089.22,
      1312.71,
      1466.42,
      841.92,
      1349.03,
      1647.63,
      1248.05,
      1058.43,
      1356.21,
      881.45,
      1782.26,
      1803.93,
      969.85,
      1404.56,
      1360.97,
      1551.12,
      1600.37,
      892.64,
      955.3,
      1364.76,
      1342.1,
      1182.32,
      1092.3,
      1460.29,
      1074.99,
      1131.97,
      951.85,
      1230.59,
      780.35,
      1149.08,
      1317.71,
      809.08,
      1291.6200000000001,
      802.75,
      784.94,
      1230.4,
      841.71,
      1314.71,
      1414.04,
      1115.85,
      939.95,
      879.21,
      1429.09,
      1391.32,
      1217.29,
      1562.74,
      1122.49,
      1323.61,
      1304.04,
      1660.55,
      1439.9,
      1259.13,
      1401.26,
      944.94,
      974.57,
      982.47,
      926.78,
      1211.8,
      617.95,
      1001.05,
      981.6800000000001,
      1363.19,
      633.22,
      1139.07,
      632.1700000000001,
      497.81,
      404.24,
      1215.34,
      639.5,
      473.8,
      912.0899999999999,
      552.92,
      676.66,
      792.23,
      611.5,
      995.8100000000001,
      971.52,
      1244.1,
      1025.83,
      1101.71,
      835.29,
      1018.04,
      971.6,
      1084.8,
      826.35,
      1276.77,
      1068.85,
      778.81,
      924.02,
      789.5799999999999,
      729.17,
      731.4300000000001,
      1077.49,
      881.47,
      420.38,
      854.89,
      811.19,
      803.26,
      1017.74,
      694.55,
      1172.71,
      947.98,
      836.23,
      1126.01,
      1007.53,
      1208.38,
      1280.88,
      861.16,
      1312.98,
      1642.41,
      1176.0,
      1647.6,
      1412.91,
      1291.41,
      1272.01,
      1605.1200000000001,
      981.24,
      1507.71,
      1336.73,
      1567.32,
      1289.32,
      1324.6,
      1289.08,
      1419.05,
      1031.23,
      816.77,
      1662.8999999999999,
      1597.02,
      1003.87,
      1367.81,
      1219.34,
      1377.74,
      1364.23,
      1566.05,
      1516.13,
      1879.92,
      1374.19,
      1402.97,
      1612.2,
      1511.46,
      1189.79,
      1376.99,
      1235.07,
      747.91,
      1600.21,
      1578.56,
      1237.61,
      1220.0800000000002,
      970.75,
      852.77,
      1412.51,
      1399.9299999999998,
      1240.67,
      997.15,
      988.16,
      1362.09,
      771.9399999999999,
      476.61,
      916.95,
      1472.73,
      980.61,
      1014.59,
      765.58,
      1010.47,
      1505.16,
      1200.09,
      1558.41,
      1471.96,
      1153.84,
      817.65,
      1121.02,
      1342.82,
      1498.01,
      987.9300000000001,
      634.07,
      1137.79,
      998.65,
      917.64,
      1020.28,
      639.61,
      735.75,
      1322.85,
      1051.8799999999999,
      1005.79,
      879.51,
      1286.1200000000001,
      842.8199999999999,
      1305.05,
      1076.07,
      1425.97,
      896.5,
      1182.33,
      1673.77,
      902.83,
      824.58,
      1125.28,
      984.79,
      1335.36,
      1420.41,
      880.96,
      1308.77,
      1069.44,
      1290.1399999999999,
      1669.8700000000001,
      1817.33,
      1343.63,
      1088.74,
      1317.73,
      1624.94,
      1636.42,
      1330.58,
      1370.47,
      850.64,
      1275.52,
      1379.05,
      1306.65,
      1152.81,
      1291.94,
      1208.62,
      1312.89,
      913.51,
      1631.88,
      1580.59,
      1815.91,
      1500.21,
      1188.05,
      1251.03,
      1731.1,
      1253.6499999999999,
      818.03,
      1285.17,
      935.73,
      890.46,
      1256.8899999999999,
      1882.49,
      997.34,
      1566.39,
      1264.1,
      1218.43,
      1623.8799999999999,
      1175.85,
      1175.86,
      1579.05,
      1305.16,
      1179.13,
      1424.2,
      837.59,
      1396.4099999999999,
      1348.1,
      946.99,
      1107.63,
      1043.33,
      816.77,
      882.89,
      1028.72,
      699.9,
      923.97,
      1179.45,
      707.4000000000001,
      1186.63,
      790.44,
      1051.56,
      1168.28,
      755.87,
      951.04,
      531.88,
      954.02,
      1033.04,
      609.0,
      388.82,
      704.34,
      587.4,
      678.69,
      1196.83,
      1058.77,
      1014.69,
      786.29
    ],
    "stopping_reason": "max_candidates",
    "operations": {
      "candidate_generation": 402,
      "feasibility_check": 400,
      "weight_evaluation": 400
    }
  }
}