{
  "graph": "graph_n9_d75_adj_matrix",
  "algorithm": "random",
  "result": {
    "graph_name": "graph_n9_d75_adj_matrix",
    "algorithm": "random",
    "best_weight": 1193.28,
    "best_matching": [
      3,
      7,
      14,
      19
    ],
    "runtime": 0.0070943230002740165,
    "candidates": 400,
    "improvements": 8,
    "duplicates": 223,
    "infeasible": 0,
    "size_history": {
      "4": 202,
      "3": 157,
      "2": 41
    },
    "weight_history": [
      883.95,
      861.0899999999999,
      810.49,
      569.96,
      974.9799999999999,
      622.47,
      623.35,
      685.29,
      934.37,
      999.39,
      1066.12,
      1086.81,
      951.31,
      953.63,
      876.95,
      1053.02,
      1018.25,
      925.49,
      910.96,
      987.15,
      897.05,
      636.77,
      669.13,
      649.59,
      592.08,
      872.47,
      423.9,
      845.3499999999999,
      695.3,
      681.81,
      612.79,
      712.0400000000001,
      381.89,
      811.78,
      721.71,
      982.93,
      675.86,
      1057.04,
      977.37,
      944.4300000000001,
      1014.1800000000001,
      971.5,
      619.19,
      852.5,
      869.76,
      747.8199999999999,
      674.25,
      650.31,
      697.96,
      1069.66,
      848.94,
      978.29,
      530.9,
      938.04,
      796.52,
      1156.3799999999999,
      445.64,
      865.68,
      996.31,
      789.42,
      945.1700000000001,
      871.55,
      986.02,
      623.73,
      611.11,
      933.12,
      436.65,
      315.2,
      946.9300000000001,
      719.95,
      764.25,
      851.6,
      576.11,
      718.54,
      806.28,
      716.0,
      782.53,
      923.2,
      1114.2,
      1087.06,
      783.2900000000001,
      895.85,
      1022.32,
      896.62,
      859.88,
      779.22,
      1014.53,
      925.41,
      887.53,
      617.46,
      926.45,
      829.4300000000001,
      750.8,
      520.45,
      448.61,
      775.8299999999999,
      868.63,
      568.91,
      551.74,
      914.96,
      1048.46,
      1062.35,
      917.31,
      703.91,
      1011.02,
      862.97,
      772.0,
      642.4300000000001,
      774.77,
      1145.8,
      557.72,
      980.99,
      444.83,
      1050.25,
      683.39,
      801.66,
      1063.47,
      588.67,
      1027.03,
      762.15,
      943.0999999999999,
      851.3,
      992.74,
      817.85,
      975.17,
      705.5,
      910.58,
      741.2800000000001,
      524.1,
      1068.54,
      1013.81,
      877.3199999999999,
      687.6800000000001,
      825.39,
      735.42,
      821.68,
      620.29,
      723.42,
      591.02,
      536.64,
      925.78,
      733.57,
      783.14,
      1134.29,
      645.75,
      767.78,
      1079.28,
      1060.43,
      999.77,
      941.22,
      882.8399999999999,
      1064.32,
      930.9399999999999,
      592.17,
      1182.37,
      1193.28,
      938.98,
      1013.7,
      650.28,
      773.19,
      899.32,
      538.55,
      892.53,
      1000.39,
      985.99,
      706.01,
      740.78,
      439.69,
      582.69,
      583.5,
      657.84,
      573.99,
      680.3299999999999,
      746.51,
      713.96,
      841.24,
      1034.68,
      1011.27,
      725.11,
      515.16,
      915.87,
      941.72,
      650.93,
      1020.0,
      937.07,
      1089.85,
      942.6700000000001,
      406.20000000000005,
      502.22999999999996,
      885.8199999999999,
      815.61,
      694.98,
      764.1,
      653.11,
      371.39,
      545.45,
      965.41,
      537.35,
      415.82,
      535.25,
      609.3299999999999,
      336.87,
      460.08000000000004,
      844.07,
      403.82,
      376.65999999999997,
      533.54,
      519.83,
      811.94,
      966.75,
      822.3,
      626.04,
      533.52,
      767.42,
      652.64,
      643.39,
      573.08,
      783.81,
      664.0,
      650.5600000000001,
      408.92,
      732.5,
      541.86,
      340.03000000000003,
      335.67,
      376.13,
      549.23,
      339.25,
      366.25,
      443.40999999999997,
      460.98,
      861.27,
      812.7,
      653.02,
      683.37,
      583.9,
      871.0,
      787.42,
      849.34,
      654.3499999999999,
      832.54,
      727.21,
      985.27,
      688.51,
      761.12,
      1040.19,
      884.0600000000001,
      809.58,
      776.04,
      589.04,
      1016.58,
      868.19,
      641.98,
      1043.67,
      905.4599999999999,
      1010.8399999999999,
      676.9,
      698.77,
      902.54,
      997.27,
      596.75,
      965.21,
      886.14,
      842.0500000000001,
      1012.21,
      1087.04,
      769.82,
      792.19,
      747.09,
      1059.5,
      774.15,
      1067.43,
      960.62,
      924.09,
      1135.12,
      665.27,
      587.49,
      957.42,
      732.2,
      797.7,
      391.23,
      1006.69,
      532.27,
      888.86,
      747.69,
      547.27,
      1077.64,
      799.98,
      694.21,
      559.52,
      819.61,
      1005.72,
      1011.36,
      950.18,
      962.74,
      1032.63,
      906.51,
      599.34,
      548.43,
      457.42,
      493.72,
      862.66,
      957.6700000000001,
      364.37,
      729.69,
      806.94,
      766.25,
      656.76,
      1023.94,
      819.85,
      974.15,
      827.53,
      668.32,
      976.4300000000001,
      575.27,
      451.62,
      1136.71,
      970.8699999999999,
      792.27,
      888.49,
      613.52,
      745.11,
      386.82,
      573.4300000000001,
      585.04,
      558.88,
      865.54,
      529.0899999999999,
      440.33,
      533.87,
      248.48999999999998,
      520.68,
      711.0,
      266.06,
      387.95000000000005,
      768.43,
      316.59000000000003,
      327.96,
      540.54,
      261.6,
      692.9100000000001,
      583.53,
      382.47,
      515.41,
      801.11,
      713.3399999999999,
      865.75,
      911.76,
      750.76,
      608.35,
      535.88,
      653.27,
      863.9,
      1125.02,
      844.43,
      785.77,
      593.37,
      870.04,
      838.04,
      999.89,
      778.02,
      859.89,
      928.55,
      865.05,
      860.26,
      988.15,
      1019.9599999999999,
      569.01,
      912.53,
      745.37,
      880.43,
      845.63,
      570.05,
      1006.25,
      855.09,
      877.45,
      1124.08,
      746.86,
      508.34000000000003,
      1136.7,
      1033.86,
      1068.08,
      949.18,
      925.91,
      1012.99,
      206.31,
      941.3299999999999,
      830.9000000000001,
      444.15000000000003,
      661.69,
      829.24,
      706.89,
      315.96,
      731.46,
      1015.1899999999999,
      662.56,
      418.8,
      535.16,
      328.2,
      370.29999999999995
    ],
    "stopping_reason": "max_candidates",
    "operations": {
      "candidate_generation": 623,
      "feasibility_check": 400,
      "weight_evaluation": 400
    }
  }
}