{
  "graph": "graph_n9_d75_adj_matrix",
  "algorithm": "random",
  "result": {
    "graph_name": "graph_n9_d75_adj_matrix",
    "algorithm": "random",
    "best_weight": 1193.28,
    "best_matching": [
      3,
      7,
      14,
      19
    ],
    "runtime": 2.0000276419996226,
    "candidates": 293,
    "improvements": 3,
    "duplicates": 200979,
    "infeasible": 0,
    "size_history": {
      "4": 277,
      "3": 16
    },
    "weight_history": [
      1019.3299999999999,
      825.39,
      1010.8399999999999,
      1136.08,
      611.11,
      1061.83,
      971.5,
      645.75,
      840.28,
      1063.47,
      953.63,
      980.3699999999999,
      1016.58,
      939.35,
      650.28,
      683.39,
      886.14,
      772.0,
      865.05,
      1011.27,
      887.53,
      999.89,
      906.51,
      996.31,
      1193.28,
      705.5,
      917.31,
      998.64,
      980.99,
      897.05,
      1079.28,
      933.12,
      882.8399999999999,
      755.67,
      941.22,
      1022.32,
      974.46,
      912.53,
      792.98,
      952.71,
      861.46,
      1086.81,
      1011.36,
      778.02,
      1048.46,
      661.9,
      986.02,
      1014.1800000000001,
      723.42,
      683.37,
      895.0799999999999,
      868.19,
      1006.25,
      1034.68,
      712.85,
      1066.12,
      811.78,
      923.2,
      989.98,
      855.09,
      1059.59,
      1092.11,
      623.35,
      747.09,
      990.81,
      559.52,
      642.4300000000001,
      694.21,
      1069.04,
      895.85,
      1075.23,
      1020.0,
      910.58,
      623.73,
      1119.42,
      637.97,
      1135.12,
      755.9,
      902.89,
      1032.63,
      1018.25,
      789.42,
      817.85,
      1193.19,
      1057.04,
      761.12,
      865.1500000000001,
      925.49,
      930.9399999999999,
      933.14,
      792.19,
      819.85,
      849.5,
      769.82,
      1005.72,
      914.96,
      1077.64,
      884.0600000000001,
      819.61,
      844.43,
      725.11,
      910.96,
      698.77,
      786.4,
      1182.37,
      1013.81,
      877.3199999999999,
      863.9,
      1087.04,
      1068.54,
      989.86,
      1017.29,
      1135.23,
      925.41,
      671.76,
      774.77,
      1180.66,
      1014.53,
      896.62,
      905.4599999999999,
      938.98,
      1136.7,
      1050.26,
      767.78,
      1114.2,
      892.53,
      741.8,
      783.81,
      880.43,
      809.58,
      1048.85,
      925.91,
      785.77,
      987.15,
      860.26,
      876.95,
      982.93,
      974.15,
      1064.32,
      1125.02,
      951.31,
      925.78,
      852.5,
      557.72,
      999.39,
      1156.3799999999999,
      636.77,
      762.15,
      703.91,
      988.15,
      1044.6299999999999,
      915.51,
      941.72,
      997.27,
      1033.86,
      1012.21,
      859.89,
      862.97,
      1112.49,
      776.04,
      801.66,
      1063.84,
      978.5699999999999,
      851.3,
      1068.06,
      924.09,
      1040.19,
      838.04,
      836.13,
      1050.25,
      984.64,
      569.01,
      934.37,
      1134.29,
      570.05,
      1023.81,
      1132.49,
      721.71,
      1060.46,
      965.21,
      676.9,
      1136.71,
      868.84,
      1067.43,
      1013.7,
      875.99,
      1087.06,
      524.1,
      773.19,
      783.2900000000001,
      871.55,
      827.53,
      970.8699999999999,
      774.15,
      899.32,
      928.49,
      862.66,
      992.74,
      783.6099999999999,
      1125.1100000000001,
      1068.08,
      846.47,
      1089.85,
      444.83,
      1043.67,
      1000.39,
      1029.56,
      592.17,
      877.45,
      870.04,
      883.95,
      943.0999999999999,
      622.47,
      1012.99,
      652.36,
      745.37,
      950.18,
      944.4300000000001,
      693.92,
      1060.43,
      945.1700000000001,
      1001.13,
      976.4300000000001,
      908.71,
      1027.03,
      965.36,
      777.84,
      1053.02,
      1019.9599999999999,
      668.32,
      1071.1299999999999,
      917.04,
      829.4300000000001,
      953.92,
      942.6700000000001,
      928.55,
      937.07,
      960.62,
      990.9,
      949.18,
      741.2800000000001,
      596.75,
      822.31,
      845.63,
      825.7,
      834.23,
      1069.66,
      382.47,
      1023.94,
      812.6899999999999,
      977.37,
      902.54,
      865.68,
      575.27,
      1062.35,
      985.27,
      901.71,
      675.86,
      589.04,
      792.27,
      974.9799999999999,
      985.99,
      999.77,
      713.13,
      746.86,
      965.41,
      975.17,
      1145.8,
      810.49,
      861.0899999999999,
      1059.5,
      791.69,
      588.67,
      439.69,
      1095.68,
      934.3199999999999,
      1124.08,
      678.62,
      859.88,
      779.22,
      593.37,
      849.34,
      1011.02,
      569.96,
      915.87,
      515.16,
      1064.66,
      688.51,
      667.9399999999999,
      962.74,
      998.26,
      1009.31,
      842.0500000000001
    ],
    "stopping_reason": "time_limit",
    "operations": {
      "candidate_generation": 201272,
      "feasibility_check": 293,
      "weight_evaluation": 293
    }
  }
}