{
  "graph": "graph_n14_d75_adj_matrix",
  "algorithm": "random",
  "result": {
    "graph_name": "graph_n14_d75_adj_matrix",
    "algorithm": "random",
    "best_weight": 2202.9,
    "best_matching": [
      2,
      15,
      20,
      25,
      38,
      51,
      63
    ],
    "runtime": 0.008272159000625834,
    "candidates": 400,
    "improvements": 7,
    "duplicates": 25,
    "infeasible": 0,
    "size_history": {
      "6": 90,
      "7": 18,
      "5": 74,
      "4": 61,
      "3": 53,
      "2": 57,
      "1": 47
    },
    "weight_history": [
      1500.91,
      1148.93,
      1625.36,
      1727.53,
      1494.24,
      1000.4,
      1450.46,
      1122.08,
      1663.8700000000001,
      1347.34,
      1784.37,
      1825.08,
      1368.06,
      739.03,
      1410.31,
      1555.03,
      1520.68,
      1554.95,
      1364.81,
      1606.8,
      1570.8400000000001,
      2138.42,
      1839.24,
      1870.3400000000001,
      1370.8700000000001,
      1826.84,
      1393.56,
      1574.33,
      2087.19,
      1740.41,
      1365.02,
      1506.54,
      1584.99,
      1374.58,
      1438.91,
      1581.1000000000001,
      1135.02,
      1671.07,
      968.23,
      1173.24,
      1138.95,
      1223.69,
      1320.12,
      1654.78,
      1622.43,
      1111.1,
      948.03,
      1259.67,
      727.34,
      808.08,
      933.01,
      877.48,
      1149.19,
      757.28,
      1111.92,
      1438.45,
      1386.37,
      1751.8899999999999,
      1352.25,
      1903.16,
      1593.36,
      1310.58,
      1699.3600000000001,
      890.33,
      1479.31,
      1017.6800000000001,
      1435.07,
      1318.86,
      1476.06,
      1234.34,
      1268.87,
      950.5,
      1642.92,
      1487.91,
      1278.19,
      1173.17,
      1190.52,
      1772.51,
      1238.8,
      1706.29,
      1496.32,
      1648.24,
      1349.52,
      1361.54,
      1012.86,
      1480.74,
      1210.25,
      1584.68,
      1801.17,
      1680.76,
      1271.42,
      1699.7,
      1810.74,
      1807.79,
      1266.73,
      1663.95,
      1337.87,
      1790.1000000000001,
      1669.28,
      1617.67,
      1829.07,
      1129.44,
      1359.04,
      1711.8,
      1356.86,
      1661.66,
      1007.78,
      1843.57,
      1588.74,
      1664.72,
      1338.42,
      1668.25,
      1213.92,
      1420.74,
      1644.68,
      1284.08,
      1076.73,
      1285.78,
      1632.45,
      1441.13,
      871.22,
      1751.57,
      1079.6599999999999,
      1947.3200000000002,
      1953.42,
      1544.59,
      2202.9,
      1722.09,
      1665.66,
      1524.05,
      2086.7599999999998,
      1908.6,
      1170.59,
      1063.0,
      1603.18,
      1538.84,
      921.22,
      1033.34,
      1341.1,
      1272.22,
      1497.6599999999999,
      1374.69,
      1391.7,
      1029.03,
      831.93,
      1358.3899999999999,
      1239.01,
      1062.4,
      1605.34,
      775.97,
      1664.89,
      1297.46,
      1125.42,
      959.71,
      1209.6399999999999,
      1014.8299999999999,
      842.1700000000001,
      893.79,
      563.1,
      1123.6499999999999,
      1394.3400000000001,
      806.13,
      1022.31,
      1036.69,
      1199.56,
      1232.46,
      1137.75,
      1332.27,
      970.9399999999999,
      1574.86,
      1412.52,
      1081.92,
      1162.28,
      1562.4299999999998,
      1698.92,
      1306.17,
      730.95,
      1056.62,
      839.65,
      1059.8500000000001,
      1187.1699999999998,
      622.4499999999999,
      1398.9499999999998,
      1282.26,
      1060.54,
      1005.0,
      1064.55,
      1581.66,
      1243.4099999999999,
      986.55,
      1008.2,
      1213.2,
      1398.98,
      1251.3,
      917.24,
      957.64,
      935.22,
      1206.8,
      1457.73,
      926.62,
      1243.03,
      1069.34,
      929.54,
      974.0699999999999,
      1269.76,
      667.53,
      1346.07,
      726.38,
      584.26,
      834.38,
      890.02,
      1512.91,
      1020.53,
      981.01,
      1488.48,
      1314.48,
      1585.19,
      767.45,
      1205.72,
      1585.28,
      1124.93,
      1029.3600000000001,
      1182.27,
      1030.79,
      411.78000000000003,
      1083.5,
      904.9,
      891.85,
      1087.75,
      895.94,
      898.23,
      733.33,
      805.48,
      761.21,
      716.48,
      682.45,
      994.13,
      935.16,
      600.3,
      739.11,
      812.98,
      925.97,
      636.05,
      500.43,
      487.56,
      443.87,
      434.93999999999994,
      332.76,
      336.27,
      505.9,
      369.49,
      725.1,
      622.86,
      310.58,
      322.19,
      189.28,
      398.02,
      300.67,
      213.58,
      132.61,
      241.87,
      47.3,
      297.84,
      268.81,
      632.77,
      278.42,
      300.61,
      249.92000000000002,
      598.51,
      678.94,
      448.08,
      942.1700000000001,
      519.52,
      685.78,
      621.75,
      721.56,
      809.7,
      1020.56,
      579.3900000000001,
      759.68,
      720.79,
      514.3299999999999,
      498.46,
      536.88,
      668.49,
      763.87,
      302.48,
      1050.08,
      596.9,
      549.35,
      321.61,
      314.27,
      644.4,
      530.0699999999999,
      588.88,
      826.11,
      384.03,
      698.04,
      607.14,
      1052.16,
      853.3199999999999,
      226.18,
      731.3,
      814.48,
      719.26,
      745.94,
      857.84,
      817.42,
      696.0999999999999,
      945.11,
      1114.94,
      993.62,
      1123.31,
      581.73,
      902.46,
      1570.81,
      1108.23,
      1189.5,
      886.48,
      697.63,
      868.15,
      739.83,
      968.03,
      538.04,
      557.12,
      876.74,
      721.18,
      977.79,
      448.87,
      305.29,
      642.41,
      403.64,
      474.46,
      559.0699999999999,
      320.13,
      440.99,
      782.0799999999999,
      517.1800000000001,
      482.39,
      462.16999999999996,
      452.91999999999996,
      843.03,
      652.01,
      670.25,
      837.0,
      348.75,
      724.98,
      718.4399999999999,
      763.34,
      804.3399999999999,
      367.92999999999995,
      818.23,
      555.61,
      538.01,
      573.23,
      320.91999999999996,
      223.65,
      937.29,
      578.22,
      372.36,
      599.5999999999999,
      435.77,
      541.99,
      193.4,
      484.37,
      393.69,
      222.19,
      206.17,
      378.93,
      163.88,
      213.25,
      57.71,
      407.18,
      161.76,
      144.93,
      63.82,
      192.21,
      437.07,
      378.11,
      147.65,
      372.98,
      314.84,
      271.97,
      77.47,
      203.21,
      255.18,
      435.8,
      78.26,
      423.0,
      263.21,
      168.16,
      142.17,
      171.0,
      146.18,
      349.78,
      133.06,
      89.14,
      372.84,
      146.11,
      505.1
    ],
    "stopping_reason": "max_candidates",
    "operations": {
      "candidate_generation": 425,
      "feasibility_check": 400,
      "weight_evaluation": 400
    }
  }
}