{
  "graph": "graph_n16_d50_adj_matrix",
  "algorithm": "local",
  "result": {
    "graph_name": "graph_n16_d50_adj_matrix",
    "algorithm": "local",
    "best_weight": 2924.71,
    "best_matching": [
      3,
      12,
      18,
      21,
      29,
      45,
      54,
      59
    ],
    "runtime": 2.000277698998616,
    "candidates": 244,
    "improvements": 6,
    "duplicates": 517,
    "infeasible": 0,
    "size_history": {
      "7": 66,
      "6": 73,
      "8": 10,
      "5": 57,
      "4": 28,
      "3": 10
    },
    "weight_history": [
      2662.48,
      2729.3,
      2637.46,
      2683.19,
      2683.01,
      2625.23,
      2606.43,
      2494.64,
      2536.03,
      2420.33,
      2823.57,
      2583.2200000000003,
      2555.53,
      2499.9900000000002,
      2526.94,
      2754.9,
      2648.2,
      2581.34,
      2639.6800000000003,
      2712.66,
      2629.77,
      2615.53,
      2298.93,
      2344.31,
      2335.18,
      2419.23,
      2365.61,
      2500.33,
      2389.76,
      2505.75,
      2392.37,
      2486.85,
      2364.9900000000002,
      2585.92,
      2529.13,
      2617.13,
      2665.83,
      2513.09,
      2660.93,
      2562.36,
      2607.21,
      2495.2400000000002,
      2396.3,
      2797.9700000000003,
      2830.44,
      2899.11,
      2697.3,
      2632.03,
      2747.11,
      2750.9,
      2832.3,
      2924.71,
      2638.96,
      2678.68,
      2681.41,
      2657.85,
      2406.66,
      2701.98,
      2731.16,
      2583.45,
      2546.57,
      2594.48,
      2606.45,
      2316.84,
      2549.46,
      2620.07,
      2468.17,
      2439.03,
      2398.27,
      2337.6,
      2120.14,
      2306.71,
      2384.61,
      2339.39,
      2525.93,
      2501.78,
      2536.32,
      2633.1,
      2516.54,
      2580.03,
      2468.44,
      2639.9,
      2527.37,
      2644.66,
      2856.04,
      2609.05,
      2542.45,
      2608.26,
      2520.15,
      2354.69,
      2413.66,
      2546.2,
      2395.08,
      2506.85,
      2387.34,
      2355.28,
      2476.18,
      2341.78,
      2206.04,
      2589.75,
      2650.64,
      2614.52,
      2635.62,
      2664.3,
      2488.48,
      2509.46,
      2647.7400000000002,
      2708.57,
      2658.14,
      2551.64,
      2358.9300000000003,
      2315.66,
      2211.82,
      2398.32,
      2369.09,
      2436.86,
      2392.03,
      2406.73,
      2325.55,
      2388.16,
      2441.5,
      2209.21,
      2053.88,
      2071.94,
      2069.19,
      2061.57,
      1858.75,
      2053.79,
      2175.4700000000003,
      2030.54,
      2077.74,
      2086.34,
      2412.71,
      2703.01,
      2357.21,
      2348.12,
      2315.64,
      2494.55,
      2366.83,
      2357.41,
      2203.43,
      2374.87,
      2371.45,
      2071.8,
      2050.88,
      2046.67,
      2036.6399999999999,
      2064.8,
      2187.67,
      2069.96,
      2157.1,
      2018.8899999999999,
      2162.35,
      2185.06,
      2082.4300000000003,
      2360.78,
      2358.86,
      2341.7,
      2338.25,
      2367.88,
      2369.53,
      2569.94,
      2410.0,
      2356.44,
      2294.95,
      2095.99,
      2106.58,
      2029.64,
      2019.28,
      2088.95,
      2156.57,
      2189.0299999999997,
      2044.06,
      2070.62,
      2181.25,
      2054.81,
      2283.7200000000003,
      2312.89,
      2401.33,
      2375.95,
      2447.79,
      2377.48,
      2066.02,
      2485.25,
      2350.1,
      2345.95,
      2346.82,
      1997.38,
      2062.19,
      2307.46,
      2112.44,
      2043.1,
      2151.45,
      2001.41,
      2048.27,
      2029.59,
      1773.66,
      2047.65,
      1864.53,
      1840.38,
      1765.71,
      1765.37,
      1741.66,
      1721.8,
      1737.07,
      1756.98,
      1769.81,
      1730.45,
      1759.5900000000001,
      1412.3,
      1418.08,
      1422.52,
      1400.17,
      1392.3899999999999,
      1377.24,
      1353.6,
      1377.12,
      1792.03,
      1352.97,
      1383.02,
      1699.31,
      1725.04,
      1797.81,
      1721.92,
      1744.85,
      1742.29,
      1739.24,
      1742.58,
      1724.41,
      1730.31,
      1707.26,
      1704.65,
      2089.87,
      2027.13,
      2072.9700000000003,
      2005.44,
      2063.41,
      2162.17,
      2047.79,
      2118.2200000000003,
      2035.97,
      2040.89,
      1670.55,
      1789.8600000000001
    ],
    "stopping_reason": "time_limit",
    "operations": {
      "candidate_generation": 761,
      "feasibility_check": 244,
      "weight_evaluation": 244
    }
  }
}