{
  "graph": "graph_n14_d12.5_adj_matrix",
  "algorithm": "random",
  "result": {
    "graph_name": "graph_n14_d12.5_adj_matrix",
    "algorithm": "random",
    "best_weight": 873.0699999999999,
    "best_matching": [
      2,
      4,
      5
    ],
    "runtime": 2.00002216699977,
    "candidates": 66,
    "improvements": 4,
    "duplicates": 315670,
    "infeasible": 0,
    "size_history": {
      "3": 32,
      "4": 1,
      "2": 22,
      "1": 11
    },
    "weight_history": [
      586.4,
      785.12,
      636.22,
      793.3,
      728.15,
      438.46000000000004,
      456.23,
      675.55,
      599.03,
      454.11,
      873.0699999999999,
      631.85,
      705.35,
      729.39,
      496.64,
      677.67,
      649.62,
      711.62,
      791.18,
      695.94,
      421.9,
      800.76,
      456.69,
      524.94,
      292.35,
      325.64,
      472.34,
      597.56,
      275.82000000000005,
      253.01999999999998,
      440.28999999999996,
      317.11,
      527.03,
      800.77,
      654.65,
      673.14,
      604.17,
      424.02,
      768.56,
      688.79,
      686.7,
      761.44,
      643.3399999999999,
      671.0500000000001,
      349.32000000000005,
      250.89999999999998,
      629.42,
      485.74,
      218.85000000000002,
      599.6800000000001,
      364.97,
      437.27,
      559.24,
      260.14,
      517.79,
      273.39,
      171.0,
      203.21,
      163.88,
      435.8,
      146.11,
      161.76,
      356.03,
      129.71,
      310.58,
      89.14
    ],
    "stopping_reason": "time_limit",
    "operations": {
      "candidate_generation": 315736,
      "feasibility_check": 66,
      "weight_evaluation": 66
    }
  }
}