{
  "graph": "graph_n14_d75_adj_matrix",
  "algorithm": "local",
  "result": {
    "graph_name": "graph_n14_d75_adj_matrix",
    "algorithm": "local",
    "best_weight": 2503.75,
    "best_matching": [
      6,
      14,
      20,
      26,
      32,
      53,
      58
    ],
    "runtime": 2.000415612999859,
    "candidates": 76,
    "improvements": 1,
    "duplicates": 625,
    "infeasible": 0,
    "size_history": {
      "7": 56,
      "6": 19,
      "5": 1
    },
    "weight_history": [
      2503.75,
      2423.49,
      2342.2400000000002,
      2279.91,
      2445.86,
      2212.36,
      2370.92,
      2222.14,
      2339.49,
      2365.6,
      2283.53,
      2290.17,
      2286.75,
      2159.81,
      2209.23,
      2220.53,
      2270.8,
      2178.02,
      2232.28,
      2247.66,
      2199.16,
      2006.95,
      2332.48,
      2435.78,
      2363.79,
      2298.56,
      2412.74,
      2458.78,
      2191.18,
      2432.56,
      2374.84,
      2239.52,
      2248.9,
      2298.69,
      2264.73,
      2409.92,
      2331.16,
      2234.85,
      2370.23,
      2461.24,
      2222.05,
      2272.25,
      2399.04,
      2321.28,
      2416.27,
      2208.24,
      2246.07,
      2450.89,
      2326.18,
      2376.42,
      2490.18,
      2351.4,
      2269.96,
      2253.27,
      2469.96,
      2347.12,
      2179.06,
      2353.9,
      2254.64,
      2403.94,
      2370.04,
      2323.6800000000003,
      2259.23,
      2347.48,
      2243.2599999999998,
      2169.42,
      2406.57,
      2322.88,
      2159.88,
      2112.59,
      2147.0099999999998,
      2360.68,
      2403.69,
      2335.86,
      2378.52,
      2325.95
    ],
    "stopping_reason": "time_limit",
    "operations": {
      "candidate_generation": 701,
      "feasibility_check": 76,
      "weight_evaluation": 76
    }
  }
}