{
  "graph": "graph_n19_d25_adj_matrix",
  "algorithm": "random",
  "result": {
    "graph_name": "graph_n19_d25_adj_matrix",
    "algorithm": "random",
    "best_weight": 2612.4700000000003,
    "best_matching": [
      0,
      9,
      13,
      16,
      18,
      27,
      38,
      40
    ],
    "runtime": 0.006477647999417968,
    "candidates": 400,
    "improvements": 8,
    "duplicates": 6,
    "infeasible": 0,
    "size_history": {
      "7": 153,
      "8": 194,
      "9": 12,
      "6": 29,
      "5": 12
    },
    "weight_history": [
      1570.3400000000001,
      1430.9,
      1778.3400000000001,
      2104.03,
      2017.29,
      1592.77,
      1706.6499999999999,
      2300.87,
      1491.62,
      1938.08,
      2084.92,
      2169.55,
      2157.07,
      1895.92,
      2026.8,
      1685.02,
      1996.46,
      1775.29,
      1827.38,
      1855.6399999999999,
      1745.98,
      1509.7,
      2030.46,
      1372.53,
      1633.79,
      1990.3300000000002,
      2250.57,
      2086.0299999999997,
      2221.12,
      2276.62,
      1556.73,
      1518.0,
      1643.22,
      1870.12,
      2358.85,
      1618.51,
      2179.95,
      1707.87,
      2257.95,
      1901.54,
      1370.96,
      1950.06,
      1787.71,
      1651.1000000000001,
      1568.31,
      1670.1,
      1090.5,
      1381.1299999999999,
      1791.92,
      1699.5,
      1538.78,
      1272.22,
      1553.5900000000001,
      1711.66,
      1659.39,
      1619.87,
      1327.1000000000001,
      1082.83,
      1720.43,
      2086.62,
      1478.8899999999999,
      1524.95,
      1259.79,
      1309.3,
      1678.76,
      1315.45,
      1778.17,
      1930.8600000000001,
      2016.25,
      1822.21,
      1944.88,
      1470.63,
      1396.26,
      1531.67,
      1874.48,
      1278.8899999999999,
      1446.92,
      1729.88,
      1850.85,
      1766.6200000000001,
      1905.77,
      1943.62,
      2341.43,
      1853.33,
      1560.07,
      2073.8,
      1726.24,
      1875.31,
      1702.3899999999999,
      2034.95,
      1637.98,
      1514.52,
      1510.0,
      1681.96,
      1361.55,
      1426.52,
      1906.02,
      1662.0,
      1276.06,
      1747.21,
      1178.33,
      1615.6499999999999,
      1774.94,
      2125.26,
      1747.1200000000001,
      2181.43,
      2339.0,
      2222.7400000000002,
      2009.19,
      1736.4,
      1435.01,
      1177.56,
      1554.46,
      1455.28,
      1929.1000000000001,
      2083.15,
      1700.47,
      1911.84,
      1258.69,
      1377.12,
      1499.99,
      1756.8600000000001,
      1087.39,
      1678.81,
      1749.59,
      1783.79,
      2102.89,
      1655.83,
      1895.0,
      1659.09,
      2082.59,
      2080.19,
      1459.46,
      1416.01,
      2073.95,
      2158.17,
      1450.79,
      1740.37,
      1805.18,
      1835.07,
      2009.82,
      1834.47,
      1808.99,
      2146.3,
      2293.51,
      1739.0,
      1441.3999999999999,
      1605.79,
      2081.69,
      1867.47,
      1827.78,
      2342.6,
      1033.97,
      2042.28,
      1660.76,
      2266.57,
      2262.2200000000003,
      1954.6,
      1768.02,
      1652.38,
      2030.9,
      1762.46,
      1835.81,
      1811.74,
      1959.19,
      2091.23,
      1206.03,
      1866.08,
      1693.43,
      2062.03,
      1032.39,
      1985.88,
      1573.11,
      1952.74,
      1859.06,
      1163.55,
      1962.26,
      1914.54,
      2192.4,
      1917.43,
      1668.15,
      2116.52,
      2357.48,
      1634.3600000000001,
      1397.38,
      2244.4,
      2329.2200000000003,
      1890.73,
      1560.72,
      1669.53,
      1757.83,
      1834.1299999999999,
      1679.51,
      2074.35,
      1380.95,
      1797.65,
      1690.17,
      1966.5700000000002,
      1406.09,
      1820.07,
      1331.66,
      1145.65,
      1630.78,
      1835.8700000000001,
      1767.73,
      1636.07,
      1742.6,
      1796.82,
      1985.1100000000001,
      1858.65,
      1873.73,
      1128.25,
      2439.46,
      1737.21,
      1742.43,
      1675.0,
      2027.8899999999999,
      2002.03,
      1910.2,
      1925.55,
      1416.94,
      2183.95,
      1677.74,
      2074.71,
      1740.08,
      1999.76,
      1137.67,
      2037.3600000000001,
      2038.06,
      1676.87,
      1731.88,
      2026.14,
      1883.57,
      1435.93,
      1409.74,
      1434.33,
      1413.7,
      2002.06,
      1896.4,
      1932.54,
      1483.8899999999999,
      2043.17,
      2036.91,
      1963.37,
      1798.14,
      1379.85,
      2278.03,
      1432.42,
      2074.26,
      2168.84,
      1851.67,
      1637.3,
      2417.27,
      1717.63,
      1375.02,
      2052.7200000000003,
      1831.9,
      1824.15,
      2211.4700000000003,
      1731.01,
      1739.81,
      2022.35,
      1960.55,
      2125.47,
      1815.76,
      1350.72,
      2011.94,
      1526.98,
      1675.59,
      1589.62,
      2054.4,
      1750.51,
      2042.5,
      1743.83,
      1864.8500000000001,
      2172.39,
      1166.22,
      1792.35,
      2378.79,
      1837.13,
      1438.26,
      1707.78,
      2257.84,
      2320.92,
      2097.6,
      2140.15,
      1544.6200000000001,
      2313.57,
      1731.49,
      2148.35,
      2111.2,
      1362.82,
      1593.32,
      2062.31,
      2487.32,
      2204.08,
      1261.01,
      1760.8,
      2244.15,
      1596.17,
      1589.11,
      1053.74,
      1746.19,
      1856.3,
      1891.4299999999998,
      1499.67,
      1925.08,
      2170.79,
      1889.96,
      1724.1100000000001,
      1641.01,
      1793.7,
      1709.55,
      1527.44,
      1983.17,
      1795.22,
      1497.32,
      1516.2,
      1514.28,
      1952.23,
      2044.32,
      1910.38,
      1707.82,
      2205.27,
      1630.26,
      1446.79,
      1856.42,
      1832.4,
      1322.16,
      1849.64,
      2236.17,
      1770.18,
      1970.29,
      1687.31,
      2612.4700000000003,
      1730.22,
      1943.37,
      1913.8,
      2055.47,
      1968.39,
      1694.52,
      1532.81,
      1511.74,
      1178.32,
      2186.74,
      2065.32,
      1397.48,
      1338.96,
      1937.31,
      1980.4,
      2129.76,
      2075.31,
      1466.81,
      1887.09,
      1618.22,
      1955.26,
      2293.91,
      1912.05,
      1896.11,
      1603.43,
      2355.52,
      2109.03,
      1935.1100000000001,
      1484.65,
      1387.8799999999999,
      1291.81,
      1826.72,
      1864.1,
      1711.3700000000001,
      1736.9,
      1639.25,
      1638.75,
      1533.8799999999999,
      1613.55,
      1212.42,
      1388.67,
      1908.9,
      1955.3300000000002,
      1425.14,
      1793.0,
      1336.75,
      1311.07,
      1026.92,
      1486.75,
      1478.61,
      1756.96,
      884.91,
      1082.53,
      954.55,
      1159.51,
      1006.13,
      1450.29,
      1609.77,
      1603.6200000000001,
      1561.04,
      1014.1,
      1288.99,
      1221.59,
      1942.33,
      1491.43
    ],
    "stopping_reason": "max_candidates",
    "operations": {
      "candidate_generation": 406,
      "feasibility_check": 400,
      "weight_evaluation": 400
    }
  }
}