{
  "graph": "graph_n9_d75_adj_matrix",
  "algorithm": "local",
  "result": {
    "graph_name": "graph_n9_d75_adj_matrix",
    "algorithm": "local",
    "best_weight": 1193.28,
    "best_matching": [
      3,
      7,
      14,
      19
    ],
    "runtime": 2.001112040999942,
    "candidates": 23,
    "improvements": 2,
    "duplicates": 1060,
    "infeasible": 0,
    "size_history": {
      "4": 12,
      "3": 9,
      "2": 2
    },
    "weight_history": [
      1182.37,
      1145.8,
      1193.28,
      1156.3799999999999,
      1180.66,
      1136.71,
      1136.08,
      1193.19,
      1135.12,
      1135.23,
      1125.1100000000001,
      1063.27,
      1016.41,
      1015.1899999999999,
      838.3199999999999,
      995.1,
      1005.84,
      1006.69,
      1015.0999999999999,
      994.62,
      990.03,
      816.53,
      1136.7
    ],
    "stopping_reason": "time_limit",
    "operations": {
      "candidate_generation": 1083,
      "feasibility_check": 23,
      "weight_evaluation": 23
    }
  }
}