{
  "graph": "graph_n16_d50_adj_matrix",
  "algorithm": "random",
  "result": {
    "graph_name": "graph_n16_d50_adj_matrix",
    "algorithm": "random",
    "best_weight": 2766.97,
    "best_matching": [
      5,
      8,
      16,
      29,
      38,
      45,
      54,
      59
    ],
    "runtime": 0.008090086999800405,
    "candidates": 400,
    "improvements": 10,
    "duplicates": 2,
    "infeasible": 0,
    "size_history": {
      "7": 258,
      "8": 83,
      "6": 55,
      "5": 4
    },
    "weight_history": [
      1565.8999999999999,
      1898.61,
      1902.5,
      1689.17,
      1437.09,
      1681.38,
      1403.59,
      2326.31,
      2471.01,
      1752.3799999999999,
      2028.01,
      1584.77,
      1993.5,
      1995.57,
      1030.18,
      1874.6100000000001,
      1762.33,
      1633.56,
      2186.2,
      2501.78,
      1597.63,
      1607.0,
      1925.7,
      2106.33,
      2369.06,
      2069.78,
      2075.31,
      1812.55,
      2166.01,
      2319.48,
      1808.1200000000001,
      1908.74,
      1656.9099999999999,
      1456.57,
      1640.39,
      1979.83,
      1780.37,
      1092.58,
      2067.91,
      2214.75,
      1578.49,
      1858.6100000000001,
      1994.29,
      1686.3,
      1473.47,
      1959.8600000000001,
      1960.89,
      1904.97,
      2128.32,
      2174.32,
      2291.12,
      2218.24,
      2111.41,
      1892.46,
      2111.62,
      1940.78,
      1866.92,
      2281.36,
      2158.25,
      2242.75,
      1886.95,
      2312.64,
      1794.3400000000001,
      2547.17,
      1687.12,
      2502.36,
      2151.76,
      1796.88,
      2034.38,
      2237.76,
      1770.6100000000001,
      2401.53,
      1735.57,
      2068.36,
      1958.07,
      1762.09,
      1862.68,
      2050.18,
      2171.53,
      2431.94,
      1852.7,
      1978.17,
      2190.76,
      2131.73,
      2108.52,
      2052.09,
      1570.68,
      1942.26,
      2306.19,
      1993.3700000000001,
      2377.99,
      1791.96,
      2326.04,
      1625.57,
      2458.82,
      1803.7,
      1926.25,
      1646.48,
      1638.56,
      1719.6499999999999,
      1773.2,
      2642.3,
      2130.93,
      1627.15,
      1600.52,
      2544.47,
      2684.14,
      1651.54,
      1827.58,
      2103.4,
      1669.3,
      1625.93,
      2200.9900000000002,
      2564.24,
      2142.09,
      2161.21,
      1599.51,
      2456.0,
      1768.0,
      1588.65,
      1806.55,
      2399.4,
      2766.97,
      1780.11,
      2134.5,
      2330.78,
      2226.03,
      2342.84,
      2073.8,
      1966.51,
      1395.27,
      2235.64,
      1841.23,
      1304.88,
      2027.99,
      2108.46,
      2208.93,
      1660.81,
      1704.98,
      1592.56,
      1885.95,
      2382.19,
      1913.07,
      1640.43,
      1559.52,
      2759.18,
      1984.28,
      1638.77,
      2372.2,
      1305.37,
      2349.73,
      2019.37,
      2427.4,
      2376.0,
      1919.71,
      1632.8200000000002,
      2036.56,
      1747.1200000000001,
      2203.32,
      1688.98,
      2088.45,
      1678.34,
      1794.09,
      2366.39,
      1449.61,
      1536.71,
      1670.06,
      1994.95,
      2532.79,
      1983.0,
      2213.57,
      1969.59,
      1567.1100000000001,
      1233.34,
      2316.43,
      1963.61,
      1941.26,
      1894.42,
      1571.5,
      1993.48,
      2426.29,
      2058.92,
      2169.13,
      1871.9,
      1848.92,
      2210.21,
      1506.11,
      2404.91,
      2488.91,
      2286.52,
      2120.65,
      2198.22,
      2135.18,
      1968.48,
      2140.03,
      1970.83,
      2080.65,
      2204.21,
      2528.4700000000003,
      2224.62,
      1827.55,
      1773.65,
      1898.16,
      2160.2,
      2035.76,
      1526.94,
      1779.68,
      1928.79,
      1925.28,
      1984.95,
      1614.47,
      2277.59,
      1705.84,
      1534.85,
      2092.91,
      2118.21,
      2283.7200000000003,
      1605.41,
      2653.1,
      2242.4700000000003,
      2511.45,
      2078.48,
      1919.92,
      2416.44,
      1498.58,
      2384.63,
      2176.4,
      2278.43,
      1928.68,
      1388.23,
      2049.93,
      2227.66,
      2193.99,
      2405.2200000000003,
      1697.45,
      1530.84,
      2010.92,
      2312.48,
      1901.9,
      1862.62,
      1827.54,
      1775.76,
      1901.69,
      2025.76,
      1868.96,
      1767.1100000000001,
      2317.76,
      1859.22,
      1706.58,
      2145.92,
      1720.25,
      1900.83,
      1113.33,
      1987.6200000000001,
      2103.3,
      1354.44,
      2382.38,
      2090.89,
      1988.41,
      1541.51,
      1652.37,
      2061.28,
      1742.57,
      2058.98,
      1730.82,
      1918.86,
      2325.83,
      2041.01,
      1530.27,
      2074.92,
      2111.89,
      2316.4500000000003,
      1826.39,
      2409.95,
      1999.06,
      2031.71,
      1708.35,
      2312.65,
      2285.87,
      1964.13,
      2318.78,
      1936.2,
      2343.51,
      2037.59,
      1947.98,
      1888.78,
      2022.76,
      1574.19,
      1180.17,
      2209.16,
      1782.59,
      2039.69,
      1532.57,
      2230.67,
      1408.83,
      1931.06,
      1996.7,
      1791.3,
      1623.07,
      1543.49,
      1545.26,
      1530.9,
      2171.39,
      1283.61,
      1926.6200000000001,
      1482.29,
      1797.48,
      1392.8,
      2185.4900000000002,
      1858.18,
      2157.32,
      1847.31,
      1798.92,
      2398.87,
      2084.1,
      1887.35,
      1689.3600000000001,
      1670.53,
      1994.83,
      1597.0,
      1567.13,
      1790.5,
      1798.41,
      2151.35,
      1575.83,
      1663.47,
      1510.88,
      1161.87,
      1968.97,
      1472.95,
      1878.8999999999999,
      2126.37,
      1687.48,
      2129.6,
      2203.35,
      2543.7,
      1938.0,
      1915.1,
      2175.23,
      1861.19,
      2298.61,
      2121.34,
      1741.75,
      2360.74,
      1587.98,
      2036.98,
      2146.89,
      1933.69,
      2234.08,
      2166.63,
      1938.75,
      2162.61,
      1758.67,
      2182.9900000000002,
      2243.6,
      1743.12,
      1731.51,
      1796.6299999999999,
      1816.23,
      2343.09,
      2029.43,
      1904.18,
      2123.69,
      2118.16,
      1892.09,
      1994.0,
      2177.2799999999997,
      2397.77,
      1798.59,
      2518.11,
      2453.43,
      1745.6100000000001,
      1904.72,
      2078.07,
      2172.7,
      1515.93,
      2276.15,
      1999.47,
      2053.63,
      1748.21,
      1798.41,
      1770.42,
      1835.33,
      1650.29,
      1601.1399999999999,
      1278.8600000000001,
      1567.2,
      1274.24,
      1234.26,
      1799.96,
      1703.07,
      1735.79,
      1963.1000000000001,
      1567.2,
      2161.89,
      1112.1299999999999,
      2013.96,
      1553.47,
      2135.36,
      1946.3400000000001
    ],
    "stopping_reason": "max_candidates",
    "operations": {
      "candidate_generation": 402,
      "feasibility_check": 400,
      "weight_evaluation": 400
    }
  }
}