{
  "graph": "graph_n6_d75_adj_matrix",
  "algorithm": "random",
  "result": {
    "graph_name": "graph_n6_d75_adj_matrix",
    "algorithm": "random",
    "best_weight": 1179.1399999999999,
    "best_matching": [
      0,
      3,
      10
    ],
    "runtime": 2.0000215519994526,
    "candidates": 27,
    "improvements": 5,
    "duplicates": 261822,
    "infeasible": 0,
    "size_history": {
      "2": 20,
      "1": 3,
      "3": 4
    },
    "weight_history": [
      561.48,
      625.53,
      417.56,
      770.87,
      573.63,
      493.81,
      536.34,
      230.26,
      544.3199999999999,
      360.5,
      801.03,
      409.89,
      722.3299999999999,
      557.74,
      378.11,
      337.86,
      421.78,
      623.02,
      671.8199999999999,
      786.38,
      644.96,
      314.06,
      723.95,
      1179.1399999999999,
      394.91999999999996,
      715.97,
      959.02
    ],
    "stopping_reason": "time_limit",
    "operations": {
      "candidate_generation": 261849,
      "feasibility_check": 27,
      "weight_evaluation": 27
    }
  }
}