{
  "graph": "graph_n16_d12.5_adj_matrix",
  "algorithm": "random",
  "result": {
    "graph_name": "graph_n16_d12.5_adj_matrix",
    "algorithm": "random",
    "best_weight": 1499.47,
    "best_matching": [
      0,
      6,
      7,
      11,
      14
    ],
    "runtime": 2.0000202560004254,
    "candidates": 69,
    "improvements": 5,
    "duplicates": 245593,
    "infeasible": 0,
    "size_history": {
      "5": 14,
      "4": 38,
      "3": 16,
      "2": 1
    },
    "weight_history": [
      1195.42,
      636.71,
      1340.06,
      721.87,
      833.0500000000001,
      1112.85,
      1381.0,
      1247.3,
      1010.89,
      1061.22,
      899.71,
      907.45,
      1451.24,
      1224.03,
      1115.16,
      1499.47,
      1185.23,
      1122.9,
      1241.3700000000001,
      849.85,
      1110.26,
      1203.16,
      1347.8,
      1010.03,
      1030.0,
      1226.3400000000001,
      1228.87,
      924.82,
      1288.43,
      812.89,
      1051.55,
      898.0500000000001,
      931.25,
      902.24,
      912.4300000000001,
      418.23,
      755.3199999999999,
      851.13,
      623.4100000000001,
      873.63,
      797.05,
      938.99,
      568.88,
      543.95,
      961.8000000000001,
      711.6800000000001,
      1373.51,
      1152.03,
      1046.19,
      673.2900000000001,
      846.09,
      1154.67,
      1280.5,
      1139.64,
      1391.68,
      1484.44,
      1273.4,
      1025.92,
      1321.63,
      1169.96,
      1162.22,
      848.08,
      935.01,
      1306.6000000000001,
      729.61,
      1373.26,
      1466.27,
      1077.06,
      1239.06
    ],
    "stopping_reason": "time_limit",
    "operations": {
      "candidate_generation": 245662,
      "feasibility_check": 69,
      "weight_evaluation": 69
    }
  }
}