{
  "graph": "graph_n9_d50_adj_matrix",
  "algorithm": "random",
  "result": {
    "graph_name": "graph_n9_d50_adj_matrix",
    "algorithm": "random",
    "best_weight": 1143.0,
    "best_matching": [
      4,
      7,
      10,
      14
    ],
    "runtime": 2.0000262260000454,
    "candidates": 86,
    "improvements": 2,
    "duplicates": 224772,
    "infeasible": 0,
    "size_history": {
      "3": 29,
      "2": 1,
      "4": 56
    },
    "weight_history": [
      841.12,
      444.15000000000003,
      788.9399999999999,
      787.92,
      686.25,
      463.17,
      782.36,
      565.59,
      665.27,
      729.38,
      769.82,
      1143.0,
      749.9200000000001,
      898.3,
      999.9,
      910.41,
      850.77,
      895.01,
      831.37,
      965.41,
      996.18,
      1023.9,
      957.6,
      1121.55,
      1008.54,
      1029.52,
      788.69,
      937.1899999999999,
      901.4599999999999,
      917.25,
      754.02,
      682.1,
      989.1700000000001,
      683.93,
      1030.79,
      638.63,
      785.0,
      1058.77,
      1078.8899999999999,
      1050.25,
      758.24,
      925.0600000000001,
      890.01,
      575.49,
      856.3,
      817.23,
      830.9000000000001,
      988.26,
      1070.47,
      875.99,
      716.06,
      999.78,
      902.2,
      927.98,
      787.42,
      1080.4099999999999,
      901.4,
      1027.03,
      917.31,
      865.26,
      937.07,
      787.98,
      949.18,
      697.96,
      966.93,
      889.22,
      499.29999999999995,
      744.6,
      742.38,
      924.09,
      784.19,
      688.9699999999999,
      824.59,
      761.78,
      936.62,
      753.8199999999999,
      830.39,
      720.74,
      664.53,
      944.4300000000001,
      815.9,
      534.17,
      817.9200000000001,
      851.12,
      551.0,
      845.86
    ],
    "stopping_reason": "time_limit",
    "operations": {
      "candidate_generation": 224858,
      "feasibility_check": 86,
      "weight_evaluation": 86
    }
  }
}