{
  "graph": "graph_n14_d50_adj_matrix",
  "algorithm": "local",
  "result": {
    "graph_name": "graph_n14_d50_adj_matrix",
    "algorithm": "local",
    "best_weight": 2412.81,
    "best_matching": [
      4,
      10,
      12,
      27,
      29,
      32,
      39
    ],
    "runtime": 2.000254906999544,
    "candidates": 128,
    "improvements": 2,
    "duplicates": 746,
    "infeasible": 0,
    "size_history": {
      "7": 18,
      "6": 37,
      "5": 41,
      "4": 30,
      "3": 2
    },
    "weight_history": [
      2409.17,
      2324.2200000000003,
      2247.01,
      2242.94,
      2319.45,
      2286.72,
      2247.08,
      2378.83,
      2198.81,
      2134.47,
      2211.3,
      2128.67,
      2149.75,
      2127.75,
      2294.4900000000002,
      2312.49,
      2119.06,
      2078.8,
      2202.2400000000002,
      2185.42,
      2245.11,
      2203.06,
      2361.1,
      2263.28,
      2301.4,
      2245.88,
      2412.81,
      2348.56,
      2085.14,
      2255.44,
      2365.22,
      2214.67,
      2186.92,
      2130.82,
      2232.6,
      2388.29,
      2117.95,
      2113.88,
      2167.63,
      2312.89,
      2296.62,
      2051.66,
      2205.02,
      2117.85,
      2023.23,
      1907.3600000000001,
      2014.6100000000001,
      1982.82,
      1927.04,
      1677.98,
      2065.83,
      2126.05,
      1903.87,
      2150.73,
      2078.34,
      1752.71,
      1677.49,
      1789.42,
      1738.64,
      1730.79,
      1740.47,
      1750.37,
      1686.9,
      1415.95,
      1749.88,
      1688.49,
      2039.31,
      2002.1,
      1911.33,
      1924.19,
      1777.26,
      2018.31,
      2060.24,
      2067.42,
      2084.92,
      1976.26,
      2025.16,
      2363.24,
      2151.84,
      2226.13,
      2118.81,
      2260.82,
      2185.24,
      2113.34,
      2000.3600000000001,
      2148.83,
      2287.81,
      2271.94,
      2021.19,
      1933.8700000000001,
      2014.63,
      2159.36,
      2017.53,
      2086.51,
      1969.0,
      2048.05,
      2024.67,
      2087.0,
      1723.6100000000001,
      1758.17,
      1732.3600000000001,
      1752.58,
      1738.31,
      1732.06,
      1730.46,
      1338.28,
      1719.5500000000002,
      1688.98,
      1631.88,
      1710.65,
      1956.19,
      1941.8500000000001,
      1757.35,
      1950.75,
      2025.49,
      1939.92,
      1978.58,
      1926.65,
      2084.12,
      2138.74,
      2014.12,
      1684.56,
      1704.87,
      1713.96,
      1729.97,
      1711.42,
      1931.81,
      1678.0
    ],
    "stopping_reason": "time_limit",
    "operations": {
      "candidate_generation": 874,
      "feasibility_check": 128,
      "weight_evaluation": 128
    }
  }
}