{
  "graph": "graph_n11_d50_adj_matrix",
  "algorithm": "random",
  "result": {
    "graph_name": "graph_n11_d50_adj_matrix",
    "algorithm": "random",
    "best_weight": 1465.12,
    "best_matching": [
      0,
      7,
      18,
      19
    ],
    "runtime": 2.000022728998374,
    "candidates": 104,
    "improvements": 2,
    "duplicates": 206767,
    "infeasible": 0,
    "size_history": {
      "4": 11,
      "5": 1,
      "3": 22,
      "2": 43,
      "1": 27
    },
    "weight_history": [
      1039.06,
      580.59,
      1465.12,
      1373.13,
      939.31,
      1123.13,
      997.06,
      489.67,
      1321.99,
      941.01,
      1138.3,
      523.78,
      705.23,
      366.37,
      408.26,
      873.23,
      1060.27,
      252.38,
      626.15,
      1028.76,
      1256.95,
      451.84999999999997,
      389.97,
      591.81,
      849.23,
      774.28,
      733.16,
      759.4200000000001,
      106.51,
      530.9,
      599.83,
      157.55,
      304.1,
      419.32,
      336.81,
      412.15,
      313.84,
      195.25,
      166.09,
      169.92,
      220.05,
      460.44,
      355.15999999999997,
      186.43,
      341.88,
      595.11,
      265.71,
      556.96,
      240.38,
      485.61,
      485.47999999999996,
      815.6800000000001,
      561.56,
      257.01,
      680.49,
      975.64,
      984.3,
      674.0600000000001,
      729.9,
      556.06,
      747.91,
      722.95,
      705.09,
      365.45,
      748.28,
      984.5,
      797.92,
      613.71,
      587.9399999999999,
      584.9399999999999,
      137.64,
      581.3,
      244.14999999999998,
      834.76,
      500.37,
      358.06,
      314.88,
      396.56,
      87.09,
      422.61,
      429.91,
      94.83,
      217.15,
      195.53,
      560.25,
      205.3,
      220.05,
      415.02,
      555.27,
      333.26,
      493.07,
      832.5,
      282.34000000000003,
      591.0699999999999,
      224.73,
      598.45,
      361.62,
      598.5799999999999,
      730.0400000000001,
      385.77,
      138.01,
      30.36,
      175.79,
      70.46
    ],
    "stopping_reason": "time_limit",
    "operations": {
      "candidate_generation": 206871,
      "feasibility_check": 104,
      "weight_evaluation": 104
    }
  }
}