{
  "graph": "graph_n19_d50_adj_matrix",
  "algorithm": "greedy",
  "result": {
    "graph_name": "graph_n19_d50_adj_matrix",
    "algorithm": "greedy",
    "best_weight": 2839.2400000000002,
    "best_matching": [
      6,
      19,
      23,
      36,
      45,
      46,
      61,
      70,
      79
    ],
    "runtime": 2.0000450429997727,
    "candidates": 206,
    "improvements": 4,
    "duplicates": 85131,
    "infeasible": 0,
    "size_history": {
      "9": 40,
      "8": 45,
      "7": 14,
      "6": 13,
      "5": 29,
      "4": 31,
      "3": 16,
      "2": 10,
      "1": 8
    },
    "weight_history": [
      2692.2,
      2711.96,
      2832.79,
      2625.54,
      2538.55,
      2740.8,
      2680.07,
      2729.61,
      2739.84,
      2723.0299999999997,
      2508.39,
      2589.89,
      2683.2,
      2672.64,
      2654.39,
      2681.99,
      2625.14,
      2585.7,
      2642.91,
      2570.73,
      2580.22,
      2729.4,
      2731.5,
      2562.58,
      2738.93,
      2692.58,
      2651.93,
      2589.6,
      2572.38,
      2758.21,
      2757.88,
      2614.92,
      2625.02,
      2623.13,
      2581.92,
      2561.13,
      2711.71,
      2618.45,
      2530.5299999999997,
      2464.15,
      2540.92,
      2623.94,
      2296.89,
      2528.45,
      2558.46,
      2688.4700000000003,
      2663.96,
      2673.9,
      2603.33,
      2612.37,
      2763.86,
      2602.73,
      2699.16,
      2551.88,
      2603.46,
      2757.78,
      2379.45,
      2614.4,
      2635.99,
      2576.5699999999997,
      2590.61,
      2569.19,
      2568.6,
      2757.67,
      2607.9700000000003,
      2665.68,
      2752.83,
      2693.83,
      2482.78,
      2618.44,
      2558.98,
      2577.94,
      2839.2400000000002,
      2768.65,
      2767.3,
      2698.95,
      2753.14,
      2578.58,
      2545.79,
      2480.52,
      2501.52,
      2494.94,
      2502.04,
      2532.66,
      2508.07,
      2608.88,
      2575.27,
      2706.12,
      2430.7799999999997,
      2488.13,
      2528.12,
      2450.2,
      2402.89,
      2451.15,
      2506.03,
      2432.14,
      2351.21,
      2564.89,
      2658.93,
      2222.26,
      2382.1,
      2351.25,
      2224.3,
      2157.68,
      2410.11,
      2114.64,
      2260.4,
      2276.56,
      2250.92,
      2353.29,
      2011.93,
      1996.68,
      1692.4,
      2062.77,
      2075.61,
      2009.97,
      1995.61,
      2043.24,
      2041.54,
      2364.35,
      2067.01,
      1675.47,
      1599.87,
      1693.13,
      1722.0900000000001,
      1714.5,
      1323.91,
      1701.73,
      1667.66,
      1666.87,
      1607.3,
      1668.83,
      1939.73,
      2036.23,
      1949.85,
      1996.21,
      1949.05,
      1962.01,
      1985.65,
      1917.87,
      2322.32,
      2021.25,
      2009.64,
      1629.48,
      1648.99,
      1683.06,
      1653.37,
      1303.55,
      1619.3,
      1716.46,
      1602.49,
      1674.67,
      1604.8,
      1630.33,
      2233.29,
      2004.21,
      1938.02,
      2014.69,
      1997.09,
      1967.06,
      1954.09,
      1603.46,
      1954.27,
      2002.63,
      2017.01,
      1641.4,
      1696.64,
      1643.68,
      1300.58,
      1676.56,
      1688.8899999999999,
      1636.09,
      1664.59,
      1638.3,
      1638.05,
      1237.46,
      1304.0900000000001,
      1261.76,
      1278.38,
      1298.46,
      1267.52,
      1292.99,
      1283.73,
      1256.67,
      1275.1100000000001,
      1294.95,
      1236.93,
      854.98,
      883.5899999999999,
      458.93,
      905.9100000000001,
      911.0,
      891.1800000000001,
      832.81,
      858.49,
      885.55,
      1309.18,
      857.11,
      493.0,
      445.58,
      425.84,
      418.0,
      412.91,
      902.4,
      409.4,
      398.18
    ],
    "stopping_reason": "time_limit",
    "operations": {
      "candidate_generation": 85337,
      "feasibility_check": 206,
      "weight_evaluation": 206
    }
  }
}