{
  "random": {
    "mean_weight": 549.3733333333333,
    "std_weight": 68.51393305176856,
    "min_weight": 452.48,
    "max_weight": 597.82,
    "absolute_gap": 48.446666666666715,
    "relative_gap": 0.08103888572926084,
    "approximation_ratio": 0.9189611142707391
  },
  "greedy": {
    "mean_weight": 500.9266666666667,
    "std_weight": 68.51393305176856,
    "min_weight": 452.48,
    "max_weight": 597.82,
    "absolute_gap": 96.89333333333337,
    "relative_gap": 0.16207777145852156,
    "approximation_ratio": 0.8379222285414785
  },
  "local": {
    "mean_weight": 597.82,
    "std_weight": 0.0,
    "min_weight": 597.82,
    "max_weight": 597.82,
    "absolute_gap": 0.0,
    "relative_gap": 0.0,
    "approximation_ratio": 1.0
  }
}