{
  "graph": "graph_n17_d12.5_adj_matrix",
  "algorithm": "random",
  "result": {
    "graph_name": "graph_n17_d12.5_adj_matrix",
    "algorithm": "random",
    "best_weight": 2074.9,
    "best_matching": [
      0,
      4,
      6,
      8,
      12,
      13,
      16
    ],
    "runtime": 2.000017641999875,
    "candidates": 84,
    "improvements": 5,
    "duplicates": 226517,
    "infeasible": 0,
    "size_history": {
      "6": 60,
      "5": 18,
      "7": 6
    },
    "weight_history": [
      1625.9299999999998,
      1610.73,
      1789.43,
      1434.17,
      1691.21,
      1769.97,
      1880.28,
      1546.52,
      1585.48,
      1480.31,
      1709.18,
      1663.71,
      1422.07,
      1962.68,
      1528.33,
      1763.9,
      1473.23,
      1683.35,
      1797.27,
      1522.26,
      1714.8700000000001,
      1508.83,
      1721.04,
      2074.9,
      1750.18,
      1521.6399999999999,
      1852.37,
      1588.24,
      1607.15,
      1453.44,
      1649.98,
      1460.52,
      1386.08,
      1608.03,
      1547.79,
      1842.59,
      1303.68,
      1833.26,
      1074.14,
      1813.47,
      1929.31,
      1144.44,
      1636.56,
      1849.67,
      1581.1599999999999,
      1822.8,
      1420.07,
      1924.99,
      1107.51,
      1467.54,
      1695.08,
      1721.95,
      1661.71,
      1114.59,
      1394.92,
      1675.81,
      1601.74,
      1702.16,
      1573.78,
      1276.53,
      1645.72,
      1760.93,
      1829.8799999999999,
      1887.36,
      1441.53,
      1315.78,
      1042.25,
      1402.28,
      1280.0,
      1891.62,
      1555.63,
      1283.89,
      1780.1,
      2021.74,
      1062.04,
      1356.23,
      1034.89,
      1600.95,
      1508.54,
      2055.11,
      1643.92,
      1867.57,
      1687.67,
      1349.15
    ],
    "stopping_reason": "time_limit",
    "operations": {
      "candidate_generation": 226601,
      "feasibility_check": 84,
      "weight_evaluation": 84
    }
  }
}