{
  "graph": "graph_n9_d75_adj_matrix",
  "algorithm": "random",
  "result": {
    "graph_name": "graph_n9_d75_adj_matrix",
    "algorithm": "random",
    "best_weight": 1193.28,
    "best_matching": [
      3,
      7,
      14,
      19
    ],
    "runtime": 2.000032681000448,
    "candidates": 115,
    "improvements": 7,
    "duplicates": 215413,
    "infeasible": 0,
    "size_history": {
      "4": 61,
      "3": 16,
      "1": 27,
      "2": 11
    },
    "weight_history": [
      825.7,
      943.0999999999999,
      982.93,
      1006.25,
      844.43,
      593.37,
      611.11,
      364.37,
      1095.68,
      569.96,
      693.92,
      645.75,
      596.75,
      980.3699999999999,
      698.77,
      703.91,
      1048.46,
      953.92,
      1017.29,
      925.78,
      974.15,
      838.04,
      774.15,
      772.0,
      899.32,
      723.42,
      1114.2,
      941.22,
      1040.19,
      912.53,
      1064.66,
      870.04,
      1061.83,
      1005.72,
      985.27,
      999.39,
      895.85,
      925.91,
      1043.67,
      444.83,
      694.21,
      974.9799999999999,
      515.16,
      986.02,
      908.71,
      895.0799999999999,
      636.77,
      877.3199999999999,
      774.77,
      1086.81,
      588.67,
      938.98,
      887.53,
      933.12,
      1193.28,
      950.18,
      825.39,
      675.86,
      942.6700000000001,
      865.68,
      1012.21,
      861.0899999999999,
      1180.66,
      1089.85,
      1032.63,
      865.05,
      817.9200000000001,
      670.29,
      784.44,
      600.79,
      861.46,
      817.17,
      394.46999999999997,
      861.18,
      1063.27,
      713.25,
      576.11,
      128.43,
      732.5,
      461.63,
      257.48,
      490.65999999999997,
      535.25,
      621.89,
      618.4300000000001,
      533.26,
      416.06,
      397.4,
      209.86,
      207.24,
      479.94,
      178.09,
      129.39,
      119.1,
      279.16,
      431.84,
      188.16,
      117.39,
      376.75,
      341.88,
      240.67,
      332.0,
      286.43,
      53.6,
      198.57,
      76.92,
      73.44,
      406.48,
      246.74,
      336.59,
      58.82,
      326.02,
      129.63,
      280.01,
      198.66
    ],
    "stopping_reason": "time_limit",
    "operations": {
      "candidate_generation": 215528,
      "feasibility_check": 115,
      "weight_evaluation": 115
    }
  }
}