{
  "graph": "graph_n15_d75_adj_matrix",
  "algorithm": "local",
  "result": {
    "graph_name": "graph_n15_d75_adj_matrix",
    "algorithm": "local",
    "best_weight": 3030.98,
    "best_matching": [
      11,
      22,
      35,
      54,
      64,
      69,
      72
    ],
    "runtime": 2.0018732130010903,
    "candidates": 194,
    "improvements": 2,
    "duplicates": 523,
    "infeasible": 0,
    "size_history": {
      "7": 119,
      "6": 61,
      "5": 12,
      "4": 2
    },
    "weight_history": [
      3027.39,
      2868.83,
      2851.93,
      2873.98,
      2868.5,
      2875.25,
      2856.9300000000003,
      2857.26,
      2807.37,
      2863.31,
      2874.92,
      2799.54,
      2782.07,
      2855.79,
      2881.9700000000003,
      2852.26,
      2902.0,
      2866.15,
      2874.4,
      2959.0,
      2821.2799999999997,
      2867.85,
      2874.73,
      2862.98,
      3030.98,
      2930.28,
      2860.86,
      2875.01,
      2901.67,
      2869.89,
      2852.35,
      3007.99,
      2941.9,
      2779.59,
      2930.48,
      2986.88,
      2812.71,
      2855.3,
      2940.65,
      2773.31,
      2981.9900000000002,
      2844.53,
      2789.9,
      2858.69,
      2887.31,
      2911.08,
      2839.93,
      3000.26,
      2854.45,
      2655.3,
      2879.13,
      2827.6,
      2857.39,
      2805.02,
      3001.6,
      2747.9,
      2649.35,
      2748.23,
      2724.91,
      2670.92,
      2725.2400000000002,
      2677.63,
      2665.74,
      2402.2200000000003,
      2646.91,
      2653.41,
      2884.67,
      2947.05,
      2829.78,
      2775.9,
      2855.46,
      2954.53,
      2836.0,
      2854.78,
      2783.69,
      2806.29,
      2966.7,
      2850.99,
      2727.95,
      2622.31,
      2728.28,
      2656.96,
      2641.52,
      2642.26,
      2679.95,
      2701.66,
      2722.33,
      2716.38,
      2799.57,
      2836.93,
      2877.24,
      2926.69,
      2923.89,
      2970.29,
      2867.52,
      2906.94,
      2798.56,
      3011.13,
      2938.31,
      2722.66,
      2647.47,
      2677.65,
      2681.2200000000003,
      2672.48,
      2666.07,
      2691.25,
      2631.7,
      2702.71,
      2685.3,
      2683.3,
      2878.8,
      2870.62,
      2845.05,
      2790.54,
      3024.59,
      2835.05,
      2873.48,
      2914.2200000000003,
      2983.29,
      2932.9,
      2943.46,
      2716.71,
      2593.21,
      2674.83,
      2686.02,
      2653.08,
      2962.38,
      2666.78,
      2572.0299999999997,
      2666.06,
      2660.91,
      2687.66,
      2318.38,
      1965.81,
      2408.5,
      2408.17,
      2352.62,
      2388.55,
      2338.33,
      2300.64,
      1952.77,
      2305.54,
      2323.63,
      2668.6,
      2657.56,
      2676.4,
      2702.38,
      2294.7,
      2627.52,
      2635.35,
      2634.43,
      2598.58,
      2614.48,
      2649.7,
      2813.04,
      3003.85,
      2844.86,
      2946.96,
      2885.88,
      2790.54,
      2965.18,
      2936.49,
      2805.15,
      2833.37,
      2782.98,
      2661.2400000000002,
      2646.12,
      2654.66,
      2402.55,
      2710.91,
      2633.46,
      2621.9700000000003,
      2685.69,
      2612.58,
      2656.92,
      2843.26,
      2851.57,
      2800.55,
      2859.88,
      2845.65,
      2779.42,
      2845.73,
      2800.75,
      2883.54,
      2777.18,
      2841.46,
      2839.02,
      2968.77,
      2800.57,
      2828.82,
      2864.7200000000003,
      2836.33,
      2879.67,
      2879.6
    ],
    "stopping_reason": "time_limit",
    "operations": {
      "candidate_generation": 717,
      "feasibility_check": 194,
      "weight_evaluation": 194
    }
  }
}