{
  "graph": "graph_n19_d75_adj_matrix",
  "algorithm": "random",
  "result": {
    "graph_name": "graph_n19_d75_adj_matrix",
    "algorithm": "random",
    "best_weight": 2681.98,
    "best_matching": [
      0,
      19,
      39,
      50,
      62,
      79,
      82,
      91,
      110
    ],
    "runtime": 0.013468869999996969,
    "candidates": 400,
    "improvements": 5,
    "duplicates": 0,
    "infeasible": 0,
    "size_history": {
      "9": 375,
      "8": 25
    },
    "weight_history": [
      2069.14,
      2072.78,
      2060.57,
      2258.94,
      2227.02,
      2610.47,
      2206.84,
      2025.64,
      1774.2,
      2117.07,
      2188.85,
      1742.24,
      2411.41,
      2377.65,
      2302.5099999999998,
      2435.84,
      2340.76,
      1899.39,
      1552.46,
      2217.23,
      1531.53,
      1914.6,
      2214.04,
      2030.8799999999999,
      2227.41,
      1734.52,
      2109.05,
      2536.2400000000002,
      2119.79,
      2404.13,
      2293.33,
      2249.8,
      2161.97,
      2413.32,
      2218.5299999999997,
      2070.04,
      2211.5,
      2089.13,
      2305.24,
      1880.68,
      2366.91,
      2380.14,
      1687.49,
      2435.14,
      2219.78,
      2026.96,
      2105.46,
      2364.95,
      2401.91,
      2189.77,
      1916.34,
      2058.91,
      1731.93,
      2344.52,
      1878.06,
      1988.7,
      1824.31,
      2033.27,
      1949.02,
      2217.41,
      1962.95,
      1857.57,
      2244.47,
      1690.01,
      1888.23,
      2418.89,
      2194.82,
      2336.93,
      2178.95,
      2214.82,
      1431.77,
      2099.06,
      2172.7200000000003,
      2000.43,
      2092.69,
      1952.29,
      2237.08,
      2108.32,
      2324.64,
      2476.59,
      1856.47,
      2518.38,
      2353.8,
      2535.2400000000002,
      2293.55,
      1594.78,
      1732.14,
      2334.76,
      2148.35,
      2049.64,
      2394.39,
      2208.12,
      2354.94,
      2333.48,
      1976.17,
      2095.38,
      2042.1,
      2244.2200000000003,
      1844.8799999999999,
      1663.48,
      1474.04,
      1956.24,
      2219.86,
      1896.45,
      1866.5900000000001,
      1939.43,
      1526.12,
      1530.41,
      2268.26,
      1435.68,
      2240.69,
      1810.7,
      2068.3,
      2356.29,
      2088.28,
      2379.3,
      2525.43,
      2593.75,
      2368.58,
      1516.72,
      2251.6,
      2054.7400000000002,
      2031.11,
      1877.43,
      2109.83,
      2211.04,
      2169.63,
      2314.91,
      2294.63,
      1864.3,
      1802.1200000000001,
      1963.42,
      1664.52,
      2103.98,
      2208.35,
      2354.24,
      1750.05,
      1565.31,
      2195.17,
      2335.78,
      1787.92,
      2294.49,
      2113.52,
      2166.66,
      1694.31,
      2421.88,
      2251.37,
      1361.31,
      2166.53,
      1998.28,
      1784.2,
      2388.16,
      1595.86,
      2175.77,
      2048.39,
      1759.96,
      2123.77,
      1990.92,
      1919.8,
      2579.34,
      2127.9900000000002,
      2032.52,
      1873.43,
      1361.11,
      2052.67,
      2206.1,
      2681.98,
      1836.79,
      2263.42,
      2135.97,
      1853.04,
      1983.86,
      2226.55,
      2335.79,
      2342.91,
      1970.02,
      1300.5,
      1621.42,
      2153.9,
      2284.4900000000002,
      2259.08,
      2008.72,
      1847.37,
      1895.82,
      2278.77,
      1807.06,
      2085.91,
      2090.0,
      2422.58,
      2340.17,
      2049.07,
      2223.18,
      2396.94,
      2558.88,
      2367.21,
      2149.44,
      1491.47,
      2330.27,
      1608.86,
      1896.02,
      2403.03,
      1992.29,
      1833.14,
      1606.53,
      2043.99,
      2366.35,
      1551.53,
      2010.1599999999999,
      2380.13,
      1835.1399999999999,
      2107.3,
      1906.88,
      1602.19,
      2117.09,
      2388.84,
      1774.23,
      2091.56,
      2158.92,
      2076.56,
      2389.01,
      2295.53,
      1759.19,
      2031.82,
      2288.48,
      1722.44,
      2225.84,
      1659.01,
      2407.34,
      1792.06,
      2053.01,
      1544.25,
      2240.93,
      2062.86,
      2165.24,
      1945.73,
      1187.94,
      1761.94,
      1553.06,
      2167.9,
      2023.83,
      2078.53,
      2519.6,
      2266.64,
      2272.89,
      2051.6,
      1953.6,
      2036.7,
      1767.12,
      1827.72,
      2012.2,
      2161.86,
      1790.3,
      1748.7,
      1957.17,
      1668.42,
      2192.68,
      2308.82,
      2146.01,
      2190.15,
      2167.0099999999998,
      1899.13,
      2280.37,
      2154.2,
      2350.52,
      1674.8999999999999,
      2097.48,
      1895.8200000000002,
      2199.39,
      1938.82,
      2533.91,
      1461.02,
      2258.0,
      2330.56,
      2453.46,
      1824.37,
      2329.13,
      2356.5299999999997,
      1726.53,
      1706.35,
      1811.14,
      1785.76,
      1754.25,
      2362.53,
      2335.18,
      1987.8,
      1996.1200000000001,
      2274.91,
      1948.66,
      1911.72,
      2322.36,
      2373.48,
      2011.8600000000001,
      1773.36,
      2340.67,
      2565.19,
      2088.17,
      2221.2,
      2088.56,
      2171.91,
      1569.75,
      1616.18,
      2256.11,
      2064.76,
      2562.04,
      2426.05,
      1801.38,
      2161.39,
      2175.7,
      1849.99,
      2165.59,
      2272.6,
      1828.93,
      2117.94,
      2200.36,
      2287.01,
      2078.57,
      1966.08,
      2075.91,
      2259.15,
      1987.1200000000001,
      2668.83,
      2400.46,
      1842.55,
      1842.8700000000001,
      2036.92,
      2437.45,
      2309.52,
      2138.87,
      2370.61,
      1915.3700000000001,
      2345.05,
      1904.5,
      2283.75,
      2410.23,
      1655.15,
      2285.23,
      2367.13,
      2335.01,
      1956.03,
      1835.95,
      2188.7,
      2048.0,
      2153.07,
      1806.19,
      2103.2,
      2248.25,
      2155.32,
      1859.76,
      2050.11,
      2092.2400000000002,
      2198.52,
      1875.94,
      1905.78,
      2308.32,
      1992.64,
      2096.26,
      2302.17,
      2046.72,
      1897.0,
      2202.82,
      2261.91,
      2175.95,
      2167.91,
      2053.1,
      2063.34,
      1968.0,
      2208.4900000000002,
      2315.03,
      1488.59,
      2308.36,
      2036.6,
      2185.17,
      2473.27,
      2325.83,
      2239.81,
      2083.77,
      2033.01,
      2407.3199999999997,
      1727.66,
      2078.64,
      2089.74,
      1693.57,
      2206.38,
      2164.07,
      2035.64,
      2036.12,
      2296.54,
      2245.02,
      1586.51,
      2461.87,
      2360.62,
      1613.67,
      2225.9700000000003,
      1509.54,
      2205.84,
      2261.75,
      2186.68,
      2585.14,
      2070.55,
      2447.4700000000003
    ],
    "stopping_reason": "max_candidates",
    "operations": {
      "candidate_generation": 400,
      "feasibility_check": 400,
      "weight_evaluation": 400
    }
  }
}