{
  "graph": "graph_n16_d50_adj_matrix",
  "algorithm": "random",
  "result": {
    "graph_name": "graph_n16_d50_adj_matrix",
    "algorithm": "random",
    "best_weight": 2513.86,
    "best_matching": [
      7,
      14,
      18,
      20,
      29,
      42,
      45
    ],
    "runtime": 2.000039264001316,
    "candidates": 184,
    "improvements": 4,
    "duplicates": 130235,
    "infeasible": 0,
    "size_history": {
      "7": 41,
      "8": 2,
      "6": 21,
      "5": 15,
      "4": 9,
      "3": 12,
      "2": 24,
      "1": 60
    },
    "weight_history": [
      2098.73,
      1907.47,
      2406.95,
      2165.32,
      2224.9900000000002,
      2176.56,
      1796.76,
      2180.48,
      2069.99,
      1964.98,
      1946.26,
      1850.69,
      1832.66,
      1145.78,
      1581.27,
      1944.46,
      2024.02,
      1751.4099999999999,
      1992.15,
      1791.58,
      1672.96,
      1442.08,
      1788.48,
      1585.04,
      1897.08,
      1810.58,
      1693.3600000000001,
      1849.3799999999999,
      1774.71,
      2365.03,
      2141.64,
      1903.84,
      2513.7,
      1691.3,
      1821.53,
      1665.8400000000001,
      1970.04,
      2068.9,
      1696.91,
      2218.79,
      1765.35,
      1887.5700000000002,
      1767.98,
      1827.42,
      2417.58,
      2257.78,
      1961.89,
      2513.86,
      2020.88,
      1437.48,
      2301.2200000000003,
      1650.96,
      1738.45,
      2181.13,
      1622.74,
      1333.0,
      2047.96,
      1895.77,
      1115.57,
      1572.99,
      1605.39,
      1430.32,
      1605.38,
      1826.18,
      1412.07,
      1595.13,
      1431.19,
      1491.16,
      1301.71,
      1290.79,
      907.3,
      1733.05,
      1287.56,
      1344.43,
      882.54,
      1215.79,
      1321.09,
      1316.43,
      1057.18,
      744.9599999999999,
      1546.45,
      1355.69,
      843.14,
      1145.08,
      1181.3,
      1129.15,
      659.31,
      1196.14,
      834.4300000000001,
      913.74,
      853.09,
      635.8,
      1267.47,
      1149.3600000000001,
      301.43,
      573.34,
      941.82,
      594.87,
      838.78,
      539.39,
      768.5999999999999,
      642.89,
      190.3,
      731.1700000000001,
      532.08,
      238.47,
      359.76,
      715.75,
      370.41999999999996,
      708.5699999999999,
      422.3,
      344.68,
      159.76,
      341.12,
      196.16,
      93.02,
      297.11,
      364.54,
      303.42,
      486.78,
      316.72,
      324.08,
      281.82,
      101.14,
      135.0,
      165.19,
      229.86,
      213.22,
      471.51,
      420.06,
      317.08,
      92.76,
      41.05,
      343.47,
      154.06,
      59.84,
      347.29,
      286.92,
      459.16,
      228.97,
      725.26,
      316.36,
      290.69,
      454.23,
      330.28,
      130.46,
      235.97,
      355.88,
      442.01,
      163.6,
      240.75,
      78.16,
      169.73,
      206.19,
      381.27,
      220.59,
      446.45,
      489.29,
      226.4,
      156.73,
      206.82,
      320.41,
      311.6,
      305.68,
      130.25,
      393.46000000000004,
      421.01,
      471.14,
      643.1800000000001,
      553.76,
      707.48,
      537.28,
      409.84,
      688.13,
      631.27,
      263.94,
      328.25,
      434.06,
      229.68,
      436.23,
      321.71,
      319.13,
      383.92,
      288.51
    ],
    "stopping_reason": "time_limit",
    "operations": {
      "candidate_generation": 130419,
      "feasibility_check": 184,
      "weight_evaluation": 184
    }
  }
}