{
  "graph": "graph_n19_d25_adj_matrix",
  "algorithm": "greedy",
  "result": {
    "graph_name": "graph_n19_d25_adj_matrix",
    "algorithm": "greedy",
    "best_weight": 2765.51,
    "best_matching": [
      0,
      9,
      13,
      15,
      18,
      22,
      23,
      38,
      40
    ],
    "runtime": 2.0000382340003853,
    "candidates": 103,
    "improvements": 4,
    "duplicates": 123168,
    "infeasible": 0,
    "size_history": {
      "9": 24,
      "8": 65,
      "7": 14
    },
    "weight_history": [
      2663.65,
      2456.02,
      2505.42,
      2678.11,
      2436.1,
      2506.63,
      2419.9,
      2297.31,
      2559.7,
      2504.84,
      2593.17,
      2576.09,
      2542.75,
      2475.51,
      2392.39,
      2677.1,
      2492.11,
      2629.02,
      2463.58,
      2268.8,
      2511.51,
      2646.87,
      2454.33,
      2444.27,
      2475.39,
      2432.34,
      2371.19,
      2523.27,
      2344.52,
      2565.91,
      2383.4700000000003,
      2420.86,
      2270.77,
      2649.4,
      2736.94,
      2627.6,
      2728.02,
      2436.41,
      2143.05,
      2352.02,
      2283.05,
      2556.61,
      2437.62,
      2425.21,
      2647.21,
      2613.35,
      2366.37,
      2435.16,
      2608.43,
      2421.4900000000002,
      2439.57,
      2612.4700000000003,
      2212.06,
      2501.54,
      2199.78,
      2439.2000000000003,
      2256.52,
      2255.64,
      2508.89,
      2387.01,
      2439.46,
      2503.83,
      2440.08,
      2267.92,
      2269.45,
      2680.57,
      2435.83,
      2560.01,
      2294.0,
      2251.6,
      2405.83,
      2716.42,
      2389.0,
      2380.11,
      2180.61,
      2475.73,
      2198.46,
      2647.1,
      2305.5,
      2545.19,
      2526.86,
      2369.87,
      2409.87,
      2397.94,
      2765.51,
      2314.46,
      2495.85,
      2734.27,
      2526.7400000000002,
      2380.23,
      2214.04,
      2647.41,
      2132.76,
      2417.4700000000003,
      2385.32,
      2444.4900000000002,
      2393.9,
      2351.18,
      2464.61,
      2432.68,
      2356.2000000000003,
      2199.79,
      2355.22
    ],
    "stopping_reason": "time_limit",
    "operations": {
      "candidate_generation": 123271,
      "feasibility_check": 103,
      "weight_evaluation": 103
    }
  }
}