{
  "graph": "graph_n10_d25_adj_matrix",
  "algorithm": "random",
  "result": {
    "graph_name": "graph_n10_d25_adj_matrix",
    "algorithm": "random",
    "best_weight": 1406.29,
    "best_matching": [
      0,
      3,
      5,
      8
    ],
    "runtime": 2.0000221200007218,
    "candidates": 65,
    "improvements": 3,
    "duplicates": 307528,
    "infeasible": 0,
    "size_history": {
      "3": 27,
      "2": 24,
      "1": 11,
      "4": 3
    },
    "weight_history": [
      1102.48,
      841.72,
      882.4,
      864.46,
      1014.34,
      692.22,
      1089.67,
      454.54999999999995,
      913.1400000000001,
      698.9300000000001,
      871.0,
      490.45000000000005,
      797.26,
      382.71000000000004,
      785.86,
      518.39,
      596.52,
      211.75,
      606.23,
      721.9300000000001,
      708.5699999999999,
      292.41,
      1011.54,
      875.86,
      644.38,
      623.6,
      1019.12,
      794.5600000000001,
      1174.81,
      780.06,
      777.53,
      1406.29,
      787.64,
      632.98,
      603.7,
      565.78,
      1113.88,
      1000.98,
      782.86,
      858.19,
      385.58000000000004,
      628.38,
      470.54999999999995,
      770.35,
      388.11,
      554.38,
      620.73,
      726.71,
      613.81,
      391.95,
      252.43,
      477.94000000000005,
      449.77,
      697.1700000000001,
      609.03,
      380.55,
      78.6,
      133.15,
      405.31,
      316.62,
      321.4,
      173.83,
      304.11,
      495.23,
      214.28
    ],
    "stopping_reason": "time_limit",
    "operations": {
      "candidate_generation": 307593,
      "feasibility_check": 65,
      "weight_evaluation": 65
    }
  }
}