{
  "graph": "graph_n12_d25_adj_matrix",
  "algorithm": "random",
  "result": {
    "graph_name": "graph_n12_d25_adj_matrix",
    "algorithm": "random",
    "best_weight": 1597.49,
    "best_matching": [
      1,
      5,
      7,
      8,
      10
    ],
    "runtime": 2.0000275999991572,
    "candidates": 97,
    "improvements": 2,
    "duplicates": 236206,
    "infeasible": 0,
    "size_history": {
      "5": 26,
      "4": 59,
      "3": 12
    },
    "weight_history": [
      1564.87,
      1085.38,
      1357.71,
      1414.08,
      1037.6,
      1064.6100000000001,
      907.79,
      1325.16,
      1304.1100000000001,
      1471.94,
      1277.38,
      1272.4,
      1048.53,
      1147.57,
      1102.45,
      973.01,
      1292.54,
      1113.23,
      1264.2,
      979.35,
      1029.34,
      958.36,
      1495.27,
      1597.49,
      833.21,
      963.02,
      1174.3,
      1381.13,
      1418.34,
      1142.59,
      1435.06,
      1406.21,
      873.45,
      1572.43,
      1288.53,
      1179.8,
      901.97,
      1257.14,
      1222.8,
      1434.73,
      1134.21,
      1110.53,
      1309.61,
      1398.83,
      1290.1,
      1162.73,
      1093.13,
      1518.83,
      1056.8600000000001,
      1528.64,
      1296.64,
      1386.95,
      804.69,
      870.42,
      1251.32,
      881.83,
      838.1,
      1000.23,
      1440.05,
      1134.13,
      1246.5,
      865.12,
      1252.32,
      703.0,
      1141.75,
      1472.67,
      671.58,
      855.94,
      720.2,
      663.83,
      1212.79,
      933.3,
      985.75,
      903.61,
      419.99,
      853.55,
      695.14,
      1056.28,
      1087.24,
      970.91,
      1048.85,
      1273.06,
      1110.57,
      1050.36,
      1389.02,
      1019.53,
      1088.17,
      1021.51,
      1365.46,
      1543.89,
      1222.94,
      980.72,
      1271.56,
      1114.07,
      1582.24,
      1031.78,
      1419.9099999999999
    ],
    "stopping_reason": "time_limit",
    "operations": {
      "candidate_generation": 236303,
      "feasibility_check": 97,
      "weight_evaluation": 97
    }
  }
}