{
  "graph": "graph_n14_d75_adj_matrix",
  "algorithm": "random",
  "result": {
    "graph_name": "graph_n14_d75_adj_matrix",
    "algorithm": "random",
    "best_weight": 2365.6,
    "best_matching": [
      2,
      15,
      20,
      30,
      32,
      51,
      63
    ],
    "runtime": 0.008757277999393409,
    "candidates": 400,
    "improvements": 6,
    "duplicates": 1,
    "infeasible": 0,
    "size_history": {
      "7": 144,
      "6": 203,
      "5": 51,
      "4": 2
    },
    "weight_history": [
      1808.91,
      1555.31,
      1258.86,
      1806.24,
      1847.06,
      1401.59,
      1492.5,
      1895.77,
      1327.59,
      1364.0,
      1107.09,
      2143.36,
      1904.05,
      1326.4,
      1444.98,
      1063.32,
      1511.21,
      1415.15,
      1679.97,
      1553.58,
      1583.8,
      1184.97,
      1230.42,
      1593.31,
      1154.97,
      1084.75,
      1923.92,
      1860.48,
      1447.3600000000001,
      1401.27,
      1758.5900000000001,
      1514.75,
      1890.65,
      1528.99,
      1829.58,
      1700.77,
      1907.82,
      2075.38,
      1661.59,
      1682.4199999999998,
      1416.91,
      1387.6100000000001,
      1835.15,
      1912.84,
      1711.08,
      1962.05,
      1663.47,
      1569.3,
      1235.61,
      1175.83,
      1288.13,
      1449.1699999999998,
      1555.62,
      1905.26,
      1356.5900000000001,
      1706.21,
      1799.17,
      1315.69,
      1286.62,
      1511.09,
      1534.65,
      1340.8,
      1428.0,
      1291.77,
      1352.15,
      1606.98,
      1431.01,
      1260.37,
      1164.94,
      1772.31,
      1030.04,
      983.81,
      1412.72,
      1375.0,
      1396.98,
      1374.99,
      1744.37,
      944.89,
      1258.09,
      979.32,
      1145.24,
      1166.41,
      1315.8,
      1035.83,
      1287.56,
      1317.59,
      1067.56,
      1433.38,
      1277.05,
      1099.3999999999999,
      1619.97,
      1667.37,
      1469.1,
      906.95,
      1117.98,
      1506.67,
      1653.86,
      1507.81,
      1488.1599999999999,
      2011.65,
      1526.41,
      1789.67,
      1691.37,
      1844.3,
      1483.37,
      1575.8899999999999,
      1715.62,
      1543.47,
      1674.35,
      1674.42,
      1248.65,
      1601.28,
      1750.8500000000001,
      1619.32,
      1301.46,
      1719.83,
      1805.67,
      1279.16,
      1624.3799999999999,
      1348.03,
      975.97,
      1179.07,
      1628.82,
      1377.2,
      1554.27,
      1862.4,
      1733.22,
      1770.25,
      1614.9,
      1435.25,
      1713.14,
      1224.77,
      1547.6000000000001,
      1415.1,
      1308.74,
      1491.78,
      2034.28,
      1450.45,
      1091.74,
      1888.3799999999999,
      1127.92,
      1631.77,
      1969.29,
      1834.52,
      1585.3999999999999,
      1182.0,
      1569.95,
      1561.85,
      1873.65,
      1566.96,
      1838.73,
      1625.85,
      1418.72,
      1582.37,
      1483.94,
      1034.63,
      1303.0,
      1677.76,
      1852.28,
      1478.0900000000001,
      1556.31,
      1191.78,
      1977.44,
      1578.32,
      1775.35,
      1671.63,
      1912.03,
      1742.82,
      1754.03,
      1205.79,
      1857.73,
      1725.08,
      1817.52,
      1233.4,
      1515.92,
      1802.74,
      1201.77,
      1667.53,
      1447.37,
      1154.83,
      1508.59,
      1716.94,
      1433.5,
      1254.4,
      1369.27,
      1607.49,
      1650.23,
      1952.59,
      1645.76,
      1441.7,
      1610.75,
      1423.35,
      1413.8600000000001,
      1362.74,
      1595.24,
      1997.97,
      1028.8600000000001,
      1960.86,
      1305.95,
      1676.8,
      1272.49,
      1055.21,
      1372.5900000000001,
      1443.53,
      1429.95,
      1831.27,
      1274.7,
      2056.6,
      1623.1,
      1174.51,
      1328.85,
      1545.65,
      2074.81,
      1377.45,
      1482.82,
      2243.16,
      1880.41,
      2096.58,
      1152.28,
      1398.52,
      1558.53,
      1655.98,
      1858.33,
      1191.96,
      1246.83,
      1653.62,
      1459.87,
      1221.78,
      1203.97,
      1360.33,
      1518.81,
      856.46,
      992.85,
      1149.56,
      991.31,
      1606.23,
      1221.11,
      1031.9,
      1120.78,
      867.37,
      1370.76,
      844.25,
      1702.66,
      1782.82,
      1153.56,
      1252.97,
      1721.18,
      1683.96,
      1571.5900000000001,
      1297.06,
      1109.97,
      1240.99,
      1793.42,
      1442.6399999999999,
      951.4,
      1337.43,
      1179.93,
      1438.67,
      1115.36,
      1125.09,
      1273.46,
      1610.85,
      1450.76,
      1712.69,
      1343.82,
      1666.02,
      993.9100000000001,
      1795.32,
      1573.26,
      1639.16,
      1531.59,
      1209.3,
      1799.23,
      1471.52,
      1391.88,
      1494.73,
      1349.4,
      1565.23,
      1850.11,
      1547.49,
      1554.27,
      1176.27,
      1875.73,
      1738.68,
      1420.11,
      2365.6,
      1719.9,
      1527.49,
      1962.29,
      1576.47,
      1337.16,
      1552.05,
      1608.67,
      1211.75,
      1627.98,
      1658.3799999999999,
      1658.14,
      1773.1399999999999,
      1837.02,
      1632.1,
      1497.69,
      1530.1200000000001,
      1552.38,
      1358.4099999999999,
      1633.87,
      1820.68,
      1647.96,
      1374.51,
      1448.45,
      1418.68,
      1619.23,
      1124.28,
      1500.95,
      1663.45,
      853.12,
      1490.0,
      1049.14,
      1483.29,
      2008.84,
      1944.53,
      1380.92,
      2265.43,
      1171.9,
      1399.8600000000001,
      1413.64,
      1326.73,
      1396.73,
      1621.43,
      1517.31,
      1566.6100000000001,
      1631.92,
      1803.68,
      1406.4,
      1984.16,
      1749.3799999999999,
      1660.6999999999998,
      1686.98,
      1616.1599999999999,
      1413.6,
      1627.71,
      1368.29,
      1326.59,
      1088.99,
      1292.04,
      1672.54,
      1596.54,
      1367.68,
      1695.9,
      1466.81,
      1753.55,
      1112.37,
      1636.05,
      1088.75,
      912.61,
      1215.04,
      1124.18,
      1205.51,
      1694.48,
      1412.6200000000001,
      1566.43,
      1250.04,
      1023.74,
      988.91,
      1448.85,
      1079.0,
      1583.05,
      1057.45,
      1254.69,
      1464.2,
      1479.0,
      1396.66,
      1471.72,
      1536.43,
      943.13,
      1146.67,
      2039.47,
      1722.78,
      1684.44,
      1676.83,
      2136.41,
      1881.48,
      1502.74,
      2001.81,
      2073.0099999999998,
      1314.76,
      1188.58,
      1057.23,
      1767.1599999999999,
      1191.78,
      1602.96,
      1157.77,
      1240.77,
      1349.32,
      1344.87,
      1561.1399999999999,
      1172.5900000000001,
      1784.4099999999999,
      1555.08,
      1692.56,
      1623.85
    ],
    "stopping_reason": "max_candidates",
    "operations": {
      "candidate_generation": 401,
      "feasibility_check": 400,
      "weight_evaluation": 400
    }
  }
}